soc_code	category	rank	element
11-1011	knowledge	1	Personnel and Human Resources
11-1011	knowledge	2	Economics and Accounting
11-1011	knowledge	3	Administration and Management
11-1011	knowledge	4	Sales and Marketing
11-1011	knowledge	5	Public Safety and Security
11-1011	knowledge	6	Law and Government
11-1011	knowledge	7	Customer and Personal Service
11-1011	knowledge	8	Sociology and Anthropology
11-1011	skills	1	Management of Financial Resources
11-1011	skills	2	Management of Material Resources
11-1011	skills	3	Management of Personnel Resources
11-1011	skills	4	Systems Evaluation
11-1011	skills	5	Negotiation
11-1011	skills	6	Judgment and Decision Making
11-1011	skills	7	Systems Analysis
11-1011	skills	8	Persuasion
11-1011	abilities	1	Fluency of Ideas
11-1011	abilities	2	Originality
11-1011	abilities	3	Oral Comprehension
11-1011	abilities	4	Speech Clarity
11-1011	abilities	5	Written Expression
11-1011	abilities	6	Oral Expression
11-1011	abilities	7	Written Comprehension
11-1011	abilities	8	Mathematical Reasoning
11-1011	technology	1	Content workflow software
11-1011	technology	2	Enterprise application integration software
11-1011	technology	3	Web platform development software
11-1011	technology	4	Cloud-based data access and sharing software
11-1011	technology	5	Accounting software
11-1011	technology	6	Document management software
11-1011	technology	7	Time accounting software
11-1011	technology	8	Human resources software
11-1021	knowledge	1	Administration and Management
11-1021	knowledge	2	Production and Processing
11-1021	knowledge	3	Personnel and Human Resources
11-1021	knowledge	4	Economics and Accounting
11-1021	knowledge	5	Sales and Marketing
11-1021	knowledge	6	Customer and Personal Service
11-1021	knowledge	7	Engineering and Technology
11-1021	knowledge	8	Administrative
11-1021	skills	1	Management of Material Resources
11-1021	skills	2	Management of Personnel Resources
11-1021	skills	3	Management of Financial Resources
11-1021	skills	4	Negotiation
11-1021	skills	5	Persuasion
11-1021	skills	6	Coordination
11-1021	skills	7	Monitoring
11-1021	skills	8	Social Perceptiveness
11-1021	abilities	1	Written Expression
11-1021	abilities	2	Written Comprehension
11-1021	abilities	3	Speech Clarity
11-1021	abilities	4	Deductive Reasoning
11-1021	abilities	5	Fluency of Ideas
11-1021	abilities	6	Originality
11-1021	abilities	7	Number Facility
11-1021	abilities	8	Oral Expression
11-1021	technology	1	Object oriented data base management software
11-1021	technology	2	Configuration management software
11-1021	technology	3	Content workflow software
11-1021	technology	4	Sales and marketing software
11-1021	technology	5	Cloud-based management software
11-1021	technology	6	Data mining software
11-1021	technology	7	Time accounting software
11-1021	technology	8	Data base management system software
11-1031	technology	1	Video conferencing software
11-1031	technology	2	Cloud-based data access and sharing software
11-1031	technology	3	Development environment software
11-1031	technology	4	Document management software
11-1031	technology	5	Music or sound editing software
11-1031	technology	6	Communications server software
11-1031	technology	7	Access software
11-1031	technology	8	Map creation software
11-2011	knowledge	1	Sales and Marketing
11-2011	knowledge	2	Communications and Media
11-2011	knowledge	3	Administration and Management
11-2011	knowledge	4	Economics and Accounting
11-2011	knowledge	5	English Language
11-2011	knowledge	6	Customer and Personal Service
11-2011	knowledge	7	Sociology and Anthropology
11-2011	knowledge	8	Design
11-2011	skills	1	Management of Financial Resources
11-2011	skills	2	Social Perceptiveness
11-2011	skills	3	Operations Analysis
11-2011	skills	4	Management of Material Resources
11-2011	skills	5	Persuasion
11-2011	skills	6	Writing
11-2011	skills	7	Active Listening
11-2011	skills	8	Management of Personnel Resources
11-2011	abilities	1	Originality
11-2011	abilities	2	Fluency of Ideas
11-2011	abilities	3	Speech Clarity
11-2011	abilities	4	Written Expression
11-2011	abilities	5	Oral Expression
11-2011	abilities	6	Speech Recognition
11-2011	abilities	7	Written Comprehension
11-2011	abilities	8	Visualization
11-2011	technology	1	Sales and marketing software
11-2011	technology	2	Data base management system software
11-2011	technology	3	Business intelligence and data analysis software
11-2011	technology	4	Enterprise application integration software
11-2011	technology	5	Video creation and editing software
11-2011	technology	6	Web platform development software
11-2011	technology	7	Customer relationship management CRM software
11-2011	technology	8	Desktop publishing software
11-2021	knowledge	1	Sales and Marketing
11-2021	knowledge	2	Communications and Media
11-2021	knowledge	3	Administration and Management
11-2021	knowledge	4	Economics and Accounting
11-2021	knowledge	5	Design
11-2021	knowledge	6	English Language
11-2021	knowledge	7	Telecommunications
11-2021	knowledge	8	Computers and Electronics
11-2021	skills	1	Operations Analysis
11-2021	skills	2	Negotiation
11-2021	skills	3	Persuasion
11-2021	skills	4	Management of Financial Resources
11-2021	skills	5	Systems Evaluation
11-2021	skills	6	Management of Personnel Resources
11-2021	skills	7	Active Learning
11-2021	skills	8	Social Perceptiveness
11-2021	abilities	1	Fluency of Ideas
11-2021	abilities	2	Originality
11-2021	abilities	3	Written Expression
11-2021	abilities	4	Number Facility
11-2021	abilities	5	Mathematical Reasoning
11-2021	abilities	6	Written Comprehension
11-2021	abilities	7	Deductive Reasoning
11-2021	abilities	8	Visual Color Discrimination
11-2021	technology	1	Graphical user interface development software
11-2021	technology	2	Content workflow software
11-2021	technology	3	Sales and marketing software
11-2021	technology	4	Cloud-based management software
11-2021	technology	5	Data mining software
11-2021	technology	6	Application server software
11-2021	technology	7	Data base management system software
11-2021	technology	8	Business intelligence and data analysis software
11-2022	knowledge	1	Sales and Marketing
11-2022	knowledge	2	Customer and Personal Service
11-2022	knowledge	3	Administration and Management
11-2022	knowledge	4	Communications and Media
11-2022	knowledge	5	Economics and Accounting
11-2022	knowledge	6	English Language
11-2022	knowledge	7	Personnel and Human Resources
11-2022	knowledge	8	Telecommunications
11-2022	skills	1	Persuasion
11-2022	skills	2	Negotiation
11-2022	skills	3	Management of Personnel Resources
11-2022	skills	4	Management of Financial Resources
11-2022	skills	5	Systems Evaluation
11-2022	skills	6	Service Orientation
11-2022	skills	7	Systems Analysis
11-2022	skills	8	Management of Material Resources
11-2022	abilities	1	Fluency of Ideas
11-2022	abilities	2	Originality
11-2022	abilities	3	Memorization
11-2022	abilities	4	Written Expression
11-2022	abilities	5	Number Facility
11-2022	abilities	6	Mathematical Reasoning
11-2022	abilities	7	Speech Recognition
11-2022	abilities	8	Written Comprehension
11-2022	technology	1	Sales and marketing software
11-2022	technology	2	Cloud-based management software
11-2022	technology	3	Data mining software
11-2022	technology	4	Video conferencing software
11-2022	technology	5	Data base management system software
11-2022	technology	6	Business intelligence and data analysis software
11-2022	technology	7	Web platform development software
11-2022	technology	8	Customer relationship management CRM software
11-2032	technology	1	Sales and marketing software
11-2032	technology	2	Data mining software
11-2032	technology	3	Video conferencing software
11-2032	technology	4	Data base management system software
11-2032	technology	5	Video creation and editing software
11-2032	technology	6	Web platform development software
11-2032	technology	7	Customer relationship management CRM software
11-2032	technology	8	Desktop publishing software
11-2033	technology	1	Sales and marketing software
11-2033	technology	2	Data mining software
11-2033	technology	3	Data base management system software
11-2033	technology	4	Video creation and editing software
11-2033	technology	5	Web platform development software
11-2033	technology	6	Customer relationship management CRM software
11-2033	technology	7	Desktop publishing software
11-2033	technology	8	Cloud-based data access and sharing software
11-3012	knowledge	1	Administration and Management
11-3012	knowledge	2	Administrative
11-3012	knowledge	3	Customer and Personal Service
11-3012	knowledge	4	Personnel and Human Resources
11-3012	knowledge	5	Economics and Accounting
11-3012	knowledge	6	Public Safety and Security
11-3012	knowledge	7	Telecommunications
11-3012	knowledge	8	Production and Processing
11-3012	skills	1	Negotiation
11-3012	skills	2	Management of Financial Resources
11-3012	skills	3	Time Management
11-3012	skills	4	Management of Material Resources
11-3012	skills	5	Management of Personnel Resources
11-3012	skills	6	Operations Analysis
11-3012	skills	7	Coordination
11-3012	skills	8	Writing
11-3012	abilities	1	Written Expression
11-3012	abilities	2	Time Sharing
11-3012	abilities	3	Written Comprehension
11-3012	abilities	4	Oral Expression
11-3012	abilities	5	Oral Comprehension
11-3012	abilities	6	Speech Recognition
11-3012	abilities	7	Fluency of Ideas
11-3012	abilities	8	Originality
11-3012	technology	1	Content workflow software
11-3012	technology	2	Data base management system software
11-3012	technology	3	Process mapping and design software
11-3012	technology	4	Cloud-based data access and sharing software
11-3012	technology	5	Accounting software
11-3012	technology	6	Object or component oriented development software
11-3012	technology	7	Web page creation and editing software
11-3012	technology	8	Document management software
11-3013	technology	1	Data base management system software
11-3013	technology	2	Process mapping and design software
11-3013	technology	3	Cloud-based data access and sharing software
11-3013	technology	4	Accounting software
11-3013	technology	5	Document management software
11-3013	technology	6	Computer aided design CAD software
11-3013	technology	7	Enterprise system management software
11-3013	technology	8	Instant messaging software
11-3021	knowledge	1	Computers and Electronics
11-3021	knowledge	2	Engineering and Technology
11-3021	knowledge	3	Personnel and Human Resources
11-3021	knowledge	4	Administration and Management
11-3021	knowledge	5	Customer and Personal Service
11-3021	knowledge	6	Telecommunications
11-3021	knowledge	7	Design
11-3021	knowledge	8	Mathematics
11-3021	skills	1	Programming
11-3021	skills	2	Management of Financial Resources
11-3021	skills	3	Operations Analysis
11-3021	skills	4	Management of Personnel Resources
11-3021	skills	5	Systems Evaluation
11-3021	skills	6	Systems Analysis
11-3021	skills	7	Management of Material Resources
11-3021	skills	8	Technology Design
11-3021	abilities	1	Inductive Reasoning
11-3021	abilities	2	Number Facility
11-3021	abilities	3	Deductive Reasoning
11-3021	abilities	4	Fluency of Ideas
11-3021	abilities	5	Written Comprehension
11-3021	abilities	6	Originality
11-3021	abilities	7	Written Expression
11-3021	abilities	8	Problem Sensitivity
11-3021	technology	1	Object oriented data base management software
11-3021	technology	2	Configuration management software
11-3021	technology	3	Content workflow software
11-3021	technology	4	Cloud-based management software
11-3021	technology	5	Data mining software
11-3021	technology	6	Application server software
11-3021	technology	7	Data base management system software
11-3021	technology	8	Business intelligence and data analysis software
11-3031	knowledge	1	Economics and Accounting
11-3031	knowledge	2	Administration and Management
11-3031	knowledge	3	Customer and Personal Service
11-3031	knowledge	4	Sales and Marketing
11-3031	knowledge	5	Law and Government
11-3031	knowledge	6	Personnel and Human Resources
11-3031	knowledge	7	Administrative
11-3031	knowledge	8	Mathematics
11-3031	skills	1	Management of Financial Resources
11-3031	skills	2	Management of Personnel Resources
11-3031	skills	3	Mathematics
11-3031	skills	4	Service Orientation
11-3031	skills	5	Persuasion
11-3031	skills	6	Writing
11-3031	skills	7	Reading Comprehension
11-3031	skills	8	Time Management
11-3031	abilities	1	Number Facility
11-3031	abilities	2	Mathematical Reasoning
11-3031	abilities	3	Written Comprehension
11-3031	abilities	4	Speech Clarity
11-3031	abilities	5	Written Expression
11-3031	abilities	6	Speed of Closure
11-3031	abilities	7	Deductive Reasoning
11-3031	abilities	8	Fluency of Ideas
11-3031	technology	1	Sales and marketing software
11-3031	technology	2	Data base management system software
11-3031	technology	3	Business intelligence and data analysis software
11-3031	technology	4	Customer relationship management CRM software
11-3031	technology	5	Process mapping and design software
11-3031	technology	6	Cloud-based data access and sharing software
11-3031	technology	7	Accounting software
11-3031	technology	8	Development environment software
11-3051	knowledge	1	Production and Processing
11-3051	knowledge	2	Administration and Management
11-3051	knowledge	3	Personnel and Human Resources
11-3051	knowledge	4	Mechanical
11-3051	knowledge	5	Engineering and Technology
11-3051	knowledge	6	Design
11-3051	knowledge	7	Education and Training
11-3051	knowledge	8	Psychology
11-3051	skills	1	Management of Financial Resources
11-3051	skills	2	Management of Material Resources
11-3051	skills	3	Management of Personnel Resources
11-3051	skills	4	Systems Analysis
11-3051	skills	5	Learning Strategies
11-3051	skills	6	Coordination
11-3051	skills	7	Operations Analysis
11-3051	skills	8	Mathematics
11-3051	abilities	1	Information Ordering
11-3051	abilities	2	Fluency of Ideas
11-3051	abilities	3	Number Facility
11-3051	abilities	4	Mathematical Reasoning
11-3051	abilities	5	Deductive Reasoning
11-3051	abilities	6	Written Comprehension
11-3051	abilities	7	Memorization
11-3051	abilities	8	Inductive Reasoning
11-3051	technology	1	Video creation and editing software
11-3051	technology	2	Desktop publishing software
11-3051	technology	3	Accounting software
11-3051	technology	4	Document management software
11-3051	technology	5	Computer aided design CAD software
11-3051	technology	6	Facilities management software
11-3051	technology	7	Desktop communications software
11-3051	technology	8	Human resources software
11-3061	knowledge	1	Economics and Accounting
11-3061	knowledge	2	Law and Government
11-3061	knowledge	3	Administration and Management
11-3061	knowledge	4	Personnel and Human Resources
11-3061	knowledge	5	Administrative
11-3061	knowledge	6	Building and Construction
11-3061	knowledge	7	Sales and Marketing
11-3061	knowledge	8	Customer and Personal Service
11-3061	skills	1	Management of Personnel Resources
11-3061	skills	2	Management of Financial Resources
11-3061	skills	3	Management of Material Resources
11-3061	skills	4	Negotiation
11-3061	skills	5	Persuasion
11-3061	skills	6	Systems Analysis
11-3061	skills	7	Time Management
11-3061	skills	8	Social Perceptiveness
11-3061	abilities	1	Fluency of Ideas
11-3061	abilities	2	Originality
11-3061	abilities	3	Number Facility
11-3061	abilities	4	Mathematical Reasoning
11-3061	abilities	5	Speech Recognition
11-3061	abilities	6	Speech Clarity
11-3061	abilities	7	Written Expression
11-3061	abilities	8	Deductive Reasoning
11-3061	technology	1	Process mapping and design software
11-3061	technology	2	Cloud-based data access and sharing software
11-3061	technology	3	Procurement software
11-3061	technology	4	Materials requirements planning logistics and supply chain software
11-3061	technology	5	Point of sale POS software
11-3061	technology	6	Data base reporting software
11-3061	technology	7	Financial analysis software
11-3061	technology	8	Business intelligence and data analysis software
11-3071	knowledge	1	Transportation
11-3071	knowledge	2	Personnel and Human Resources
11-3071	knowledge	3	Administration and Management
11-3071	knowledge	4	Economics and Accounting
11-3071	knowledge	5	Geography
11-3071	knowledge	6	Public Safety and Security
11-3071	knowledge	7	Production and Processing
11-3071	knowledge	8	Law and Government
11-3071	skills	1	Management of Financial Resources
11-3071	skills	2	Management of Material Resources
11-3071	skills	3	Management of Personnel Resources
11-3071	skills	4	Negotiation
11-3071	skills	5	Operations Analysis
11-3071	skills	6	Coordination
11-3071	skills	7	Persuasion
11-3071	skills	8	Systems Evaluation
11-3071	abilities	1	Written Expression
11-3071	abilities	2	Mathematical Reasoning
11-3071	abilities	3	Number Facility
11-3071	abilities	4	Written Comprehension
11-3071	abilities	5	Fluency of Ideas
11-3071	abilities	6	Speech Recognition
11-3071	abilities	7	Originality
11-3071	abilities	8	Problem Sensitivity
11-3071	technology	1	Process mapping and design software
11-3071	technology	2	Computer aided design CAD software
11-3071	technology	3	Label making software
11-3071	technology	4	Route navigation software
11-3071	technology	5	Backup or archival software
11-3071	technology	6	Metadata management software
11-3071	technology	7	Compliance software
11-3071	technology	8	Mobile location based services software
11-3111	knowledge	1	Personnel and Human Resources
11-3111	knowledge	2	Economics and Accounting
11-3111	knowledge	3	Administration and Management
11-3111	knowledge	4	Law and Government
11-3111	knowledge	5	Communications and Media
11-3111	knowledge	6	English Language
11-3111	knowledge	7	Administrative
11-3111	knowledge	8	Customer and Personal Service
11-3111	skills	1	Management of Financial Resources
11-3111	skills	2	Management of Personnel Resources
11-3111	skills	3	Writing
11-3111	skills	4	Operations Analysis
11-3111	skills	5	Active Learning
11-3111	skills	6	Judgment and Decision Making
11-3111	skills	7	Systems Evaluation
11-3111	skills	8	Systems Analysis
11-3111	abilities	1	Written Expression
11-3111	abilities	2	Mathematical Reasoning
11-3111	abilities	3	Number Facility
11-3111	abilities	4	Written Comprehension
11-3111	abilities	5	Fluency of Ideas
11-3111	abilities	6	Originality
11-3111	abilities	7	Speech Clarity
11-3111	abilities	8	Oral Expression
11-3111	technology	1	Process mapping and design software
11-3111	technology	2	Cloud-based data access and sharing software
11-3111	technology	3	Accounting software
11-3111	technology	4	Web page creation and editing software
11-3111	technology	5	Human resources software
11-3111	technology	6	Data base reporting software
11-3111	technology	7	Video creation and editing software
11-3111	technology	8	Desktop publishing software
11-3121	knowledge	1	Personnel and Human Resources
11-3121	knowledge	2	Law and Government
11-3121	knowledge	3	Administration and Management
11-3121	knowledge	4	Education and Training
11-3121	knowledge	5	Psychology
11-3121	knowledge	6	Sociology and Anthropology
11-3121	knowledge	7	Therapy and Counseling
11-3121	knowledge	8	English Language
11-3121	skills	1	Management of Personnel Resources
11-3121	skills	2	Negotiation
11-3121	skills	3	Systems Evaluation
11-3121	skills	4	Management of Financial Resources
11-3121	skills	5	Systems Analysis
11-3121	skills	6	Persuasion
11-3121	skills	7	Coordination
11-3121	skills	8	Judgment and Decision Making
11-3121	abilities	1	Written Expression
11-3121	abilities	2	Speech Recognition
11-3121	abilities	3	Fluency of Ideas
11-3121	abilities	4	Written Comprehension
11-3121	abilities	5	Originality
11-3121	abilities	6	Speech Clarity
11-3121	abilities	7	Oral Expression
11-3121	abilities	8	Oral Comprehension
11-3121	technology	1	Time accounting software
11-3121	technology	2	Process mapping and design software
11-3121	technology	3	Accounting software
11-3121	technology	4	Web page creation and editing software
11-3121	technology	5	Charting software
11-3121	technology	6	Multi-media educational software
11-3121	technology	7	Compliance software
11-3121	technology	8	Human resources software
11-3131	knowledge	1	Education and Training
11-3131	knowledge	2	Personnel and Human Resources
11-3131	knowledge	3	Psychology
11-3131	knowledge	4	Sociology and Anthropology
11-3131	knowledge	5	Communications and Media
11-3131	knowledge	6	Administration and Management
11-3131	knowledge	7	English Language
11-3131	knowledge	8	Customer and Personal Service
11-3131	skills	1	Management of Financial Resources
11-3131	skills	2	Learning Strategies
11-3131	skills	3	Instructing
11-3131	skills	4	Management of Material Resources
11-3131	skills	5	Management of Personnel Resources
11-3131	skills	6	Persuasion
11-3131	skills	7	Coordination
11-3131	skills	8	Active Learning
11-3131	abilities	1	Fluency of Ideas
11-3131	abilities	2	Originality
11-3131	abilities	3	Written Expression
11-3131	abilities	4	Speech Clarity
11-3131	abilities	5	Deductive Reasoning
11-3131	abilities	6	Speech Recognition
11-3131	abilities	7	Written Comprehension
11-3131	abilities	8	Memorization
11-3131	technology	1	Video conferencing software
11-3131	technology	2	Data base management system software
11-3131	technology	3	Web platform development software
11-3131	technology	4	Medical software
11-3131	technology	5	Development environment software
11-3131	technology	6	Document management software
11-3131	technology	7	Computer based training software
11-3131	technology	8	Customer relationship management CRM software
11-9013	knowledge	1	Food Production
11-9013	knowledge	2	Biology
11-9013	knowledge	3	Production and Processing
11-9013	knowledge	4	Economics and Accounting
11-9013	knowledge	5	Administration and Management
11-9013	knowledge	6	Sales and Marketing
11-9013	knowledge	7	Chemistry
11-9013	knowledge	8	Personnel and Human Resources
11-9013	skills	1	Management of Financial Resources
11-9013	skills	2	Science
11-9013	skills	3	Management of Personnel Resources
11-9013	skills	4	Management of Material Resources
11-9013	skills	5	Operation and Control
11-9013	skills	6	Negotiation
11-9013	skills	7	Operations Monitoring
11-9013	skills	8	Quality Control Analysis
11-9013	abilities	1	Multilimb Coordination
11-9013	abilities	2	Control Precision
11-9013	abilities	3	Depth Perception
11-9013	abilities	4	Number Facility
11-9013	abilities	5	Manual Dexterity
11-9013	abilities	6	Written Expression
11-9013	abilities	7	Inductive Reasoning
11-9013	abilities	8	Problem Sensitivity
11-9013	technology	1	Process mapping and design software
11-9013	technology	2	Cloud-based data access and sharing software
11-9013	technology	3	Web page creation and editing software
11-9013	technology	4	Mobile location based services software
11-9013	technology	5	Time accounting software
11-9013	technology	6	Map creation software
11-9013	technology	7	Industrial control software
11-9013	technology	8	Geographic information system
11-9021	knowledge	1	Building and Construction
11-9021	knowledge	2	Engineering and Technology
11-9021	knowledge	3	Design
11-9021	knowledge	4	Administration and Management
11-9021	knowledge	5	Economics and Accounting
11-9021	knowledge	6	Mechanical
11-9021	knowledge	7	Public Safety and Security
11-9021	knowledge	8	Transportation
11-9021	skills	1	Management of Personnel Resources
11-9021	skills	2	Management of Financial Resources
11-9021	skills	3	Management of Material Resources
11-9021	skills	4	Negotiation
11-9021	skills	5	Operations Analysis
11-9021	skills	6	Coordination
11-9021	skills	7	Time Management
11-9021	skills	8	Quality Control Analysis
11-9021	abilities	1	Visualization
11-9021	abilities	2	Information Ordering
11-9021	abilities	3	Speed of Closure
11-9021	abilities	4	Number Facility
11-9021	abilities	5	Mathematical Reasoning
11-9021	abilities	6	Auditory Attention
11-9021	abilities	7	Far Vision
11-9021	abilities	8	Inductive Reasoning
11-9021	technology	1	Process mapping and design software
11-9021	technology	2	Cloud-based data access and sharing software
11-9021	technology	3	Web page creation and editing software
11-9021	technology	4	Document management software
11-9021	technology	5	Computer aided design CAD software
11-9021	technology	6	Compliance software
11-9021	technology	7	Time accounting software
11-9021	technology	8	Human resources software
11-9031	knowledge	1	Food Production
11-9031	knowledge	2	Sales and Marketing
11-9031	knowledge	3	Education and Training
11-9031	knowledge	4	Psychology
11-9031	knowledge	5	Personnel and Human Resources
11-9031	knowledge	6	Administration and Management
11-9031	knowledge	7	Customer and Personal Service
11-9031	knowledge	8	Economics and Accounting
11-9031	skills	1	Management of Financial Resources
11-9031	skills	2	Management of Material Resources
11-9031	skills	3	Management of Personnel Resources
11-9031	skills	4	Instructing
11-9031	skills	5	Negotiation
11-9031	skills	6	Service Orientation
11-9031	skills	7	Coordination
11-9031	skills	8	Learning Strategies
11-9031	abilities	1	Written Expression
11-9031	abilities	2	Memorization
11-9031	abilities	3	Deductive Reasoning
11-9031	abilities	4	Speech Recognition
11-9031	abilities	5	Fluency of Ideas
11-9031	abilities	6	Written Comprehension
11-9031	abilities	7	Inductive Reasoning
11-9031	abilities	8	Originality
11-9031	technology	1	Accounting software
11-9031	technology	2	Instant messaging software
11-9031	technology	3	Desktop communications software
11-9031	technology	4	Desktop publishing software
11-9032	knowledge	1	Personnel and Human Resources
11-9032	knowledge	2	Administration and Management
11-9032	knowledge	3	Law and Government
11-9032	knowledge	4	Philosophy and Theology
11-9032	knowledge	5	Education and Training
11-9032	knowledge	6	Psychology
11-9032	knowledge	7	Therapy and Counseling
11-9032	knowledge	8	Sociology and Anthropology
11-9032	skills	1	Management of Financial Resources
11-9032	skills	2	Learning Strategies
11-9032	skills	3	Management of Personnel Resources
11-9032	skills	4	Systems Evaluation
11-9032	skills	5	Management of Material Resources
11-9032	skills	6	Social Perceptiveness
11-9032	skills	7	Instructing
11-9032	skills	8	Negotiation
11-9032	abilities	1	Originality
11-9032	abilities	2	Written Expression
11-9032	abilities	3	Speech Clarity
11-9032	abilities	4	Deductive Reasoning
11-9032	abilities	5	Category Flexibility
11-9032	abilities	6	Speech Recognition
11-9032	abilities	7	Fluency of Ideas
11-9032	abilities	8	Written Comprehension
11-9032	technology	1	Data base management system software
11-9032	technology	2	Cloud-based data access and sharing software
11-9032	technology	3	Mobile messaging service software
11-9032	technology	4	Multi-media educational software
11-9032	technology	5	Communications server software
11-9032	technology	6	Desktop communications software
11-9032	technology	7	Human resources software
11-9032	technology	8	Computer based training software
11-9033	knowledge	1	Administration and Management
11-9033	knowledge	2	Education and Training
11-9033	knowledge	3	Therapy and Counseling
11-9033	knowledge	4	Personnel and Human Resources
11-9033	knowledge	5	Communications and Media
11-9033	knowledge	6	Psychology
11-9033	knowledge	7	English Language
11-9033	knowledge	8	Sales and Marketing
11-9033	skills	1	Management of Financial Resources
11-9033	skills	2	Instructing
11-9033	skills	3	Management of Personnel Resources
11-9033	skills	4	Negotiation
11-9033	skills	5	Learning Strategies
11-9033	skills	6	Time Management
11-9033	skills	7	Management of Material Resources
11-9033	skills	8	Persuasion
11-9033	abilities	1	Originality
11-9033	abilities	2	Fluency of Ideas
11-9033	abilities	3	Written Expression
11-9033	abilities	4	Speech Recognition
11-9033	abilities	5	Written Comprehension
11-9033	abilities	6	Inductive Reasoning
11-9033	abilities	7	Speech Clarity
11-9033	abilities	8	Problem Sensitivity
11-9033	technology	1	Web platform development software
11-9033	technology	2	Process mapping and design software
11-9033	technology	3	Cloud-based data access and sharing software
11-9033	technology	4	Web page creation and editing software
11-9033	technology	5	Mobile messaging service software
11-9033	technology	6	Facilities management software
11-9033	technology	7	Instant messaging software
11-9033	technology	8	Desktop communications software
11-9041	knowledge	1	Design
11-9041	knowledge	2	Engineering and Technology
11-9041	knowledge	3	Mechanical
11-9041	knowledge	4	Physics
11-9041	knowledge	5	Building and Construction
11-9041	knowledge	6	Administration and Management
11-9041	knowledge	7	Mathematics
11-9041	knowledge	8	Production and Processing
11-9041	skills	1	Mathematics
11-9041	skills	2	Management of Financial Resources
11-9041	skills	3	Management of Material Resources
11-9041	skills	4	Writing
11-9041	skills	5	Complex Problem Solving
11-9041	skills	6	Time Management
11-9041	skills	7	Active Learning
11-9041	skills	8	Science
11-9041	abilities	1	Mathematical Reasoning
11-9041	abilities	2	Visualization
11-9041	abilities	3	Fluency of Ideas
11-9041	abilities	4	Originality
11-9041	abilities	5	Number Facility
11-9041	abilities	6	Written Comprehension
11-9041	abilities	7	Speech Clarity
11-9041	abilities	8	Written Expression
11-9041	technology	1	Object oriented data base management software
11-9041	technology	2	Configuration management software
11-9041	technology	3	Content workflow software
11-9041	technology	4	Cloud-based management software
11-9041	technology	5	Expert system software
11-9041	technology	6	File versioning software
11-9041	technology	7	Application server software
11-9041	technology	8	Time accounting software
11-9051	knowledge	1	Food Production
11-9051	knowledge	2	Personnel and Human Resources
11-9051	knowledge	3	Administration and Management
11-9051	knowledge	4	Production and Processing
11-9051	knowledge	5	Customer and Personal Service
11-9051	knowledge	6	Sales and Marketing
11-9051	knowledge	7	Economics and Accounting
11-9051	knowledge	8	Education and Training
11-9051	skills	1	Management of Personnel Resources
11-9051	skills	2	Management of Financial Resources
11-9051	skills	3	Management of Material Resources
11-9051	skills	4	Service Orientation
11-9051	skills	5	Negotiation
11-9051	skills	6	Coordination
11-9051	skills	7	Operations Analysis
11-9051	skills	8	Social Perceptiveness
11-9051	abilities	1	Manual Dexterity
11-9051	abilities	2	Number Facility
11-9051	abilities	3	Arm-Hand Steadiness
11-9051	abilities	4	Auditory Attention
11-9051	abilities	5	Finger Dexterity
11-9051	abilities	6	Oral Expression
11-9051	abilities	7	Problem Sensitivity
11-9051	abilities	8	Oral Comprehension
11-9051	technology	1	Accounting software
11-9051	technology	2	Web page creation and editing software
11-9051	technology	3	Communications server software
11-9051	technology	4	Point of sale POS software
11-9051	technology	5	Time accounting software
11-9051	technology	6	Human resources software
11-9051	technology	7	Financial analysis software
11-9051	technology	8	Inventory management software
11-9071	knowledge	1	Personnel and Human Resources
11-9071	knowledge	2	Economics and Accounting
11-9071	knowledge	3	Administration and Management
11-9071	knowledge	4	Administrative
11-9071	knowledge	5	Mathematics
11-9071	knowledge	6	Customer and Personal Service
11-9071	knowledge	7	Sales and Marketing
11-9071	knowledge	8	Psychology
11-9071	skills	1	Management of Personnel Resources
11-9071	skills	2	Service Orientation
11-9071	skills	3	Management of Material Resources
11-9071	skills	4	Persuasion
11-9071	skills	5	Management of Financial Resources
11-9071	skills	6	Instructing
11-9071	skills	7	Time Management
11-9071	skills	8	Negotiation
11-9071	abilities	1	Number Facility
11-9071	abilities	2	Speed of Closure
11-9071	abilities	3	Far Vision
11-9071	abilities	4	Memorization
11-9071	abilities	5	Inductive Reasoning
11-9071	abilities	6	Mathematical Reasoning
11-9071	abilities	7	Time Sharing
11-9071	abilities	8	Auditory Attention
11-9071	technology	1	Human resources software
11-9071	technology	2	Calendar and scheduling software
11-9072	technology	1	Sales and marketing software
11-9072	technology	2	Video conferencing software
11-9072	technology	3	Customer relationship management CRM software
11-9072	technology	4	Process mapping and design software
11-9072	technology	5	Cloud-based data access and sharing software
11-9072	technology	6	Accounting software
11-9072	technology	7	Development environment software
11-9072	technology	8	Web page creation and editing software
11-9081	knowledge	1	Personnel and Human Resources
11-9081	knowledge	2	Sales and Marketing
11-9081	knowledge	3	Economics and Accounting
11-9081	knowledge	4	Administration and Management
11-9081	knowledge	5	Administrative
11-9081	knowledge	6	Communications and Media
11-9081	knowledge	7	Mathematics
11-9081	knowledge	8	Public Safety and Security
11-9081	skills	1	Management of Personnel Resources
11-9081	skills	2	Negotiation
11-9081	skills	3	Service Orientation
11-9081	skills	4	Management of Material Resources
11-9081	skills	5	Persuasion
11-9081	skills	6	Management of Financial Resources
11-9081	skills	7	Instructing
11-9081	skills	8	Social Perceptiveness
11-9081	abilities	1	Mathematical Reasoning
11-9081	abilities	2	Fluency of Ideas
11-9081	abilities	3	Written Expression
11-9081	abilities	4	Speech Recognition
11-9081	abilities	5	Originality
11-9081	abilities	6	Speech Clarity
11-9081	abilities	7	Written Comprehension
11-9081	abilities	8	Oral Expression
11-9081	technology	1	Web page creation and editing software
11-9081	technology	2	Point of sale POS software
11-9081	technology	3	Facilities management software
11-9081	technology	4	Time accounting software
11-9081	technology	5	Financial analysis software
11-9081	technology	6	Customer relationship management CRM software
11-9081	technology	7	Accounting software
11-9111	knowledge	1	Personnel and Human Resources
11-9111	knowledge	2	Administration and Management
11-9111	knowledge	3	Medicine and Dentistry
11-9111	knowledge	4	Economics and Accounting
11-9111	knowledge	5	Administrative
11-9111	knowledge	6	Education and Training
11-9111	knowledge	7	Law and Government
11-9111	knowledge	8	Psychology
11-9111	skills	1	Operations Analysis
11-9111	skills	2	Management of Personnel Resources
11-9111	skills	3	Management of Financial Resources
11-9111	skills	4	Management of Material Resources
11-9111	skills	5	Negotiation
11-9111	skills	6	Persuasion
11-9111	skills	7	Systems Evaluation
11-9111	skills	8	Instructing
11-9111	abilities	1	Written Expression
11-9111	abilities	2	Written Comprehension
11-9111	abilities	3	Inductive Reasoning
11-9111	abilities	4	Speech Clarity
11-9111	abilities	5	Oral Comprehension
11-9111	abilities	6	Deductive Reasoning
11-9111	abilities	7	Speech Recognition
11-9111	abilities	8	Problem Sensitivity
11-9111	technology	1	Sales and marketing software
11-9111	technology	2	Data base reporting software
11-9111	technology	3	Video conferencing software
11-9111	technology	4	Data base management system software
11-9111	technology	5	Business intelligence and data analysis software
11-9111	technology	6	Enterprise application integration software
11-9111	technology	7	Customer relationship management CRM software
11-9111	technology	8	Process mapping and design software
11-9121	knowledge	1	Biology
11-9121	knowledge	2	Chemistry
11-9121	knowledge	3	Personnel and Human Resources
11-9121	knowledge	4	Administrative
11-9121	knowledge	5	Administration and Management
11-9121	knowledge	6	Computers and Electronics
11-9121	knowledge	7	Production and Processing
11-9121	knowledge	8	Mathematics
11-9121	skills	1	Science
11-9121	skills	2	Operations Analysis
11-9121	skills	3	Management of Personnel Resources
11-9121	skills	4	Technology Design
11-9121	skills	5	Management of Material Resources
11-9121	skills	6	Management of Financial Resources
11-9121	skills	7	Learning Strategies
11-9121	skills	8	Writing
11-9121	abilities	1	Category Flexibility
11-9121	abilities	2	Written Expression
11-9121	abilities	3	Mathematical Reasoning
11-9121	abilities	4	Information Ordering
11-9121	abilities	5	Written Comprehension
11-9121	abilities	6	Originality
11-9121	abilities	7	Inductive Reasoning
11-9121	abilities	8	Number Facility
11-9121	technology	1	Data base management system software
11-9121	technology	2	Geographic information system
11-9121	technology	3	Process mapping and design software
11-9121	technology	4	Cloud-based data access and sharing software
11-9121	technology	5	Document management software
11-9121	technology	6	Data base reporting software
11-9121	technology	7	Development environment software
11-9131	knowledge	1	Production and Processing
11-9131	knowledge	2	Public Safety and Security
11-9131	knowledge	3	Transportation
11-9131	knowledge	4	Administration and Management
11-9131	knowledge	5	Personnel and Human Resources
11-9131	knowledge	6	Administrative
11-9131	knowledge	7	Economics and Accounting
11-9131	knowledge	8	Law and Government
11-9131	skills	1	Management of Personnel Resources
11-9131	skills	2	Negotiation
11-9131	skills	3	Time Management
11-9131	skills	4	Coordination
11-9131	skills	5	Management of Financial Resources
11-9131	skills	6	Social Perceptiveness
11-9131	skills	7	Management of Material Resources
11-9131	skills	8	Learning Strategies
11-9131	abilities	1	Speech Recognition
11-9131	abilities	2	Written Comprehension
11-9131	abilities	3	Speech Clarity
11-9131	abilities	4	Deductive Reasoning
11-9131	abilities	5	Auditory Attention
11-9131	abilities	6	Category Flexibility
11-9131	abilities	7	Inductive Reasoning
11-9131	abilities	8	Oral Expression
11-9131	technology	1	Procurement software
11-9131	technology	2	Point of sale POS software
11-9131	technology	3	Facilities management software
11-9131	technology	4	Time accounting software
11-9131	technology	5	Map creation software
11-9131	technology	6	Human resources software
11-9141	knowledge	1	Economics and Accounting
11-9141	knowledge	2	Law and Government
11-9141	knowledge	3	Administration and Management
11-9141	knowledge	4	Customer and Personal Service
11-9141	knowledge	5	Building and Construction
11-9141	knowledge	6	Personnel and Human Resources
11-9141	knowledge	7	Sales and Marketing
11-9141	knowledge	8	Public Safety and Security
11-9141	skills	1	Management of Financial Resources
11-9141	skills	2	Management of Material Resources
11-9141	skills	3	Negotiation
11-9141	skills	4	Management of Personnel Resources
11-9141	skills	5	Persuasion
11-9141	skills	6	Coordination
11-9141	skills	7	Speaking
11-9141	skills	8	Writing
11-9141	abilities	1	Written Comprehension
11-9141	abilities	2	Number Facility
11-9141	abilities	3	Written Expression
11-9141	abilities	4	Mathematical Reasoning
11-9141	abilities	5	Oral Expression
11-9141	abilities	6	Oral Comprehension
11-9141	abilities	7	Speech Recognition
11-9141	abilities	8	Inductive Reasoning
11-9141	technology	1	Data mining software
11-9141	technology	2	Web platform development software
11-9141	technology	3	Accounting software
11-9141	technology	4	Web page creation and editing software
11-9141	technology	5	Access software
11-9141	technology	6	Video creation and editing software
11-9141	technology	7	Desktop publishing software
11-9141	technology	8	Cloud-based data access and sharing software
11-9151	knowledge	1	Therapy and Counseling
11-9151	knowledge	2	Psychology
11-9151	knowledge	3	Sociology and Anthropology
11-9151	knowledge	4	Administration and Management
11-9151	knowledge	5	Personnel and Human Resources
11-9151	knowledge	6	Customer and Personal Service
11-9151	knowledge	7	Education and Training
11-9151	knowledge	8	Administrative
11-9151	skills	1	Management of Personnel Resources
11-9151	skills	2	Systems Evaluation
11-9151	skills	3	Service Orientation
11-9151	skills	4	Systems Analysis
11-9151	skills	5	Learning Strategies
11-9151	skills	6	Social Perceptiveness
11-9151	skills	7	Time Management
11-9151	skills	8	Active Learning
11-9151	abilities	1	Originality
11-9151	abilities	2	Fluency of Ideas
11-9151	abilities	3	Oral Expression
11-9151	abilities	4	Written Expression
11-9151	abilities	5	Speech Recognition
11-9151	abilities	6	Written Comprehension
11-9151	abilities	7	Speech Clarity
11-9151	abilities	8	Problem Sensitivity
11-9151	technology	1	Object oriented data base management software
11-9151	technology	2	Data base reporting software
11-9151	technology	3	Customer relationship management CRM software
11-9151	technology	4	Desktop publishing software
11-9151	technology	5	Medical software
11-9151	technology	6	Accounting software
11-9161	knowledge	1	Public Safety and Security
11-9161	knowledge	2	Telecommunications
11-9161	knowledge	3	Law and Government
11-9161	knowledge	4	Communications and Media
11-9161	knowledge	5	Geography
11-9161	knowledge	6	Administration and Management
11-9161	knowledge	7	Transportation
11-9161	knowledge	8	Personnel and Human Resources
11-9161	skills	1	Service Orientation
11-9161	skills	2	Learning Strategies
11-9161	skills	3	Operations Analysis
11-9161	skills	4	Systems Analysis
11-9161	skills	5	Instructing
11-9161	skills	6	Complex Problem Solving
11-9161	skills	7	Management of Personnel Resources
11-9161	skills	8	Coordination
11-9161	abilities	1	Fluency of Ideas
11-9161	abilities	2	Originality
11-9161	abilities	3	Speech Clarity
11-9161	abilities	4	Written Expression
11-9161	abilities	5	Deductive Reasoning
11-9161	abilities	6	Inductive Reasoning
11-9161	abilities	7	Speed of Closure
11-9161	abilities	8	Information Ordering
11-9161	technology	1	Geographic information system
11-9161	technology	2	Cloud-based data access and sharing software
11-9161	technology	3	Transaction security and virus protection software
11-9161	technology	4	Map creation software
11-9161	technology	5	Desktop publishing software
11-9171	knowledge	1	Philosophy and Theology
11-9171	knowledge	2	Customer and Personal Service
11-9171	knowledge	3	Administration and Management
11-9171	knowledge	4	Psychology
11-9171	knowledge	5	Therapy and Counseling
11-9171	knowledge	6	Sociology and Anthropology
11-9171	knowledge	7	Economics and Accounting
11-9171	knowledge	8	Administrative
11-9171	skills	1	Service Orientation
11-9171	skills	2	Management of Personnel Resources
11-9171	skills	3	Negotiation
11-9171	skills	4	Persuasion
11-9171	skills	5	Management of Financial Resources
11-9171	skills	6	Social Perceptiveness
11-9171	skills	7	Time Management
11-9171	skills	8	Coordination
11-9171	abilities	1	Oral Comprehension
11-9171	abilities	2	Time Sharing
11-9171	abilities	3	Written Expression
11-9171	abilities	4	Oral Expression
11-9171	abilities	5	Mathematical Reasoning
11-9171	abilities	6	Multilimb Coordination
11-9171	abilities	7	Written Comprehension
11-9171	abilities	8	Memorization
11-9171	technology	1	Human resources software
11-9171	technology	2	Video creation and editing software
11-9171	technology	3	Accounting software
11-9179	knowledge	1	Sales and Marketing
11-9179	knowledge	2	Education and Training
11-9179	knowledge	3	Administration and Management
11-9179	knowledge	4	Therapy and Counseling
11-9179	knowledge	5	Personnel and Human Resources
11-9179	knowledge	6	Customer and Personal Service
11-9179	knowledge	7	Psychology
11-9179	knowledge	8	Sociology and Anthropology
11-9179	skills	1	Management of Material Resources
11-9179	skills	2	Management of Personnel Resources
11-9179	skills	3	Management of Financial Resources
11-9179	skills	4	Service Orientation
11-9179	skills	5	Coordination
11-9179	skills	6	Learning Strategies
11-9179	skills	7	Social Perceptiveness
11-9179	skills	8	Instructing
11-9179	abilities	1	Static Strength
11-9179	abilities	2	Trunk Strength
11-9179	abilities	3	Fluency of Ideas
11-9179	abilities	4	Memorization
11-9179	abilities	5	Deductive Reasoning
11-9179	abilities	6	Extent Flexibility
11-9179	abilities	7	Written Expression
11-9179	abilities	8	Speech Recognition
11-9179	technology	1	Document management software
11-9179	technology	2	Time accounting software
11-9179	technology	3	Human resources software
11-9179	technology	4	Desktop publishing software
11-9179	technology	5	Calendar and scheduling software
11-9199	knowledge	1	Law and Government
11-9199	knowledge	2	Biology
11-9199	knowledge	3	Medicine and Dentistry
11-9199	knowledge	4	Chemistry
11-9199	knowledge	5	Administration and Management
11-9199	knowledge	6	English Language
11-9199	knowledge	7	Production and Processing
11-9199	knowledge	8	Design
11-9199	skills	1	Operations Analysis
11-9199	skills	2	Systems Analysis
11-9199	skills	3	Systems Evaluation
11-9199	skills	4	Writing
11-9199	skills	5	Coordination
11-9199	skills	6	Management of Personnel Resources
11-9199	skills	7	Monitoring
11-9199	skills	8	Science
11-9199	abilities	1	Written Expression
11-9199	abilities	2	Written Comprehension
11-9199	abilities	3	Speech Clarity
11-9199	abilities	4	Deductive Reasoning
11-9199	abilities	5	Fluency of Ideas
11-9199	abilities	6	Inductive Reasoning
11-9199	abilities	7	Oral Expression
11-9199	abilities	8	Problem Sensitivity
11-9199	technology	1	Business intelligence and data analysis software
11-9199	technology	2	Process mapping and design software
11-9199	technology	3	Cloud-based data access and sharing software
11-9199	technology	4	Document management software
11-9199	technology	5	Risk management data and analysis software
11-9199	technology	6	Compliance software
11-9199	technology	7	Enterprise application integration software
11-9199	technology	8	Information retrieval or search software
13-1011	knowledge	1	Fine Arts
13-1011	knowledge	2	Sales and Marketing
13-1011	knowledge	3	Communications and Media
13-1011	knowledge	4	Customer and Personal Service
13-1011	knowledge	5	Administration and Management
13-1011	knowledge	6	Economics and Accounting
13-1011	knowledge	7	Administrative
13-1011	knowledge	8	Personnel and Human Resources
13-1011	skills	1	Negotiation
13-1011	skills	2	Persuasion
13-1011	skills	3	Social Perceptiveness
13-1011	skills	4	Time Management
13-1011	skills	5	Coordination
13-1011	skills	6	Reading Comprehension
13-1011	skills	7	Speaking
13-1011	skills	8	Writing
13-1011	abilities	1	Speech Recognition
13-1011	abilities	2	Written Comprehension
13-1011	abilities	3	Speech Clarity
13-1011	abilities	4	Oral Expression
13-1011	abilities	5	Fluency of Ideas
13-1011	abilities	6	Originality
13-1011	abilities	7	Written Expression
13-1011	abilities	8	Problem Sensitivity
13-1011	technology	1	Video conferencing software
13-1011	technology	2	Customer relationship management CRM software
13-1011	technology	3	Web page creation and editing software
13-1011	technology	4	Tax preparation software
13-1011	technology	5	Transaction server software
13-1011	technology	6	Instant messaging software
13-1011	technology	7	Information retrieval or search software
13-1011	technology	8	Video creation and editing software
13-1021	knowledge	1	Food Production
13-1021	knowledge	2	Transportation
13-1021	knowledge	3	Economics and Accounting
13-1021	knowledge	4	Sales and Marketing
13-1021	knowledge	5	Mathematics
13-1021	knowledge	6	Geography
13-1021	knowledge	7	Production and Processing
13-1021	knowledge	8	Law and Government
13-1021	skills	1	Management of Material Resources
13-1021	skills	2	Management of Financial Resources
13-1021	skills	3	Negotiation
13-1021	skills	4	Persuasion
13-1021	skills	5	Mathematics
13-1021	skills	6	Management of Personnel Resources
13-1021	skills	7	Critical Thinking
13-1021	skills	8	Speaking
13-1021	abilities	1	Number Facility
13-1021	abilities	2	Mathematical Reasoning
13-1021	abilities	3	Oral Expression
13-1021	abilities	4	Time Sharing
13-1021	abilities	5	Originality
13-1021	abilities	6	Speech Clarity
13-1021	abilities	7	Deductive Reasoning
13-1021	abilities	8	Fluency of Ideas
13-1021	technology	1	Web platform development software
13-1021	technology	2	Customer relationship management CRM software
13-1021	technology	3	Inventory management software
13-1021	technology	4	Accounting software
13-1022	knowledge	1	Sales and Marketing
13-1022	knowledge	2	Economics and Accounting
13-1022	knowledge	3	Mathematics
13-1022	knowledge	4	Computers and Electronics
13-1022	knowledge	5	Administration and Management
13-1022	knowledge	6	Communications and Media
13-1022	knowledge	7	Customer and Personal Service
13-1022	knowledge	8	English Language
13-1022	skills	1	Negotiation
13-1022	skills	2	Management of Financial Resources
13-1022	skills	3	Persuasion
13-1022	skills	4	Management of Material Resources
13-1022	skills	5	Mathematics
13-1022	skills	6	Systems Evaluation
13-1022	skills	7	Active Learning
13-1022	skills	8	Critical Thinking
13-1022	abilities	1	Mathematical Reasoning
13-1022	abilities	2	Number Facility
13-1022	abilities	3	Oral Expression
13-1022	abilities	4	Oral Comprehension
13-1022	abilities	5	Speed of Closure
13-1022	abilities	6	Deductive Reasoning
13-1022	abilities	7	Written Comprehension
13-1022	abilities	8	Originality
13-1022	technology	1	Cloud-based data access and sharing software
13-1022	technology	2	Accounting software
13-1022	technology	3	Development environment software
13-1022	technology	4	Web page creation and editing software
13-1022	technology	5	Risk management data and analysis software
13-1022	technology	6	Procurement software
13-1022	technology	7	Materials requirements planning logistics and supply chain software
13-1022	technology	8	Point of sale POS software
13-1023	knowledge	1	Economics and Accounting
13-1023	knowledge	2	Transportation
13-1023	knowledge	3	Administration and Management
13-1023	knowledge	4	Law and Government
13-1023	knowledge	5	Production and Processing
13-1023	knowledge	6	Mathematics
13-1023	knowledge	7	Administrative
13-1023	knowledge	8	English Language
13-1023	skills	1	Management of Financial Resources
13-1023	skills	2	Negotiation
13-1023	skills	3	Management of Material Resources
13-1023	skills	4	Persuasion
13-1023	skills	5	Complex Problem Solving
13-1023	skills	6	Active Learning
13-1023	skills	7	Writing
13-1023	skills	8	Reading Comprehension
13-1023	abilities	1	Written Comprehension
13-1023	abilities	2	Written Expression
13-1023	abilities	3	Number Facility
13-1023	abilities	4	Mathematical Reasoning
13-1023	abilities	5	Information Ordering
13-1023	abilities	6	Speech Recognition
13-1023	abilities	7	Inductive Reasoning
13-1023	abilities	8	Speech Clarity
13-1023	technology	1	Process mapping and design software
13-1023	technology	2	Cloud-based data access and sharing software
13-1023	technology	3	Accounting software
13-1023	technology	4	Document management software
13-1023	technology	5	Enterprise system management software
13-1023	technology	6	Sales and marketing software
13-1023	technology	7	Data base reporting software
13-1023	technology	8	Financial analysis software
13-1031	knowledge	1	Customer and Personal Service
13-1031	knowledge	2	Administrative
13-1031	knowledge	3	Medicine and Dentistry
13-1031	knowledge	4	Economics and Accounting
13-1031	knowledge	5	Law and Government
13-1031	knowledge	6	Therapy and Counseling
13-1031	knowledge	7	English Language
13-1031	knowledge	8	Mathematics
13-1031	skills	1	Reading Comprehension
13-1031	skills	2	Negotiation
13-1031	skills	3	Judgment and Decision Making
13-1031	skills	4	Critical Thinking
13-1031	skills	5	Writing
13-1031	skills	6	Active Listening
13-1031	skills	7	Speaking
13-1031	skills	8	Mathematics
13-1031	abilities	1	Written Comprehension
13-1031	abilities	2	Inductive Reasoning
13-1031	abilities	3	Written Expression
13-1031	abilities	4	Speed of Closure
13-1031	abilities	5	Deductive Reasoning
13-1031	abilities	6	Number Facility
13-1031	abilities	7	Oral Expression
13-1031	abilities	8	Oral Comprehension
13-1031	technology	1	Video conferencing software
13-1031	technology	2	Interactive voice response software
13-1031	technology	3	Access software
13-1031	technology	4	Expert system software
13-1031	technology	5	Data base reporting software
13-1031	technology	6	Financial analysis software
13-1031	technology	7	Information retrieval or search software
13-1031	technology	8	Desktop publishing software
13-1032	knowledge	1	Mechanical
13-1032	knowledge	2	Customer and Personal Service
13-1032	knowledge	3	Administrative
13-1032	knowledge	4	Computers and Electronics
13-1032	knowledge	5	Law and Government
13-1032	knowledge	6	English Language
13-1032	knowledge	7	Education and Training
13-1032	knowledge	8	Mathematics
13-1032	skills	1	Writing
13-1032	skills	2	Negotiation
13-1032	skills	3	Speaking
13-1032	skills	4	Time Management
13-1032	skills	5	Persuasion
13-1032	skills	6	Mathematics
13-1032	skills	7	Service Orientation
13-1032	skills	8	Reading Comprehension
13-1032	abilities	1	Written Expression
13-1032	abilities	2	Oral Expression
13-1032	abilities	3	Oral Comprehension
13-1032	abilities	4	Written Comprehension
13-1032	abilities	5	Number Facility
13-1032	abilities	6	Problem Sensitivity
13-1032	abilities	7	Speech Recognition
13-1032	abilities	8	Selective Attention
13-1032	technology	1	Document management software
13-1032	technology	2	Compiler and decompiler software
13-1032	technology	3	Accounting software
13-1041	knowledge	1	Law and Government
13-1041	knowledge	2	Public Safety and Security
13-1041	knowledge	3	Telecommunications
13-1041	knowledge	4	Customer and Personal Service
13-1041	knowledge	5	Administrative
13-1041	knowledge	6	English Language
13-1041	knowledge	7	Computers and Electronics
13-1041	knowledge	8	Psychology
13-1041	skills	1	Social Perceptiveness
13-1041	skills	2	Reading Comprehension
13-1041	skills	3	Active Listening
13-1041	skills	4	Negotiation
13-1041	skills	5	Judgment and Decision Making
13-1041	skills	6	Speaking
13-1041	skills	7	Quality Control Analysis
13-1041	skills	8	Writing
13-1041	abilities	1	Auditory Attention
13-1041	abilities	2	Far Vision
13-1041	abilities	3	Written Comprehension
13-1041	abilities	4	Depth Perception
13-1041	abilities	5	Speech Clarity
13-1041	abilities	6	Speech Recognition
13-1041	abilities	7	Inductive Reasoning
13-1041	abilities	8	Written Expression
13-1041	technology	1	Optical character reader OCR or scanning software
13-1041	technology	2	Computer based training software
13-1051	knowledge	1	Economics and Accounting
13-1051	knowledge	2	Building and Construction
13-1051	knowledge	3	Mathematics
13-1051	knowledge	4	Engineering and Technology
13-1051	knowledge	5	Design
13-1051	knowledge	6	Physics
13-1051	knowledge	7	Computers and Electronics
13-1051	knowledge	8	Mechanical
13-1051	skills	1	Mathematics
13-1051	skills	2	Management of Financial Resources
13-1051	skills	3	Management of Material Resources
13-1051	skills	4	Reading Comprehension
13-1051	skills	5	Operations Analysis
13-1051	skills	6	Negotiation
13-1051	skills	7	Judgment and Decision Making
13-1051	skills	8	Systems Evaluation
13-1051	abilities	1	Mathematical Reasoning
13-1051	abilities	2	Number Facility
13-1051	abilities	3	Inductive Reasoning
13-1051	abilities	4	Written Expression
13-1051	abilities	5	Written Comprehension
13-1051	abilities	6	Oral Expression
13-1051	abilities	7	Oral Comprehension
13-1051	abilities	8	Speed of Closure
13-1051	technology	1	Process mapping and design software
13-1051	technology	2	Accounting software
13-1051	technology	3	Document management software
13-1051	technology	4	Computer aided design CAD software
13-1051	technology	5	License management software
13-1051	technology	6	Expert system software
13-1051	technology	7	Data base reporting software
13-1051	technology	8	Financial analysis software
13-1071	knowledge	1	Personnel and Human Resources
13-1071	knowledge	2	Administrative
13-1071	knowledge	3	Law and Government
13-1071	knowledge	4	Administration and Management
13-1071	knowledge	5	Communications and Media
13-1071	knowledge	6	English Language
13-1071	knowledge	7	Customer and Personal Service
13-1071	knowledge	8	Education and Training
13-1071	skills	1	Writing
13-1071	skills	2	Speaking
13-1071	skills	3	Reading Comprehension
13-1071	skills	4	Service Orientation
13-1071	skills	5	Active Listening
13-1071	skills	6	Negotiation
13-1071	skills	7	Critical Thinking
13-1071	skills	8	Instructing
13-1071	abilities	1	Written Expression
13-1071	abilities	2	Speech Recognition
13-1071	abilities	3	Written Comprehension
13-1071	abilities	4	Speech Clarity
13-1071	abilities	5	Deductive Reasoning
13-1071	abilities	6	Oral Expression
13-1071	abilities	7	Problem Sensitivity
13-1071	abilities	8	Oral Comprehension
13-1071	technology	1	Sales and marketing software
13-1071	technology	2	Data mining software
13-1071	technology	3	Application server software
13-1071	technology	4	Time accounting software
13-1071	technology	5	Data base reporting software
13-1071	technology	6	Video conferencing software
13-1071	technology	7	Data base management system software
13-1071	technology	8	Business intelligence and data analysis software
13-1074	knowledge	1	Food Production
13-1074	knowledge	2	Foreign Language
13-1074	knowledge	3	Personnel and Human Resources
13-1074	knowledge	4	Production and Processing
13-1074	knowledge	5	Law and Government
13-1074	knowledge	6	Economics and Accounting
13-1074	knowledge	7	Mathematics
13-1074	knowledge	8	Mechanical
13-1074	skills	1	Management of Personnel Resources
13-1074	skills	2	Operation and Control
13-1074	skills	3	Negotiation
13-1074	skills	4	Time Management
13-1074	skills	5	Speaking
13-1074	skills	6	Coordination
13-1074	skills	7	Persuasion
13-1074	skills	8	Social Perceptiveness
13-1074	abilities	1	Multilimb Coordination
13-1074	abilities	2	Control Precision
13-1074	abilities	3	Depth Perception
13-1074	abilities	4	Speech Clarity
13-1074	abilities	5	Oral Comprehension
13-1074	abilities	6	Time Sharing
13-1074	abilities	7	Speech Recognition
13-1074	abilities	8	Oral Expression
13-1074	technology	1	Cloud-based data access and sharing software
13-1074	technology	2	Accounting software
13-1074	technology	3	Web page creation and editing software
13-1075	knowledge	1	Personnel and Human Resources
13-1075	knowledge	2	Law and Government
13-1075	knowledge	3	Economics and Accounting
13-1075	knowledge	4	Administration and Management
13-1075	knowledge	5	English Language
13-1075	knowledge	6	Public Safety and Security
13-1075	knowledge	7	Education and Training
13-1075	knowledge	8	Administrative
13-1075	skills	1	Negotiation
13-1075	skills	2	Persuasion
13-1075	skills	3	Writing
13-1075	skills	4	Active Listening
13-1075	skills	5	Speaking
13-1075	skills	6	Social Perceptiveness
13-1075	skills	7	Reading Comprehension
13-1075	skills	8	Critical Thinking
13-1075	abilities	1	Originality
13-1075	abilities	2	Written Expression
13-1075	abilities	3	Fluency of Ideas
13-1075	abilities	4	Oral Expression
13-1075	abilities	5	Written Comprehension
13-1075	abilities	6	Problem Sensitivity
13-1075	abilities	7	Oral Comprehension
13-1075	abilities	8	Memorization
13-1075	technology	1	Application server software
13-1075	technology	2	Cloud-based data access and sharing software
13-1075	technology	3	Human resources software
13-1081	knowledge	1	Transportation
13-1081	knowledge	2	Geography
13-1081	knowledge	3	Economics and Accounting
13-1081	knowledge	4	Sales and Marketing
13-1081	knowledge	5	Administration and Management
13-1081	knowledge	6	Personnel and Human Resources
13-1081	knowledge	7	Production and Processing
13-1081	knowledge	8	Computers and Electronics
13-1081	skills	1	Operations Analysis
13-1081	skills	2	Management of Material Resources
13-1081	skills	3	Systems Analysis
13-1081	skills	4	Coordination
13-1081	skills	5	Management of Financial Resources
13-1081	skills	6	Management of Personnel Resources
13-1081	skills	7	Negotiation
13-1081	skills	8	Systems Evaluation
13-1081	abilities	1	Originality
13-1081	abilities	2	Information Ordering
13-1081	abilities	3	Inductive Reasoning
13-1081	abilities	4	Number Facility
13-1081	abilities	5	Deductive Reasoning
13-1081	abilities	6	Speech Recognition
13-1081	abilities	7	Fluency of Ideas
13-1081	abilities	8	Written Comprehension
13-1081	technology	1	Process mapping and design software
13-1081	technology	2	Cloud-based data access and sharing software
13-1081	technology	3	Accounting software
13-1081	technology	4	Computer aided design CAD software
13-1081	technology	5	Procurement software
13-1081	technology	6	Enterprise system management software
13-1081	technology	7	Materials requirements planning logistics and supply chain software
13-1081	technology	8	Business intelligence and data analysis software
13-1082	technology	1	Content workflow software
13-1082	technology	2	Sales and marketing software
13-1082	technology	3	File versioning software
13-1082	technology	4	Application server software
13-1082	technology	5	Video conferencing software
13-1082	technology	6	Business intelligence and data analysis software
13-1082	technology	7	Enterprise application integration software
13-1082	technology	8	Customer relationship management CRM software
13-1111	knowledge	1	Administration and Management
13-1111	knowledge	2	Economics and Accounting
13-1111	knowledge	3	Sales and Marketing
13-1111	knowledge	4	Sociology and Anthropology
13-1111	knowledge	5	English Language
13-1111	knowledge	6	Personnel and Human Resources
13-1111	knowledge	7	Law and Government
13-1111	knowledge	8	Psychology
13-1111	skills	1	Systems Evaluation
13-1111	skills	2	Systems Analysis
13-1111	skills	3	Operations Analysis
13-1111	skills	4	Writing
13-1111	skills	5	Complex Problem Solving
13-1111	skills	6	Coordination
13-1111	skills	7	Persuasion
13-1111	skills	8	Judgment and Decision Making
13-1111	abilities	1	Fluency of Ideas
13-1111	abilities	2	Written Expression
13-1111	abilities	3	Written Comprehension
13-1111	abilities	4	Inductive Reasoning
13-1111	abilities	5	Problem Sensitivity
13-1111	abilities	6	Deductive Reasoning
13-1111	abilities	7	Speech Recognition
13-1111	abilities	8	Memorization
13-1111	technology	1	Object oriented data base management software
13-1111	technology	2	Configuration management software
13-1111	technology	3	Content workflow software
13-1111	technology	4	Sales and marketing software
13-1111	technology	5	Cloud-based management software
13-1111	technology	6	Data mining software
13-1111	technology	7	Expert system software
13-1111	technology	8	File versioning software
13-1121	knowledge	1	Communications and Media
13-1121	knowledge	2	Customer and Personal Service
13-1121	knowledge	3	Administrative
13-1121	knowledge	4	Telecommunications
13-1121	knowledge	5	Sales and Marketing
13-1121	knowledge	6	Transportation
13-1121	knowledge	7	English Language
13-1121	knowledge	8	Economics and Accounting
13-1121	skills	1	Management of Financial Resources
13-1121	skills	2	Service Orientation
13-1121	skills	3	Management of Material Resources
13-1121	skills	4	Negotiation
13-1121	skills	5	Coordination
13-1121	skills	6	Persuasion
13-1121	skills	7	Social Perceptiveness
13-1121	skills	8	Operations Analysis
13-1121	abilities	1	Fluency of Ideas
13-1121	abilities	2	Originality
13-1121	abilities	3	Written Expression
13-1121	abilities	4	Speech Recognition
13-1121	abilities	5	Written Comprehension
13-1121	abilities	6	Mathematical Reasoning
13-1121	abilities	7	Deductive Reasoning
13-1121	abilities	8	Time Sharing
13-1121	technology	1	Sales and marketing software
13-1121	technology	2	Geographic information system
13-1121	technology	3	Web platform development software
13-1121	technology	4	Customer relationship management CRM software
13-1121	technology	5	Desktop publishing software
13-1121	technology	6	Web page creation and editing software
13-1121	technology	7	Network conferencing software
13-1121	technology	8	Facilities management software
13-1131	knowledge	1	Sales and Marketing
13-1131	knowledge	2	Economics and Accounting
13-1131	knowledge	3	Customer and Personal Service
13-1131	knowledge	4	Communications and Media
13-1131	knowledge	5	Administration and Management
13-1131	knowledge	6	English Language
13-1131	knowledge	7	Psychology
13-1131	knowledge	8	Administrative
13-1131	skills	1	Negotiation
13-1131	skills	2	Persuasion
13-1131	skills	3	Management of Financial Resources
13-1131	skills	4	Writing
13-1131	skills	5	Coordination
13-1131	skills	6	Speaking
13-1131	skills	7	Service Orientation
13-1131	skills	8	Reading Comprehension
13-1131	abilities	1	Fluency of Ideas
13-1131	abilities	2	Speech Clarity
13-1131	abilities	3	Written Expression
13-1131	abilities	4	Speech Recognition
13-1131	abilities	5	Written Comprehension
13-1131	abilities	6	Inductive Reasoning
13-1131	abilities	7	Originality
13-1131	abilities	8	Number Facility
13-1131	technology	1	Customer relationship management CRM software
13-1131	technology	2	Web page creation and editing software
13-1131	technology	3	Instant messaging software
13-1131	technology	4	Data base reporting software
13-1131	technology	5	Desktop publishing software
13-1141	knowledge	1	Personnel and Human Resources
13-1141	knowledge	2	Economics and Accounting
13-1141	knowledge	3	Law and Government
13-1141	knowledge	4	Administration and Management
13-1141	knowledge	5	Mathematics
13-1141	knowledge	6	Administrative
13-1141	knowledge	7	Customer and Personal Service
13-1141	knowledge	8	English Language
13-1141	skills	1	Operations Analysis
13-1141	skills	2	Systems Analysis
13-1141	skills	3	Reading Comprehension
13-1141	skills	4	Negotiation
13-1141	skills	5	Persuasion
13-1141	skills	6	Critical Thinking
13-1141	skills	7	Systems Evaluation
13-1141	skills	8	Mathematics
13-1141	abilities	1	Mathematical Reasoning
13-1141	abilities	2	Written Comprehension
13-1141	abilities	3	Number Facility
13-1141	abilities	4	Oral Expression
13-1141	abilities	5	Deductive Reasoning
13-1141	abilities	6	Originality
13-1141	abilities	7	Flexibility of Closure
13-1141	abilities	8	Speech Clarity
13-1141	technology	1	Time accounting software
13-1141	technology	2	Cloud-based data access and sharing software
13-1141	technology	3	Development environment software
13-1141	technology	4	Web page creation and editing software
13-1141	technology	5	Human resources software
13-1141	technology	6	Data base reporting software
13-1141	technology	7	Data base management system software
13-1141	technology	8	Business intelligence and data analysis software
13-1151	knowledge	1	Education and Training
13-1151	knowledge	2	Personnel and Human Resources
13-1151	knowledge	3	Psychology
13-1151	knowledge	4	Sociology and Anthropology
13-1151	knowledge	5	Communications and Media
13-1151	knowledge	6	Customer and Personal Service
13-1151	knowledge	7	Administration and Management
13-1151	knowledge	8	Sales and Marketing
13-1151	skills	1	Instructing
13-1151	skills	2	Learning Strategies
13-1151	skills	3	Operations Analysis
13-1151	skills	4	Speaking
13-1151	skills	5	Social Perceptiveness
13-1151	skills	6	Active Learning
13-1151	skills	7	Systems Evaluation
13-1151	skills	8	Writing
13-1151	abilities	1	Fluency of Ideas
13-1151	abilities	2	Originality
13-1151	abilities	3	Written Expression
13-1151	abilities	4	Speech Recognition
13-1151	abilities	5	Memorization
13-1151	abilities	6	Speech Clarity
13-1151	abilities	7	Written Comprehension
13-1151	abilities	8	Oral Expression
13-1151	technology	1	Video conferencing software
13-1151	technology	2	Data base management system software
13-1151	technology	3	Video creation and editing software
13-1151	technology	4	Web platform development software
13-1151	technology	5	Customer relationship management CRM software
13-1151	technology	6	Process mapping and design software
13-1151	technology	7	Desktop publishing software
13-1151	technology	8	Medical software
13-1161	knowledge	1	Sales and Marketing
13-1161	knowledge	2	Sociology and Anthropology
13-1161	knowledge	3	Communications and Media
13-1161	knowledge	4	Mathematics
13-1161	knowledge	5	Economics and Accounting
13-1161	knowledge	6	Psychology
13-1161	knowledge	7	Customer and Personal Service
13-1161	knowledge	8	Geography
13-1161	skills	1	Operations Analysis
13-1161	skills	2	Writing
13-1161	skills	3	Mathematics
13-1161	skills	4	Complex Problem Solving
13-1161	skills	5	Reading Comprehension
13-1161	skills	6	Critical Thinking
13-1161	skills	7	Systems Evaluation
13-1161	skills	8	Systems Analysis
13-1161	abilities	1	Fluency of Ideas
13-1161	abilities	2	Mathematical Reasoning
13-1161	abilities	3	Inductive Reasoning
13-1161	abilities	4	Written Expression
13-1161	abilities	5	Category Flexibility
13-1161	abilities	6	Originality
13-1161	abilities	7	Number Facility
13-1161	abilities	8	Information Ordering
13-1161	technology	1	Sales and marketing software
13-1161	technology	2	Data mining software
13-1161	technology	3	Video conferencing software
13-1161	technology	4	Data base management system software
13-1161	technology	5	Business intelligence and data analysis software
13-1161	technology	6	Video creation and editing software
13-1161	technology	7	Geographic information system
13-1161	technology	8	Web platform development software
13-1199	knowledge	1	Telecommunications
13-1199	knowledge	2	Communications and Media
13-1199	knowledge	3	Public Safety and Security
13-1199	knowledge	4	Administration and Management
13-1199	knowledge	5	Geography
13-1199	knowledge	6	Computers and Electronics
13-1199	knowledge	7	Administrative
13-1199	knowledge	8	Education and Training
13-1199	skills	1	Systems Analysis
13-1199	skills	2	Systems Evaluation
13-1199	skills	3	Management of Financial Resources
13-1199	skills	4	Complex Problem Solving
13-1199	skills	5	Management of Material Resources
13-1199	skills	6	Judgment and Decision Making
13-1199	skills	7	Operations Analysis
13-1199	skills	8	Writing
13-1199	abilities	1	Originality
13-1199	abilities	2	Fluency of Ideas
13-1199	abilities	3	Written Expression
13-1199	abilities	4	Inductive Reasoning
13-1199	abilities	5	Flexibility of Closure
13-1199	abilities	6	Problem Sensitivity
13-1199	abilities	7	Information Ordering
13-1199	abilities	8	Category Flexibility
13-1199	technology	1	Content workflow software
13-1199	technology	2	Data base management system software
13-1199	technology	3	Process mapping and design software
13-1199	technology	4	Cloud-based data access and sharing software
13-1199	technology	5	Document management software
13-1199	technology	6	Network operation system software
13-1199	technology	7	LAN software
13-1199	technology	8	Backup or archival software
13-2011	knowledge	1	Economics and Accounting
13-2011	knowledge	2	Law and Government
13-2011	knowledge	3	Mathematics
13-2011	knowledge	4	Administration and Management
13-2011	knowledge	5	Administrative
13-2011	knowledge	6	English Language
13-2011	knowledge	7	Personnel and Human Resources
13-2011	knowledge	8	Customer and Personal Service
13-2011	skills	1	Mathematics
13-2011	skills	2	Management of Financial Resources
13-2011	skills	3	Writing
13-2011	skills	4	Operations Analysis
13-2011	skills	5	Systems Analysis
13-2011	skills	6	Reading Comprehension
13-2011	skills	7	Negotiation
13-2011	skills	8	Persuasion
13-2011	abilities	1	Number Facility
13-2011	abilities	2	Mathematical Reasoning
13-2011	abilities	3	Written Expression
13-2011	abilities	4	Memorization
13-2011	abilities	5	Deductive Reasoning
13-2011	abilities	6	Information Ordering
13-2011	abilities	7	Written Comprehension
13-2011	abilities	8	Speed of Closure
13-2011	technology	1	Data base management system software
13-2011	technology	2	Business intelligence and data analysis software
13-2011	technology	3	Customer relationship management CRM software
13-2011	technology	4	Process mapping and design software
13-2011	technology	5	Medical software
13-2011	technology	6	Cloud-based data access and sharing software
13-2011	technology	7	Accounting software
13-2011	technology	8	Development environment software
13-2022	technology	1	Financial analysis software
13-2023	knowledge	1	Building and Construction
13-2023	knowledge	2	Geography
13-2023	knowledge	3	Law and Government
13-2023	knowledge	4	Economics and Accounting
13-2023	knowledge	5	Computers and Electronics
13-2023	knowledge	6	Administrative
13-2023	knowledge	7	Mathematics
13-2023	knowledge	8	Customer and Personal Service
13-2023	skills	1	Mathematics
13-2023	skills	2	Reading Comprehension
13-2023	skills	3	Critical Thinking
13-2023	skills	4	Active Listening
13-2023	skills	5	Writing
13-2023	skills	6	Active Learning
13-2023	skills	7	Judgment and Decision Making
13-2023	skills	8	Speaking
13-2023	abilities	1	Mathematical Reasoning
13-2023	abilities	2	Number Facility
13-2023	abilities	3	Written Comprehension
13-2023	abilities	4	Inductive Reasoning
13-2023	abilities	5	Category Flexibility
13-2023	abilities	6	Written Expression
13-2023	abilities	7	Oral Comprehension
13-2023	abilities	8	Near Vision
13-2023	technology	1	Tax preparation software
13-2023	technology	2	Map creation software
13-2023	technology	3	Financial analysis software
13-2023	technology	4	Video conferencing software
13-2023	technology	5	Information retrieval or search software
13-2023	technology	6	Geographic information system
13-2023	technology	7	Desktop publishing software
13-2023	technology	8	Accounting software
13-2031	knowledge	1	Economics and Accounting
13-2031	knowledge	2	Law and Government
13-2031	knowledge	3	Administrative
13-2031	knowledge	4	Mathematics
13-2031	knowledge	5	Administration and Management
13-2031	knowledge	6	Communications and Media
13-2031	knowledge	7	Personnel and Human Resources
13-2031	knowledge	8	English Language
13-2031	skills	1	Management of Financial Resources
13-2031	skills	2	Mathematics
13-2031	skills	3	Operations Analysis
13-2031	skills	4	Systems Analysis
13-2031	skills	5	Complex Problem Solving
13-2031	skills	6	Reading Comprehension
13-2031	skills	7	Active Listening
13-2031	skills	8	Judgment and Decision Making
13-2031	abilities	1	Number Facility
13-2031	abilities	2	Mathematical Reasoning
13-2031	abilities	3	Written Expression
13-2031	abilities	4	Written Comprehension
13-2031	abilities	5	Inductive Reasoning
13-2031	abilities	6	Deductive Reasoning
13-2031	abilities	7	Information Ordering
13-2031	abilities	8	Oral Comprehension
13-2031	technology	1	Cloud-based data access and sharing software
13-2031	technology	2	Development environment software
13-2031	technology	3	Time accounting software
13-2031	technology	4	Human resources software
13-2031	technology	5	Data base reporting software
13-2031	technology	6	Financial analysis software
13-2031	technology	7	Business intelligence and data analysis software
13-2031	technology	8	Accounting software
13-2041	knowledge	1	Economics and Accounting
13-2041	knowledge	2	Law and Government
13-2041	knowledge	3	Mathematics
13-2041	knowledge	4	Administrative
13-2041	knowledge	5	English Language
13-2041	knowledge	6	Computers and Electronics
13-2041	knowledge	7	Administration and Management
13-2041	knowledge	8	Customer and Personal Service
13-2041	skills	1	Mathematics
13-2041	skills	2	Active Learning
13-2041	skills	3	Operations Analysis
13-2041	skills	4	Critical Thinking
13-2041	skills	5	Reading Comprehension
13-2041	skills	6	Systems Evaluation
13-2041	skills	7	Speaking
13-2041	skills	8	Service Orientation
13-2041	abilities	1	Number Facility
13-2041	abilities	2	Mathematical Reasoning
13-2041	abilities	3	Inductive Reasoning
13-2041	abilities	4	Written Comprehension
13-2041	abilities	5	Oral Expression
13-2041	abilities	6	Speed of Closure
13-2041	abilities	7	Deductive Reasoning
13-2041	abilities	8	Information Ordering
13-2041	technology	1	Development environment software
13-2041	technology	2	Object or component oriented development software
13-2041	technology	3	Content workflow software
13-2041	technology	4	Financial analysis software
13-2041	technology	5	Business intelligence and data analysis software
13-2041	technology	6	Information retrieval or search software
13-2041	technology	7	Document management software
13-2051	technology	1	Sales and marketing software
13-2051	technology	2	Data base reporting software
13-2051	technology	3	Data base management system software
13-2051	technology	4	Business intelligence and data analysis software
13-2051	technology	5	Customer relationship management CRM software
13-2051	technology	6	Process mapping and design software
13-2051	technology	7	Cloud-based data access and sharing software
13-2051	technology	8	Accounting software
13-2052	knowledge	1	Economics and Accounting
13-2052	knowledge	2	Sales and Marketing
13-2052	knowledge	3	Psychology
13-2052	knowledge	4	Customer and Personal Service
13-2052	knowledge	5	Law and Government
13-2052	knowledge	6	Mathematics
13-2052	knowledge	7	English Language
13-2052	knowledge	8	Communications and Media
13-2052	skills	1	Management of Financial Resources
13-2052	skills	2	Persuasion
13-2052	skills	3	Writing
13-2052	skills	4	Mathematics
13-2052	skills	5	Service Orientation
13-2052	skills	6	Judgment and Decision Making
13-2052	skills	7	Systems Evaluation
13-2052	skills	8	Systems Analysis
13-2052	abilities	1	Number Facility
13-2052	abilities	2	Mathematical Reasoning
13-2052	abilities	3	Written Expression
13-2052	abilities	4	Speech Clarity
13-2052	abilities	5	Speech Recognition
13-2052	abilities	6	Written Comprehension
13-2052	abilities	7	Inductive Reasoning
13-2052	abilities	8	Deductive Reasoning
13-2052	technology	1	Customer relationship management CRM software
13-2052	technology	2	Development environment software
13-2052	technology	3	Object or component oriented development software
13-2052	technology	4	Communications server software
13-2052	technology	5	Compliance software
13-2052	technology	6	Financial analysis software
13-2052	technology	7	Accounting software
13-2052	technology	8	Document management software
13-2053	knowledge	1	Sales and Marketing
13-2053	knowledge	2	Economics and Accounting
13-2053	knowledge	3	Customer and Personal Service
13-2053	knowledge	4	English Language
13-2053	knowledge	5	Administrative
13-2053	knowledge	6	Law and Government
13-2053	knowledge	7	Mathematics
13-2053	knowledge	8	Computers and Electronics
13-2053	skills	1	Writing
13-2053	skills	2	Mathematics
13-2053	skills	3	Reading Comprehension
13-2053	skills	4	Judgment and Decision Making
13-2053	skills	5	Critical Thinking
13-2053	skills	6	Active Listening
13-2053	skills	7	Negotiation
13-2053	skills	8	Persuasion
13-2053	abilities	1	Written Expression
13-2053	abilities	2	Written Comprehension
13-2053	abilities	3	Inductive Reasoning
13-2053	abilities	4	Mathematical Reasoning
13-2053	abilities	5	Number Facility
13-2053	abilities	6	Category Flexibility
13-2053	abilities	7	Originality
13-2053	abilities	8	Flexibility of Closure
13-2053	technology	1	Object or component oriented development software
13-2053	technology	2	Financial analysis software
13-2053	technology	3	Information retrieval or search software
13-2053	technology	4	Document management software
13-2054	technology	1	Content workflow software
13-2054	technology	2	Sales and marketing software
13-2054	technology	3	Data base reporting software
13-2054	technology	4	Data base management system software
13-2054	technology	5	Business intelligence and data analysis software
13-2054	technology	6	Customer relationship management CRM software
13-2054	technology	7	Process mapping and design software
13-2054	technology	8	Cloud-based data access and sharing software
13-2061	knowledge	1	Economics and Accounting
13-2061	knowledge	2	Law and Government
13-2061	knowledge	3	English Language
13-2061	knowledge	4	Mathematics
13-2061	knowledge	5	Administration and Management
13-2061	knowledge	6	Computers and Electronics
13-2061	skills	1	Mathematics
13-2061	skills	2	Systems Evaluation
13-2061	skills	3	Systems Analysis
13-2061	skills	4	Management of Personnel Resources
13-2061	skills	5	Operations Analysis
13-2061	skills	6	Writing
13-2061	skills	7	Complex Problem Solving
13-2061	skills	8	Reading Comprehension
13-2061	abilities	1	Mathematical Reasoning
13-2061	abilities	2	Category Flexibility
13-2061	abilities	3	Written Comprehension
13-2061	abilities	4	Inductive Reasoning
13-2061	abilities	5	Written Expression
13-2061	abilities	6	Deductive Reasoning
13-2061	abilities	7	Number Facility
13-2061	abilities	8	Speed of Closure
13-2061	technology	1	Process mapping and design software
13-2061	technology	2	Cloud-based data access and sharing software
13-2061	technology	3	Compliance software
13-2061	technology	4	Financial analysis software
13-2061	technology	5	Information retrieval or search software
13-2071	knowledge	1	Customer and Personal Service
13-2071	knowledge	2	Economics and Accounting
13-2071	knowledge	3	Therapy and Counseling
13-2071	knowledge	4	Administrative
13-2071	knowledge	5	Sales and Marketing
13-2071	knowledge	6	Sociology and Anthropology
13-2071	knowledge	7	Psychology
13-2071	knowledge	8	Communications and Media
13-2071	skills	1	Service Orientation
13-2071	skills	2	Negotiation
13-2071	skills	3	Persuasion
13-2071	skills	4	Writing
13-2071	skills	5	Mathematics
13-2071	skills	6	Active Learning
13-2071	skills	7	Speaking
13-2071	skills	8	Reading Comprehension
13-2071	abilities	1	Number Facility
13-2071	abilities	2	Mathematical Reasoning
13-2071	abilities	3	Written Expression
13-2071	abilities	4	Oral Expression
13-2071	abilities	5	Written Comprehension
13-2071	abilities	6	Inductive Reasoning
13-2071	abilities	7	Oral Comprehension
13-2071	abilities	8	Deductive Reasoning
13-2071	technology	1	Network conferencing software
13-2071	technology	2	Financial analysis software
13-2071	technology	3	Information retrieval or search software
13-2072	knowledge	1	Economics and Accounting
13-2072	knowledge	2	Sales and Marketing
13-2072	knowledge	3	Customer and Personal Service
13-2072	knowledge	4	Law and Government
13-2072	knowledge	5	Mathematics
13-2072	knowledge	6	Administration and Management
13-2072	knowledge	7	English Language
13-2072	knowledge	8	Administrative
13-2072	skills	1	Mathematics
13-2072	skills	2	Judgment and Decision Making
13-2072	skills	3	Speaking
13-2072	skills	4	Reading Comprehension
13-2072	skills	5	Active Listening
13-2072	skills	6	Negotiation
13-2072	skills	7	Critical Thinking
13-2072	skills	8	Writing
13-2072	abilities	1	Number Facility
13-2072	abilities	2	Mathematical Reasoning
13-2072	abilities	3	Written Expression
13-2072	abilities	4	Written Comprehension
13-2072	abilities	5	Speech Recognition
13-2072	abilities	6	Inductive Reasoning
13-2072	abilities	7	Speech Clarity
13-2072	abilities	8	Oral Expression
13-2072	technology	1	Video conferencing software
13-2072	technology	2	Customer relationship management CRM software
13-2072	technology	3	Transaction server software
13-2072	technology	4	Compliance software
13-2072	technology	5	Content workflow software
13-2072	technology	6	Financial analysis software
13-2072	technology	7	Information retrieval or search software
13-2072	technology	8	Accounting software
13-2081	knowledge	1	Economics and Accounting
13-2081	knowledge	2	Law and Government
13-2081	knowledge	3	Administrative
13-2081	knowledge	4	Customer and Personal Service
13-2081	knowledge	5	Mathematics
13-2081	knowledge	6	English Language
13-2081	knowledge	7	Administration and Management
13-2081	knowledge	8	Computers and Electronics
13-2081	skills	1	Mathematics
13-2081	skills	2	Reading Comprehension
13-2081	skills	3	Speaking
13-2081	skills	4	Active Listening
13-2081	skills	5	Negotiation
13-2081	skills	6	Critical Thinking
13-2081	skills	7	Active Learning
13-2081	skills	8	Persuasion
13-2081	abilities	1	Information Ordering
13-2081	abilities	2	Inductive Reasoning
13-2081	abilities	3	Number Facility
13-2081	abilities	4	Mathematical Reasoning
13-2081	abilities	5	Deductive Reasoning
13-2081	abilities	6	Written Comprehension
13-2081	abilities	7	Memorization
13-2081	abilities	8	Speech Recognition
13-2081	technology	1	Accounting software
13-2081	technology	2	Tax preparation software
13-2081	technology	3	Compliance software
13-2081	technology	4	Optical character reader OCR or scanning software
13-2081	technology	5	Human resources software
13-2081	technology	6	Document management software
13-2082	knowledge	1	Economics and Accounting
13-2082	knowledge	2	Law and Government
13-2082	knowledge	3	Customer and Personal Service
13-2082	knowledge	4	Sales and Marketing
13-2082	knowledge	5	Administrative
13-2082	knowledge	6	Computers and Electronics
13-2082	knowledge	7	Mathematics
13-2082	knowledge	8	Personnel and Human Resources
13-2082	skills	1	Mathematics
13-2082	skills	2	Reading Comprehension
13-2082	skills	3	Active Listening
13-2082	skills	4	Service Orientation
13-2082	skills	5	Active Learning
13-2082	skills	6	Negotiation
13-2082	skills	7	Critical Thinking
13-2082	skills	8	Learning Strategies
13-2082	abilities	1	Number Facility
13-2082	abilities	2	Mathematical Reasoning
13-2082	abilities	3	Near Vision
13-2082	abilities	4	Written Comprehension
13-2082	abilities	5	Oral Comprehension
13-2082	abilities	6	Deductive Reasoning
13-2082	abilities	7	Fluency of Ideas
13-2082	abilities	8	Category Flexibility
13-2082	technology	1	Accounting software
13-2082	technology	2	Tax preparation software
13-2082	technology	3	Compliance software
13-2082	technology	4	Human resources software
13-2082	technology	5	Financial analysis software
13-2082	technology	6	Web page creation and editing software
13-2082	technology	7	Document management software
13-2082	technology	8	Calendar and scheduling software
13-2099	knowledge	1	Economics and Accounting
13-2099	knowledge	2	Mathematics
13-2099	knowledge	3	Computers and Electronics
13-2099	knowledge	4	Engineering and Technology
13-2099	knowledge	5	English Language
13-2099	skills	1	Mathematics
13-2099	skills	2	Programming
13-2099	skills	3	Management of Financial Resources
13-2099	skills	4	Complex Problem Solving
13-2099	skills	5	Active Learning
13-2099	skills	6	Critical Thinking
13-2099	skills	7	Systems Evaluation
13-2099	skills	8	Systems Analysis
13-2099	abilities	1	Mathematical Reasoning
13-2099	abilities	2	Number Facility
13-2099	abilities	3	Fluency of Ideas
13-2099	abilities	4	Written Expression
13-2099	abilities	5	Written Comprehension
13-2099	abilities	6	Deductive Reasoning
13-2099	abilities	7	Information Ordering
13-2099	abilities	8	Inductive Reasoning
13-2099	technology	1	Data base management system software
13-2099	technology	2	Business intelligence and data analysis software
13-2099	technology	3	Web platform development software
13-2099	technology	4	Process mapping and design software
13-2099	technology	5	Development environment software
13-2099	technology	6	Object or component oriented development software
13-2099	technology	7	Data mining software
13-2099	technology	8	Financial analysis software
15-1211	knowledge	1	Computers and Electronics
15-1211	knowledge	2	Telecommunications
15-1211	knowledge	3	Engineering and Technology
15-1211	knowledge	4	Customer and Personal Service
15-1211	knowledge	5	Administration and Management
15-1211	knowledge	6	Mathematics
15-1211	knowledge	7	Education and Training
15-1211	knowledge	8	Administrative
15-1211	skills	1	Programming
15-1211	skills	2	Technology Design
15-1211	skills	3	Systems Evaluation
15-1211	skills	4	Troubleshooting
15-1211	skills	5	Systems Analysis
15-1211	skills	6	Operations Analysis
15-1211	skills	7	Quality Control Analysis
15-1211	skills	8	Active Learning
15-1211	abilities	1	Information Ordering
15-1211	abilities	2	Deductive Reasoning
15-1211	abilities	3	Fluency of Ideas
15-1211	abilities	4	Speed of Closure
15-1211	abilities	5	Written Comprehension
15-1211	abilities	6	Inductive Reasoning
15-1211	abilities	7	Number Facility
15-1211	abilities	8	Mathematical Reasoning
15-1211	technology	1	Storage networking software
15-1211	technology	2	Object oriented data base management software
15-1211	technology	3	Configuration management software
15-1211	technology	4	Content workflow software
15-1211	technology	5	Sales and marketing software
15-1211	technology	6	Cloud-based management software
15-1211	technology	7	Data mining software
15-1211	technology	8	Expert system software
15-1212	knowledge	1	Telecommunications
15-1212	knowledge	2	Computers and Electronics
15-1212	knowledge	3	Engineering and Technology
15-1212	knowledge	4	Administration and Management
15-1212	knowledge	5	English Language
15-1212	knowledge	6	Public Safety and Security
15-1212	knowledge	7	Communications and Media
15-1212	knowledge	8	Law and Government
15-1212	skills	1	Programming
15-1212	skills	2	Systems Analysis
15-1212	skills	3	Quality Control Analysis
15-1212	skills	4	Complex Problem Solving
15-1212	skills	5	Reading Comprehension
15-1212	skills	6	Operations Analysis
15-1212	skills	7	Operations Monitoring
15-1212	skills	8	Critical Thinking
15-1212	abilities	1	Inductive Reasoning
15-1212	abilities	2	Written Expression
15-1212	abilities	3	Information Ordering
15-1212	abilities	4	Deductive Reasoning
15-1212	abilities	5	Written Comprehension
15-1212	abilities	6	Flexibility of Closure
15-1212	abilities	7	Problem Sensitivity
15-1212	abilities	8	Speed of Closure
15-1212	technology	1	Switch or router software
15-1212	technology	2	Internet directory services software
15-1212	technology	3	Storage networking software
15-1212	technology	4	Object oriented data base management software
15-1212	technology	5	Configuration management software
15-1212	technology	6	Content workflow software
15-1212	technology	7	Cloud-based management software
15-1212	technology	8	Expert system software
15-1221	knowledge	1	Engineering and Technology
15-1221	knowledge	2	Computers and Electronics
15-1221	knowledge	3	Design
15-1221	knowledge	4	Telecommunications
15-1221	knowledge	5	Mathematics
15-1221	knowledge	6	Physics
15-1221	knowledge	7	Sales and Marketing
15-1221	knowledge	8	Administration and Management
15-1221	skills	1	Programming
15-1221	skills	2	Technology Design
15-1221	skills	3	Science
15-1221	skills	4	Operations Analysis
15-1221	skills	5	Systems Analysis
15-1221	skills	6	Systems Evaluation
15-1221	skills	7	Mathematics
15-1221	skills	8	Complex Problem Solving
15-1221	abilities	1	Fluency of Ideas
15-1221	abilities	2	Originality
15-1221	abilities	3	Mathematical Reasoning
15-1221	abilities	4	Inductive Reasoning
15-1221	abilities	5	Number Facility
15-1221	abilities	6	Deductive Reasoning
15-1221	abilities	7	Category Flexibility
15-1221	abilities	8	Visualization
15-1221	technology	1	Object oriented data base management software
15-1221	technology	2	Cloud-based management software
15-1221	technology	3	Data mining software
15-1221	technology	4	File versioning software
15-1221	technology	5	Application server software
15-1221	technology	6	Data base management system software
15-1221	technology	7	Business intelligence and data analysis software
15-1221	technology	8	Enterprise application integration software
15-1231	knowledge	1	Computers and Electronics
15-1231	knowledge	2	Telecommunications
15-1231	knowledge	3	Engineering and Technology
15-1231	knowledge	4	Communications and Media
15-1231	knowledge	5	Design
15-1231	knowledge	6	Administrative
15-1231	knowledge	7	Production and Processing
15-1231	knowledge	8	Administration and Management
15-1231	skills	1	Installation
15-1231	skills	2	Repairing
15-1231	skills	3	Troubleshooting
15-1231	skills	4	Equipment Maintenance
15-1231	skills	5	Equipment Selection
15-1231	skills	6	Quality Control Analysis
15-1231	skills	7	Operations Monitoring
15-1231	skills	8	Systems Analysis
15-1231	abilities	1	Deductive Reasoning
15-1231	abilities	2	Finger Dexterity
15-1231	abilities	3	Inductive Reasoning
15-1231	abilities	4	Problem Sensitivity
15-1231	abilities	5	Oral Comprehension
15-1231	abilities	6	Speed of Closure
15-1231	abilities	7	Information Ordering
15-1231	abilities	8	Fluency of Ideas
15-1231	technology	1	Internet directory services software
15-1231	technology	2	Cloud-based management software
15-1231	technology	3	Data base management system software
15-1231	technology	4	Web platform development software
15-1231	technology	5	Cloud-based data access and sharing software
15-1231	technology	6	Development environment software
15-1231	technology	7	Object or component oriented development software
15-1231	technology	8	Document management software
15-1232	knowledge	1	Computers and Electronics
15-1232	knowledge	2	Telecommunications
15-1232	knowledge	3	Mechanical
15-1232	knowledge	4	Engineering and Technology
15-1232	knowledge	5	Design
15-1232	knowledge	6	Communications and Media
15-1232	knowledge	7	Administrative
15-1232	knowledge	8	Education and Training
15-1232	skills	1	Troubleshooting
15-1232	skills	2	Operation and Control
15-1232	skills	3	Reading Comprehension
15-1232	skills	4	Quality Control Analysis
15-1232	skills	5	Speaking
15-1232	skills	6	Operations Monitoring
15-1232	skills	7	Complex Problem Solving
15-1232	skills	8	Active Listening
15-1232	abilities	1	Written Expression
15-1232	abilities	2	Written Comprehension
15-1232	abilities	3	Finger Dexterity
15-1232	abilities	4	Oral Expression
15-1232	abilities	5	Near Vision
15-1232	abilities	6	Oral Comprehension
15-1232	abilities	7	Information Ordering
15-1232	abilities	8	Speech Recognition
15-1232	technology	1	Internet directory services software
15-1232	technology	2	Object oriented data base management software
15-1232	technology	3	Configuration management software
15-1232	technology	4	Content workflow software
15-1232	technology	5	Sales and marketing software
15-1232	technology	6	Cloud-based management software
15-1232	technology	7	Expert system software
15-1232	technology	8	File versioning software
15-1241	knowledge	1	Telecommunications
15-1241	knowledge	2	Engineering and Technology
15-1241	knowledge	3	Computers and Electronics
15-1241	knowledge	4	Design
15-1241	knowledge	5	Physics
15-1241	knowledge	6	Mathematics
15-1241	knowledge	7	English Language
15-1241	knowledge	8	Public Safety and Security
15-1241	skills	1	Programming
15-1241	skills	2	Technology Design
15-1241	skills	3	Systems Evaluation
15-1241	skills	4	Systems Analysis
15-1241	skills	5	Troubleshooting
15-1241	skills	6	Equipment Selection
15-1241	skills	7	Operations Analysis
15-1241	skills	8	Quality Control Analysis
15-1241	abilities	1	Information Ordering
15-1241	abilities	2	Written Expression
15-1241	abilities	3	Mathematical Reasoning
15-1241	abilities	4	Deductive Reasoning
15-1241	abilities	5	Category Flexibility
15-1241	abilities	6	Written Comprehension
15-1241	abilities	7	Inductive Reasoning
15-1241	abilities	8	Number Facility
15-1241	technology	1	Switch or router software
15-1241	technology	2	Internet directory services software
15-1241	technology	3	Storage networking software
15-1241	technology	4	Object oriented data base management software
15-1241	technology	5	Configuration management software
15-1241	technology	6	Content workflow software
15-1241	technology	7	Cloud-based management software
15-1241	technology	8	Expert system software
15-1242	knowledge	1	Computers and Electronics
15-1242	knowledge	2	Telecommunications
15-1242	knowledge	3	Engineering and Technology
15-1242	knowledge	4	Design
15-1242	knowledge	5	Economics and Accounting
15-1242	knowledge	6	Customer and Personal Service
15-1242	knowledge	7	Mathematics
15-1242	knowledge	8	English Language
15-1242	skills	1	Programming
15-1242	skills	2	Operations Analysis
15-1242	skills	3	Complex Problem Solving
15-1242	skills	4	Judgment and Decision Making
15-1242	skills	5	Systems Evaluation
15-1242	skills	6	Troubleshooting
15-1242	skills	7	Mathematics
15-1242	skills	8	Systems Analysis
15-1242	abilities	1	Mathematical Reasoning
15-1242	abilities	2	Information Ordering
15-1242	abilities	3	Deductive Reasoning
15-1242	abilities	4	Inductive Reasoning
15-1242	abilities	5	Number Facility
15-1242	abilities	6	Speed of Closure
15-1242	abilities	7	Written Comprehension
15-1242	abilities	8	Flexibility of Closure
15-1242	technology	1	Storage networking software
15-1242	technology	2	Metadata management software
15-1242	technology	3	Object oriented data base management software
15-1242	technology	4	Configuration management software
15-1242	technology	5	Content workflow software
15-1242	technology	6	Sales and marketing software
15-1242	technology	7	Cloud-based management software
15-1242	technology	8	Data mining software
15-1243	knowledge	1	Engineering and Technology
15-1243	knowledge	2	Design
15-1243	knowledge	3	Computers and Electronics
15-1243	knowledge	4	Mathematics
15-1243	knowledge	5	Administration and Management
15-1243	knowledge	6	Education and Training
15-1243	knowledge	7	English Language
15-1243	skills	1	Programming
15-1243	skills	2	Technology Design
15-1243	skills	3	Operations Analysis
15-1243	skills	4	Systems Analysis
15-1243	skills	5	Complex Problem Solving
15-1243	skills	6	Judgment and Decision Making
15-1243	skills	7	Systems Evaluation
15-1243	skills	8	Mathematics
15-1243	abilities	1	Number Facility
15-1243	abilities	2	Mathematical Reasoning
15-1243	abilities	3	Deductive Reasoning
15-1243	abilities	4	Information Ordering
15-1243	abilities	5	Fluency of Ideas
15-1243	abilities	6	Written Comprehension
15-1243	abilities	7	Inductive Reasoning
15-1243	abilities	8	Flexibility of Closure
15-1243	technology	1	Storage networking software
15-1243	technology	2	Metadata management software
15-1243	technology	3	Object oriented data base management software
15-1243	technology	4	Configuration management software
15-1243	technology	5	Content workflow software
15-1243	technology	6	Cloud-based management software
15-1243	technology	7	Data mining software
15-1243	technology	8	Expert system software
15-1244	knowledge	1	Computers and Electronics
15-1244	knowledge	2	Engineering and Technology
15-1244	knowledge	3	Telecommunications
15-1244	knowledge	4	Design
15-1244	knowledge	5	Communications and Media
15-1244	knowledge	6	Administrative
15-1244	knowledge	7	Customer and Personal Service
15-1244	knowledge	8	English Language
15-1244	skills	1	Programming
15-1244	skills	2	Troubleshooting
15-1244	skills	3	Repairing
15-1244	skills	4	Equipment Maintenance
15-1244	skills	5	Systems Analysis
15-1244	skills	6	Equipment Selection
15-1244	skills	7	Systems Evaluation
15-1244	skills	8	Operations Analysis
15-1244	abilities	1	Information Ordering
15-1244	abilities	2	Number Facility
15-1244	abilities	3	Problem Sensitivity
15-1244	abilities	4	Mathematical Reasoning
15-1244	abilities	5	Fluency of Ideas
15-1244	abilities	6	Written Comprehension
15-1244	abilities	7	Visual Color Discrimination
15-1244	abilities	8	Memorization
15-1244	technology	1	Switch or router software
15-1244	technology	2	Internet directory services software
15-1244	technology	3	Storage networking software
15-1244	technology	4	Object oriented data base management software
15-1244	technology	5	Configuration management software
15-1244	technology	6	Content workflow software
15-1244	technology	7	Sales and marketing software
15-1244	technology	8	Cloud-based management software
15-1251	knowledge	1	Computers and Electronics
15-1251	knowledge	2	Engineering and Technology
15-1251	knowledge	3	Geography
15-1251	knowledge	4	Design
15-1251	knowledge	5	Mathematics
15-1251	knowledge	6	Administration and Management
15-1251	knowledge	7	Production and Processing
15-1251	knowledge	8	Administrative
15-1251	skills	1	Programming
15-1251	skills	2	Quality Control Analysis
15-1251	skills	3	Operations Analysis
15-1251	skills	4	Technology Design
15-1251	skills	5	Science
15-1251	skills	6	Systems Analysis
15-1251	skills	7	Mathematics
15-1251	skills	8	Complex Problem Solving
15-1251	abilities	1	Number Facility
15-1251	abilities	2	Mathematical Reasoning
15-1251	abilities	3	Written Comprehension
15-1251	abilities	4	Information Ordering
15-1251	abilities	5	Inductive Reasoning
15-1251	abilities	6	Near Vision
15-1251	abilities	7	Deductive Reasoning
15-1251	abilities	8	Originality
15-1251	technology	1	Storage networking software
15-1251	technology	2	Object oriented data base management software
15-1251	technology	3	Configuration management software
15-1251	technology	4	Content workflow software
15-1251	technology	5	Cloud-based management software
15-1251	technology	6	Data mining software
15-1251	technology	7	Expert system software
15-1251	technology	8	File versioning software
15-1252	technology	1	Switch or router software
15-1252	technology	2	Internet directory services software
15-1252	technology	3	Storage networking software
15-1252	technology	4	Metadata management software
15-1252	technology	5	Graphical user interface development software
15-1252	technology	6	Object oriented data base management software
15-1252	technology	7	Configuration management software
15-1252	technology	8	Content workflow software
15-1253	knowledge	1	Computers and Electronics
15-1253	knowledge	2	Engineering and Technology
15-1253	knowledge	3	Design
15-1253	knowledge	4	Mathematics
15-1253	knowledge	5	English Language
15-1253	knowledge	6	Education and Training
15-1253	knowledge	7	Customer and Personal Service
15-1253	skills	1	Programming
15-1253	skills	2	Operations Analysis
15-1253	skills	3	Quality Control Analysis
15-1253	skills	4	Technology Design
15-1253	skills	5	Troubleshooting
15-1253	skills	6	Science
15-1253	skills	7	Systems Evaluation
15-1253	skills	8	Writing
15-1253	abilities	1	Inductive Reasoning
15-1253	abilities	2	Written Expression
15-1253	abilities	3	Deductive Reasoning
15-1253	abilities	4	Written Comprehension
15-1253	abilities	5	Problem Sensitivity
15-1253	abilities	6	Information Ordering
15-1253	abilities	7	Oral Expression
15-1253	abilities	8	Perceptual Speed
15-1253	technology	1	Storage networking software
15-1253	technology	2	Object oriented data base management software
15-1253	technology	3	Configuration management software
15-1253	technology	4	Cloud-based management software
15-1253	technology	5	Data mining software
15-1253	technology	6	Expert system software
15-1253	technology	7	File versioning software
15-1253	technology	8	Program testing software
15-1254	knowledge	1	Computers and Electronics
15-1254	knowledge	2	Communications and Media
15-1254	knowledge	3	Design
15-1254	knowledge	4	Mathematics
15-1254	knowledge	5	Engineering and Technology
15-1254	knowledge	6	English Language
15-1254	knowledge	7	Customer and Personal Service
15-1254	skills	1	Programming
15-1254	skills	2	Operations Analysis
15-1254	skills	3	Technology Design
15-1254	skills	4	Systems Analysis
15-1254	skills	5	Complex Problem Solving
15-1254	skills	6	Active Learning
15-1254	skills	7	Systems Evaluation
15-1254	skills	8	Quality Control Analysis
15-1254	abilities	1	Mathematical Reasoning
15-1254	abilities	2	Speed of Closure
15-1254	abilities	3	Deductive Reasoning
15-1254	abilities	4	Fluency of Ideas
15-1254	abilities	5	Visualization
15-1254	abilities	6	Originality
15-1254	abilities	7	Flexibility of Closure
15-1254	abilities	8	Number Facility
15-1254	technology	1	Storage networking software
15-1254	technology	2	Graphical user interface development software
15-1254	technology	3	Object oriented data base management software
15-1254	technology	4	Configuration management software
15-1254	technology	5	Content workflow software
15-1254	technology	6	Sales and marketing software
15-1254	technology	7	Cloud-based management software
15-1254	technology	8	Data mining software
15-1255	knowledge	1	Design
15-1255	knowledge	2	Fine Arts
15-1255	knowledge	3	Computers and Electronics
15-1255	knowledge	4	Communications and Media
15-1255	knowledge	5	Psychology
15-1255	knowledge	6	Sociology and Anthropology
15-1255	knowledge	7	Engineering and Technology
15-1255	knowledge	8	Mathematics
15-1255	skills	1	Programming
15-1255	skills	2	Technology Design
15-1255	skills	3	Operations Analysis
15-1255	skills	4	Systems Analysis
15-1255	skills	5	Systems Evaluation
15-1255	skills	6	Complex Problem Solving
15-1255	skills	7	Active Learning
15-1255	skills	8	Negotiation
15-1255	abilities	1	Fluency of Ideas
15-1255	abilities	2	Originality
15-1255	abilities	3	Written Expression
15-1255	abilities	4	Information Ordering
15-1255	abilities	5	Written Comprehension
15-1255	abilities	6	Visualization
15-1255	abilities	7	Near Vision
15-1255	abilities	8	Visual Color Discrimination
15-1255	technology	1	Storage networking software
15-1255	technology	2	Graphical user interface development software
15-1255	technology	3	Object oriented data base management software
15-1255	technology	4	Configuration management software
15-1255	technology	5	Content workflow software
15-1255	technology	6	Sales and marketing software
15-1255	technology	7	Cloud-based management software
15-1255	technology	8	Data mining software
15-1299	knowledge	1	Communications and Media
15-1299	knowledge	2	Computers and Electronics
15-1299	knowledge	3	Design
15-1299	knowledge	4	Engineering and Technology
15-1299	knowledge	5	Sales and Marketing
15-1299	knowledge	6	Telecommunications
15-1299	knowledge	7	English Language
15-1299	knowledge	8	Administration and Management
15-1299	skills	1	Programming
15-1299	skills	2	Systems Evaluation
15-1299	skills	3	Operations Analysis
15-1299	skills	4	Quality Control Analysis
15-1299	skills	5	Systems Analysis
15-1299	skills	6	Complex Problem Solving
15-1299	skills	7	Critical Thinking
15-1299	skills	8	Troubleshooting
15-1299	abilities	1	Written Comprehension
15-1299	abilities	2	Speed of Closure
15-1299	abilities	3	Deductive Reasoning
15-1299	abilities	4	Inductive Reasoning
15-1299	abilities	5	Written Expression
15-1299	abilities	6	Near Vision
15-1299	abilities	7	Problem Sensitivity
15-1299	abilities	8	Oral Comprehension
15-1299	technology	1	Internet directory services software
15-1299	technology	2	Object oriented data base management software
15-1299	technology	3	Enterprise application integration software
15-1299	technology	4	Web platform development software
15-1299	technology	5	Process mapping and design software
15-1299	technology	6	Desktop publishing software
15-1299	technology	7	Development environment software
15-1299	technology	8	Object or component oriented development software
15-2011	knowledge	1	Mathematics
15-2011	knowledge	2	Economics and Accounting
15-2011	knowledge	3	Computers and Electronics
15-2011	knowledge	4	Law and Government
15-2011	knowledge	5	English Language
15-2011	knowledge	6	Administration and Management
15-2011	skills	1	Mathematics
15-2011	skills	2	Systems Evaluation
15-2011	skills	3	Systems Analysis
15-2011	skills	4	Judgment and Decision Making
15-2011	skills	5	Operations Analysis
15-2011	skills	6	Complex Problem Solving
15-2011	skills	7	Reading Comprehension
15-2011	skills	8	Management of Financial Resources
15-2011	abilities	1	Mathematical Reasoning
15-2011	abilities	2	Number Facility
15-2011	abilities	3	Category Flexibility
15-2011	abilities	4	Inductive Reasoning
15-2011	abilities	5	Written Expression
15-2011	abilities	6	Information Ordering
15-2011	abilities	7	Deductive Reasoning
15-2011	abilities	8	Written Comprehension
15-2011	technology	1	Business intelligence and data analysis software
15-2011	technology	2	Process mapping and design software
15-2011	technology	3	Development environment software
15-2011	technology	4	Object or component oriented development software
15-2011	technology	5	Compliance software
15-2011	technology	6	Object oriented data base management software
15-2011	technology	7	Financial analysis software
15-2021	knowledge	1	Mathematics
15-2021	knowledge	2	Physics
15-2021	knowledge	3	Computers and Electronics
15-2021	knowledge	4	Engineering and Technology
15-2021	knowledge	5	Education and Training
15-2021	knowledge	6	English Language
15-2021	skills	1	Mathematics
15-2021	skills	2	Science
15-2021	skills	3	Complex Problem Solving
15-2021	skills	4	Programming
15-2021	skills	5	Active Learning
15-2021	skills	6	Critical Thinking
15-2021	skills	7	Learning Strategies
15-2021	skills	8	Systems Analysis
15-2021	abilities	1	Mathematical Reasoning
15-2021	abilities	2	Number Facility
15-2021	abilities	3	Fluency of Ideas
15-2021	abilities	4	Originality
15-2021	abilities	5	Inductive Reasoning
15-2021	abilities	6	Information Ordering
15-2021	abilities	7	Deductive Reasoning
15-2021	abilities	8	Category Flexibility
15-2021	technology	1	Data base management system software
15-2021	technology	2	Business intelligence and data analysis software
15-2021	technology	3	Enterprise application integration software
15-2021	technology	4	Web platform development software
15-2021	technology	5	Customer relationship management CRM software
15-2021	technology	6	Development environment software
15-2021	technology	7	Object or component oriented development software
15-2021	technology	8	Network security or virtual private network VPN management software
15-2031	knowledge	1	Mathematics
15-2031	knowledge	2	Engineering and Technology
15-2031	knowledge	3	Computers and Electronics
15-2031	knowledge	4	Economics and Accounting
15-2031	knowledge	5	Transportation
15-2031	knowledge	6	Production and Processing
15-2031	knowledge	7	English Language
15-2031	knowledge	8	Administration and Management
15-2031	skills	1	Mathematics
15-2031	skills	2	Operations Analysis
15-2031	skills	3	Systems Evaluation
15-2031	skills	4	Systems Analysis
15-2031	skills	5	Science
15-2031	skills	6	Complex Problem Solving
15-2031	skills	7	Programming
15-2031	skills	8	Writing
15-2031	abilities	1	Mathematical Reasoning
15-2031	abilities	2	Number Facility
15-2031	abilities	3	Originality
15-2031	abilities	4	Fluency of Ideas
15-2031	abilities	5	Inductive Reasoning
15-2031	abilities	6	Written Comprehension
15-2031	abilities	7	Written Expression
15-2031	abilities	8	Deductive Reasoning
15-2031	technology	1	Sales and marketing software
15-2031	technology	2	Cloud-based management software
15-2031	technology	3	Application server software
15-2031	technology	4	Data base reporting software
15-2031	technology	5	Data base management system software
15-2031	technology	6	Business intelligence and data analysis software
15-2031	technology	7	Enterprise application integration software
15-2031	technology	8	Geographic information system
15-2041	knowledge	1	Mathematics
15-2041	knowledge	2	Computers and Electronics
15-2041	knowledge	3	English Language
15-2041	knowledge	4	Education and Training
15-2041	skills	1	Mathematics
15-2041	skills	2	Science
15-2041	skills	3	Programming
15-2041	skills	4	Operations Analysis
15-2041	skills	5	Complex Problem Solving
15-2041	skills	6	Critical Thinking
15-2041	skills	7	Reading Comprehension
15-2041	skills	8	Active Learning
15-2041	abilities	1	Mathematical Reasoning
15-2041	abilities	2	Number Facility
15-2041	abilities	3	Inductive Reasoning
15-2041	abilities	4	Written Expression
15-2041	abilities	5	Category Flexibility
15-2041	abilities	6	Speed of Closure
15-2041	abilities	7	Information Ordering
15-2041	abilities	8	Deductive Reasoning
15-2041	technology	1	Data base management system software
15-2041	technology	2	Business intelligence and data analysis software
15-2041	technology	3	Enterprise application integration software
15-2041	technology	4	Development environment software
15-2041	technology	5	Object or component oriented development software
15-2041	technology	6	Object oriented data base management software
15-2041	technology	7	Data mining software
15-2051	knowledge	1	Economics and Accounting
15-2051	knowledge	2	Sales and Marketing
15-2051	knowledge	3	English Language
15-2051	knowledge	4	Communications and Media
15-2051	knowledge	5	Mathematics
15-2051	knowledge	6	Computers and Electronics
15-2051	knowledge	7	Administration and Management
15-2051	knowledge	8	Administrative
15-2051	skills	1	Programming
15-2051	skills	2	Mathematics
15-2051	skills	3	Systems Analysis
15-2051	skills	4	Active Learning
15-2051	skills	5	Systems Evaluation
15-2051	skills	6	Writing
15-2051	skills	7	Reading Comprehension
15-2051	skills	8	Critical Thinking
15-2051	abilities	1	Written Expression
15-2051	abilities	2	Mathematical Reasoning
15-2051	abilities	3	Category Flexibility
15-2051	abilities	4	Written Comprehension
15-2051	abilities	5	Inductive Reasoning
15-2051	abilities	6	Number Facility
15-2051	abilities	7	Fluency of Ideas
15-2051	abilities	8	Deductive Reasoning
15-2051	technology	1	Storage networking software
15-2051	technology	2	Object oriented data base management software
15-2051	technology	3	Enterprise system management software
15-2051	technology	4	Content workflow software
15-2051	technology	5	File versioning software
15-2051	technology	6	Application server software
15-2051	technology	7	Data base management system software
15-2051	technology	8	Business intelligence and data analysis software
15-2099	knowledge	1	Biology
15-2099	knowledge	2	Computers and Electronics
15-2099	knowledge	3	Mathematics
15-2099	knowledge	4	Chemistry
15-2099	knowledge	5	Design
15-2099	knowledge	6	Medicine and Dentistry
15-2099	knowledge	7	Engineering and Technology
15-2099	knowledge	8	English Language
15-2099	skills	1	Programming
15-2099	skills	2	Science
15-2099	skills	3	Mathematics
15-2099	skills	4	Systems Analysis
15-2099	skills	5	Active Learning
15-2099	skills	6	Systems Evaluation
15-2099	skills	7	Writing
15-2099	skills	8	Complex Problem Solving
15-2099	abilities	1	Mathematical Reasoning
15-2099	abilities	2	Number Facility
15-2099	abilities	3	Written Comprehension
15-2099	abilities	4	Memorization
15-2099	abilities	5	Flexibility of Closure
15-2099	abilities	6	Selective Attention
15-2099	abilities	7	Fluency of Ideas
15-2099	abilities	8	Inductive Reasoning
15-2099	technology	1	File versioning software
15-2099	technology	2	Data base management system software
15-2099	technology	3	Enterprise application integration software
15-2099	technology	4	Web platform development software
15-2099	technology	5	Process mapping and design software
15-2099	technology	6	Cloud-based data access and sharing software
15-2099	technology	7	Development environment software
15-2099	technology	8	Object or component oriented development software
17-1011	knowledge	1	Building and Construction
17-1011	knowledge	2	Design
17-1011	knowledge	3	Fine Arts
17-1011	knowledge	4	Engineering and Technology
17-1011	knowledge	5	History and Archeology
17-1011	knowledge	6	Public Safety and Security
17-1011	knowledge	7	Geography
17-1011	knowledge	8	Economics and Accounting
17-1011	skills	1	Operations Analysis
17-1011	skills	2	Mathematics
17-1011	skills	3	Science
17-1011	skills	4	Management of Financial Resources
17-1011	skills	5	Systems Analysis
17-1011	skills	6	Management of Material Resources
17-1011	skills	7	Systems Evaluation
17-1011	skills	8	Quality Control Analysis
17-1011	abilities	1	Visualization
17-1011	abilities	2	Originality
17-1011	abilities	3	Fluency of Ideas
17-1011	abilities	4	Category Flexibility
17-1011	abilities	5	Number Facility
17-1011	abilities	6	Far Vision
17-1011	abilities	7	Flexibility of Closure
17-1011	abilities	8	Written Expression
17-1011	technology	1	Object oriented data base management software
17-1011	technology	2	Configuration management software
17-1011	technology	3	Data base management system software
17-1011	technology	4	Geographic information system
17-1011	technology	5	Desktop publishing software
17-1011	technology	6	Accounting software
17-1011	technology	7	Development environment software
17-1011	technology	8	Document management software
17-1012	knowledge	1	Design
17-1012	knowledge	2	Building and Construction
17-1012	knowledge	3	Fine Arts
17-1012	knowledge	4	Geography
17-1012	knowledge	5	Engineering and Technology
17-1012	knowledge	6	Biology
17-1012	knowledge	7	History and Archeology
17-1012	knowledge	8	Public Safety and Security
17-1012	skills	1	Operations Analysis
17-1012	skills	2	Management of Material Resources
17-1012	skills	3	Coordination
17-1012	skills	4	Management of Financial Resources
17-1012	skills	5	Systems Analysis
17-1012	skills	6	Complex Problem Solving
17-1012	skills	7	Time Management
17-1012	skills	8	Active Learning
17-1012	abilities	1	Visualization
17-1012	abilities	2	Originality
17-1012	abilities	3	Fluency of Ideas
17-1012	abilities	4	Category Flexibility
17-1012	abilities	5	Written Comprehension
17-1012	abilities	6	Inductive Reasoning
17-1012	abilities	7	Written Expression
17-1012	abilities	8	Deductive Reasoning
17-1012	technology	1	Geographic information system
17-1012	technology	2	Desktop publishing software
17-1012	technology	3	Document management software
17-1012	technology	4	Computer aided design CAD software
17-1012	technology	5	Video creation and editing software
17-1021	knowledge	1	Geography
17-1021	knowledge	2	Computers and Electronics
17-1021	knowledge	3	Design
17-1021	knowledge	4	Engineering and Technology
17-1021	knowledge	5	Mathematics
17-1021	knowledge	6	Law and Government
17-1021	knowledge	7	English Language
17-1021	knowledge	8	Education and Training
17-1021	skills	1	Reading Comprehension
17-1021	skills	2	Writing
17-1021	skills	3	Mathematics
17-1021	skills	4	Systems Analysis
17-1021	skills	5	Active Learning
17-1021	skills	6	Systems Evaluation
17-1021	skills	7	Learning Strategies
17-1021	skills	8	Critical Thinking
17-1021	abilities	1	Written Comprehension
17-1021	abilities	2	Visualization
17-1021	abilities	3	Flexibility of Closure
17-1021	abilities	4	Mathematical Reasoning
17-1021	abilities	5	Far Vision
17-1021	abilities	6	Visual Color Discrimination
17-1021	abilities	7	Control Precision
17-1021	abilities	8	Number Facility
17-1021	technology	1	Enterprise application integration software
17-1021	technology	2	Geographic information system
17-1021	technology	3	Web platform development software
17-1021	technology	4	Desktop publishing software
17-1021	technology	5	Cloud-based data access and sharing software
17-1021	technology	6	Development environment software
17-1021	technology	7	Object or component oriented development software
17-1021	technology	8	Document management software
17-1022	knowledge	1	Geography
17-1022	knowledge	2	Engineering and Technology
17-1022	knowledge	3	Building and Construction
17-1022	knowledge	4	Mathematics
17-1022	knowledge	5	Design
17-1022	knowledge	6	Law and Government
17-1022	knowledge	7	Computers and Electronics
17-1022	knowledge	8	Sales and Marketing
17-1022	skills	1	Mathematics
17-1022	skills	2	Science
17-1022	skills	3	Writing
17-1022	skills	4	Operation and Control
17-1022	skills	5	Reading Comprehension
17-1022	skills	6	Coordination
17-1022	skills	7	Learning Strategies
17-1022	skills	8	Systems Analysis
17-1022	abilities	1	Spatial Orientation
17-1022	abilities	2	Mathematical Reasoning
17-1022	abilities	3	Number Facility
17-1022	abilities	4	Depth Perception
17-1022	abilities	5	Far Vision
17-1022	abilities	6	Control Precision
17-1022	abilities	7	Written Expression
17-1022	abilities	8	Speed of Closure
17-1022	technology	1	Geographic information system
17-1022	technology	2	Computer aided design CAD software
17-1022	technology	3	Data conversion software
17-1022	technology	4	Route navigation software
17-1022	technology	5	Mobile location based services software
17-1022	technology	6	Application server software
17-1022	technology	7	Time accounting software
17-1022	technology	8	Map creation software
17-2011	knowledge	1	Engineering and Technology
17-2011	knowledge	2	Physics
17-2011	knowledge	3	Design
17-2011	knowledge	4	Mathematics
17-2011	knowledge	5	Mechanical
17-2011	knowledge	6	Computers and Electronics
17-2011	knowledge	7	Production and Processing
17-2011	knowledge	8	Transportation
17-2011	skills	1	Science
17-2011	skills	2	Operations Analysis
17-2011	skills	3	Technology Design
17-2011	skills	4	Mathematics
17-2011	skills	5	Systems Evaluation
17-2011	skills	6	Quality Control Analysis
17-2011	skills	7	Writing
17-2011	skills	8	Systems Analysis
17-2011	abilities	1	Mathematical Reasoning
17-2011	abilities	2	Number Facility
17-2011	abilities	3	Information Ordering
17-2011	abilities	4	Fluency of Ideas
17-2011	abilities	5	Written Comprehension
17-2011	abilities	6	Originality
17-2011	abilities	7	Inductive Reasoning
17-2011	abilities	8	Written Expression
17-2011	technology	1	Enterprise application integration software
17-2011	technology	2	Process mapping and design software
17-2011	technology	3	Development environment software
17-2011	technology	4	Object or component oriented development software
17-2011	technology	5	Computer aided design CAD software
17-2011	technology	6	Requirements analysis and system architecture software
17-2011	technology	7	Configuration management software
17-2011	technology	8	Computer aided manufacturing CAM software
17-2021	knowledge	1	Food Production
17-2021	knowledge	2	Engineering and Technology
17-2021	knowledge	3	Design
17-2021	knowledge	4	Physics
17-2021	knowledge	5	Biology
17-2021	knowledge	6	Building and Construction
17-2021	knowledge	7	Mathematics
17-2021	knowledge	8	Chemistry
17-2021	skills	1	Science
17-2021	skills	2	Mathematics
17-2021	skills	3	Systems Evaluation
17-2021	skills	4	Systems Analysis
17-2021	skills	5	Technology Design
17-2021	skills	6	Operations Analysis
17-2021	skills	7	Complex Problem Solving
17-2021	skills	8	Judgment and Decision Making
17-2021	abilities	1	Visualization
17-2021	abilities	2	Number Facility
17-2021	abilities	3	Mathematical Reasoning
17-2021	abilities	4	Category Flexibility
17-2021	abilities	5	Inductive Reasoning
17-2021	abilities	6	Written Comprehension
17-2021	abilities	7	Originality
17-2021	abilities	8	Written Expression
17-2021	technology	1	Desktop publishing software
17-2021	technology	2	Cloud-based data access and sharing software
17-2021	technology	3	Object or component oriented development software
17-2021	technology	4	Computer aided design CAD software
17-2021	technology	5	Industrial control software
17-2021	technology	6	Geographic information system
17-2031	knowledge	1	Engineering and Technology
17-2031	knowledge	2	Biology
17-2031	knowledge	3	Physics
17-2031	knowledge	4	Design
17-2031	knowledge	5	Medicine and Dentistry
17-2031	knowledge	6	Chemistry
17-2031	knowledge	7	Computers and Electronics
17-2031	knowledge	8	Mathematics
17-2031	skills	1	Science
17-2031	skills	2	Operations Analysis
17-2031	skills	3	Installation
17-2031	skills	4	Technology Design
17-2031	skills	5	Programming
17-2031	skills	6	Mathematics
17-2031	skills	7	Systems Evaluation
17-2031	skills	8	Systems Analysis
17-2031	abilities	1	Mathematical Reasoning
17-2031	abilities	2	Originality
17-2031	abilities	3	Visualization
17-2031	abilities	4	Number Facility
17-2031	abilities	5	Inductive Reasoning
17-2031	abilities	6	Flexibility of Closure
17-2031	abilities	7	Deductive Reasoning
17-2031	abilities	8	Fluency of Ideas
17-2031	technology	1	Cloud-based management software
17-2031	technology	2	Enterprise application integration software
17-2031	technology	3	Web platform development software
17-2031	technology	4	Process mapping and design software
17-2031	technology	5	Development environment software
17-2031	technology	6	Object or component oriented development software
17-2031	technology	7	Computer aided design CAD software
17-2031	technology	8	Pattern design software
17-2041	knowledge	1	Chemistry
17-2041	knowledge	2	Engineering and Technology
17-2041	knowledge	3	Physics
17-2041	knowledge	4	Design
17-2041	knowledge	5	Production and Processing
17-2041	knowledge	6	Mathematics
17-2041	knowledge	7	Computers and Electronics
17-2041	knowledge	8	Mechanical
17-2041	skills	1	Science
17-2041	skills	2	Operations Analysis
17-2041	skills	3	Mathematics
17-2041	skills	4	Systems Analysis
17-2041	skills	5	Systems Evaluation
17-2041	skills	6	Technology Design
17-2041	skills	7	Troubleshooting
17-2041	skills	8	Complex Problem Solving
17-2041	abilities	1	Mathematical Reasoning
17-2041	abilities	2	Number Facility
17-2041	abilities	3	Originality
17-2041	abilities	4	Category Flexibility
17-2041	abilities	5	Fluency of Ideas
17-2041	abilities	6	Information Ordering
17-2041	abilities	7	Written Comprehension
17-2041	abilities	8	Flexibility of Closure
17-2041	technology	1	Process mapping and design software
17-2041	technology	2	Development environment software
17-2041	technology	3	Object or component oriented development software
17-2041	technology	4	Computer aided design CAD software
17-2041	technology	5	Computer aided manufacturing CAM software
17-2041	technology	6	Financial analysis software
17-2041	technology	7	Industrial control software
17-2041	technology	8	Desktop publishing software
17-2051	knowledge	1	Building and Construction
17-2051	knowledge	2	Design
17-2051	knowledge	3	Engineering and Technology
17-2051	knowledge	4	Physics
17-2051	knowledge	5	Mathematics
17-2051	knowledge	6	Transportation
17-2051	knowledge	7	Law and Government
17-2051	knowledge	8	Geography
17-2051	skills	1	Science
17-2051	skills	2	Operations Analysis
17-2051	skills	3	Mathematics
17-2051	skills	4	Systems Analysis
17-2051	skills	5	Management of Financial Resources
17-2051	skills	6	Management of Material Resources
17-2051	skills	7	Complex Problem Solving
17-2051	skills	8	Time Management
17-2051	abilities	1	Mathematical Reasoning
17-2051	abilities	2	Number Facility
17-2051	abilities	3	Visualization
17-2051	abilities	4	Fluency of Ideas
17-2051	abilities	5	Perceptual Speed
17-2051	abilities	6	Far Vision
17-2051	abilities	7	Flexibility of Closure
17-2051	abilities	8	Written Expression
17-2051	technology	1	File versioning software
17-2051	technology	2	Enterprise application integration software
17-2051	technology	3	Geographic information system
17-2051	technology	4	Development environment software
17-2051	technology	5	Document management software
17-2051	technology	6	Computer aided design CAD software
17-2051	technology	7	Map creation software
17-2051	technology	8	Business intelligence and data analysis software
17-2061	knowledge	1	Engineering and Technology
17-2061	knowledge	2	Design
17-2061	knowledge	3	Computers and Electronics
17-2061	knowledge	4	Physics
17-2061	knowledge	5	Mathematics
17-2061	knowledge	6	Telecommunications
17-2061	knowledge	7	Production and Processing
17-2061	knowledge	8	English Language
17-2061	skills	1	Operations Analysis
17-2061	skills	2	Science
17-2061	skills	3	Programming
17-2061	skills	4	Technology Design
17-2061	skills	5	Equipment Selection
17-2061	skills	6	Systems Evaluation
17-2061	skills	7	Writing
17-2061	skills	8	Mathematics
17-2061	abilities	1	Originality
17-2061	abilities	2	Information Ordering
17-2061	abilities	3	Inductive Reasoning
17-2061	abilities	4	Number Facility
17-2061	abilities	5	Mathematical Reasoning
17-2061	abilities	6	Deductive Reasoning
17-2061	abilities	7	Written Comprehension
17-2061	abilities	8	Visualization
17-2061	technology	1	File versioning software
17-2061	technology	2	Process mapping and design software
17-2061	technology	3	Development environment software
17-2061	technology	4	Object or component oriented development software
17-2061	technology	5	Computer aided design CAD software
17-2061	technology	6	Pattern design software
17-2061	technology	7	Compiler and decompiler software
17-2061	technology	8	Program testing software
17-2071	knowledge	1	Engineering and Technology
17-2071	knowledge	2	Design
17-2071	knowledge	3	Computers and Electronics
17-2071	knowledge	4	Physics
17-2071	knowledge	5	Production and Processing
17-2071	knowledge	6	Mechanical
17-2071	knowledge	7	Mathematics
17-2071	knowledge	8	Telecommunications
17-2071	skills	1	Operations Analysis
17-2071	skills	2	Science
17-2071	skills	3	Writing
17-2071	skills	4	Mathematics
17-2071	skills	5	Active Learning
17-2071	skills	6	Troubleshooting
17-2071	skills	7	Complex Problem Solving
17-2071	skills	8	Systems Evaluation
17-2071	abilities	1	Mathematical Reasoning
17-2071	abilities	2	Number Facility
17-2071	abilities	3	Written Expression
17-2071	abilities	4	Category Flexibility
17-2071	abilities	5	Written Comprehension
17-2071	abilities	6	Inductive Reasoning
17-2071	abilities	7	Information Ordering
17-2071	abilities	8	Deductive Reasoning
17-2071	technology	1	File versioning software
17-2071	technology	2	Geographic information system
17-2071	technology	3	Process mapping and design software
17-2071	technology	4	Development environment software
17-2071	technology	5	Object or component oriented development software
17-2071	technology	6	Computer aided design CAD software
17-2071	technology	7	WAN switching software and firmware
17-2071	technology	8	Requirements analysis and system architecture software
17-2072	knowledge	1	Engineering and Technology
17-2072	knowledge	2	Design
17-2072	knowledge	3	Computers and Electronics
17-2072	knowledge	4	Physics
17-2072	knowledge	5	Mathematics
17-2072	knowledge	6	Mechanical
17-2072	knowledge	7	Telecommunications
17-2072	knowledge	8	Production and Processing
17-2072	skills	1	Technology Design
17-2072	skills	2	Operations Analysis
17-2072	skills	3	Equipment Maintenance
17-2072	skills	4	Equipment Selection
17-2072	skills	5	Programming
17-2072	skills	6	Repairing
17-2072	skills	7	Systems Analysis
17-2072	skills	8	Science
17-2072	abilities	1	Mathematical Reasoning
17-2072	abilities	2	Number Facility
17-2072	abilities	3	Information Ordering
17-2072	abilities	4	Fluency of Ideas
17-2072	abilities	5	Visualization
17-2072	abilities	6	Originality
17-2072	abilities	7	Inductive Reasoning
17-2072	abilities	8	Written Expression
17-2072	technology	1	File versioning software
17-2072	technology	2	Enterprise application integration software
17-2072	technology	3	Geographic information system
17-2072	technology	4	Development environment software
17-2072	technology	5	Object or component oriented development software
17-2072	technology	6	Computer aided design CAD software
17-2072	technology	7	Compiler and decompiler software
17-2072	technology	8	Industrial control software
17-2081	knowledge	1	Engineering and Technology
17-2081	knowledge	2	Chemistry
17-2081	knowledge	3	Design
17-2081	knowledge	4	Physics
17-2081	knowledge	5	Biology
17-2081	knowledge	6	Mathematics
17-2081	knowledge	7	Building and Construction
17-2081	knowledge	8	Law and Government
17-2081	skills	1	Science
17-2081	skills	2	Writing
17-2081	skills	3	Mathematics
17-2081	skills	4	Systems Analysis
17-2081	skills	5	Complex Problem Solving
17-2081	skills	6	Active Learning
17-2081	skills	7	Systems Evaluation
17-2081	skills	8	Monitoring
17-2081	abilities	1	Originality
17-2081	abilities	2	Fluency of Ideas
17-2081	abilities	3	Number Facility
17-2081	abilities	4	Mathematical Reasoning
17-2081	abilities	5	Written Expression
17-2081	abilities	6	Written Comprehension
17-2081	abilities	7	Memorization
17-2081	abilities	8	Inductive Reasoning
17-2081	technology	1	Geographic information system
17-2081	technology	2	Object or component oriented development software
17-2081	technology	3	Computer aided design CAD software
17-2081	technology	4	Compliance software
17-2081	technology	5	Desktop communications software
17-2081	technology	6	Map creation software
17-2081	technology	7	Industrial control software
17-2081	technology	8	Development environment software
17-2111	knowledge	1	Engineering and Technology
17-2111	knowledge	2	Chemistry
17-2111	knowledge	3	Building and Construction
17-2111	knowledge	4	Law and Government
17-2111	knowledge	5	Physics
17-2111	knowledge	6	Design
17-2111	knowledge	7	Mechanical
17-2111	knowledge	8	Biology
17-2111	skills	1	Science
17-2111	skills	2	Operations Analysis
17-2111	skills	3	Systems Evaluation
17-2111	skills	4	Quality Control Analysis
17-2111	skills	5	Systems Analysis
17-2111	skills	6	Writing
17-2111	skills	7	Troubleshooting
17-2111	skills	8	Judgment and Decision Making
17-2111	abilities	1	Flexibility of Closure
17-2111	abilities	2	Mathematical Reasoning
17-2111	abilities	3	Written Expression
17-2111	abilities	4	Inductive Reasoning
17-2111	abilities	5	Fluency of Ideas
17-2111	abilities	6	Written Comprehension
17-2111	abilities	7	Problem Sensitivity
17-2111	abilities	8	Originality
17-2111	technology	1	Web platform development software
17-2111	technology	2	Development environment software
17-2111	technology	3	Object or component oriented development software
17-2111	technology	4	Computer aided design CAD software
17-2111	technology	5	License management software
17-2111	technology	6	Compliance software
17-2111	technology	7	Map creation software
17-2111	technology	8	Computer based training software
17-2112	knowledge	1	Engineering and Technology
17-2112	knowledge	2	Design
17-2112	knowledge	3	Production and Processing
17-2112	knowledge	4	Mechanical
17-2112	knowledge	5	Physics
17-2112	knowledge	6	Building and Construction
17-2112	knowledge	7	Mathematics
17-2112	knowledge	8	Computers and Electronics
17-2112	skills	1	Mathematics
17-2112	skills	2	Complex Problem Solving
17-2112	skills	3	Systems Evaluation
17-2112	skills	4	Writing
17-2112	skills	5	Systems Analysis
17-2112	skills	6	Reading Comprehension
17-2112	skills	7	Management of Material Resources
17-2112	skills	8	Critical Thinking
17-2112	abilities	1	Written Expression
17-2112	abilities	2	Inductive Reasoning
17-2112	abilities	3	Number Facility
17-2112	abilities	4	Mathematical Reasoning
17-2112	abilities	5	Deductive Reasoning
17-2112	abilities	6	Written Comprehension
17-2112	abilities	7	Originality
17-2112	abilities	8	Fluency of Ideas
17-2112	technology	1	Program testing software
17-2112	technology	2	Application server software
17-2112	technology	3	Enterprise application integration software
17-2112	technology	4	Process mapping and design software
17-2112	technology	5	Cloud-based data access and sharing software
17-2112	technology	6	Development environment software
17-2112	technology	7	Object or component oriented development software
17-2112	technology	8	Computer aided design CAD software
17-2121	knowledge	1	Physics
17-2121	knowledge	2	Engineering and Technology
17-2121	knowledge	3	Design
17-2121	knowledge	4	Mechanical
17-2121	knowledge	5	Mathematics
17-2121	knowledge	6	Transportation
17-2121	knowledge	7	Building and Construction
17-2121	knowledge	8	Chemistry
17-2121	skills	1	Operations Analysis
17-2121	skills	2	Science
17-2121	skills	3	Mathematics
17-2121	skills	4	Technology Design
17-2121	skills	5	Quality Control Analysis
17-2121	skills	6	Troubleshooting
17-2121	skills	7	Systems Analysis
17-2121	skills	8	Judgment and Decision Making
17-2121	abilities	1	Mathematical Reasoning
17-2121	abilities	2	Visualization
17-2121	abilities	3	Number Facility
17-2121	abilities	4	Originality
17-2121	abilities	5	Far Vision
17-2121	abilities	6	Inductive Reasoning
17-2121	abilities	7	Written Expression
17-2121	abilities	8	Information Ordering
17-2121	technology	1	Video conferencing software
17-2121	technology	2	Document management software
17-2121	technology	3	Computer aided design CAD software
17-2121	technology	4	Facilities management software
17-2131	knowledge	1	Chemistry
17-2131	knowledge	2	Physics
17-2131	knowledge	3	Engineering and Technology
17-2131	knowledge	4	Production and Processing
17-2131	knowledge	5	Design
17-2131	knowledge	6	Mathematics
17-2131	knowledge	7	Mechanical
17-2131	knowledge	8	Computers and Electronics
17-2131	skills	1	Science
17-2131	skills	2	Mathematics
17-2131	skills	3	Operations Analysis
17-2131	skills	4	Technology Design
17-2131	skills	5	Complex Problem Solving
17-2131	skills	6	Quality Control Analysis
17-2131	skills	7	Management of Material Resources
17-2131	skills	8	Writing
17-2131	abilities	1	Mathematical Reasoning
17-2131	abilities	2	Category Flexibility
17-2131	abilities	3	Fluency of Ideas
17-2131	abilities	4	Originality
17-2131	abilities	5	Inductive Reasoning
17-2131	abilities	6	Written Expression
17-2131	abilities	7	Number Facility
17-2131	abilities	8	Deductive Reasoning
17-2131	technology	1	Process mapping and design software
17-2131	technology	2	Cloud-based data access and sharing software
17-2131	technology	3	Development environment software
17-2131	technology	4	Object or component oriented development software
17-2131	technology	5	Computer aided design CAD software
17-2131	technology	6	Computer aided manufacturing CAM software
17-2141	knowledge	1	Engineering and Technology
17-2141	knowledge	2	Design
17-2141	knowledge	3	Physics
17-2141	knowledge	4	Mechanical
17-2141	knowledge	5	Mathematics
17-2141	knowledge	6	Production and Processing
17-2141	knowledge	7	Chemistry
17-2141	knowledge	8	Computers and Electronics
17-2141	skills	1	Science
17-2141	skills	2	Operations Analysis
17-2141	skills	3	Technology Design
17-2141	skills	4	Mathematics
17-2141	skills	5	Troubleshooting
17-2141	skills	6	Programming
17-2141	skills	7	Quality Control Analysis
17-2141	skills	8	Systems Evaluation
17-2141	abilities	1	Mathematical Reasoning
17-2141	abilities	2	Number Facility
17-2141	abilities	3	Visualization
17-2141	abilities	4	Information Ordering
17-2141	abilities	5	Fluency of Ideas
17-2141	abilities	6	Written Comprehension
17-2141	abilities	7	Inductive Reasoning
17-2141	abilities	8	Originality
17-2141	technology	1	Configuration management software
17-2141	technology	2	Data base management system software
17-2141	technology	3	Geographic information system
17-2141	technology	4	Customer relationship management CRM software
17-2141	technology	5	Process mapping and design software
17-2141	technology	6	Cloud-based data access and sharing software
17-2141	technology	7	Development environment software
17-2141	technology	8	Object or component oriented development software
17-2151	knowledge	1	Engineering and Technology
17-2151	knowledge	2	Mathematics
17-2151	knowledge	3	Design
17-2151	knowledge	4	Physics
17-2151	knowledge	5	Production and Processing
17-2151	knowledge	6	Building and Construction
17-2151	knowledge	7	Economics and Accounting
17-2151	knowledge	8	Geography
17-2151	skills	1	Science
17-2151	skills	2	Mathematics
17-2151	skills	3	Systems Evaluation
17-2151	skills	4	Operations Analysis
17-2151	skills	5	Systems Analysis
17-2151	skills	6	Management of Material Resources
17-2151	skills	7	Programming
17-2151	skills	8	Management of Financial Resources
17-2151	abilities	1	Mathematical Reasoning
17-2151	abilities	2	Category Flexibility
17-2151	abilities	3	Fluency of Ideas
17-2151	abilities	4	Number Facility
17-2151	abilities	5	Originality
17-2151	abilities	6	Flexibility of Closure
17-2151	abilities	7	Written Expression
17-2151	abilities	8	Information Ordering
17-2151	technology	1	Cloud-based data access and sharing software
17-2151	technology	2	Computer aided design CAD software
17-2151	technology	3	Clustering software
17-2151	technology	4	Network security or virtual private network VPN management software
17-2151	technology	5	Map creation software
17-2151	technology	6	Financial analysis software
17-2161	knowledge	1	Physics
17-2161	knowledge	2	Engineering and Technology
17-2161	knowledge	3	Chemistry
17-2161	knowledge	4	Design
17-2161	knowledge	5	Mathematics
17-2161	knowledge	6	Mechanical
17-2161	knowledge	7	Building and Construction
17-2161	knowledge	8	Public Safety and Security
17-2161	skills	1	Science
17-2161	skills	2	Operations Analysis
17-2161	skills	3	Mathematics
17-2161	skills	4	Operations Monitoring
17-2161	skills	5	Systems Analysis
17-2161	skills	6	Systems Evaluation
17-2161	skills	7	Troubleshooting
17-2161	skills	8	Technology Design
17-2161	abilities	1	Mathematical Reasoning
17-2161	abilities	2	Number Facility
17-2161	abilities	3	Problem Sensitivity
17-2161	abilities	4	Category Flexibility
17-2161	abilities	5	Written Expression
17-2161	abilities	6	Information Ordering
17-2161	abilities	7	Fluency of Ideas
17-2161	abilities	8	Written Comprehension
17-2161	technology	1	Customer relationship management CRM software
17-2161	technology	2	Object or component oriented development software
17-2161	technology	3	Desktop publishing software
17-2161	technology	4	Development environment software
17-2161	technology	5	Computer aided design CAD software
17-2171	knowledge	1	Engineering and Technology
17-2171	knowledge	2	Physics
17-2171	knowledge	3	Chemistry
17-2171	knowledge	4	Economics and Accounting
17-2171	knowledge	5	Mathematics
17-2171	knowledge	6	Design
17-2171	knowledge	7	Law and Government
17-2171	knowledge	8	Computers and Electronics
17-2171	skills	1	Science
17-2171	skills	2	Systems Evaluation
17-2171	skills	3	Systems Analysis
17-2171	skills	4	Management of Material Resources
17-2171	skills	5	Writing
17-2171	skills	6	Mathematics
17-2171	skills	7	Complex Problem Solving
17-2171	skills	8	Active Learning
17-2171	abilities	1	Fluency of Ideas
17-2171	abilities	2	Category Flexibility
17-2171	abilities	3	Written Expression
17-2171	abilities	4	Mathematical Reasoning
17-2171	abilities	5	Originality
17-2171	abilities	6	Inductive Reasoning
17-2171	abilities	7	Number Facility
17-2171	abilities	8	Deductive Reasoning
17-2171	technology	1	Process mapping and design software
17-2171	technology	2	Development environment software
17-2171	technology	3	Object or component oriented development software
17-2171	technology	4	Computer aided design CAD software
17-2171	technology	5	Financial analysis software
17-2171	technology	6	Business intelligence and data analysis software
17-2199	knowledge	1	Engineering and Technology
17-2199	knowledge	2	Building and Construction
17-2199	knowledge	3	Physics
17-2199	knowledge	4	Mechanical
17-2199	knowledge	5	Design
17-2199	knowledge	6	Economics and Accounting
17-2199	knowledge	7	Mathematics
17-2199	knowledge	8	Chemistry
17-2199	skills	1	Science
17-2199	skills	2	Operations Analysis
17-2199	skills	3	Mathematics
17-2199	skills	4	Systems Analysis
17-2199	skills	5	Systems Evaluation
17-2199	skills	6	Writing
17-2199	skills	7	Complex Problem Solving
17-2199	skills	8	Reading Comprehension
17-2199	abilities	1	Mathematical Reasoning
17-2199	abilities	2	Number Facility
17-2199	abilities	3	Information Ordering
17-2199	abilities	4	Inductive Reasoning
17-2199	abilities	5	Problem Sensitivity
17-2199	abilities	6	Deductive Reasoning
17-2199	abilities	7	Written Comprehension
17-2199	abilities	8	Visualization
17-2199	technology	1	Process mapping and design software
17-2199	technology	2	Object or component oriented development software
17-2199	technology	3	Computer aided design CAD software
17-3011	knowledge	1	Building and Construction
17-3011	knowledge	2	Design
17-3011	knowledge	3	Engineering and Technology
17-3011	knowledge	4	Geography
17-3011	knowledge	5	Computers and Electronics
17-3011	knowledge	6	Physics
17-3011	knowledge	7	Mathematics
17-3011	knowledge	8	Sales and Marketing
17-3011	skills	1	Operations Analysis
17-3011	skills	2	Mathematics
17-3011	skills	3	Systems Analysis
17-3011	skills	4	Quality Control Analysis
17-3011	skills	5	Systems Evaluation
17-3011	skills	6	Active Listening
17-3011	skills	7	Critical Thinking
17-3011	skills	8	Reading Comprehension
17-3011	abilities	1	Visualization
17-3011	abilities	2	Mathematical Reasoning
17-3011	abilities	3	Number Facility
17-3011	abilities	4	Flexibility of Closure
17-3011	abilities	5	Written Comprehension
17-3011	abilities	6	Near Vision
17-3011	abilities	7	Originality
17-3011	abilities	8	Information Ordering
17-3011	technology	1	Enterprise application integration software
17-3011	technology	2	Geographic information system
17-3011	technology	3	Process mapping and design software
17-3011	technology	4	Desktop publishing software
17-3011	technology	5	Development environment software
17-3011	technology	6	Document management software
17-3011	technology	7	Computer aided design CAD software
17-3011	technology	8	Pattern design software
17-3012	knowledge	1	Design
17-3012	knowledge	2	Engineering and Technology
17-3012	knowledge	3	Geography
17-3012	knowledge	4	Computers and Electronics
17-3012	knowledge	5	Administrative
17-3012	knowledge	6	Physics
17-3012	knowledge	7	Mathematics
17-3012	knowledge	8	Telecommunications
17-3012	skills	1	Operations Analysis
17-3012	skills	2	Quality Control Analysis
17-3012	skills	3	Writing
17-3012	skills	4	Judgment and Decision Making
17-3012	skills	5	Systems Evaluation
17-3012	skills	6	Mathematics
17-3012	skills	7	Systems Analysis
17-3012	skills	8	Complex Problem Solving
17-3012	abilities	1	Visualization
17-3012	abilities	2	Written Comprehension
17-3012	abilities	3	Speed of Closure
17-3012	abilities	4	Mathematical Reasoning
17-3012	abilities	5	Number Facility
17-3012	abilities	6	Written Expression
17-3012	abilities	7	Near Vision
17-3012	abilities	8	Memorization
17-3012	technology	1	Process mapping and design software
17-3012	technology	2	Development environment software
17-3012	technology	3	Object or component oriented development software
17-3012	technology	4	Computer aided design CAD software
17-3012	technology	5	Application server software
17-3012	technology	6	Computer aided manufacturing CAM software
17-3012	technology	7	Industrial control software
17-3012	technology	8	Geographic information system
17-3013	knowledge	1	Design
17-3013	knowledge	2	Engineering and Technology
17-3013	knowledge	3	Mechanical
17-3013	knowledge	4	Physics
17-3013	knowledge	5	Mathematics
17-3013	knowledge	6	Production and Processing
17-3013	knowledge	7	Computers and Electronics
17-3013	knowledge	8	English Language
17-3013	skills	1	Operations Analysis
17-3013	skills	2	Mathematics
17-3013	skills	3	Quality Control Analysis
17-3013	skills	4	Systems Evaluation
17-3013	skills	5	Systems Analysis
17-3013	skills	6	Instructing
17-3013	skills	7	Active Learning
17-3013	skills	8	Learning Strategies
17-3013	abilities	1	Mathematical Reasoning
17-3013	abilities	2	Visualization
17-3013	abilities	3	Visual Color Discrimination
17-3013	abilities	4	Originality
17-3013	abilities	5	Number Facility
17-3013	abilities	6	Fluency of Ideas
17-3013	abilities	7	Finger Dexterity
17-3013	abilities	8	Selective Attention
17-3013	technology	1	Enterprise application integration software
17-3013	technology	2	Geographic information system
17-3013	technology	3	Computer aided design CAD software
17-3013	technology	4	Materials requirements planning logistics and supply chain software
17-3013	technology	5	Computer aided manufacturing CAM software
17-3013	technology	6	Optical character reader OCR or scanning software
17-3013	technology	7	Document management software
17-3021	knowledge	1	Mechanical
17-3021	knowledge	2	Engineering and Technology
17-3021	knowledge	3	Physics
17-3021	knowledge	4	Production and Processing
17-3021	knowledge	5	Mathematics
17-3021	knowledge	6	Administrative
17-3021	knowledge	7	Telecommunications
17-3021	knowledge	8	Computers and Electronics
17-3021	skills	1	Quality Control Analysis
17-3021	skills	2	Repairing
17-3021	skills	3	Troubleshooting
17-3021	skills	4	Operations Monitoring
17-3021	skills	5	Equipment Maintenance
17-3021	skills	6	Science
17-3021	skills	7	Equipment Selection
17-3021	skills	8	Operation and Control
17-3021	abilities	1	Control Precision
17-3021	abilities	2	Hearing Sensitivity
17-3021	abilities	3	Manual Dexterity
17-3021	abilities	4	Information Ordering
17-3021	abilities	5	Auditory Attention
17-3021	abilities	6	Written Comprehension
17-3021	abilities	7	Visualization
17-3021	abilities	8	Inductive Reasoning
17-3021	technology	1	Program testing software
17-3021	technology	2	Data base management system software
17-3021	technology	3	Enterprise application integration software
17-3021	technology	4	Web platform development software
17-3021	technology	5	Process mapping and design software
17-3021	technology	6	Cloud-based data access and sharing software
17-3021	technology	7	Object or component oriented development software
17-3021	technology	8	Computer aided design CAD software
17-3022	knowledge	1	Building and Construction
17-3022	knowledge	2	Engineering and Technology
17-3022	knowledge	3	Design
17-3022	knowledge	4	Transportation
17-3022	knowledge	5	Mathematics
17-3022	knowledge	6	Mechanical
17-3022	knowledge	7	Geography
17-3022	knowledge	8	Physics
17-3022	skills	1	Mathematics
17-3022	skills	2	Science
17-3022	skills	3	Operations Analysis
17-3022	skills	4	Critical Thinking
17-3022	skills	5	Reading Comprehension
17-3022	skills	6	Systems Analysis
17-3022	skills	7	Active Listening
17-3022	skills	8	Systems Evaluation
17-3022	abilities	1	Mathematical Reasoning
17-3022	abilities	2	Number Facility
17-3022	abilities	3	Visualization
17-3022	abilities	4	Speed of Closure
17-3022	abilities	5	Far Vision
17-3022	abilities	6	Deductive Reasoning
17-3022	abilities	7	Written Comprehension
17-3022	abilities	8	Written Expression
17-3022	technology	1	Geographic information system
17-3022	technology	2	Development environment software
17-3022	technology	3	Computer aided design CAD software
17-3022	technology	4	Map creation software
17-3023	knowledge	1	Engineering and Technology
17-3023	knowledge	2	Design
17-3023	knowledge	3	Computers and Electronics
17-3023	knowledge	4	Physics
17-3023	knowledge	5	Telecommunications
17-3023	knowledge	6	Mechanical
17-3023	knowledge	7	Production and Processing
17-3023	knowledge	8	Mathematics
17-3023	skills	1	Repairing
17-3023	skills	2	Equipment Maintenance
17-3023	skills	3	Troubleshooting
17-3023	skills	4	Equipment Selection
17-3023	skills	5	Science
17-3023	skills	6	Quality Control Analysis
17-3023	skills	7	Mathematics
17-3023	skills	8	Operations Monitoring
17-3023	abilities	1	Visual Color Discrimination
17-3023	abilities	2	Mathematical Reasoning
17-3023	abilities	3	Finger Dexterity
17-3023	abilities	4	Visualization
17-3023	abilities	5	Arm-Hand Steadiness
17-3023	abilities	6	Control Precision
17-3023	abilities	7	Manual Dexterity
17-3023	abilities	8	Perceptual Speed
17-3023	technology	1	Web platform development software
17-3023	technology	2	Development environment software
17-3023	technology	3	Object or component oriented development software
17-3023	technology	4	Document management software
17-3023	technology	5	Computer aided design CAD software
17-3023	technology	6	Network connectivity terminal emulation software
17-3023	technology	7	Cloud-based management software
17-3023	technology	8	Program testing software
17-3024	knowledge	1	Mechanical
17-3024	knowledge	2	Engineering and Technology
17-3024	knowledge	3	Computers and Electronics
17-3024	knowledge	4	Production and Processing
17-3024	knowledge	5	Telecommunications
17-3024	knowledge	6	Design
17-3024	knowledge	7	Physics
17-3024	knowledge	8	Mathematics
17-3024	skills	1	Repairing
17-3024	skills	2	Installation
17-3024	skills	3	Troubleshooting
17-3024	skills	4	Operations Monitoring
17-3024	skills	5	Equipment Maintenance
17-3024	skills	6	Equipment Selection
17-3024	skills	7	Operation and Control
17-3024	skills	8	Quality Control Analysis
17-3024	abilities	1	Control Precision
17-3024	abilities	2	Arm-Hand Steadiness
17-3024	abilities	3	Finger Dexterity
17-3024	abilities	4	Reaction Time
17-3024	abilities	5	Manual Dexterity
17-3024	abilities	6	Hearing Sensitivity
17-3024	abilities	7	Visual Color Discrimination
17-3024	abilities	8	Rate Control
17-3024	technology	1	Object or component oriented development software
17-3024	technology	2	Computer aided design CAD software
17-3024	technology	3	Program testing software
17-3024	technology	4	Computer aided manufacturing CAM software
17-3024	technology	5	Facilities management software
17-3024	technology	6	Industrial control software
17-3024	technology	7	Process mapping and design software
17-3024	technology	8	Development environment software
17-3025	knowledge	1	Engineering and Technology
17-3025	knowledge	2	Chemistry
17-3025	knowledge	3	Physics
17-3025	knowledge	4	Building and Construction
17-3025	knowledge	5	Biology
17-3025	knowledge	6	Mechanical
17-3025	knowledge	7	Geography
17-3025	knowledge	8	Design
17-3025	skills	1	Science
17-3025	skills	2	Equipment Selection
17-3025	skills	3	Operations Analysis
17-3025	skills	4	Quality Control Analysis
17-3025	skills	5	Troubleshooting
17-3025	skills	6	Operation and Control
17-3025	skills	7	Active Learning
17-3025	skills	8	Mathematics
17-3025	abilities	1	Depth Perception
17-3025	abilities	2	Control Precision
17-3025	abilities	3	Inductive Reasoning
17-3025	abilities	4	Information Ordering
17-3025	abilities	5	Deductive Reasoning
17-3025	abilities	6	Category Flexibility
17-3025	abilities	7	Multilimb Coordination
17-3025	abilities	8	Written Comprehension
17-3025	technology	1	Geographic information system
17-3025	technology	2	Object or component oriented development software
17-3025	technology	3	Computer aided design CAD software
17-3025	technology	4	Categorization or classification software
17-3025	technology	5	Compliance software
17-3025	technology	6	Map creation software
17-3025	technology	7	Industrial control software
17-3025	technology	8	Desktop publishing software
17-3026	knowledge	1	Mechanical
17-3026	knowledge	2	Engineering and Technology
17-3026	knowledge	3	Physics
17-3026	knowledge	4	Design
17-3026	knowledge	5	Production and Processing
17-3026	knowledge	6	Chemistry
17-3026	knowledge	7	Public Safety and Security
17-3026	knowledge	8	Mathematics
17-3026	skills	1	Technology Design
17-3026	skills	2	Operations Analysis
17-3026	skills	3	Repairing
17-3026	skills	4	Science
17-3026	skills	5	Systems Evaluation
17-3026	skills	6	Quality Control Analysis
17-3026	skills	7	Mathematics
17-3026	skills	8	Systems Analysis
17-3026	abilities	1	Inductive Reasoning
17-3026	abilities	2	Number Facility
17-3026	abilities	3	Mathematical Reasoning
17-3026	abilities	4	Deductive Reasoning
17-3026	abilities	5	Visualization
17-3026	abilities	6	Originality
17-3026	abilities	7	Problem Sensitivity
17-3026	abilities	8	Fluency of Ideas
17-3026	technology	1	Enterprise application integration software
17-3026	technology	2	Process mapping and design software
17-3026	technology	3	Cloud-based data access and sharing software
17-3026	technology	4	Development environment software
17-3026	technology	5	Object or component oriented development software
17-3026	technology	6	Computer aided design CAD software
17-3026	technology	7	Materials requirements planning logistics and supply chain software
17-3026	technology	8	Computer aided manufacturing CAM software
17-3027	knowledge	1	Design
17-3027	knowledge	2	Engineering and Technology
17-3027	knowledge	3	Mechanical
17-3027	knowledge	4	Physics
17-3027	knowledge	5	Production and Processing
17-3027	knowledge	6	Building and Construction
17-3027	knowledge	7	Mathematics
17-3027	knowledge	8	Computers and Electronics
17-3027	skills	1	Science
17-3027	skills	2	Equipment Selection
17-3027	skills	3	Repairing
17-3027	skills	4	Operations Monitoring
17-3027	skills	5	Equipment Maintenance
17-3027	skills	6	Quality Control Analysis
17-3027	skills	7	Troubleshooting
17-3027	skills	8	Operation and Control
17-3027	abilities	1	Number Facility
17-3027	abilities	2	Reaction Time
17-3027	abilities	3	Mathematical Reasoning
17-3027	abilities	4	Control Precision
17-3027	abilities	5	Multilimb Coordination
17-3027	abilities	6	Visualization
17-3027	abilities	7	Arm-Hand Steadiness
17-3027	abilities	8	Manual Dexterity
17-3027	technology	1	Cloud-based data access and sharing software
17-3027	technology	2	Development environment software
17-3027	technology	3	Object or component oriented development software
17-3027	technology	4	Computer aided design CAD software
17-3027	technology	5	Computer aided manufacturing CAM software
17-3027	technology	6	Industrial control software
17-3027	technology	7	Process mapping and design software
17-3028	technology	1	Computer aided design CAD software
17-3028	technology	2	Development environment software
17-3029	knowledge	1	Physics
17-3029	knowledge	2	Engineering and Technology
17-3029	knowledge	3	Building and Construction
17-3029	knowledge	4	Production and Processing
17-3029	knowledge	5	Design
17-3029	knowledge	6	Mechanical
17-3029	knowledge	7	Mathematics
17-3029	knowledge	8	Education and Training
17-3029	skills	1	Quality Control Analysis
17-3029	skills	2	Science
17-3029	skills	3	Troubleshooting
17-3029	skills	4	Operation and Control
17-3029	skills	5	Equipment Maintenance
17-3029	skills	6	Equipment Selection
17-3029	skills	7	Operations Monitoring
17-3029	skills	8	Mathematics
17-3029	abilities	1	Reaction Time
17-3029	abilities	2	Depth Perception
17-3029	abilities	3	Far Vision
17-3029	abilities	4	Control Precision
17-3029	abilities	5	Multilimb Coordination
17-3029	abilities	6	Manual Dexterity
17-3029	abilities	7	Problem Sensitivity
17-3029	abilities	8	Speed of Closure
17-3029	technology	1	Computer aided design CAD software
17-3029	technology	2	Computer aided manufacturing CAM software
17-3029	technology	3	Geographic information system
17-3029	technology	4	Development environment software
17-3031	knowledge	1	Geography
17-3031	knowledge	2	Computers and Electronics
17-3031	knowledge	3	Engineering and Technology
17-3031	knowledge	4	Design
17-3031	knowledge	5	Building and Construction
17-3031	knowledge	6	Mathematics
17-3031	knowledge	7	Law and Government
17-3031	knowledge	8	Administrative
17-3031	skills	1	Mathematics
17-3031	skills	2	Quality Control Analysis
17-3031	skills	3	Operations Monitoring
17-3031	skills	4	Operation and Control
17-3031	skills	5	Management of Personnel Resources
17-3031	skills	6	Systems Analysis
17-3031	skills	7	Instructing
17-3031	skills	8	Reading Comprehension
17-3031	abilities	1	Mathematical Reasoning
17-3031	abilities	2	Finger Dexterity
17-3031	abilities	3	Control Precision
17-3031	abilities	4	Visual Color Discrimination
17-3031	abilities	5	Depth Perception
17-3031	abilities	6	Number Facility
17-3031	abilities	7	Arm-Hand Steadiness
17-3031	abilities	8	Far Vision
17-3031	technology	1	Geographic information system
17-3031	technology	2	Web platform development software
17-3031	technology	3	Process mapping and design software
17-3031	technology	4	Cloud-based data access and sharing software
17-3031	technology	5	Development environment software
17-3031	technology	6	Object or component oriented development software
17-3031	technology	7	Computer aided design CAD software
17-3031	technology	8	Categorization or classification software
19-1011	knowledge	1	Biology
19-1011	knowledge	2	Food Production
19-1011	knowledge	3	Chemistry
19-1011	knowledge	4	Mathematics
19-1011	knowledge	5	Sales and Marketing
19-1011	knowledge	6	Communications and Media
19-1011	knowledge	7	Education and Training
19-1011	knowledge	8	English Language
19-1011	skills	1	Science
19-1011	skills	2	Systems Analysis
19-1011	skills	3	Writing
19-1011	skills	4	Mathematics
19-1011	skills	5	Complex Problem Solving
19-1011	skills	6	Active Learning
19-1011	skills	7	Judgment and Decision Making
19-1011	skills	8	Operations Analysis
19-1011	abilities	1	Fluency of Ideas
19-1011	abilities	2	Category Flexibility
19-1011	abilities	3	Number Facility
19-1011	abilities	4	Written Expression
19-1011	abilities	5	Mathematical Reasoning
19-1011	abilities	6	Inductive Reasoning
19-1011	abilities	7	Speech Clarity
19-1011	abilities	8	Information Ordering
19-1011	technology	1	Business intelligence and data analysis software
19-1011	technology	2	Geographic information system
19-1011	technology	3	Computer aided design CAD software
19-1011	technology	4	Human resources software
19-1012	knowledge	1	Food Production
19-1012	knowledge	2	Biology
19-1012	knowledge	3	Chemistry
19-1012	knowledge	4	Production and Processing
19-1012	knowledge	5	Physics
19-1012	knowledge	6	Engineering and Technology
19-1012	knowledge	7	Mathematics
19-1012	knowledge	8	Design
19-1012	skills	1	Science
19-1012	skills	2	Quality Control Analysis
19-1012	skills	3	Writing
19-1012	skills	4	Complex Problem Solving
19-1012	skills	5	Active Learning
19-1012	skills	6	Systems Evaluation
19-1012	skills	7	Monitoring
19-1012	skills	8	Mathematics
19-1012	abilities	1	Originality
19-1012	abilities	2	Category Flexibility
19-1012	abilities	3	Inductive Reasoning
19-1012	abilities	4	Visual Color Discrimination
19-1012	abilities	5	Written Expression
19-1012	abilities	6	Number Facility
19-1012	abilities	7	Problem Sensitivity
19-1012	abilities	8	Mathematical Reasoning
19-1012	technology	1	Sales and marketing software
19-1012	technology	2	Business intelligence and data analysis software
19-1012	technology	3	Web platform development software
19-1012	technology	4	Object or component oriented development software
19-1012	technology	5	Customer relationship management CRM software
19-1013	knowledge	1	Biology
19-1013	knowledge	2	Chemistry
19-1013	knowledge	3	Food Production
19-1013	knowledge	4	Geography
19-1013	knowledge	5	Physics
19-1013	knowledge	6	Communications and Media
19-1013	knowledge	7	Computers and Electronics
19-1013	knowledge	8	Engineering and Technology
19-1013	skills	1	Science
19-1013	skills	2	Operations Analysis
19-1013	skills	3	Active Learning
19-1013	skills	4	Systems Evaluation
19-1013	skills	5	Systems Analysis
19-1013	skills	6	Writing
19-1013	skills	7	Mathematics
19-1013	skills	8	Complex Problem Solving
19-1013	abilities	1	Originality
19-1013	abilities	2	Category Flexibility
19-1013	abilities	3	Written Expression
19-1013	abilities	4	Information Ordering
19-1013	abilities	5	Fluency of Ideas
19-1013	abilities	6	Inductive Reasoning
19-1013	abilities	7	Number Facility
19-1013	abilities	8	Mathematical Reasoning
19-1013	technology	1	Geographic information system
19-1013	technology	2	Web platform development software
19-1013	technology	3	Object or component oriented development software
19-1013	technology	4	Computer aided design CAD software
19-1013	technology	5	Categorization or classification software
19-1013	technology	6	Map creation software
19-1021	knowledge	1	Biology
19-1021	knowledge	2	Chemistry
19-1021	knowledge	3	Physics
19-1021	knowledge	4	Mathematics
19-1021	knowledge	5	Medicine and Dentistry
19-1021	knowledge	6	Engineering and Technology
19-1021	knowledge	7	Education and Training
19-1021	knowledge	8	English Language
19-1021	skills	1	Science
19-1021	skills	2	Mathematics
19-1021	skills	3	Learning Strategies
19-1021	skills	4	Operations Analysis
19-1021	skills	5	Writing
19-1021	skills	6	Active Learning
19-1021	skills	7	Complex Problem Solving
19-1021	skills	8	Reading Comprehension
19-1021	abilities	1	Mathematical Reasoning
19-1021	abilities	2	Originality
19-1021	abilities	3	Number Facility
19-1021	abilities	4	Written Expression
19-1021	abilities	5	Category Flexibility
19-1021	abilities	6	Fluency of Ideas
19-1021	abilities	7	Inductive Reasoning
19-1021	abilities	8	Written Comprehension
19-1021	technology	1	Enterprise application integration software
19-1021	technology	2	Process mapping and design software
19-1021	technology	3	Object or component oriented development software
19-1021	technology	4	Data mining software
19-1021	technology	5	Information retrieval or search software
19-1021	technology	6	Geographic information system
19-1021	technology	7	Inventory management software
19-1021	technology	8	Computer aided design CAD software
19-1022	knowledge	1	Biology
19-1022	knowledge	2	Chemistry
19-1022	knowledge	3	Medicine and Dentistry
19-1022	knowledge	4	English Language
19-1022	knowledge	5	Computers and Electronics
19-1022	knowledge	6	Mathematics
19-1022	knowledge	7	Education and Training
19-1022	knowledge	8	Administrative
19-1022	skills	1	Science
19-1022	skills	2	Operations Analysis
19-1022	skills	3	Writing
19-1022	skills	4	Learning Strategies
19-1022	skills	5	Active Learning
19-1022	skills	6	Reading Comprehension
19-1022	skills	7	Systems Analysis
19-1022	skills	8	Management of Personnel Resources
19-1022	abilities	1	Fluency of Ideas
19-1022	abilities	2	Flexibility of Closure
19-1022	abilities	3	Category Flexibility
19-1022	abilities	4	Inductive Reasoning
19-1022	abilities	5	Written Expression
19-1022	abilities	6	Written Comprehension
19-1022	abilities	7	Information Ordering
19-1022	abilities	8	Deductive Reasoning
19-1022	technology	1	Information retrieval or search software
19-1022	technology	2	Medical software
19-1023	knowledge	1	Biology
19-1023	knowledge	2	Geography
19-1023	knowledge	3	Law and Government
19-1023	knowledge	4	Communications and Media
19-1023	knowledge	5	Mathematics
19-1023	knowledge	6	Customer and Personal Service
19-1023	knowledge	7	Administration and Management
19-1023	knowledge	8	Personnel and Human Resources
19-1023	skills	1	Science
19-1023	skills	2	Complex Problem Solving
19-1023	skills	3	Judgment and Decision Making
19-1023	skills	4	Writing
19-1023	skills	5	Coordination
19-1023	skills	6	Systems Analysis
19-1023	skills	7	Reading Comprehension
19-1023	skills	8	Active Learning
19-1023	abilities	1	Written Expression
19-1023	abilities	2	Inductive Reasoning
19-1023	abilities	3	Deductive Reasoning
19-1023	abilities	4	Fluency of Ideas
19-1023	abilities	5	Written Comprehension
19-1023	abilities	6	Originality
19-1023	abilities	7	Number Facility
19-1023	abilities	8	Mathematical Reasoning
19-1023	technology	1	Geographic information system
19-1023	technology	2	Web platform development software
19-1023	technology	3	Object or component oriented development software
19-1023	technology	4	Mobile location based services software
19-1029	knowledge	1	Biology
19-1029	knowledge	2	Computers and Electronics
19-1029	knowledge	3	Chemistry
19-1029	knowledge	4	Mathematics
19-1029	knowledge	5	Physics
19-1029	knowledge	6	English Language
19-1029	knowledge	7	Engineering and Technology
19-1029	knowledge	8	Administrative
19-1029	skills	1	Science
19-1029	skills	2	Mathematics
19-1029	skills	3	Complex Problem Solving
19-1029	skills	4	Writing
19-1029	skills	5	Reading Comprehension
19-1029	skills	6	Critical Thinking
19-1029	skills	7	Systems Evaluation
19-1029	skills	8	Systems Analysis
19-1029	abilities	1	Mathematical Reasoning
19-1029	abilities	2	Number Facility
19-1029	abilities	3	Fluency of Ideas
19-1029	abilities	4	Originality
19-1029	abilities	5	Written Expression
19-1029	abilities	6	Written Comprehension
19-1029	abilities	7	Memorization
19-1029	abilities	8	Information Ordering
19-1029	technology	1	Object oriented data base management software
19-1029	technology	2	File versioning software
19-1029	technology	3	Application server software
19-1029	technology	4	Data base management system software
19-1029	technology	5	Business intelligence and data analysis software
19-1029	technology	6	Enterprise application integration software
19-1029	technology	7	Web platform development software
19-1029	technology	8	Customer relationship management CRM software
19-1031	knowledge	1	Biology
19-1031	knowledge	2	Geography
19-1031	knowledge	3	Chemistry
19-1031	knowledge	4	Food Production
19-1031	knowledge	5	Physics
19-1031	knowledge	6	Law and Government
19-1031	knowledge	7	Engineering and Technology
19-1031	knowledge	8	Design
19-1031	skills	1	Science
19-1031	skills	2	Mathematics
19-1031	skills	3	Systems Evaluation
19-1031	skills	4	Systems Analysis
19-1031	skills	5	Complex Problem Solving
19-1031	skills	6	Reading Comprehension
19-1031	skills	7	Negotiation
19-1031	skills	8	Persuasion
19-1031	abilities	1	Number Facility
19-1031	abilities	2	Mathematical Reasoning
19-1031	abilities	3	Written Comprehension
19-1031	abilities	4	Flexibility of Closure
19-1031	abilities	5	Originality
19-1031	abilities	6	Static Strength
19-1031	abilities	7	Oral Comprehension
19-1031	abilities	8	Information Ordering
19-1031	technology	1	Geographic information system
19-1031	technology	2	Web platform development software
19-1031	technology	3	Document management software
19-1031	technology	4	Computer aided design CAD software
19-1031	technology	5	Mobile location based services software
19-1032	knowledge	1	Biology
19-1032	knowledge	2	Geography
19-1032	knowledge	3	Law and Government
19-1032	knowledge	4	Administration and Management
19-1032	knowledge	5	Public Safety and Security
19-1032	knowledge	6	Customer and Personal Service
19-1032	knowledge	7	Transportation
19-1032	knowledge	8	Communications and Media
19-1032	skills	1	Management of Material Resources
19-1032	skills	2	Management of Financial Resources
19-1032	skills	3	Systems Evaluation
19-1032	skills	4	Systems Analysis
19-1032	skills	5	Operations Analysis
19-1032	skills	6	Science
19-1032	skills	7	Operation and Control
19-1032	skills	8	Complex Problem Solving
19-1032	abilities	1	Spatial Orientation
19-1032	abilities	2	Category Flexibility
19-1032	abilities	3	Trunk Strength
19-1032	abilities	4	Static Strength
19-1032	abilities	5	Information Ordering
19-1032	abilities	6	Inductive Reasoning
19-1032	abilities	7	Flexibility of Closure
19-1032	abilities	8	Depth Perception
19-1032	technology	1	Geographic information system
19-1032	technology	2	Web platform development software
19-1032	technology	3	Mobile location based services software
19-1032	technology	4	Map creation software
19-1032	technology	5	Inventory management software
19-1032	technology	6	Calendar and scheduling software
19-1041	knowledge	1	Biology
19-1041	knowledge	2	Medicine and Dentistry
19-1041	knowledge	3	Mathematics
19-1041	knowledge	4	Sociology and Anthropology
19-1041	knowledge	5	Communications and Media
19-1041	knowledge	6	Computers and Electronics
19-1041	knowledge	7	Education and Training
19-1041	knowledge	8	English Language
19-1041	skills	1	Science
19-1041	skills	2	Systems Evaluation
19-1041	skills	3	Systems Analysis
19-1041	skills	4	Mathematics
19-1041	skills	5	Complex Problem Solving
19-1041	skills	6	Judgment and Decision Making
19-1041	skills	7	Operations Analysis
19-1041	skills	8	Writing
19-1041	abilities	1	Fluency of Ideas
19-1041	abilities	2	Originality
19-1041	abilities	3	Mathematical Reasoning
19-1041	abilities	4	Inductive Reasoning
19-1041	abilities	5	Written Expression
19-1041	abilities	6	Category Flexibility
19-1041	abilities	7	Written Comprehension
19-1041	abilities	8	Number Facility
19-1041	technology	1	Map creation software
19-1041	technology	2	Business intelligence and data analysis software
19-1041	technology	3	Object or component oriented development software
19-1041	technology	4	Web page creation and editing software
19-1041	technology	5	Data mining software
19-1041	technology	6	Geographic information system
19-1042	knowledge	1	Biology
19-1042	knowledge	2	Medicine and Dentistry
19-1042	knowledge	3	Chemistry
19-1042	knowledge	4	English Language
19-1042	knowledge	5	Mathematics
19-1042	knowledge	6	Computers and Electronics
19-1042	knowledge	7	Education and Training
19-1042	knowledge	8	Administration and Management
19-1042	skills	1	Science
19-1042	skills	2	Writing
19-1042	skills	3	Mathematics
19-1042	skills	4	Systems Analysis
19-1042	skills	5	Active Learning
19-1042	skills	6	Operations Analysis
19-1042	skills	7	Judgment and Decision Making
19-1042	skills	8	Complex Problem Solving
19-1042	abilities	1	Category Flexibility
19-1042	abilities	2	Written Expression
19-1042	abilities	3	Mathematical Reasoning
19-1042	abilities	4	Inductive Reasoning
19-1042	abilities	5	Information Ordering
19-1042	abilities	6	Memorization
19-1042	abilities	7	Speech Clarity
19-1042	abilities	8	Number Facility
19-1042	technology	1	Geographic information system
19-1042	technology	2	Development environment software
19-1042	technology	3	Object or component oriented development software
19-1042	technology	4	Information retrieval or search software
19-1042	technology	5	Desktop publishing software
19-2011	knowledge	1	Physics
19-2011	knowledge	2	Mathematics
19-2011	knowledge	3	Computers and Electronics
19-2011	knowledge	4	Engineering and Technology
19-2011	knowledge	5	Chemistry
19-2011	knowledge	6	English Language
19-2011	knowledge	7	Education and Training
19-2011	knowledge	8	Communications and Media
19-2011	skills	1	Science
19-2011	skills	2	Mathematics
19-2011	skills	3	Active Learning
19-2011	skills	4	Writing
19-2011	skills	5	Reading Comprehension
19-2011	skills	6	Learning Strategies
19-2011	skills	7	Operations Analysis
19-2011	skills	8	Management of Financial Resources
19-2011	abilities	1	Mathematical Reasoning
19-2011	abilities	2	Number Facility
19-2011	abilities	3	Flexibility of Closure
19-2011	abilities	4	Originality
19-2011	abilities	5	Far Vision
19-2011	abilities	6	Inductive Reasoning
19-2011	abilities	7	Written Expression
19-2011	abilities	8	Information Ordering
19-2011	technology	1	Data base management system software
19-2011	technology	2	Object or component oriented development software
19-2011	technology	3	Development environment software
19-2012	knowledge	1	Physics
19-2012	knowledge	2	Engineering and Technology
19-2012	knowledge	3	Mathematics
19-2012	knowledge	4	Computers and Electronics
19-2012	knowledge	5	Chemistry
19-2012	knowledge	6	Education and Training
19-2012	knowledge	7	Communications and Media
19-2012	knowledge	8	English Language
19-2012	skills	1	Science
19-2012	skills	2	Programming
19-2012	skills	3	Mathematics
19-2012	skills	4	Learning Strategies
19-2012	skills	5	Operations Analysis
19-2012	skills	6	Technology Design
19-2012	skills	7	Active Learning
19-2012	skills	8	Writing
19-2012	abilities	1	Mathematical Reasoning
19-2012	abilities	2	Number Facility
19-2012	abilities	3	Originality
19-2012	abilities	4	Fluency of Ideas
19-2012	abilities	5	Speed of Closure
19-2012	abilities	6	Visualization
19-2012	abilities	7	Category Flexibility
19-2012	abilities	8	Written Comprehension
19-2012	technology	1	Configuration management software
19-2012	technology	2	Expert system software
19-2012	technology	3	File versioning software
19-2012	technology	4	Enterprise application integration software
19-2012	technology	5	Web platform development software
19-2012	technology	6	Development environment software
19-2012	technology	7	Object or component oriented development software
19-2012	technology	8	Computer aided design CAD software
19-2021	knowledge	1	Physics
19-2021	knowledge	2	Geography
19-2021	knowledge	3	Mathematics
19-2021	knowledge	4	Communications and Media
19-2021	knowledge	5	Chemistry
19-2021	knowledge	6	Computers and Electronics
19-2021	knowledge	7	Engineering and Technology
19-2021	knowledge	8	Telecommunications
19-2021	skills	1	Science
19-2021	skills	2	Writing
19-2021	skills	3	Active Learning
19-2021	skills	4	Operations Analysis
19-2021	skills	5	Systems Analysis
19-2021	skills	6	Complex Problem Solving
19-2021	skills	7	Reading Comprehension
19-2021	skills	8	Judgment and Decision Making
19-2021	abilities	1	Written Comprehension
19-2021	abilities	2	Written Expression
19-2021	abilities	3	Mathematical Reasoning
19-2021	abilities	4	Speech Clarity
19-2021	abilities	5	Oral Expression
19-2021	abilities	6	Oral Comprehension
19-2021	abilities	7	Speech Recognition
19-2021	abilities	8	Inductive Reasoning
19-2021	technology	1	Object or component oriented development software
19-2021	technology	2	Web page creation and editing software
19-2021	technology	3	Map creation software
19-2021	technology	4	Video creation and editing software
19-2021	technology	5	Geographic information system
19-2021	technology	6	Desktop publishing software
19-2021	technology	7	Development environment software
19-2031	knowledge	1	Chemistry
19-2031	knowledge	2	Physics
19-2031	knowledge	3	Production and Processing
19-2031	knowledge	4	Mathematics
19-2031	knowledge	5	Administrative
19-2031	knowledge	6	Engineering and Technology
19-2031	knowledge	7	Computers and Electronics
19-2031	knowledge	8	Administration and Management
19-2031	skills	1	Science
19-2031	skills	2	Mathematics
19-2031	skills	3	Equipment Maintenance
19-2031	skills	4	Quality Control Analysis
19-2031	skills	5	Troubleshooting
19-2031	skills	6	Equipment Selection
19-2031	skills	7	Writing
19-2031	skills	8	Reading Comprehension
19-2031	abilities	1	Mathematical Reasoning
19-2031	abilities	2	Number Facility
19-2031	abilities	3	Category Flexibility
19-2031	abilities	4	Written Expression
19-2031	abilities	5	Inductive Reasoning
19-2031	abilities	6	Visual Color Discrimination
19-2031	abilities	7	Information Ordering
19-2031	abilities	8	Deductive Reasoning
19-2031	technology	1	Enterprise application integration software
19-2031	technology	2	Web platform development software
19-2031	technology	3	Process mapping and design software
19-2031	technology	4	Development environment software
19-2031	technology	5	Object or component oriented development software
19-2031	technology	6	Inventory management software
19-2031	technology	7	Document management software
19-2031	technology	8	Computer aided design CAD software
19-2032	knowledge	1	Chemistry
19-2032	knowledge	2	Physics
19-2032	knowledge	3	Engineering and Technology
19-2032	knowledge	4	Mathematics
19-2032	knowledge	5	Design
19-2032	knowledge	6	Production and Processing
19-2032	knowledge	7	Computers and Electronics
19-2032	knowledge	8	Education and Training
19-2032	skills	1	Science
19-2032	skills	2	Operations Analysis
19-2032	skills	3	Mathematics
19-2032	skills	4	Active Learning
19-2032	skills	5	Writing
19-2032	skills	6	Reading Comprehension
19-2032	skills	7	Critical Thinking
19-2032	skills	8	Systems Evaluation
19-2032	abilities	1	Written Expression
19-2032	abilities	2	Mathematical Reasoning
19-2032	abilities	3	Category Flexibility
19-2032	abilities	4	Written Comprehension
19-2032	abilities	5	Inductive Reasoning
19-2032	abilities	6	Number Facility
19-2032	abilities	7	Information Ordering
19-2032	abilities	8	Deductive Reasoning
19-2032	technology	1	Web platform development software
19-2032	technology	2	Object or component oriented development software
19-2032	technology	3	Development environment software
19-2041	knowledge	1	Biology
19-2041	knowledge	2	Chemistry
19-2041	knowledge	3	Law and Government
19-2041	knowledge	4	Geography
19-2041	knowledge	5	English Language
19-2041	knowledge	6	Physics
19-2041	knowledge	7	Public Safety and Security
19-2041	knowledge	8	Computers and Electronics
19-2041	skills	1	Science
19-2041	skills	2	Writing
19-2041	skills	3	Complex Problem Solving
19-2041	skills	4	Mathematics
19-2041	skills	5	Active Learning
19-2041	skills	6	Operations Analysis
19-2041	skills	7	Reading Comprehension
19-2041	skills	8	Management of Personnel Resources
19-2041	abilities	1	Category Flexibility
19-2041	abilities	2	Written Expression
19-2041	abilities	3	Deductive Reasoning
19-2041	abilities	4	Written Comprehension
19-2041	abilities	5	Inductive Reasoning
19-2041	abilities	6	Problem Sensitivity
19-2041	abilities	7	Mathematical Reasoning
19-2041	abilities	8	Information Ordering
19-2041	technology	1	Geographic information system
19-2041	technology	2	Development environment software
19-2041	technology	3	Object or component oriented development software
19-2041	technology	4	Document management software
19-2041	technology	5	Computer aided design CAD software
19-2041	technology	6	Compliance software
19-2041	technology	7	Map creation software
19-2042	knowledge	1	Geography
19-2042	knowledge	2	Chemistry
19-2042	knowledge	3	Physics
19-2042	knowledge	4	Biology
19-2042	knowledge	5	Engineering and Technology
19-2042	knowledge	6	Mathematics
19-2042	knowledge	7	Computers and Electronics
19-2042	knowledge	8	Law and Government
19-2042	skills	1	Science
19-2042	skills	2	Mathematics
19-2042	skills	3	Writing
19-2042	skills	4	Complex Problem Solving
19-2042	skills	5	Reading Comprehension
19-2042	skills	6	Judgment and Decision Making
19-2042	skills	7	Systems Evaluation
19-2042	skills	8	Operations Analysis
19-2042	abilities	1	Mathematical Reasoning
19-2042	abilities	2	Category Flexibility
19-2042	abilities	3	Inductive Reasoning
19-2042	abilities	4	Number Facility
19-2042	abilities	5	Written Expression
19-2042	abilities	6	Written Comprehension
19-2042	abilities	7	Information Ordering
19-2042	abilities	8	Deductive Reasoning
19-2042	technology	1	File versioning software
19-2042	technology	2	Geographic information system
19-2042	technology	3	Web platform development software
19-2042	technology	4	Object or component oriented development software
19-2042	technology	5	Document management software
19-2042	technology	6	Computer aided design CAD software
19-2042	technology	7	Data conversion software
19-2042	technology	8	Map creation software
19-2043	knowledge	1	Physics
19-2043	knowledge	2	Geography
19-2043	knowledge	3	Engineering and Technology
19-2043	knowledge	4	Biology
19-2043	knowledge	5	Chemistry
19-2043	knowledge	6	Mathematics
19-2043	knowledge	7	Computers and Electronics
19-2043	knowledge	8	English Language
19-2043	skills	1	Science
19-2043	skills	2	Mathematics
19-2043	skills	3	Systems Analysis
19-2043	skills	4	Complex Problem Solving
19-2043	skills	5	Active Learning
19-2043	skills	6	Critical Thinking
19-2043	skills	7	Writing
19-2043	skills	8	Reading Comprehension
19-2043	abilities	1	Mathematical Reasoning
19-2043	abilities	2	Flexibility of Closure
19-2043	abilities	3	Number Facility
19-2043	abilities	4	Written Expression
19-2043	abilities	5	Category Flexibility
19-2043	abilities	6	Fluency of Ideas
19-2043	abilities	7	Written Comprehension
19-2043	abilities	8	Memorization
19-2043	technology	1	Geographic information system
19-2043	technology	2	Web platform development software
19-2043	technology	3	Development environment software
19-2043	technology	4	Object or component oriented development software
19-2043	technology	5	Computer aided design CAD software
19-2043	technology	6	Categorization or classification software
19-2043	technology	7	Compliance software
19-2043	technology	8	Map creation software
19-2099	knowledge	1	Geography
19-2099	knowledge	2	Engineering and Technology
19-2099	knowledge	3	Physics
19-2099	knowledge	4	Computers and Electronics
19-2099	knowledge	5	Biology
19-2099	knowledge	6	Mathematics
19-2099	knowledge	7	Design
19-2099	knowledge	8	Telecommunications
19-2099	skills	1	Science
19-2099	skills	2	Programming
19-2099	skills	3	Operations Analysis
19-2099	skills	4	Mathematics
19-2099	skills	5	Systems Evaluation
19-2099	skills	6	Systems Analysis
19-2099	skills	7	Writing
19-2099	skills	8	Complex Problem Solving
19-2099	abilities	1	Mathematical Reasoning
19-2099	abilities	2	Number Facility
19-2099	abilities	3	Inductive Reasoning
19-2099	abilities	4	Deductive Reasoning
19-2099	abilities	5	Fluency of Ideas
19-2099	abilities	6	Written Expression
19-2099	abilities	7	Category Flexibility
19-2099	abilities	8	Originality
19-2099	technology	1	Storage networking software
19-2099	technology	2	Object oriented data base management software
19-2099	technology	3	Configuration management software
19-2099	technology	4	Cloud-based management software
19-2099	technology	5	Expert system software
19-2099	technology	6	File versioning software
19-2099	technology	7	Program testing software
19-2099	technology	8	Application server software
19-3011	knowledge	1	Economics and Accounting
19-3011	knowledge	2	Mathematics
19-3011	knowledge	3	English Language
19-3011	knowledge	4	Computers and Electronics
19-3011	knowledge	5	Law and Government
19-3011	knowledge	6	Education and Training
19-3011	knowledge	7	Administration and Management
19-3011	skills	1	Mathematics
19-3011	skills	2	Writing
19-3011	skills	3	Active Learning
19-3011	skills	4	Judgment and Decision Making
19-3011	skills	5	Operations Analysis
19-3011	skills	6	Systems Analysis
19-3011	skills	7	Complex Problem Solving
19-3011	skills	8	Instructing
19-3011	abilities	1	Mathematical Reasoning
19-3011	abilities	2	Fluency of Ideas
19-3011	abilities	3	Number Facility
19-3011	abilities	4	Written Expression
19-3011	abilities	5	Written Comprehension
19-3011	abilities	6	Inductive Reasoning
19-3011	abilities	7	Speech Clarity
19-3011	abilities	8	Deductive Reasoning
19-3011	technology	1	Data base management system software
19-3011	technology	2	Business intelligence and data analysis software
19-3011	technology	3	Development environment software
19-3011	technology	4	Object or component oriented development software
19-3011	technology	5	Financial analysis software
19-3011	technology	6	Geographic information system
19-3011	technology	7	Desktop publishing software
19-3011	technology	8	Web page creation and editing software
19-3022	knowledge	1	Sociology and Anthropology
19-3022	knowledge	2	Mathematics
19-3022	knowledge	3	English Language
19-3022	knowledge	4	Communications and Media
19-3022	knowledge	5	Sales and Marketing
19-3022	knowledge	6	Psychology
19-3022	knowledge	7	Administration and Management
19-3022	knowledge	8	Computers and Electronics
19-3022	skills	1	Mathematics
19-3022	skills	2	Writing
19-3022	skills	3	Science
19-3022	skills	4	Critical Thinking
19-3022	skills	5	Reading Comprehension
19-3022	skills	6	Systems Evaluation
19-3022	skills	7	Speaking
19-3022	skills	8	Systems Analysis
19-3022	abilities	1	Mathematical Reasoning
19-3022	abilities	2	Number Facility
19-3022	abilities	3	Written Expression
19-3022	abilities	4	Inductive Reasoning
19-3022	abilities	5	Written Comprehension
19-3022	abilities	6	Deductive Reasoning
19-3022	abilities	7	Memorization
19-3022	abilities	8	Speech Clarity
19-3022	technology	1	Video conferencing software
19-3022	technology	2	Business intelligence and data analysis software
19-3022	technology	3	Enterprise application integration software
19-3022	technology	4	Web platform development software
19-3022	technology	5	Object or component oriented development software
19-3022	technology	6	Interactive voice response software
19-3022	technology	7	Data mining software
19-3022	technology	8	Expert system software
19-3032	knowledge	1	Personnel and Human Resources
19-3032	knowledge	2	Psychology
19-3032	knowledge	3	Education and Training
19-3032	knowledge	4	Sociology and Anthropology
19-3032	knowledge	5	Administration and Management
19-3032	knowledge	6	Mathematics
19-3032	knowledge	7	Therapy and Counseling
19-3032	knowledge	8	Law and Government
19-3032	skills	1	Science
19-3032	skills	2	Operations Analysis
19-3032	skills	3	Systems Evaluation
19-3032	skills	4	Systems Analysis
19-3032	skills	5	Programming
19-3032	skills	6	Writing
19-3032	skills	7	Persuasion
19-3032	skills	8	Mathematics
19-3032	abilities	1	Mathematical Reasoning
19-3032	abilities	2	Originality
19-3032	abilities	3	Fluency of Ideas
19-3032	abilities	4	Written Expression
19-3032	abilities	5	Written Comprehension
19-3032	abilities	6	Inductive Reasoning
19-3032	abilities	7	Oral Expression
19-3032	abilities	8	Information Ordering
19-3032	technology	1	Web platform development software
19-3032	technology	2	Process mapping and design software
19-3032	technology	3	Document management software
19-3032	technology	4	Human resources software
19-3032	technology	5	Computer based training software
19-3033	knowledge	1	Therapy and Counseling
19-3033	knowledge	2	Psychology
19-3033	knowledge	3	Sociology and Anthropology
19-3033	knowledge	4	Philosophy and Theology
19-3033	knowledge	5	Customer and Personal Service
19-3033	knowledge	6	Administrative
19-3033	knowledge	7	Medicine and Dentistry
19-3033	knowledge	8	Law and Government
19-3033	skills	1	Social Perceptiveness
19-3033	skills	2	Reading Comprehension
19-3033	skills	3	Critical Thinking
19-3033	skills	4	Writing
19-3033	skills	5	Service Orientation
19-3033	skills	6	Active Listening
19-3033	skills	7	Persuasion
19-3033	skills	8	Learning Strategies
19-3033	abilities	1	Fluency of Ideas
19-3033	abilities	2	Written Expression
19-3033	abilities	3	Oral Comprehension
19-3033	abilities	4	Written Comprehension
19-3033	abilities	5	Oral Expression
19-3033	abilities	6	Problem Sensitivity
19-3033	abilities	7	Speech Recognition
19-3033	abilities	8	Originality
19-3033	technology	1	Medical software
19-3033	technology	2	Accounting software
19-3033	technology	3	Calendar and scheduling software
19-3034	knowledge	1	Therapy and Counseling
19-3034	knowledge	2	Psychology
19-3034	knowledge	3	Sociology and Anthropology
19-3034	knowledge	4	Education and Training
19-3034	knowledge	5	Administrative
19-3034	knowledge	6	Law and Government
19-3034	knowledge	7	Customer and Personal Service
19-3034	knowledge	8	Mathematics
19-3034	skills	1	Social Perceptiveness
19-3034	skills	2	Writing
19-3034	skills	3	Service Orientation
19-3034	skills	4	Active Listening
19-3034	skills	5	Reading Comprehension
19-3034	skills	6	Negotiation
19-3034	skills	7	Persuasion
19-3034	skills	8	Learning Strategies
19-3034	abilities	1	Written Expression
19-3034	abilities	2	Oral Expression
19-3034	abilities	3	Oral Comprehension
19-3034	abilities	4	Deductive Reasoning
19-3034	abilities	5	Written Comprehension
19-3034	abilities	6	Inductive Reasoning
19-3034	abilities	7	Speech Clarity
19-3034	abilities	8	Speech Recognition
19-3034	technology	1	Optical character reader OCR or scanning software
19-3034	technology	2	Video conferencing software
19-3034	technology	3	Computer based training software
19-3039	technology	1	Medical software
19-3039	technology	2	Calendar and scheduling software
19-3041	knowledge	1	Sociology and Anthropology
19-3041	knowledge	2	History and Archeology
19-3041	knowledge	3	Philosophy and Theology
19-3041	knowledge	4	Education and Training
19-3041	knowledge	5	English Language
19-3041	knowledge	6	Geography
19-3041	knowledge	7	Psychology
19-3041	knowledge	8	Law and Government
19-3041	skills	1	Science
19-3041	skills	2	Learning Strategies
19-3041	skills	3	Active Learning
19-3041	skills	4	Writing
19-3041	skills	5	Instructing
19-3041	skills	6	Social Perceptiveness
19-3041	skills	7	Speaking
19-3041	skills	8	Reading Comprehension
19-3041	abilities	1	Written Expression
19-3041	abilities	2	Inductive Reasoning
19-3041	abilities	3	Written Comprehension
19-3041	abilities	4	Oral Expression
19-3041	abilities	5	Oral Comprehension
19-3041	abilities	6	Deductive Reasoning
19-3041	abilities	7	Speech Clarity
19-3041	abilities	8	Mathematical Reasoning
19-3041	technology	1	Geographic information system
19-3041	technology	2	Customer relationship management CRM software
19-3041	technology	3	Process mapping and design software
19-3041	technology	4	Object or component oriented development software
19-3041	technology	5	Web page creation and editing software
19-3041	technology	6	Document management software
19-3041	technology	7	Object oriented data base management software
19-3041	technology	8	Information retrieval or search software
19-3051	knowledge	1	Geography
19-3051	knowledge	2	Law and Government
19-3051	knowledge	3	Transportation
19-3051	knowledge	4	Sociology and Anthropology
19-3051	knowledge	5	Communications and Media
19-3051	knowledge	6	History and Archeology
19-3051	knowledge	7	Design
19-3051	knowledge	8	English Language
19-3051	skills	1	Systems Analysis
19-3051	skills	2	Systems Evaluation
19-3051	skills	3	Operations Analysis
19-3051	skills	4	Judgment and Decision Making
19-3051	skills	5	Negotiation
19-3051	skills	6	Writing
19-3051	skills	7	Science
19-3051	skills	8	Management of Financial Resources
19-3051	abilities	1	Fluency of Ideas
19-3051	abilities	2	Written Expression
19-3051	abilities	3	Speech Clarity
19-3051	abilities	4	Speech Recognition
19-3051	abilities	5	Written Comprehension
19-3051	abilities	6	Inductive Reasoning
19-3051	abilities	7	Originality
19-3051	abilities	8	Number Facility
19-3051	technology	1	Enterprise application integration software
19-3051	technology	2	Geographic information system
19-3051	technology	3	Web platform development software
19-3051	technology	4	Desktop publishing software
19-3051	technology	5	Cloud-based data access and sharing software
19-3051	technology	6	Object or component oriented development software
19-3051	technology	7	Document management software
19-3051	technology	8	Computer aided design CAD software
19-3091	knowledge	1	History and Archeology
19-3091	knowledge	2	Sociology and Anthropology
19-3091	knowledge	3	Geography
19-3091	knowledge	4	Philosophy and Theology
19-3091	knowledge	5	Foreign Language
19-3091	knowledge	6	Biology
19-3091	knowledge	7	English Language
19-3091	knowledge	8	Communications and Media
19-3091	skills	1	Writing
19-3091	skills	2	Reading Comprehension
19-3091	skills	3	Science
19-3091	skills	4	Critical Thinking
19-3091	skills	5	Learning Strategies
19-3091	skills	6	Speaking
19-3091	skills	7	Instructing
19-3091	skills	8	Complex Problem Solving
19-3091	abilities	1	Written Expression
19-3091	abilities	2	Inductive Reasoning
19-3091	abilities	3	Written Comprehension
19-3091	abilities	4	Flexibility of Closure
19-3091	abilities	5	Deductive Reasoning
19-3091	abilities	6	Category Flexibility
19-3091	abilities	7	Fluency of Ideas
19-3091	abilities	8	Speech Clarity
19-3091	technology	1	Geographic information system
19-3091	technology	2	Desktop publishing software
19-3091	technology	3	Cloud-based data access and sharing software
19-3091	technology	4	Object or component oriented development software
19-3091	technology	5	Web page creation and editing software
19-3091	technology	6	Document management software
19-3091	technology	7	Computer aided design CAD software
19-3091	technology	8	Voice recognition software
19-3092	knowledge	1	Geography
19-3092	knowledge	2	Sociology and Anthropology
19-3092	knowledge	3	History and Archeology
19-3092	knowledge	4	Biology
19-3092	knowledge	5	Computers and Electronics
19-3092	knowledge	6	Education and Training
19-3092	knowledge	7	Communications and Media
19-3092	knowledge	8	Law and Government
19-3092	skills	1	Science
19-3092	skills	2	Writing
19-3092	skills	3	Systems Analysis
19-3092	skills	4	Reading Comprehension
19-3092	skills	5	Active Learning
19-3092	skills	6	Critical Thinking
19-3092	skills	7	Systems Evaluation
19-3092	skills	8	Speaking
19-3092	abilities	1	Written Expression
19-3092	abilities	2	Inductive Reasoning
19-3092	abilities	3	Written Comprehension
19-3092	abilities	4	Deductive Reasoning
19-3092	abilities	5	Category Flexibility
19-3092	abilities	6	Number Facility
19-3092	abilities	7	Mathematical Reasoning
19-3092	abilities	8	Information Ordering
19-3092	technology	1	Geographic information system
19-3092	technology	2	Computer aided design CAD software
19-3092	technology	3	Map creation software
19-3092	technology	4	Web page creation and editing software
19-3093	knowledge	1	History and Archeology
19-3093	knowledge	2	Fine Arts
19-3093	knowledge	3	Geography
19-3093	knowledge	4	Sociology and Anthropology
19-3093	knowledge	5	Communications and Media
19-3093	knowledge	6	English Language
19-3093	knowledge	7	Administrative
19-3093	knowledge	8	Education and Training
19-3093	skills	1	Reading Comprehension
19-3093	skills	2	Writing
19-3093	skills	3	Science
19-3093	skills	4	Active Learning
19-3093	skills	5	Critical Thinking
19-3093	skills	6	Instructing
19-3093	skills	7	Active Listening
19-3093	skills	8	Speaking
19-3093	abilities	1	Written Comprehension
19-3093	abilities	2	Written Expression
19-3093	abilities	3	Inductive Reasoning
19-3093	abilities	4	Speech Clarity
19-3093	abilities	5	Oral Expression
19-3093	abilities	6	Oral Comprehension
19-3093	abilities	7	Speech Recognition
19-3093	abilities	8	Fluency of Ideas
19-3093	technology	1	Enterprise application integration software
19-3093	technology	2	Geographic information system
19-3093	technology	3	Web platform development software
19-3093	technology	4	Desktop publishing software
19-3093	technology	5	Cloud-based data access and sharing software
19-3093	technology	6	Web page creation and editing software
19-3093	technology	7	Document management software
19-3093	technology	8	Music or sound editing software
19-3094	knowledge	1	Law and Government
19-3094	knowledge	2	History and Archeology
19-3094	knowledge	3	Philosophy and Theology
19-3094	knowledge	4	Sociology and Anthropology
19-3094	knowledge	5	Geography
19-3094	knowledge	6	Education and Training
19-3094	knowledge	7	Communications and Media
19-3094	knowledge	8	Foreign Language
19-3094	skills	1	Active Learning
19-3094	skills	2	Writing
19-3094	skills	3	Reading Comprehension
19-3094	skills	4	Learning Strategies
19-3094	skills	5	Instructing
19-3094	skills	6	Science
19-3094	skills	7	Social Perceptiveness
19-3094	skills	8	Speaking
19-3094	abilities	1	Written Comprehension
19-3094	abilities	2	Written Expression
19-3094	abilities	3	Inductive Reasoning
19-3094	abilities	4	Speech Clarity
19-3094	abilities	5	Speech Recognition
19-3094	abilities	6	Memorization
19-3094	abilities	7	Oral Expression
19-3094	abilities	8	Oral Comprehension
19-3094	technology	1	Business intelligence and data analysis software
19-3094	technology	2	Web platform development software
19-3094	technology	3	Process mapping and design software
19-3094	technology	4	Cloud-based data access and sharing software
19-3094	technology	5	Object or component oriented development software
19-3094	technology	6	Document management software
19-3094	technology	7	Data base management system software
19-3094	technology	8	Information retrieval or search software
19-3099	knowledge	1	Transportation
19-3099	knowledge	2	Geography
19-3099	knowledge	3	Law and Government
19-3099	knowledge	4	Engineering and Technology
19-3099	knowledge	5	Sociology and Anthropology
19-3099	knowledge	6	Design
19-3099	knowledge	7	Mathematics
19-3099	knowledge	8	Economics and Accounting
19-3099	skills	1	Operations Analysis
19-3099	skills	2	Systems Evaluation
19-3099	skills	3	Writing
19-3099	skills	4	Mathematics
19-3099	skills	5	Systems Analysis
19-3099	skills	6	Complex Problem Solving
19-3099	skills	7	Active Learning
19-3099	skills	8	Judgment and Decision Making
19-3099	abilities	1	Fluency of Ideas
19-3099	abilities	2	Visualization
19-3099	abilities	3	Originality
19-3099	abilities	4	Written Expression
19-3099	abilities	5	Inductive Reasoning
19-3099	abilities	6	Speed of Closure
19-3099	abilities	7	Mathematical Reasoning
19-3099	abilities	8	Deductive Reasoning
19-3099	technology	1	Geographic information system
19-3099	technology	2	Desktop publishing software
19-3099	technology	3	Development environment software
19-3099	technology	4	Document management software
19-3099	technology	5	Computer aided design CAD software
19-3099	technology	6	Mobile location based services software
19-3099	technology	7	Map creation software
19-3099	technology	8	Industrial control software
19-4012	knowledge	1	Biology
19-4012	knowledge	2	Chemistry
19-4012	knowledge	3	Geography
19-4012	knowledge	4	Food Production
19-4012	knowledge	5	Mathematics
19-4012	knowledge	6	Mechanical
19-4012	knowledge	7	Administrative
19-4012	knowledge	8	Administration and Management
19-4012	skills	1	Science
19-4012	skills	2	Mathematics
19-4012	skills	3	Operation and Control
19-4012	skills	4	Operations Monitoring
19-4012	skills	5	Instructing
19-4012	skills	6	Writing
19-4012	skills	7	Complex Problem Solving
19-4012	skills	8	Reading Comprehension
19-4012	abilities	1	Mathematical Reasoning
19-4012	abilities	2	Control Precision
19-4012	abilities	3	Visual Color Discrimination
19-4012	abilities	4	Number Facility
19-4012	abilities	5	Multilimb Coordination
19-4012	abilities	6	Arm-Hand Steadiness
19-4012	abilities	7	Finger Dexterity
19-4012	abilities	8	Depth Perception
19-4012	technology	1	Mobile location based services software
19-4012	technology	2	Geographic information system
19-4012	technology	3	Desktop publishing software
19-4013	knowledge	1	Food Production
19-4013	knowledge	2	Chemistry
19-4013	knowledge	3	Biology
19-4013	knowledge	4	Production and Processing
19-4013	knowledge	5	Computers and Electronics
19-4013	knowledge	6	Mathematics
19-4013	knowledge	7	Administrative
19-4013	knowledge	8	English Language
19-4013	skills	1	Science
19-4013	skills	2	Quality Control Analysis
19-4013	skills	3	Writing
19-4013	skills	4	Reading Comprehension
19-4013	skills	5	Mathematics
19-4013	skills	6	Operations Monitoring
19-4013	skills	7	Instructing
19-4013	skills	8	Learning Strategies
19-4013	abilities	1	Visual Color Discrimination
19-4013	abilities	2	Number Facility
19-4013	abilities	3	Written Expression
19-4013	abilities	4	Mathematical Reasoning
19-4013	abilities	5	Control Precision
19-4013	abilities	6	Perceptual Speed
19-4013	abilities	7	Near Vision
19-4013	abilities	8	Written Comprehension
19-4013	technology	1	Process mapping and design software
19-4013	technology	2	Graphical user interface development software
19-4013	technology	3	Cloud-based management software
19-4013	technology	4	Application server software
19-4013	technology	5	Web platform development software
19-4013	technology	6	Object or component oriented development software
19-4021	knowledge	1	Biology
19-4021	knowledge	2	Chemistry
19-4021	knowledge	3	Computers and Electronics
19-4021	knowledge	4	Mathematics
19-4021	knowledge	5	English Language
19-4021	skills	1	Science
19-4021	skills	2	Troubleshooting
19-4021	skills	3	Reading Comprehension
19-4021	skills	4	Quality Control Analysis
19-4021	skills	5	Mathematics
19-4021	skills	6	Operations Monitoring
19-4021	skills	7	Operation and Control
19-4021	skills	8	Active Learning
19-4021	abilities	1	Inductive Reasoning
19-4021	abilities	2	Visual Color Discrimination
19-4021	abilities	3	Number Facility
19-4021	abilities	4	Arm-Hand Steadiness
19-4021	abilities	5	Manual Dexterity
19-4021	abilities	6	Mathematical Reasoning
19-4021	abilities	7	Information Ordering
19-4021	abilities	8	Category Flexibility
19-4021	technology	1	Geographic information system
19-4021	technology	2	Document management software
19-4021	technology	3	Map creation software
19-4031	knowledge	1	Chemistry
19-4031	knowledge	2	Production and Processing
19-4031	knowledge	3	Mathematics
19-4031	knowledge	4	Administrative
19-4031	knowledge	5	Computers and Electronics
19-4031	knowledge	6	English Language
19-4031	knowledge	7	Education and Training
19-4031	skills	1	Science
19-4031	skills	2	Equipment Maintenance
19-4031	skills	3	Repairing
19-4031	skills	4	Equipment Selection
19-4031	skills	5	Troubleshooting
19-4031	skills	6	Operation and Control
19-4031	skills	7	Quality Control Analysis
19-4031	skills	8	Writing
19-4031	abilities	1	Control Precision
19-4031	abilities	2	Manual Dexterity
19-4031	abilities	3	Multilimb Coordination
19-4031	abilities	4	Written Expression
19-4031	abilities	5	Arm-Hand Steadiness
19-4031	abilities	6	Speed of Closure
19-4031	abilities	7	Mathematical Reasoning
19-4031	abilities	8	Category Flexibility
19-4031	technology	1	Object or component oriented development software
19-4031	technology	2	Development environment software
19-4042	knowledge	1	Biology
19-4042	knowledge	2	Chemistry
19-4042	knowledge	3	Law and Government
19-4042	knowledge	4	Engineering and Technology
19-4042	knowledge	5	Physics
19-4042	knowledge	6	Computers and Electronics
19-4042	knowledge	7	Public Safety and Security
19-4042	knowledge	8	Mathematics
19-4042	skills	1	Science
19-4042	skills	2	Writing
19-4042	skills	3	Operation and Control
19-4042	skills	4	Operations Analysis
19-4042	skills	5	Mathematics
19-4042	skills	6	Reading Comprehension
19-4042	skills	7	Operations Monitoring
19-4042	skills	8	Systems Analysis
19-4042	abilities	1	Written Expression
19-4042	abilities	2	Number Facility
19-4042	abilities	3	Written Comprehension
19-4042	abilities	4	Arm-Hand Steadiness
19-4042	abilities	5	Manual Dexterity
19-4042	abilities	6	Speed of Closure
19-4042	abilities	7	Mathematical Reasoning
19-4042	abilities	8	Deductive Reasoning
19-4042	technology	1	Geographic information system
19-4042	technology	2	Document management software
19-4042	technology	3	Computer aided design CAD software
19-4042	technology	4	Map creation software
19-4042	technology	5	Video creation and editing software
19-4043	knowledge	1	Geography
19-4043	knowledge	2	Physics
19-4043	knowledge	3	Chemistry
19-4043	knowledge	4	Engineering and Technology
19-4043	knowledge	5	Computers and Electronics
19-4043	knowledge	6	Mathematics
19-4043	knowledge	7	Design
19-4043	knowledge	8	Mechanical
19-4043	skills	1	Science
19-4043	skills	2	Operation and Control
19-4043	skills	3	Operations Monitoring
19-4043	skills	4	Reading Comprehension
19-4043	skills	5	Critical Thinking
19-4043	skills	6	Quality Control Analysis
19-4043	skills	7	Writing
19-4043	skills	8	Mathematics
19-4043	abilities	1	Depth Perception
19-4043	abilities	2	Written Comprehension
19-4043	abilities	3	Flexibility of Closure
19-4043	abilities	4	Information Ordering
19-4043	abilities	5	Number Facility
19-4043	abilities	6	Category Flexibility
19-4043	abilities	7	Finger Dexterity
19-4043	abilities	8	Multilimb Coordination
19-4043	technology	1	Geographic information system
19-4043	technology	2	Computer aided design CAD software
19-4043	technology	3	Mobile location based services software
19-4043	technology	4	Map creation software
19-4043	technology	5	Data base reporting software
19-4043	technology	6	Inventory management software
19-4044	technology	1	Geographic information system
19-4044	technology	2	Web platform development software
19-4044	technology	3	Document management software
19-4051	knowledge	1	Physics
19-4051	knowledge	2	Mechanical
19-4051	knowledge	3	Chemistry
19-4051	knowledge	4	Public Safety and Security
19-4051	knowledge	5	Engineering and Technology
19-4051	knowledge	6	Design
19-4051	knowledge	7	Education and Training
19-4051	knowledge	8	Law and Government
19-4051	skills	1	Operations Monitoring
19-4051	skills	2	Operation and Control
19-4051	skills	3	Repairing
19-4051	skills	4	Equipment Maintenance
19-4051	skills	5	Science
19-4051	skills	6	Troubleshooting
19-4051	skills	7	Quality Control Analysis
19-4051	skills	8	Monitoring
19-4051	abilities	1	Auditory Attention
19-4051	abilities	2	Perceptual Speed
19-4051	abilities	3	Reaction Time
19-4051	abilities	4	Hearing Sensitivity
19-4051	abilities	5	Flexibility of Closure
19-4051	abilities	6	Far Vision
19-4051	abilities	7	Selective Attention
19-4051	abilities	8	Response Orientation
19-4051	technology	1	Clustering software
19-4051	technology	2	Application server software
19-4051	technology	3	Industrial control software
19-4061	knowledge	1	English Language
19-4061	knowledge	2	Administrative
19-4061	knowledge	3	Computers and Electronics
19-4061	knowledge	4	Psychology
19-4061	knowledge	5	Mathematics
19-4061	knowledge	6	Education and Training
19-4061	knowledge	7	Customer and Personal Service
19-4061	skills	1	Science
19-4061	skills	2	Programming
19-4061	skills	3	Writing
19-4061	skills	4	Mathematics
19-4061	skills	5	Reading Comprehension
19-4061	skills	6	Systems Analysis
19-4061	skills	7	Critical Thinking
19-4061	skills	8	Systems Evaluation
19-4061	abilities	1	Mathematical Reasoning
19-4061	abilities	2	Written Comprehension
19-4061	abilities	3	Number Facility
19-4061	abilities	4	Written Expression
19-4061	abilities	5	Oral Expression
19-4061	abilities	6	Oral Comprehension
19-4061	abilities	7	Information Ordering
19-4061	abilities	8	Originality
19-4061	technology	1	Business intelligence and data analysis software
19-4061	technology	2	Enterprise application integration software
19-4061	technology	3	Geographic information system
19-4061	technology	4	Web platform development software
19-4061	technology	5	Desktop publishing software
19-4061	technology	6	Development environment software
19-4061	technology	7	Object or component oriented development software
19-4061	technology	8	Computer based training software
19-4071	knowledge	1	Geography
19-4071	knowledge	2	Biology
19-4071	knowledge	3	History and Archeology
19-4071	knowledge	4	Public Safety and Security
19-4071	knowledge	5	Law and Government
19-4071	knowledge	6	Mechanical
19-4071	knowledge	7	Personnel and Human Resources
19-4071	knowledge	8	Telecommunications
19-4071	skills	1	Science
19-4071	skills	2	Operation and Control
19-4071	skills	3	Operations Monitoring
19-4071	skills	4	Systems Analysis
19-4071	skills	5	Instructing
19-4071	skills	6	Management of Personnel Resources
19-4071	skills	7	Critical Thinking
19-4071	skills	8	Learning Strategies
19-4071	abilities	1	Spatial Orientation
19-4071	abilities	2	Glare Sensitivity
19-4071	abilities	3	Stamina
19-4071	abilities	4	Static Strength
19-4071	abilities	5	Gross Body Equilibrium
19-4071	abilities	6	Extent Flexibility
19-4071	abilities	7	Gross Body Coordination
19-4071	abilities	8	Response Orientation
19-4071	technology	1	Geographic information system
19-4071	technology	2	Web platform development software
19-4071	technology	3	Web page creation and editing software
19-4071	technology	4	Map creation software
19-4071	technology	5	Inventory management software
19-4071	technology	6	Desktop publishing software
19-4071	technology	7	Computer aided design CAD software
19-4092	knowledge	1	Law and Government
19-4092	knowledge	2	Public Safety and Security
19-4092	knowledge	3	Biology
19-4092	knowledge	4	Chemistry
19-4092	knowledge	5	Education and Training
19-4092	knowledge	6	Physics
19-4092	knowledge	7	Telecommunications
19-4092	knowledge	8	Computers and Electronics
19-4092	skills	1	Science
19-4092	skills	2	Writing
19-4092	skills	3	Reading Comprehension
19-4092	skills	4	Critical Thinking
19-4092	skills	5	Speaking
19-4092	skills	6	Operation and Control
19-4092	skills	7	Complex Problem Solving
19-4092	skills	8	Active Listening
19-4092	abilities	1	Flexibility of Closure
19-4092	abilities	2	Far Vision
19-4092	abilities	3	Visual Color Discrimination
19-4092	abilities	4	Written Expression
19-4092	abilities	5	Speed of Closure
19-4092	abilities	6	Category Flexibility
19-4092	abilities	7	Depth Perception
19-4092	abilities	8	Inductive Reasoning
19-4092	technology	1	Process mapping and design software
19-4092	technology	2	Computer aided design CAD software
19-4099	knowledge	1	Chemistry
19-4099	knowledge	2	Production and Processing
19-4099	knowledge	3	Food Production
19-4099	knowledge	4	Mathematics
19-4099	knowledge	5	Administrative
19-4099	knowledge	6	Mechanical
19-4099	knowledge	7	Computers and Electronics
19-4099	knowledge	8	English Language
19-4099	skills	1	Quality Control Analysis
19-4099	skills	2	Troubleshooting
19-4099	skills	3	Science
19-4099	skills	4	Operations Monitoring
19-4099	skills	5	Operation and Control
19-4099	skills	6	Monitoring
19-4099	skills	7	Mathematics
19-4099	skills	8	Systems Evaluation
19-4099	abilities	1	Written Expression
19-4099	abilities	2	Mathematical Reasoning
19-4099	abilities	3	Written Comprehension
19-4099	abilities	4	Arm-Hand Steadiness
19-4099	abilities	5	Near Vision
19-4099	abilities	6	Manual Dexterity
19-4099	abilities	7	Finger Dexterity
19-4099	abilities	8	Far Vision
19-4099	technology	1	Content workflow software
19-4099	technology	2	Program testing software
19-4099	technology	3	Enterprise application integration software
19-4099	technology	4	Web platform development software
19-4099	technology	5	Process mapping and design software
19-4099	technology	6	Cloud-based data access and sharing software
19-4099	technology	7	Development environment software
19-4099	technology	8	Document management software
19-5011	knowledge	1	Biology
19-5011	knowledge	2	Chemistry
19-5011	knowledge	3	Physics
19-5011	knowledge	4	Law and Government
19-5011	knowledge	5	Engineering and Technology
19-5011	knowledge	6	Public Safety and Security
19-5011	knowledge	7	Building and Construction
19-5011	knowledge	8	Education and Training
19-5011	skills	1	Systems Evaluation
19-5011	skills	2	Operations Analysis
19-5011	skills	3	Science
19-5011	skills	4	Quality Control Analysis
19-5011	skills	5	Mathematics
19-5011	skills	6	Systems Analysis
19-5011	skills	7	Operations Monitoring
19-5011	skills	8	Complex Problem Solving
19-5011	abilities	1	Flexibility of Closure
19-5011	abilities	2	Written Expression
19-5011	abilities	3	Mathematical Reasoning
19-5011	abilities	4	Inductive Reasoning
19-5011	abilities	5	Number Facility
19-5011	abilities	6	Speed of Closure
19-5011	abilities	7	Deductive Reasoning
19-5011	abilities	8	Far Vision
19-5011	technology	1	Web platform development software
19-5011	technology	2	Cloud-based data access and sharing software
19-5011	technology	3	Compliance software
19-5012	knowledge	1	Chemistry
19-5012	knowledge	2	Biology
19-5012	knowledge	3	Law and Government
19-5012	knowledge	4	Building and Construction
19-5012	knowledge	5	Engineering and Technology
19-5012	knowledge	6	Public Safety and Security
19-5012	knowledge	7	Physics
19-5012	knowledge	8	Mechanical
19-5012	skills	1	Science
19-5012	skills	2	Operations Monitoring
19-5012	skills	3	Systems Analysis
19-5012	skills	4	Reading Comprehension
19-5012	skills	5	Active Listening
19-5012	skills	6	Critical Thinking
19-5012	skills	7	Speaking
19-5012	skills	8	Quality Control Analysis
19-5012	abilities	1	Inductive Reasoning
19-5012	abilities	2	Deductive Reasoning
19-5012	abilities	3	Flexibility of Closure
19-5012	abilities	4	Written Expression
19-5012	abilities	5	Problem Sensitivity
19-5012	abilities	6	Mathematical Reasoning
19-5012	abilities	7	Written Comprehension
19-5012	abilities	8	Far Vision
19-5012	technology	1	Cloud-based data access and sharing software
19-5012	technology	2	Video conferencing software
19-5012	technology	3	Industrial control software
21-1011	knowledge	1	Therapy and Counseling
21-1011	knowledge	2	Psychology
21-1011	knowledge	3	Philosophy and Theology
21-1011	knowledge	4	Sociology and Anthropology
21-1011	knowledge	5	Education and Training
21-1011	knowledge	6	Medicine and Dentistry
21-1011	knowledge	7	Foreign Language
21-1011	knowledge	8	Administrative
21-1011	skills	1	Persuasion
21-1011	skills	2	Social Perceptiveness
21-1011	skills	3	Service Orientation
21-1011	skills	4	Writing
21-1011	skills	5	Speaking
21-1011	skills	6	Monitoring
21-1011	skills	7	Active Listening
21-1011	skills	8	Active Learning
21-1011	abilities	1	Speech Clarity
21-1011	abilities	2	Written Expression
21-1011	abilities	3	Inductive Reasoning
21-1011	abilities	4	Problem Sensitivity
21-1011	abilities	5	Deductive Reasoning
21-1011	abilities	6	Speech Recognition
21-1011	abilities	7	Fluency of Ideas
21-1011	abilities	8	Written Comprehension
21-1011	technology	1	Medical software
21-1011	technology	2	Calendar and scheduling software
21-1012	knowledge	1	Therapy and Counseling
21-1012	knowledge	2	Psychology
21-1012	knowledge	3	Sociology and Anthropology
21-1012	knowledge	4	Philosophy and Theology
21-1012	knowledge	5	Education and Training
21-1012	knowledge	6	Administrative
21-1012	knowledge	7	English Language
21-1012	knowledge	8	Customer and Personal Service
21-1012	skills	1	Service Orientation
21-1012	skills	2	Negotiation
21-1012	skills	3	Persuasion
21-1012	skills	4	Social Perceptiveness
21-1012	skills	5	Instructing
21-1012	skills	6	Learning Strategies
21-1012	skills	7	Writing
21-1012	skills	8	Active Listening
21-1012	abilities	1	Written Expression
21-1012	abilities	2	Fluency of Ideas
21-1012	abilities	3	Written Comprehension
21-1012	abilities	4	Oral Expression
21-1012	abilities	5	Problem Sensitivity
21-1012	abilities	6	Inductive Reasoning
21-1012	abilities	7	Originality
21-1012	abilities	8	Speech Clarity
21-1012	technology	1	Data base reporting software
21-1012	technology	2	Cloud-based data access and sharing software
21-1012	technology	3	Web page creation and editing software
21-1012	technology	4	Mobile messaging service software
21-1012	technology	5	Network conferencing software
21-1012	technology	6	Network monitoring software
21-1012	technology	7	Instant messaging software
21-1012	technology	8	Desktop communications software
21-1013	knowledge	1	Therapy and Counseling
21-1013	knowledge	2	Psychology
21-1013	knowledge	3	Sociology and Anthropology
21-1013	knowledge	4	Philosophy and Theology
21-1013	knowledge	5	Law and Government
21-1013	knowledge	6	Administrative
21-1013	knowledge	7	Customer and Personal Service
21-1013	knowledge	8	English Language
21-1013	skills	1	Active Listening
21-1013	skills	2	Social Perceptiveness
21-1013	skills	3	Service Orientation
21-1013	skills	4	Negotiation
21-1013	skills	5	Persuasion
21-1013	skills	6	Writing
21-1013	skills	7	Complex Problem Solving
21-1013	skills	8	Judgment and Decision Making
21-1013	abilities	1	Originality
21-1013	abilities	2	Fluency of Ideas
21-1013	abilities	3	Written Expression
21-1013	abilities	4	Speech Recognition
21-1013	abilities	5	Category Flexibility
21-1013	abilities	6	Inductive Reasoning
21-1013	abilities	7	Speech Clarity
21-1013	abilities	8	Oral Expression
21-1013	technology	1	Accounting software
21-1013	technology	2	Web platform development software
21-1013	technology	3	Medical software
21-1014	knowledge	1	Therapy and Counseling
21-1014	knowledge	2	Psychology
21-1014	knowledge	3	Sociology and Anthropology
21-1014	knowledge	4	Philosophy and Theology
21-1014	knowledge	5	Education and Training
21-1014	knowledge	6	Customer and Personal Service
21-1014	knowledge	7	Medicine and Dentistry
21-1014	knowledge	8	Law and Government
21-1014	skills	1	Social Perceptiveness
21-1014	skills	2	Active Listening
21-1014	skills	3	Service Orientation
21-1014	skills	4	Science
21-1014	skills	5	Writing
21-1014	skills	6	Persuasion
21-1014	skills	7	Speaking
21-1014	skills	8	Operations Analysis
21-1014	abilities	1	Oral Comprehension
21-1014	abilities	2	Fluency of Ideas
21-1014	abilities	3	Written Expression
21-1014	abilities	4	Oral Expression
21-1014	abilities	5	Originality
21-1014	abilities	6	Speech Clarity
21-1014	abilities	7	Problem Sensitivity
21-1014	abilities	8	Speech Recognition
21-1014	technology	1	Medical software
21-1014	technology	2	Calendar and scheduling software
21-1015	knowledge	1	Therapy and Counseling
21-1015	knowledge	2	Psychology
21-1015	knowledge	3	Sociology and Anthropology
21-1015	knowledge	4	Administrative
21-1015	knowledge	5	Education and Training
21-1015	knowledge	6	Personnel and Human Resources
21-1015	knowledge	7	Medicine and Dentistry
21-1015	knowledge	8	Customer and Personal Service
21-1015	skills	1	Service Orientation
21-1015	skills	2	Operations Analysis
21-1015	skills	3	Social Perceptiveness
21-1015	skills	4	Monitoring
21-1015	skills	5	Coordination
21-1015	skills	6	Systems Evaluation
21-1015	skills	7	Speaking
21-1015	skills	8	Writing
21-1015	abilities	1	Speech Clarity
21-1015	abilities	2	Written Expression
21-1015	abilities	3	Deductive Reasoning
21-1015	abilities	4	Speech Recognition
21-1015	abilities	5	Written Comprehension
21-1015	abilities	6	Inductive Reasoning
21-1015	abilities	7	Originality
21-1015	abilities	8	Oral Expression
21-1015	technology	1	Mobile operator specific application software
21-1015	technology	2	Voice recognition software
21-1015	technology	3	Mobile location based services software
21-1015	technology	4	Transaction security and virus protection software
21-1015	technology	5	Medical software
21-1015	technology	6	Accounting software
21-1015	technology	7	Document management software
21-1015	technology	8	Calendar and scheduling software
21-1021	knowledge	1	Therapy and Counseling
21-1021	knowledge	2	Psychology
21-1021	knowledge	3	Sociology and Anthropology
21-1021	knowledge	4	Administrative
21-1021	knowledge	5	Customer and Personal Service
21-1021	knowledge	6	Law and Government
21-1021	knowledge	7	Education and Training
21-1021	knowledge	8	English Language
21-1021	skills	1	Active Listening
21-1021	skills	2	Negotiation
21-1021	skills	3	Service Orientation
21-1021	skills	4	Persuasion
21-1021	skills	5	Speaking
21-1021	skills	6	Social Perceptiveness
21-1021	skills	7	Judgment and Decision Making
21-1021	skills	8	Complex Problem Solving
21-1021	abilities	1	Oral Expression
21-1021	abilities	2	Written Expression
21-1021	abilities	3	Oral Comprehension
21-1021	abilities	4	Problem Sensitivity
21-1021	abilities	5	Written Comprehension
21-1021	abilities	6	Speech Clarity
21-1021	abilities	7	Speech Recognition
21-1021	abilities	8	Inductive Reasoning
21-1021	technology	1	Computer based training software
21-1021	technology	2	Medical software
21-1022	knowledge	1	Therapy and Counseling
21-1022	knowledge	2	Psychology
21-1022	knowledge	3	Sociology and Anthropology
21-1022	knowledge	4	Philosophy and Theology
21-1022	knowledge	5	Medicine and Dentistry
21-1022	knowledge	6	English Language
21-1022	knowledge	7	Customer and Personal Service
21-1022	knowledge	8	Education and Training
21-1022	skills	1	Service Orientation
21-1022	skills	2	Social Perceptiveness
21-1022	skills	3	Coordination
21-1022	skills	4	Operations Analysis
21-1022	skills	5	Writing
21-1022	skills	6	Complex Problem Solving
21-1022	skills	7	Science
21-1022	skills	8	Active Learning
21-1022	abilities	1	Fluency of Ideas
21-1022	abilities	2	Speech Recognition
21-1022	abilities	3	Speech Clarity
21-1022	abilities	4	Written Expression
21-1022	abilities	5	Deductive Reasoning
21-1022	abilities	6	Written Comprehension
21-1022	abilities	7	Memorization
21-1022	abilities	8	Inductive Reasoning
21-1022	technology	1	Medical software
21-1022	technology	2	Mobile messaging service software
21-1022	technology	3	Desktop publishing software
21-1022	technology	4	Web page creation and editing software
21-1022	technology	5	Calendar and scheduling software
21-1023	knowledge	1	Therapy and Counseling
21-1023	knowledge	2	Psychology
21-1023	knowledge	3	Sociology and Anthropology
21-1023	knowledge	4	Philosophy and Theology
21-1023	knowledge	5	Medicine and Dentistry
21-1023	knowledge	6	Education and Training
21-1023	knowledge	7	Public Safety and Security
21-1023	knowledge	8	Law and Government
21-1023	skills	1	Social Perceptiveness
21-1023	skills	2	Persuasion
21-1023	skills	3	Learning Strategies
21-1023	skills	4	Service Orientation
21-1023	skills	5	Negotiation
21-1023	skills	6	Coordination
21-1023	skills	7	Monitoring
21-1023	skills	8	Complex Problem Solving
21-1023	abilities	1	Fluency of Ideas
21-1023	abilities	2	Originality
21-1023	abilities	3	Written Expression
21-1023	abilities	4	Oral Comprehension
21-1023	abilities	5	Category Flexibility
21-1023	abilities	6	Written Comprehension
21-1023	abilities	7	Inductive Reasoning
21-1023	abilities	8	Speech Clarity
21-1023	technology	1	Cloud-based data access and sharing software
21-1023	technology	2	Document management software
21-1023	technology	3	Desktop publishing software
21-1023	technology	4	Medical software
21-1023	technology	5	Calendar and scheduling software
21-1091	knowledge	1	Sociology and Anthropology
21-1091	knowledge	2	Medicine and Dentistry
21-1091	knowledge	3	Education and Training
21-1091	knowledge	4	Therapy and Counseling
21-1091	knowledge	5	Administrative
21-1091	knowledge	6	Philosophy and Theology
21-1091	knowledge	7	Psychology
21-1091	knowledge	8	Customer and Personal Service
21-1091	skills	1	Learning Strategies
21-1091	skills	2	Operations Analysis
21-1091	skills	3	Writing
21-1091	skills	4	Active Learning
21-1091	skills	5	Social Perceptiveness
21-1091	skills	6	Speaking
21-1091	skills	7	Instructing
21-1091	skills	8	Science
21-1091	abilities	1	Written Expression
21-1091	abilities	2	Speech Clarity
21-1091	abilities	3	Oral Expression
21-1091	abilities	4	Fluency of Ideas
21-1091	abilities	5	Written Comprehension
21-1091	abilities	6	Inductive Reasoning
21-1091	abilities	7	Originality
21-1091	abilities	8	Speech Recognition
21-1091	technology	1	Process mapping and design software
21-1091	technology	2	Medical software
21-1091	technology	3	Web page creation and editing software
21-1091	technology	4	Multi-media educational software
21-1091	technology	5	Network conferencing software
21-1091	technology	6	Computer based training software
21-1091	technology	7	Customer relationship management CRM software
21-1091	technology	8	Desktop publishing software
21-1092	knowledge	1	Therapy and Counseling
21-1092	knowledge	2	Law and Government
21-1092	knowledge	3	Psychology
21-1092	knowledge	4	Sociology and Anthropology
21-1092	knowledge	5	Public Safety and Security
21-1092	knowledge	6	Administrative
21-1092	knowledge	7	English Language
21-1092	knowledge	8	Computers and Electronics
21-1092	skills	1	Social Perceptiveness
21-1092	skills	2	Writing
21-1092	skills	3	Complex Problem Solving
21-1092	skills	4	Negotiation
21-1092	skills	5	Speaking
21-1092	skills	6	Monitoring
21-1092	skills	7	Reading Comprehension
21-1092	skills	8	Active Listening
21-1092	abilities	1	Deductive Reasoning
21-1092	abilities	2	Written Comprehension
21-1092	abilities	3	Inductive Reasoning
21-1092	abilities	4	Written Expression
21-1092	abilities	5	Oral Expression
21-1092	abilities	6	Problem Sensitivity
21-1092	abilities	7	Speech Recognition
21-1092	abilities	8	Speech Clarity
21-1092	technology	1	Web page creation and editing software
21-1092	technology	2	Voice recognition software
21-1092	technology	3	Map creation software
21-1092	technology	4	Customer relationship management CRM software
21-1092	technology	5	Calendar and scheduling software
21-1093	knowledge	1	Therapy and Counseling
21-1093	knowledge	2	Psychology
21-1093	knowledge	3	Sociology and Anthropology
21-1093	knowledge	4	Customer and Personal Service
21-1093	knowledge	5	Philosophy and Theology
21-1093	knowledge	6	Administrative
21-1093	knowledge	7	Law and Government
21-1093	knowledge	8	Computers and Electronics
21-1093	skills	1	Service Orientation
21-1093	skills	2	Social Perceptiveness
21-1093	skills	3	Persuasion
21-1093	skills	4	Coordination
21-1093	skills	5	Speaking
21-1093	skills	6	Writing
21-1093	skills	7	Active Listening
21-1093	skills	8	Negotiation
21-1093	abilities	1	Written Expression
21-1093	abilities	2	Speech Clarity
21-1093	abilities	3	Deductive Reasoning
21-1093	abilities	4	Fluency of Ideas
21-1093	abilities	5	Written Comprehension
21-1093	abilities	6	Memorization
21-1093	abilities	7	Oral Expression
21-1093	abilities	8	Problem Sensitivity
21-1093	technology	1	Medical software
21-1093	technology	2	Voice recognition software
21-1094	knowledge	1	Medicine and Dentistry
21-1094	knowledge	2	Psychology
21-1094	knowledge	3	Therapy and Counseling
21-1094	knowledge	4	Customer and Personal Service
21-1094	knowledge	5	Philosophy and Theology
21-1094	knowledge	6	Biology
21-1094	knowledge	7	Education and Training
21-1094	knowledge	8	Administration and Management
21-1094	skills	1	Social Perceptiveness
21-1094	skills	2	Service Orientation
21-1094	skills	3	Writing
21-1094	skills	4	Persuasion
21-1094	skills	5	Systems Analysis
21-1094	skills	6	Instructing
21-1094	skills	7	Management of Personnel Resources
21-1094	skills	8	Learning Strategies
21-1094	abilities	1	Oral Comprehension
21-1094	abilities	2	Written Expression
21-1094	abilities	3	Oral Expression
21-1094	abilities	4	Time Sharing
21-1094	abilities	5	Speech Recognition
21-1094	abilities	6	Written Comprehension
21-1094	abilities	7	Finger Dexterity
21-1094	abilities	8	Speech Clarity
21-1094	technology	1	Video conferencing software
21-1094	technology	2	Desktop publishing software
21-1094	technology	3	Medical software
21-2011	knowledge	1	Philosophy and Theology
21-2011	knowledge	2	Therapy and Counseling
21-2011	knowledge	3	Fine Arts
21-2011	knowledge	4	Sociology and Anthropology
21-2011	knowledge	5	Communications and Media
21-2011	knowledge	6	Psychology
21-2011	knowledge	7	History and Archeology
21-2011	knowledge	8	Personnel and Human Resources
21-2011	skills	1	Speaking
21-2011	skills	2	Instructing
21-2011	skills	3	Negotiation
21-2011	skills	4	Persuasion
21-2011	skills	5	Service Orientation
21-2011	skills	6	Social Perceptiveness
21-2011	skills	7	Management of Financial Resources
21-2011	skills	8	Learning Strategies
21-2011	abilities	1	Speech Clarity
21-2011	abilities	2	Originality
21-2011	abilities	3	Oral Expression
21-2011	abilities	4	Fluency of Ideas
21-2011	abilities	5	Memorization
21-2011	abilities	6	Written Expression
21-2011	abilities	7	Speech Recognition
21-2011	abilities	8	Inductive Reasoning
21-2011	technology	1	Web page creation and editing software
21-2011	technology	2	Instant messaging software
21-2011	technology	3	Calendar and scheduling software
21-2021	knowledge	1	Philosophy and Theology
21-2021	knowledge	2	Therapy and Counseling
21-2021	knowledge	3	Psychology
21-2021	knowledge	4	Education and Training
21-2021	knowledge	5	Sociology and Anthropology
21-2021	knowledge	6	Communications and Media
21-2021	knowledge	7	Personnel and Human Resources
21-2021	knowledge	8	Customer and Personal Service
21-2021	skills	1	Instructing
21-2021	skills	2	Learning Strategies
21-2021	skills	3	Service Orientation
21-2021	skills	4	Management of Financial Resources
21-2021	skills	5	Operations Analysis
21-2021	skills	6	Social Perceptiveness
21-2021	skills	7	Management of Material Resources
21-2021	skills	8	Active Learning
21-2021	abilities	1	Written Expression
21-2021	abilities	2	Originality
21-2021	abilities	3	Speech Recognition
21-2021	abilities	4	Fluency of Ideas
21-2021	abilities	5	Written Comprehension
21-2021	abilities	6	Memorization
21-2021	abilities	7	Speech Clarity
21-2021	abilities	8	Oral Expression
21-2021	technology	1	Video conferencing software
21-2021	technology	2	Web page creation and editing software
21-2021	technology	3	Instant messaging software
21-2021	technology	4	Desktop publishing software
21-2021	technology	5	Calendar and scheduling software
23-1011	knowledge	1	Law and Government
23-1011	knowledge	2	Personnel and Human Resources
23-1011	knowledge	3	English Language
23-1011	knowledge	4	Economics and Accounting
23-1011	knowledge	5	Customer and Personal Service
23-1011	knowledge	6	Communications and Media
23-1011	knowledge	7	Administration and Management
23-1011	knowledge	8	Computers and Electronics
23-1011	skills	1	Negotiation
23-1011	skills	2	Persuasion
23-1011	skills	3	Speaking
23-1011	skills	4	Active Listening
23-1011	skills	5	Complex Problem Solving
23-1011	skills	6	Reading Comprehension
23-1011	skills	7	Judgment and Decision Making
23-1011	skills	8	Writing
23-1011	abilities	1	Oral Expression
23-1011	abilities	2	Written Comprehension
23-1011	abilities	3	Fluency of Ideas
23-1011	abilities	4	Originality
23-1011	abilities	5	Speech Clarity
23-1011	abilities	6	Written Expression
23-1011	abilities	7	Oral Comprehension
23-1011	abilities	8	Category Flexibility
23-1011	technology	1	Data mining software
23-1011	technology	2	Document management software
23-1011	technology	3	Tax preparation software
23-1011	technology	4	Content workflow software
23-1011	technology	5	Time accounting software
23-1011	technology	6	Video conferencing software
23-1011	technology	7	Information retrieval or search software
23-1011	technology	8	Desktop publishing software
23-1012	knowledge	1	Law and Government
23-1012	knowledge	2	Administrative
23-1012	knowledge	3	English Language
23-1012	knowledge	4	Public Safety and Security
23-1012	knowledge	5	Computers and Electronics
23-1012	skills	1	Reading Comprehension
23-1012	skills	2	Writing
23-1012	skills	3	Critical Thinking
23-1012	skills	4	Active Listening
23-1012	skills	5	Active Learning
23-1012	skills	6	Speaking
23-1012	skills	7	Complex Problem Solving
23-1012	skills	8	Learning Strategies
23-1012	abilities	1	Written Comprehension
23-1012	abilities	2	Written Expression
23-1012	abilities	3	Oral Comprehension
23-1012	abilities	4	Speech Recognition
23-1012	abilities	5	Inductive Reasoning
23-1012	abilities	6	Speech Clarity
23-1012	abilities	7	Oral Expression
23-1012	abilities	8	Information Ordering
23-1012	technology	1	Web platform development software
23-1012	technology	2	Document management software
23-1012	technology	3	Information retrieval or search software
23-1012	technology	4	Calendar and scheduling software
23-1021	knowledge	1	Law and Government
23-1021	knowledge	2	Medicine and Dentistry
23-1021	knowledge	3	Therapy and Counseling
23-1021	knowledge	4	Administrative
23-1021	knowledge	5	English Language
23-1021	knowledge	6	Customer and Personal Service
23-1021	knowledge	7	Administration and Management
23-1021	knowledge	8	Personnel and Human Resources
23-1021	skills	1	Writing
23-1021	skills	2	Judgment and Decision Making
23-1021	skills	3	Reading Comprehension
23-1021	skills	4	Critical Thinking
23-1021	skills	5	Social Perceptiveness
23-1021	skills	6	Complex Problem Solving
23-1021	skills	7	Active Listening
23-1021	skills	8	Active Learning
23-1021	abilities	1	Inductive Reasoning
23-1021	abilities	2	Written Expression
23-1021	abilities	3	Written Comprehension
23-1021	abilities	4	Deductive Reasoning
23-1021	abilities	5	Oral Comprehension
23-1021	abilities	6	Speech Clarity
23-1021	abilities	7	Problem Sensitivity
23-1021	abilities	8	Information Ordering
23-1021	technology	1	Document management software
23-1021	technology	2	Legal management software
23-1021	technology	3	Instant messaging software
23-1021	technology	4	Video conferencing software
23-1021	technology	5	Information retrieval or search software
23-1022	knowledge	1	Law and Government
23-1022	knowledge	2	Personnel and Human Resources
23-1022	knowledge	3	Psychology
23-1022	knowledge	4	English Language
23-1022	knowledge	5	Economics and Accounting
23-1022	knowledge	6	Administrative
23-1022	knowledge	7	Administration and Management
23-1022	knowledge	8	Education and Training
23-1022	skills	1	Negotiation
23-1022	skills	2	Persuasion
23-1022	skills	3	Writing
23-1022	skills	4	Active Listening
23-1022	skills	5	Judgment and Decision Making
23-1022	skills	6	Active Learning
23-1022	skills	7	Speaking
23-1022	skills	8	Reading Comprehension
23-1022	abilities	1	Written Expression
23-1022	abilities	2	Inductive Reasoning
23-1022	abilities	3	Speech Clarity
23-1022	abilities	4	Deductive Reasoning
23-1022	abilities	5	Written Comprehension
23-1022	abilities	6	Oral Expression
23-1022	abilities	7	Oral Comprehension
23-1022	abilities	8	Speech Recognition
23-1022	technology	1	Customer relationship management CRM software
23-1022	technology	2	Cloud-based data access and sharing software
23-1022	technology	3	Calendar and scheduling software
23-1023	knowledge	1	Law and Government
23-1023	knowledge	2	Psychology
23-1023	knowledge	3	Therapy and Counseling
23-1023	knowledge	4	English Language
23-1023	knowledge	5	Administration and Management
23-1023	knowledge	6	Public Safety and Security
23-1023	knowledge	7	Personnel and Human Resources
23-1023	knowledge	8	Customer and Personal Service
23-1023	skills	1	Active Listening
23-1023	skills	2	Critical Thinking
23-1023	skills	3	Judgment and Decision Making
23-1023	skills	4	Writing
23-1023	skills	5	Complex Problem Solving
23-1023	skills	6	Active Learning
23-1023	skills	7	Social Perceptiveness
23-1023	skills	8	Reading Comprehension
23-1023	abilities	1	Deductive Reasoning
23-1023	abilities	2	Oral Comprehension
23-1023	abilities	3	Written Comprehension
23-1023	abilities	4	Inductive Reasoning
23-1023	abilities	5	Written Expression
23-1023	abilities	6	Speech Clarity
23-1023	abilities	7	Speech Recognition
23-1023	abilities	8	Oral Expression
23-1023	technology	1	Web page creation and editing software
23-1023	technology	2	Document management software
23-1023	technology	3	Legal management software
23-1023	technology	4	Instant messaging software
23-1023	technology	5	Video conferencing software
23-1023	technology	6	Information retrieval or search software
23-2011	knowledge	1	Law and Government
23-2011	knowledge	2	Administrative
23-2011	knowledge	3	Computers and Electronics
23-2011	knowledge	4	Customer and Personal Service
23-2011	knowledge	5	English Language
23-2011	knowledge	6	Public Safety and Security
23-2011	knowledge	7	Administration and Management
23-2011	skills	1	Writing
23-2011	skills	2	Reading Comprehension
23-2011	skills	3	Active Listening
23-2011	skills	4	Speaking
23-2011	skills	5	Service Orientation
23-2011	skills	6	Active Learning
23-2011	skills	7	Persuasion
23-2011	skills	8	Complex Problem Solving
23-2011	abilities	1	Written Expression
23-2011	abilities	2	Written Comprehension
23-2011	abilities	3	Oral Expression
23-2011	abilities	4	Near Vision
23-2011	abilities	5	Oral Comprehension
23-2011	abilities	6	Speech Recognition
23-2011	abilities	7	Memorization
23-2011	abilities	8	Speech Clarity
23-2011	technology	1	Video conferencing software
23-2011	technology	2	Cloud-based data access and sharing software
23-2011	technology	3	Accounting software
23-2011	technology	4	Document management software
23-2011	technology	5	Library software
23-2011	technology	6	Pattern design software
23-2011	technology	7	Categorization or classification software
23-2011	technology	8	Transaction server software
23-2093	knowledge	1	Law and Government
23-2093	knowledge	2	Administrative
23-2093	knowledge	3	Computers and Electronics
23-2093	knowledge	4	English Language
23-2093	knowledge	5	Customer and Personal Service
23-2093	knowledge	6	Mathematics
23-2093	skills	1	Reading Comprehension
23-2093	skills	2	Writing
23-2093	skills	3	Active Listening
23-2093	skills	4	Critical Thinking
23-2093	skills	5	Speaking
23-2093	skills	6	Time Management
23-2093	skills	7	Service Orientation
23-2093	skills	8	Complex Problem Solving
23-2093	abilities	1	Written Comprehension
23-2093	abilities	2	Written Expression
23-2093	abilities	3	Oral Expression
23-2093	abilities	4	Oral Comprehension
23-2093	abilities	5	Speech Recognition
23-2093	abilities	6	Flexibility of Closure
23-2093	abilities	7	Deductive Reasoning
23-2093	abilities	8	Speech Clarity
23-2093	technology	1	Customer relationship management CRM software
23-2093	technology	2	Document management software
23-2093	technology	3	Geographic information system
23-2093	technology	4	Accounting software
23-2093	technology	5	Calendar and scheduling software
25-1011	knowledge	1	Economics and Accounting
25-1011	knowledge	2	Education and Training
25-1011	knowledge	3	Law and Government
25-1011	knowledge	4	Administration and Management
25-1011	knowledge	5	Communications and Media
25-1011	knowledge	6	Personnel and Human Resources
25-1011	knowledge	7	Sociology and Anthropology
25-1011	knowledge	8	English Language
25-1011	skills	1	Instructing
25-1011	skills	2	Learning Strategies
25-1011	skills	3	Writing
25-1011	skills	4	Active Learning
25-1011	skills	5	Speaking
25-1011	skills	6	Reading Comprehension
25-1011	skills	7	Systems Evaluation
25-1011	skills	8	Mathematics
25-1011	abilities	1	Oral Expression
25-1011	abilities	2	Written Expression
25-1011	abilities	3	Speech Clarity
25-1011	abilities	4	Written Comprehension
25-1011	abilities	5	Number Facility
25-1011	abilities	6	Mathematical Reasoning
25-1011	abilities	7	Memorization
25-1011	abilities	8	Inductive Reasoning
25-1011	technology	1	Web platform development software
25-1011	technology	2	Object or component oriented development software
25-1011	technology	3	Optical character reader OCR or scanning software
25-1011	technology	4	Computer based training software
25-1011	technology	5	Information retrieval or search software
25-1011	technology	6	Accounting software
25-1011	technology	7	Calendar and scheduling software
25-1021	knowledge	1	Computers and Electronics
25-1021	knowledge	2	Education and Training
25-1021	knowledge	3	Engineering and Technology
25-1021	knowledge	4	Design
25-1021	knowledge	5	Telecommunications
25-1021	knowledge	6	Communications and Media
25-1021	knowledge	7	Personnel and Human Resources
25-1021	knowledge	8	Economics and Accounting
25-1021	skills	1	Programming
25-1021	skills	2	Instructing
25-1021	skills	3	Learning Strategies
25-1021	skills	4	Writing
25-1021	skills	5	Science
25-1021	skills	6	Active Learning
25-1021	skills	7	Systems Analysis
25-1021	skills	8	Judgment and Decision Making
25-1021	abilities	1	Written Expression
25-1021	abilities	2	Written Comprehension
25-1021	abilities	3	Memorization
25-1021	abilities	4	Inductive Reasoning
25-1021	abilities	5	Speech Clarity
25-1021	abilities	6	Number Facility
25-1021	abilities	7	Oral Expression
25-1021	abilities	8	Oral Comprehension
25-1021	technology	1	Web platform development software
25-1021	technology	2	Development environment software
25-1021	technology	3	Object or component oriented development software
25-1021	technology	4	Network security or virtual private network VPN management software
25-1021	technology	5	Network security and virtual private network VPN equipment software
25-1021	technology	6	Object oriented data base management software
25-1021	technology	7	Computer based training software
25-1021	technology	8	Information retrieval or search software
25-1022	knowledge	1	Mathematics
25-1022	knowledge	2	Education and Training
25-1022	knowledge	3	Computers and Electronics
25-1022	knowledge	4	English Language
25-1022	knowledge	5	Customer and Personal Service
25-1022	skills	1	Mathematics
25-1022	skills	2	Instructing
25-1022	skills	3	Learning Strategies
25-1022	skills	4	Writing
25-1022	skills	5	Active Learning
25-1022	skills	6	Speaking
25-1022	skills	7	Monitoring
25-1022	skills	8	Reading Comprehension
25-1022	abilities	1	Mathematical Reasoning
25-1022	abilities	2	Number Facility
25-1022	abilities	3	Memorization
25-1022	abilities	4	Written Expression
25-1022	abilities	5	Deductive Reasoning
25-1022	abilities	6	Written Comprehension
25-1022	abilities	7	Inductive Reasoning
25-1022	abilities	8	Speech Clarity
25-1022	technology	1	Development environment software
25-1022	technology	2	Optical character reader OCR or scanning software
25-1022	technology	3	Computer based training software
25-1022	technology	4	Information retrieval or search software
25-1022	technology	5	Calendar and scheduling software
25-1031	knowledge	1	Building and Construction
25-1031	knowledge	2	Design
25-1031	knowledge	3	Fine Arts
25-1031	knowledge	4	History and Archeology
25-1031	knowledge	5	Communications and Media
25-1031	knowledge	6	Education and Training
25-1031	knowledge	7	Sociology and Anthropology
25-1031	knowledge	8	Philosophy and Theology
25-1031	skills	1	Learning Strategies
25-1031	skills	2	Instructing
25-1031	skills	3	Operations Analysis
25-1031	skills	4	Writing
25-1031	skills	5	Active Learning
25-1031	skills	6	Reading Comprehension
25-1031	skills	7	Judgment and Decision Making
25-1031	skills	8	Systems Evaluation
25-1031	abilities	1	Visualization
25-1031	abilities	2	Speech Clarity
25-1031	abilities	3	Written Expression
25-1031	abilities	4	Fluency of Ideas
25-1031	abilities	5	Oral Expression
25-1031	abilities	6	Mathematical Reasoning
25-1031	abilities	7	Information Ordering
25-1031	abilities	8	Deductive Reasoning
25-1031	technology	1	Customer relationship management CRM software
25-1031	technology	2	Desktop publishing software
25-1031	technology	3	Document management software
25-1031	technology	4	Computer aided design CAD software
25-1031	technology	5	Optical character reader OCR or scanning software
25-1031	technology	6	Computer based training software
25-1031	technology	7	Information retrieval or search software
25-1031	technology	8	Video creation and editing software
25-1032	knowledge	1	Engineering and Technology
25-1032	knowledge	2	Design
25-1032	knowledge	3	Physics
25-1032	knowledge	4	Computers and Electronics
25-1032	knowledge	5	Mathematics
25-1032	knowledge	6	Chemistry
25-1032	knowledge	7	Mechanical
25-1032	knowledge	8	Education and Training
25-1032	skills	1	Science
25-1032	skills	2	Learning Strategies
25-1032	skills	3	Mathematics
25-1032	skills	4	Instructing
25-1032	skills	5	Operations Analysis
25-1032	skills	6	Writing
25-1032	skills	7	Speaking
25-1032	skills	8	Reading Comprehension
25-1032	abilities	1	Mathematical Reasoning
25-1032	abilities	2	Speech Clarity
25-1032	abilities	3	Number Facility
25-1032	abilities	4	Oral Expression
25-1032	abilities	5	Category Flexibility
25-1032	abilities	6	Written Comprehension
25-1032	abilities	7	Written Expression
25-1032	abilities	8	Memorization
25-1032	technology	1	Web platform development software
25-1032	technology	2	Object or component oriented development software
25-1032	technology	3	Computer aided design CAD software
25-1032	technology	4	Computer aided manufacturing CAM software
25-1032	technology	5	Optical character reader OCR or scanning software
25-1032	technology	6	Computer based training software
25-1032	technology	7	Information retrieval or search software
25-1032	technology	8	Calendar and scheduling software
25-1041	knowledge	1	Biology
25-1041	knowledge	2	Food Production
25-1041	knowledge	3	Geography
25-1041	knowledge	4	Education and Training
25-1041	knowledge	5	Communications and Media
25-1041	knowledge	6	Administration and Management
25-1041	knowledge	7	Chemistry
25-1041	knowledge	8	Transportation
25-1041	skills	1	Instructing
25-1041	skills	2	Science
25-1041	skills	3	Learning Strategies
25-1041	skills	4	Active Learning
25-1041	skills	5	Writing
25-1041	skills	6	Reading Comprehension
25-1041	skills	7	Speaking
25-1041	skills	8	Monitoring
25-1041	abilities	1	Oral Expression
25-1041	abilities	2	Speech Clarity
25-1041	abilities	3	Written Expression
25-1041	abilities	4	Written Comprehension
25-1041	abilities	5	Memorization
25-1041	abilities	6	Inductive Reasoning
25-1041	abilities	7	Deductive Reasoning
25-1041	abilities	8	Fluency of Ideas
25-1041	technology	1	Medical software
25-1041	technology	2	Optical character reader OCR or scanning software
25-1041	technology	3	Computer based training software
25-1041	technology	4	Information retrieval or search software
25-1041	technology	5	Web page creation and editing software
25-1041	technology	6	Calendar and scheduling software
25-1042	knowledge	1	Biology
25-1042	knowledge	2	Chemistry
25-1042	knowledge	3	Medicine and Dentistry
25-1042	knowledge	4	Geography
25-1042	knowledge	5	Mathematics
25-1042	knowledge	6	Education and Training
25-1042	knowledge	7	Physics
25-1042	knowledge	8	Computers and Electronics
25-1042	skills	1	Science
25-1042	skills	2	Learning Strategies
25-1042	skills	3	Instructing
25-1042	skills	4	Active Learning
25-1042	skills	5	Writing
25-1042	skills	6	Speaking
25-1042	skills	7	Monitoring
25-1042	skills	8	Mathematics
25-1042	abilities	1	Oral Expression
25-1042	abilities	2	Written Expression
25-1042	abilities	3	Speech Clarity
25-1042	abilities	4	Written Comprehension
25-1042	abilities	5	Inductive Reasoning
25-1042	abilities	6	Mathematical Reasoning
25-1042	abilities	7	Deductive Reasoning
25-1042	abilities	8	Fluency of Ideas
25-1042	technology	1	Optical character reader OCR or scanning software
25-1042	technology	2	Computer based training software
25-1042	technology	3	Information retrieval or search software
25-1042	technology	4	Geographic information system
25-1042	technology	5	Development environment software
25-1042	technology	6	Calendar and scheduling software
25-1043	knowledge	1	Biology
25-1043	knowledge	2	Education and Training
25-1043	knowledge	3	Geography
25-1043	knowledge	4	Mathematics
25-1043	knowledge	5	English Language
25-1043	knowledge	6	Personnel and Human Resources
25-1043	knowledge	7	Computers and Electronics
25-1043	knowledge	8	Sociology and Anthropology
25-1043	skills	1	Instructing
25-1043	skills	2	Learning Strategies
25-1043	skills	3	Science
25-1043	skills	4	Writing
25-1043	skills	5	Active Learning
25-1043	skills	6	Complex Problem Solving
25-1043	skills	7	Reading Comprehension
25-1043	skills	8	Monitoring
25-1043	abilities	1	Oral Expression
25-1043	abilities	2	Written Expression
25-1043	abilities	3	Written Comprehension
25-1043	abilities	4	Mathematical Reasoning
25-1043	abilities	5	Speech Clarity
25-1043	abilities	6	Oral Comprehension
25-1043	abilities	7	Speech Recognition
25-1043	abilities	8	Memorization
25-1043	technology	1	Object oriented data base management software
25-1043	technology	2	Geographic information system
25-1043	technology	3	Web platform development software
25-1043	technology	4	Customer relationship management CRM software
25-1043	technology	5	Process mapping and design software
25-1043	technology	6	Object or component oriented development software
25-1043	technology	7	Application server software
25-1043	technology	8	Optical character reader OCR or scanning software
25-1051	knowledge	1	Physics
25-1051	knowledge	2	Chemistry
25-1051	knowledge	3	Biology
25-1051	knowledge	4	Education and Training
25-1051	knowledge	5	Geography
25-1051	knowledge	6	Mathematics
25-1051	knowledge	7	English Language
25-1051	knowledge	8	Computers and Electronics
25-1051	skills	1	Science
25-1051	skills	2	Speaking
25-1051	skills	3	Instructing
25-1051	skills	4	Learning Strategies
25-1051	skills	5	Writing
25-1051	skills	6	Mathematics
25-1051	skills	7	Active Learning
25-1051	skills	8	Complex Problem Solving
25-1051	abilities	1	Oral Expression
25-1051	abilities	2	Speech Clarity
25-1051	abilities	3	Mathematical Reasoning
25-1051	abilities	4	Number Facility
25-1051	abilities	5	Written Expression
25-1051	abilities	6	Memorization
25-1051	abilities	7	Inductive Reasoning
25-1051	abilities	8	Deductive Reasoning
25-1051	technology	1	Geographic information system
25-1051	technology	2	Document management software
25-1051	technology	3	Optical character reader OCR or scanning software
25-1051	technology	4	Map creation software
25-1051	technology	5	Computer based training software
25-1051	technology	6	Information retrieval or search software
25-1051	technology	7	Development environment software
25-1051	technology	8	Calendar and scheduling software
25-1052	knowledge	1	Chemistry
25-1052	knowledge	2	Biology
25-1052	knowledge	3	Education and Training
25-1052	knowledge	4	Mathematics
25-1052	knowledge	5	Physics
25-1052	knowledge	6	Engineering and Technology
25-1052	knowledge	7	Medicine and Dentistry
25-1052	knowledge	8	English Language
25-1052	skills	1	Science
25-1052	skills	2	Learning Strategies
25-1052	skills	3	Instructing
25-1052	skills	4	Writing
25-1052	skills	5	Active Learning
25-1052	skills	6	Monitoring
25-1052	skills	7	Mathematics
25-1052	skills	8	Complex Problem Solving
25-1052	abilities	1	Written Expression
25-1052	abilities	2	Memorization
25-1052	abilities	3	Deductive Reasoning
25-1052	abilities	4	Speech Recognition
25-1052	abilities	5	Written Comprehension
25-1052	abilities	6	Inductive Reasoning
25-1052	abilities	7	Speech Clarity
25-1052	abilities	8	Oral Expression
25-1052	technology	1	Optical character reader OCR or scanning software
25-1052	technology	2	Computer based training software
25-1052	technology	3	Information retrieval or search software
25-1052	technology	4	Calendar and scheduling software
25-1053	knowledge	1	Biology
25-1053	knowledge	2	Chemistry
25-1053	knowledge	3	Geography
25-1053	knowledge	4	Education and Training
25-1053	knowledge	5	Physics
25-1053	knowledge	6	Engineering and Technology
25-1053	knowledge	7	Computers and Electronics
25-1053	knowledge	8	Mathematics
25-1053	skills	1	Science
25-1053	skills	2	Learning Strategies
25-1053	skills	3	Instructing
25-1053	skills	4	Writing
25-1053	skills	5	Active Learning
25-1053	skills	6	Reading Comprehension
25-1053	skills	7	Speaking
25-1053	skills	8	Monitoring
25-1053	abilities	1	Written Expression
25-1053	abilities	2	Oral Expression
25-1053	abilities	3	Written Comprehension
25-1053	abilities	4	Inductive Reasoning
25-1053	abilities	5	Speech Clarity
25-1053	abilities	6	Mathematical Reasoning
25-1053	abilities	7	Deductive Reasoning
25-1053	abilities	8	Memorization
25-1053	technology	1	Geographic information system
25-1053	technology	2	Document management software
25-1053	technology	3	Computer aided design CAD software
25-1053	technology	4	Optical character reader OCR or scanning software
25-1053	technology	5	Computer based training software
25-1053	technology	6	Information retrieval or search software
25-1053	technology	7	Cloud-based data access and sharing software
25-1053	technology	8	Web page creation and editing software
25-1054	knowledge	1	Physics
25-1054	knowledge	2	Mathematics
25-1054	knowledge	3	Education and Training
25-1054	knowledge	4	Chemistry
25-1054	knowledge	5	Engineering and Technology
25-1054	knowledge	6	Computers and Electronics
25-1054	knowledge	7	English Language
25-1054	knowledge	8	Design
25-1054	skills	1	Science
25-1054	skills	2	Instructing
25-1054	skills	3	Learning Strategies
25-1054	skills	4	Mathematics
25-1054	skills	5	Active Learning
25-1054	skills	6	Writing
25-1054	skills	7	Reading Comprehension
25-1054	skills	8	Speaking
25-1054	abilities	1	Mathematical Reasoning
25-1054	abilities	2	Number Facility
25-1054	abilities	3	Written Expression
25-1054	abilities	4	Oral Expression
25-1054	abilities	5	Written Comprehension
25-1054	abilities	6	Memorization
25-1054	abilities	7	Inductive Reasoning
25-1054	abilities	8	Speech Clarity
25-1054	technology	1	Development environment software
25-1054	technology	2	Object or component oriented development software
25-1054	technology	3	Computer aided design CAD software
25-1054	technology	4	Optical character reader OCR or scanning software
25-1054	technology	5	Desktop communications software
25-1054	technology	6	Computer based training software
25-1054	technology	7	Information retrieval or search software
25-1054	technology	8	Calendar and scheduling software
25-1061	knowledge	1	History and Archeology
25-1061	knowledge	2	Sociology and Anthropology
25-1061	knowledge	3	Geography
25-1061	knowledge	4	Foreign Language
25-1061	knowledge	5	Philosophy and Theology
25-1061	knowledge	6	Education and Training
25-1061	knowledge	7	English Language
25-1061	knowledge	8	Biology
25-1061	skills	1	Science
25-1061	skills	2	Learning Strategies
25-1061	skills	3	Instructing
25-1061	skills	4	Speaking
25-1061	skills	5	Writing
25-1061	skills	6	Active Learning
25-1061	skills	7	Reading Comprehension
25-1061	skills	8	Systems Evaluation
25-1061	abilities	1	Speech Clarity
25-1061	abilities	2	Written Expression
25-1061	abilities	3	Oral Expression
25-1061	abilities	4	Written Comprehension
25-1061	abilities	5	Memorization
25-1061	abilities	6	Fluency of Ideas
25-1061	abilities	7	Inductive Reasoning
25-1061	abilities	8	Originality
25-1061	technology	1	Geographic information system
25-1061	technology	2	Document management software
25-1061	technology	3	Optical character reader OCR or scanning software
25-1061	technology	4	Map creation software
25-1061	technology	5	Computer based training software
25-1061	technology	6	Information retrieval or search software
25-1061	technology	7	Web page creation and editing software
25-1061	technology	8	Calendar and scheduling software
25-1062	knowledge	1	History and Archeology
25-1062	knowledge	2	Foreign Language
25-1062	knowledge	3	Sociology and Anthropology
25-1062	knowledge	4	Education and Training
25-1062	knowledge	5	Philosophy and Theology
25-1062	knowledge	6	Communications and Media
25-1062	knowledge	7	Geography
25-1062	knowledge	8	English Language
25-1062	skills	1	Instructing
25-1062	skills	2	Learning Strategies
25-1062	skills	3	Active Learning
25-1062	skills	4	Writing
25-1062	skills	5	Reading Comprehension
25-1062	skills	6	Operations Analysis
25-1062	skills	7	Complex Problem Solving
25-1062	skills	8	Speaking
25-1062	abilities	1	Written Expression
25-1062	abilities	2	Speech Clarity
25-1062	abilities	3	Written Comprehension
25-1062	abilities	4	Oral Expression
25-1062	abilities	5	Memorization
25-1062	abilities	6	Inductive Reasoning
25-1062	abilities	7	Originality
25-1062	abilities	8	Oral Comprehension
25-1062	technology	1	Optical character reader OCR or scanning software
25-1062	technology	2	Computer based training software
25-1062	technology	3	Information retrieval or search software
25-1062	technology	4	Video creation and editing software
25-1062	technology	5	Cloud-based data access and sharing software
25-1062	technology	6	Web page creation and editing software
25-1062	technology	7	Calendar and scheduling software
25-1063	knowledge	1	Economics and Accounting
25-1063	knowledge	2	Mathematics
25-1063	knowledge	3	Education and Training
25-1063	knowledge	4	Sociology and Anthropology
25-1063	knowledge	5	English Language
25-1063	knowledge	6	Law and Government
25-1063	knowledge	7	Personnel and Human Resources
25-1063	knowledge	8	Computers and Electronics
25-1063	skills	1	Instructing
25-1063	skills	2	Learning Strategies
25-1063	skills	3	Writing
25-1063	skills	4	Mathematics
25-1063	skills	5	Active Learning
25-1063	skills	6	Speaking
25-1063	skills	7	Operations Analysis
25-1063	skills	8	Reading Comprehension
25-1063	abilities	1	Mathematical Reasoning
25-1063	abilities	2	Written Expression
25-1063	abilities	3	Memorization
25-1063	abilities	4	Speech Clarity
25-1063	abilities	5	Number Facility
25-1063	abilities	6	Written Comprehension
25-1063	abilities	7	Oral Expression
25-1063	abilities	8	Deductive Reasoning
25-1063	technology	1	Object or component oriented development software
25-1063	technology	2	Web page creation and editing software
25-1063	technology	3	Optical character reader OCR or scanning software
25-1063	technology	4	Financial analysis software
25-1063	technology	5	Computer based training software
25-1063	technology	6	Information retrieval or search software
25-1063	technology	7	Calendar and scheduling software
25-1064	knowledge	1	Geography
25-1064	knowledge	2	History and Archeology
25-1064	knowledge	3	Education and Training
25-1064	knowledge	4	English Language
25-1064	knowledge	5	Sociology and Anthropology
25-1064	knowledge	6	Communications and Media
25-1064	knowledge	7	Mathematics
25-1064	knowledge	8	Computers and Electronics
25-1064	skills	1	Instructing
25-1064	skills	2	Science
25-1064	skills	3	Learning Strategies
25-1064	skills	4	Writing
25-1064	skills	5	Active Learning
25-1064	skills	6	Complex Problem Solving
25-1064	skills	7	Speaking
25-1064	skills	8	Reading Comprehension
25-1064	abilities	1	Written Expression
25-1064	abilities	2	Oral Expression
25-1064	abilities	3	Written Comprehension
25-1064	abilities	4	Speech Clarity
25-1064	abilities	5	Inductive Reasoning
25-1064	abilities	6	Oral Comprehension
25-1064	abilities	7	Deductive Reasoning
25-1064	abilities	8	Fluency of Ideas
25-1064	technology	1	Geographic information system
25-1064	technology	2	Optical character reader OCR or scanning software
25-1064	technology	3	Map creation software
25-1064	technology	4	Computer based training software
25-1064	technology	5	Information retrieval or search software
25-1064	technology	6	Desktop publishing software
25-1064	technology	7	Development environment software
25-1064	technology	8	Document management software
25-1065	knowledge	1	History and Archeology
25-1065	knowledge	2	Law and Government
25-1065	knowledge	3	Philosophy and Theology
25-1065	knowledge	4	Sociology and Anthropology
25-1065	knowledge	5	Education and Training
25-1065	knowledge	6	Geography
25-1065	knowledge	7	English Language
25-1065	knowledge	8	Foreign Language
25-1065	skills	1	Instructing
25-1065	skills	2	Learning Strategies
25-1065	skills	3	Speaking
25-1065	skills	4	Active Learning
25-1065	skills	5	Writing
25-1065	skills	6	Operations Analysis
25-1065	skills	7	Reading Comprehension
25-1065	skills	8	Complex Problem Solving
25-1065	abilities	1	Written Comprehension
25-1065	abilities	2	Written Expression
25-1065	abilities	3	Oral Expression
25-1065	abilities	4	Oral Comprehension
25-1065	abilities	5	Memorization
25-1065	abilities	6	Inductive Reasoning
25-1065	abilities	7	Speech Clarity
25-1065	abilities	8	Originality
25-1065	technology	1	Development environment software
25-1065	technology	2	Object or component oriented development software
25-1065	technology	3	Data mining software
25-1065	technology	4	Optical character reader OCR or scanning software
25-1065	technology	5	Computer based training software
25-1065	technology	6	Information retrieval or search software
25-1065	technology	7	Calendar and scheduling software
25-1066	knowledge	1	Psychology
25-1066	knowledge	2	Therapy and Counseling
25-1066	knowledge	3	Sociology and Anthropology
25-1066	knowledge	4	Education and Training
25-1066	knowledge	5	Philosophy and Theology
25-1066	knowledge	6	English Language
25-1066	knowledge	7	Biology
25-1066	knowledge	8	Communications and Media
25-1066	skills	1	Learning Strategies
25-1066	skills	2	Science
25-1066	skills	3	Instructing
25-1066	skills	4	Writing
25-1066	skills	5	Active Learning
25-1066	skills	6	Reading Comprehension
25-1066	skills	7	Social Perceptiveness
25-1066	skills	8	Speaking
25-1066	abilities	1	Written Expression
25-1066	abilities	2	Oral Expression
25-1066	abilities	3	Written Comprehension
25-1066	abilities	4	Speech Clarity
25-1066	abilities	5	Memorization
25-1066	abilities	6	Inductive Reasoning
25-1066	abilities	7	Deductive Reasoning
25-1066	abilities	8	Speech Recognition
25-1066	technology	1	Object or component oriented development software
25-1066	technology	2	Optical character reader OCR or scanning software
25-1066	technology	3	Computer based training software
25-1066	technology	4	Information retrieval or search software
25-1066	technology	5	Medical software
25-1066	technology	6	Web page creation and editing software
25-1066	technology	7	Calendar and scheduling software
25-1067	knowledge	1	Sociology and Anthropology
25-1067	knowledge	2	History and Archeology
25-1067	knowledge	3	Philosophy and Theology
25-1067	knowledge	4	Education and Training
25-1067	knowledge	5	Psychology
25-1067	knowledge	6	English Language
25-1067	knowledge	7	Geography
25-1067	knowledge	8	Communications and Media
25-1067	skills	1	Learning Strategies
25-1067	skills	2	Instructing
25-1067	skills	3	Speaking
25-1067	skills	4	Writing
25-1067	skills	5	Science
25-1067	skills	6	Operations Analysis
25-1067	skills	7	Reading Comprehension
25-1067	skills	8	Active Learning
25-1067	abilities	1	Oral Expression
25-1067	abilities	2	Written Expression
25-1067	abilities	3	Inductive Reasoning
25-1067	abilities	4	Speech Clarity
25-1067	abilities	5	Written Comprehension
25-1067	abilities	6	Deductive Reasoning
25-1067	abilities	7	Oral Comprehension
25-1067	abilities	8	Fluency of Ideas
25-1067	technology	1	Object or component oriented development software
25-1067	technology	2	Optical character reader OCR or scanning software
25-1067	technology	3	Computer based training software
25-1067	technology	4	Information retrieval or search software
25-1067	technology	5	Calendar and scheduling software
25-1071	knowledge	1	Biology
25-1071	knowledge	2	Medicine and Dentistry
25-1071	knowledge	3	Education and Training
25-1071	knowledge	4	Therapy and Counseling
25-1071	knowledge	5	Psychology
25-1071	knowledge	6	Chemistry
25-1071	knowledge	7	Administrative
25-1071	knowledge	8	Personnel and Human Resources
25-1071	skills	1	Science
25-1071	skills	2	Instructing
25-1071	skills	3	Learning Strategies
25-1071	skills	4	Active Learning
25-1071	skills	5	Writing
25-1071	skills	6	Time Management
25-1071	skills	7	Reading Comprehension
25-1071	skills	8	Judgment and Decision Making
25-1071	abilities	1	Oral Expression
25-1071	abilities	2	Written Expression
25-1071	abilities	3	Written Comprehension
25-1071	abilities	4	Speech Clarity
25-1071	abilities	5	Memorization
25-1071	abilities	6	Deductive Reasoning
25-1071	abilities	7	Inductive Reasoning
25-1071	abilities	8	Oral Comprehension
25-1071	technology	1	Multi-media educational software
25-1071	technology	2	Compliance software
25-1071	technology	3	Optical character reader OCR or scanning software
25-1071	technology	4	Computer based training software
25-1071	technology	5	Information retrieval or search software
25-1071	technology	6	Geographic information system
25-1071	technology	7	Medical software
25-1071	technology	8	Calendar and scheduling software
25-1072	knowledge	1	Medicine and Dentistry
25-1072	knowledge	2	Biology
25-1072	knowledge	3	Psychology
25-1072	knowledge	4	Therapy and Counseling
25-1072	knowledge	5	Sociology and Anthropology
25-1072	knowledge	6	Education and Training
25-1072	knowledge	7	Philosophy and Theology
25-1072	knowledge	8	Communications and Media
25-1072	skills	1	Instructing
25-1072	skills	2	Learning Strategies
25-1072	skills	3	Science
25-1072	skills	4	Writing
25-1072	skills	5	Active Learning
25-1072	skills	6	Coordination
25-1072	skills	7	Judgment and Decision Making
25-1072	skills	8	Social Perceptiveness
25-1072	abilities	1	Written Expression
25-1072	abilities	2	Written Comprehension
25-1072	abilities	3	Speech Clarity
25-1072	abilities	4	Inductive Reasoning
25-1072	abilities	5	Oral Expression
25-1072	abilities	6	Oral Comprehension
25-1072	abilities	7	Mathematical Reasoning
25-1072	abilities	8	Deductive Reasoning
25-1072	technology	1	Medical software
25-1072	technology	2	Multi-media educational software
25-1072	technology	3	Optical character reader OCR or scanning software
25-1072	technology	4	Computer based training software
25-1072	technology	5	Information retrieval or search software
25-1072	technology	6	Calendar and scheduling software
25-1081	knowledge	1	Psychology
25-1081	knowledge	2	Sociology and Anthropology
25-1081	knowledge	3	Education and Training
25-1081	knowledge	4	Philosophy and Theology
25-1081	knowledge	5	Communications and Media
25-1081	knowledge	6	English Language
25-1081	knowledge	7	Personnel and Human Resources
25-1081	knowledge	8	Therapy and Counseling
25-1081	skills	1	Learning Strategies
25-1081	skills	2	Instructing
25-1081	skills	3	Speaking
25-1081	skills	4	Active Learning
25-1081	skills	5	Writing
25-1081	skills	6	Reading Comprehension
25-1081	skills	7	Operations Analysis
25-1081	skills	8	Monitoring
25-1081	abilities	1	Speech Clarity
25-1081	abilities	2	Written Expression
25-1081	abilities	3	Oral Expression
25-1081	abilities	4	Written Comprehension
25-1081	abilities	5	Speech Recognition
25-1081	abilities	6	Inductive Reasoning
25-1081	abilities	7	Oral Comprehension
25-1081	abilities	8	Deductive Reasoning
25-1081	technology	1	Optical character reader OCR or scanning software
25-1081	technology	2	Computer based training software
25-1081	technology	3	Information retrieval or search software
25-1081	technology	4	Calendar and scheduling software
25-1082	knowledge	1	Sociology and Anthropology
25-1082	knowledge	2	Education and Training
25-1082	knowledge	3	Communications and Media
25-1082	knowledge	4	Computers and Electronics
25-1082	knowledge	5	English Language
25-1082	knowledge	6	Psychology
25-1082	knowledge	7	Philosophy and Theology
25-1082	knowledge	8	Telecommunications
25-1082	skills	1	Instructing
25-1082	skills	2	Learning Strategies
25-1082	skills	3	Active Learning
25-1082	skills	4	Writing
25-1082	skills	5	Monitoring
25-1082	skills	6	Reading Comprehension
25-1082	skills	7	Speaking
25-1082	skills	8	Critical Thinking
25-1082	abilities	1	Written Comprehension
25-1082	abilities	2	Written Expression
25-1082	abilities	3	Speech Clarity
25-1082	abilities	4	Oral Expression
25-1082	abilities	5	Oral Comprehension
25-1082	abilities	6	Memorization
25-1082	abilities	7	Inductive Reasoning
25-1082	abilities	8	Deductive Reasoning
25-1082	technology	1	Cloud-based management software
25-1082	technology	2	Enterprise application integration software
25-1082	technology	3	Web platform development software
25-1082	technology	4	Cloud-based data access and sharing software
25-1082	technology	5	Object or component oriented development software
25-1082	technology	6	Library software
25-1082	technology	7	Optical character reader OCR or scanning software
25-1082	technology	8	Video conferencing software
25-1111	knowledge	1	Law and Government
25-1111	knowledge	2	Public Safety and Security
25-1111	knowledge	3	Education and Training
25-1111	knowledge	4	Psychology
25-1111	knowledge	5	Sociology and Anthropology
25-1111	knowledge	6	Personnel and Human Resources
25-1111	knowledge	7	English Language
25-1111	knowledge	8	Computers and Electronics
25-1111	skills	1	Learning Strategies
25-1111	skills	2	Speaking
25-1111	skills	3	Instructing
25-1111	skills	4	Active Learning
25-1111	skills	5	Writing
25-1111	skills	6	Critical Thinking
25-1111	skills	7	Operations Analysis
25-1111	skills	8	Monitoring
25-1111	abilities	1	Written Expression
25-1111	abilities	2	Speech Clarity
25-1111	abilities	3	Written Comprehension
25-1111	abilities	4	Inductive Reasoning
25-1111	abilities	5	Oral Expression
25-1111	abilities	6	Memorization
25-1111	abilities	7	Oral Comprehension
25-1111	abilities	8	Deductive Reasoning
25-1111	technology	1	Optical character reader OCR or scanning software
25-1111	technology	2	Computer based training software
25-1111	technology	3	Information retrieval or search software
25-1111	technology	4	Calendar and scheduling software
25-1112	knowledge	1	Law and Government
25-1112	knowledge	2	Education and Training
25-1112	knowledge	3	Philosophy and Theology
25-1112	knowledge	4	English Language
25-1112	knowledge	5	Communications and Media
25-1112	knowledge	6	Sociology and Anthropology
25-1112	knowledge	7	Computers and Electronics
25-1112	knowledge	8	Psychology
25-1112	skills	1	Learning Strategies
25-1112	skills	2	Instructing
25-1112	skills	3	Speaking
25-1112	skills	4	Active Learning
25-1112	skills	5	Writing
25-1112	skills	6	Reading Comprehension
25-1112	skills	7	Active Listening
25-1112	skills	8	Judgment and Decision Making
25-1112	abilities	1	Oral Expression
25-1112	abilities	2	Written Comprehension
25-1112	abilities	3	Speech Clarity
25-1112	abilities	4	Written Expression
25-1112	abilities	5	Inductive Reasoning
25-1112	abilities	6	Deductive Reasoning
25-1112	abilities	7	Oral Comprehension
25-1112	abilities	8	Originality
25-1112	technology	1	Legal management software
25-1112	technology	2	Optical character reader OCR or scanning software
25-1112	technology	3	Computer based training software
25-1112	technology	4	Information retrieval or search software
25-1112	technology	5	Desktop publishing software
25-1112	technology	6	Web page creation and editing software
25-1112	technology	7	Document management software
25-1112	technology	8	Calendar and scheduling software
25-1113	knowledge	1	Sociology and Anthropology
25-1113	knowledge	2	Therapy and Counseling
25-1113	knowledge	3	Psychology
25-1113	knowledge	4	Education and Training
25-1113	knowledge	5	Philosophy and Theology
25-1113	knowledge	6	Communications and Media
25-1113	knowledge	7	Law and Government
25-1113	knowledge	8	Computers and Electronics
25-1113	skills	1	Instructing
25-1113	skills	2	Learning Strategies
25-1113	skills	3	Speaking
25-1113	skills	4	Active Learning
25-1113	skills	5	Writing
25-1113	skills	6	Operations Analysis
25-1113	skills	7	Science
25-1113	skills	8	Social Perceptiveness
25-1113	abilities	1	Oral Expression
25-1113	abilities	2	Speech Clarity
25-1113	abilities	3	Written Expression
25-1113	abilities	4	Inductive Reasoning
25-1113	abilities	5	Deductive Reasoning
25-1113	abilities	6	Fluency of Ideas
25-1113	abilities	7	Written Comprehension
25-1113	abilities	8	Speech Recognition
25-1113	technology	1	Document management software
25-1113	technology	2	Optical character reader OCR or scanning software
25-1113	technology	3	Computer based training software
25-1113	technology	4	Information retrieval or search software
25-1113	technology	5	Calendar and scheduling software
25-1121	knowledge	1	Fine Arts
25-1121	knowledge	2	History and Archeology
25-1121	knowledge	3	Education and Training
25-1121	knowledge	4	Philosophy and Theology
25-1121	knowledge	5	Communications and Media
25-1121	knowledge	6	Sociology and Anthropology
25-1121	knowledge	7	Foreign Language
25-1121	knowledge	8	Psychology
25-1121	skills	1	Instructing
25-1121	skills	2	Learning Strategies
25-1121	skills	3	Speaking
25-1121	skills	4	Active Learning
25-1121	skills	5	Writing
25-1121	skills	6	Operations Analysis
25-1121	skills	7	Reading Comprehension
25-1121	skills	8	Time Management
25-1121	abilities	1	Originality
25-1121	abilities	2	Written Expression
25-1121	abilities	3	Fluency of Ideas
25-1121	abilities	4	Written Comprehension
25-1121	abilities	5	Speech Clarity
25-1121	abilities	6	Oral Expression
25-1121	abilities	7	Visual Color Discrimination
25-1121	abilities	8	Speech Recognition
25-1121	technology	1	Data base management system software
25-1121	technology	2	Video creation and editing software
25-1121	technology	3	Web platform development software
25-1121	technology	4	Desktop publishing software
25-1121	technology	5	Development environment software
25-1121	technology	6	Document management software
25-1121	technology	7	Music or sound editing software
25-1121	technology	8	Optical character reader OCR or scanning software
25-1122	knowledge	1	Philosophy and Theology
25-1122	knowledge	2	Communications and Media
25-1122	knowledge	3	Sociology and Anthropology
25-1122	knowledge	4	History and Archeology
25-1122	knowledge	5	Fine Arts
25-1122	knowledge	6	Education and Training
25-1122	knowledge	7	Psychology
25-1122	knowledge	8	English Language
25-1122	skills	1	Instructing
25-1122	skills	2	Learning Strategies
25-1122	skills	3	Active Learning
25-1122	skills	4	Writing
25-1122	skills	5	Reading Comprehension
25-1122	skills	6	Speaking
25-1122	skills	7	Active Listening
25-1122	skills	8	Monitoring
25-1122	abilities	1	Speech Clarity
25-1122	abilities	2	Written Expression
25-1122	abilities	3	Written Comprehension
25-1122	abilities	4	Memorization
25-1122	abilities	5	Oral Expression
25-1122	abilities	6	Oral Comprehension
25-1122	abilities	7	Speech Recognition
25-1122	abilities	8	Inductive Reasoning
25-1122	technology	1	Desktop publishing software
25-1122	technology	2	Web page creation and editing software
25-1122	technology	3	Document management software
25-1122	technology	4	Music or sound editing software
25-1122	technology	5	Optical character reader OCR or scanning software
25-1122	technology	6	Computer based training software
25-1122	technology	7	Information retrieval or search software
25-1122	technology	8	Video creation and editing software
25-1123	knowledge	1	History and Archeology
25-1123	knowledge	2	Philosophy and Theology
25-1123	knowledge	3	Sociology and Anthropology
25-1123	knowledge	4	Communications and Media
25-1123	knowledge	5	Fine Arts
25-1123	knowledge	6	Education and Training
25-1123	knowledge	7	English Language
25-1123	knowledge	8	Foreign Language
25-1123	skills	1	Instructing
25-1123	skills	2	Reading Comprehension
25-1123	skills	3	Learning Strategies
25-1123	skills	4	Writing
25-1123	skills	5	Active Learning
25-1123	skills	6	Speaking
25-1123	skills	7	Active Listening
25-1123	skills	8	Management of Personnel Resources
25-1123	abilities	1	Written Comprehension
25-1123	abilities	2	Written Expression
25-1123	abilities	3	Oral Expression
25-1123	abilities	4	Speech Clarity
25-1123	abilities	5	Oral Comprehension
25-1123	abilities	6	Inductive Reasoning
25-1123	abilities	7	Originality
25-1123	abilities	8	Deductive Reasoning
25-1123	technology	1	Music or sound editing software
25-1123	technology	2	Optical character reader OCR or scanning software
25-1123	technology	3	Computer based training software
25-1123	technology	4	Information retrieval or search software
25-1123	technology	5	Video creation and editing software
25-1123	technology	6	Process mapping and design software
25-1123	technology	7	Document management software
25-1123	technology	8	Calendar and scheduling software
25-1124	knowledge	1	Foreign Language
25-1124	knowledge	2	History and Archeology
25-1124	knowledge	3	Philosophy and Theology
25-1124	knowledge	4	Fine Arts
25-1124	knowledge	5	Sociology and Anthropology
25-1124	knowledge	6	Geography
25-1124	knowledge	7	Education and Training
25-1124	knowledge	8	English Language
25-1124	skills	1	Learning Strategies
25-1124	skills	2	Instructing
25-1124	skills	3	Writing
25-1124	skills	4	Active Learning
25-1124	skills	5	Speaking
25-1124	skills	6	Reading Comprehension
25-1124	skills	7	Active Listening
25-1124	skills	8	Monitoring
25-1124	abilities	1	Speech Clarity
25-1124	abilities	2	Written Expression
25-1124	abilities	3	Speech Recognition
25-1124	abilities	4	Oral Expression
25-1124	abilities	5	Written Comprehension
25-1124	abilities	6	Memorization
25-1124	abilities	7	Oral Comprehension
25-1124	abilities	8	Inductive Reasoning
25-1124	technology	1	Video conferencing software
25-1124	technology	2	Foreign language software
25-1124	technology	3	Dictionary software
25-1124	technology	4	Music or sound editing software
25-1124	technology	5	Optical character reader OCR or scanning software
25-1124	technology	6	Desktop communications software
25-1124	technology	7	Computer based training software
25-1124	technology	8	Information retrieval or search software
25-1125	knowledge	1	History and Archeology
25-1125	knowledge	2	Geography
25-1125	knowledge	3	Philosophy and Theology
25-1125	knowledge	4	Law and Government
25-1125	knowledge	5	Sociology and Anthropology
25-1125	knowledge	6	Education and Training
25-1125	knowledge	7	Fine Arts
25-1125	knowledge	8	English Language
25-1125	skills	1	Learning Strategies
25-1125	skills	2	Instructing
25-1125	skills	3	Speaking
25-1125	skills	4	Writing
25-1125	skills	5	Reading Comprehension
25-1125	skills	6	Active Learning
25-1125	skills	7	Time Management
25-1125	skills	8	Operations Analysis
25-1125	abilities	1	Written Expression
25-1125	abilities	2	Oral Expression
25-1125	abilities	3	Written Comprehension
25-1125	abilities	4	Memorization
25-1125	abilities	5	Inductive Reasoning
25-1125	abilities	6	Speech Clarity
25-1125	abilities	7	Deductive Reasoning
25-1125	abilities	8	Oral Comprehension
25-1125	technology	1	Web platform development software
25-1125	technology	2	Optical character reader OCR or scanning software
25-1125	technology	3	Map creation software
25-1125	technology	4	Computer based training software
25-1125	technology	5	Information retrieval or search software
25-1125	technology	6	Geographic information system
25-1125	technology	7	Calendar and scheduling software
25-1126	knowledge	1	Philosophy and Theology
25-1126	knowledge	2	History and Archeology
25-1126	knowledge	3	Sociology and Anthropology
25-1126	knowledge	4	Education and Training
25-1126	knowledge	5	English Language
25-1126	knowledge	6	Foreign Language
25-1126	knowledge	7	Communications and Media
25-1126	knowledge	8	Law and Government
25-1126	skills	1	Instructing
25-1126	skills	2	Learning Strategies
25-1126	skills	3	Writing
25-1126	skills	4	Reading Comprehension
25-1126	skills	5	Active Learning
25-1126	skills	6	Speaking
25-1126	skills	7	Active Listening
25-1126	skills	8	Critical Thinking
25-1126	abilities	1	Speech Clarity
25-1126	abilities	2	Written Expression
25-1126	abilities	3	Written Comprehension
25-1126	abilities	4	Memorization
25-1126	abilities	5	Inductive Reasoning
25-1126	abilities	6	Oral Expression
25-1126	abilities	7	Deductive Reasoning
25-1126	abilities	8	Oral Comprehension
25-1126	technology	1	Dictionary software
25-1126	technology	2	Optical character reader OCR or scanning software
25-1126	technology	3	Computer based training software
25-1126	technology	4	Information retrieval or search software
25-1126	technology	5	Calendar and scheduling software
25-1192	knowledge	1	Sociology and Anthropology
25-1192	knowledge	2	Education and Training
25-1192	knowledge	3	Psychology
25-1192	knowledge	4	Philosophy and Theology
25-1192	knowledge	5	English Language
25-1192	knowledge	6	Therapy and Counseling
25-1192	knowledge	7	Communications and Media
25-1192	knowledge	8	Administrative
25-1192	skills	1	Learning Strategies
25-1192	skills	2	Instructing
25-1192	skills	3	Speaking
25-1192	skills	4	Reading Comprehension
25-1192	skills	5	Active Learning
25-1192	skills	6	Systems Evaluation
25-1192	skills	7	Writing
25-1192	skills	8	Systems Analysis
25-1192	abilities	1	Written Expression
25-1192	abilities	2	Written Comprehension
25-1192	abilities	3	Speech Clarity
25-1192	abilities	4	Oral Expression
25-1192	abilities	5	Memorization
25-1192	abilities	6	Originality
25-1192	abilities	7	Oral Comprehension
25-1192	abilities	8	Mathematical Reasoning
25-1192	technology	1	Video conferencing software
25-1192	technology	2	Optical character reader OCR or scanning software
25-1192	technology	3	Data base management system software
25-1192	technology	4	Computer based training software
25-1192	technology	5	Information retrieval or search software
25-1192	technology	6	Web page creation and editing software
25-1192	technology	7	Calendar and scheduling software
25-1193	knowledge	1	Education and Training
25-1193	knowledge	2	Biology
25-1193	knowledge	3	Therapy and Counseling
25-1193	knowledge	4	Psychology
25-1193	knowledge	5	Medicine and Dentistry
25-1193	knowledge	6	Communications and Media
25-1193	knowledge	7	Sociology and Anthropology
25-1193	knowledge	8	Computers and Electronics
25-1193	skills	1	Instructing
25-1193	skills	2	Learning Strategies
25-1193	skills	3	Writing
25-1193	skills	4	Time Management
25-1193	skills	5	Speaking
25-1193	skills	6	Operations Analysis
25-1193	skills	7	Reading Comprehension
25-1193	skills	8	Judgment and Decision Making
25-1193	abilities	1	Written Expression
25-1193	abilities	2	Speech Clarity
25-1193	abilities	3	Written Comprehension
25-1193	abilities	4	Oral Expression
25-1193	abilities	5	Fluency of Ideas
25-1193	abilities	6	Inductive Reasoning
25-1193	abilities	7	Oral Comprehension
25-1193	abilities	8	Deductive Reasoning
25-1193	technology	1	Web page creation and editing software
25-1193	technology	2	Optical character reader OCR or scanning software
25-1193	technology	3	Computer based training software
25-1193	technology	4	Information retrieval or search software
25-1193	technology	5	Video creation and editing software
25-1193	technology	6	Development environment software
25-1193	technology	7	Calendar and scheduling software
25-1194	knowledge	1	Education and Training
25-1194	knowledge	2	Mechanical
25-1194	knowledge	3	Engineering and Technology
25-1194	knowledge	4	Chemistry
25-1194	knowledge	5	Physics
25-1194	knowledge	6	Design
25-1194	knowledge	7	Administrative
25-1194	knowledge	8	Building and Construction
25-1194	skills	1	Learning Strategies
25-1194	skills	2	Instructing
25-1194	skills	3	Active Learning
25-1194	skills	4	Operations Analysis
25-1194	skills	5	Writing
25-1194	skills	6	Reading Comprehension
25-1194	skills	7	Active Listening
25-1194	skills	8	Negotiation
25-1194	abilities	1	Written Expression
25-1194	abilities	2	Memorization
25-1194	abilities	3	Written Comprehension
25-1194	abilities	4	Speech Clarity
25-1194	abilities	5	Oral Expression
25-1194	abilities	6	Oral Comprehension
25-1194	abilities	7	Time Sharing
25-1194	abilities	8	Speech Recognition
25-1194	technology	1	Instant messaging software
25-1194	technology	2	Optical character reader OCR or scanning software
25-1194	technology	3	Desktop communications software
25-1194	technology	4	Computer based training software
25-1194	technology	5	Information retrieval or search software
25-1194	technology	6	Medical software
25-1194	technology	7	Calendar and scheduling software
25-2011	knowledge	1	Education and Training
25-2011	knowledge	2	Psychology
25-2011	knowledge	3	Public Safety and Security
25-2011	knowledge	4	English Language
25-2011	knowledge	5	Administrative
25-2011	knowledge	6	Customer and Personal Service
25-2011	knowledge	7	Administration and Management
25-2011	skills	1	Instructing
25-2011	skills	2	Learning Strategies
25-2011	skills	3	Service Orientation
25-2011	skills	4	Coordination
25-2011	skills	5	Social Perceptiveness
25-2011	skills	6	Speaking
25-2011	skills	7	Monitoring
25-2011	skills	8	Active Listening
25-2011	abilities	1	Originality
25-2011	abilities	2	Fluency of Ideas
25-2011	abilities	3	Speech Clarity
25-2011	abilities	4	Trunk Strength
25-2011	abilities	5	Memorization
25-2011	abilities	6	Oral Expression
25-2011	abilities	7	Problem Sensitivity
25-2011	abilities	8	Oral Comprehension
25-2011	technology	1	Mobile messaging service software
25-2011	technology	2	Multi-media educational software
25-2011	technology	3	Desktop communications software
25-2011	technology	4	Video conferencing software
25-2011	technology	5	Computer based training software
25-2011	technology	6	Video creation and editing software
25-2012	knowledge	1	Education and Training
25-2012	knowledge	2	Psychology
25-2012	knowledge	3	History and Archeology
25-2012	knowledge	4	Therapy and Counseling
25-2012	knowledge	5	Sociology and Anthropology
25-2012	knowledge	6	Philosophy and Theology
25-2012	knowledge	7	Geography
25-2012	knowledge	8	Fine Arts
25-2012	skills	1	Instructing
25-2012	skills	2	Learning Strategies
25-2012	skills	3	Social Perceptiveness
25-2012	skills	4	Coordination
25-2012	skills	5	Monitoring
25-2012	skills	6	Service Orientation
25-2012	skills	7	Time Management
25-2012	skills	8	Negotiation
25-2012	abilities	1	Fluency of Ideas
25-2012	abilities	2	Originality
25-2012	abilities	3	Written Expression
25-2012	abilities	4	Written Comprehension
25-2012	abilities	5	Speech Clarity
25-2012	abilities	6	Oral Expression
25-2012	abilities	7	Time Sharing
25-2012	abilities	8	Memorization
25-2012	technology	1	Multi-media educational software
25-2012	technology	2	Desktop communications software
25-2012	technology	3	Computer based training software
25-2021	knowledge	1	History and Archeology
25-2021	knowledge	2	Education and Training
25-2021	knowledge	3	Psychology
25-2021	knowledge	4	Sociology and Anthropology
25-2021	knowledge	5	Geography
25-2021	knowledge	6	English Language
25-2021	knowledge	7	Therapy and Counseling
25-2021	knowledge	8	Mathematics
25-2021	skills	1	Instructing
25-2021	skills	2	Learning Strategies
25-2021	skills	3	Coordination
25-2021	skills	4	Social Perceptiveness
25-2021	skills	5	Speaking
25-2021	skills	6	Writing
25-2021	skills	7	Service Orientation
25-2021	skills	8	Active Learning
25-2021	abilities	1	Originality
25-2021	abilities	2	Oral Expression
25-2021	abilities	3	Fluency of Ideas
25-2021	abilities	4	Written Expression
25-2021	abilities	5	Time Sharing
25-2021	abilities	6	Speech Recognition
25-2021	abilities	7	Memorization
25-2021	abilities	8	Speech Clarity
25-2021	technology	1	Cloud-based data access and sharing software
25-2021	technology	2	Multi-media educational software
25-2021	technology	3	Desktop communications software
25-2021	technology	4	Video conferencing software
25-2021	technology	5	Computer based training software
25-2021	technology	6	Video creation and editing software
25-2022	knowledge	1	History and Archeology
25-2022	knowledge	2	Education and Training
25-2022	knowledge	3	Sociology and Anthropology
25-2022	knowledge	4	Psychology
25-2022	knowledge	5	Fine Arts
25-2022	knowledge	6	Therapy and Counseling
25-2022	knowledge	7	Philosophy and Theology
25-2022	knowledge	8	English Language
25-2022	skills	1	Instructing
25-2022	skills	2	Learning Strategies
25-2022	skills	3	Social Perceptiveness
25-2022	skills	4	Writing
25-2022	skills	5	Time Management
25-2022	skills	6	Active Learning
25-2022	skills	7	Speaking
25-2022	skills	8	Monitoring
25-2022	abilities	1	Speech Clarity
25-2022	abilities	2	Written Expression
25-2022	abilities	3	Speech Recognition
25-2022	abilities	4	Written Comprehension
25-2022	abilities	5	Oral Expression
25-2022	abilities	6	Fluency of Ideas
25-2022	abilities	7	Memorization
25-2022	abilities	8	Originality
25-2022	technology	1	Video conferencing software
25-2022	technology	2	Cloud-based data access and sharing software
25-2022	technology	3	Web page creation and editing software
25-2022	technology	4	Multi-media educational software
25-2022	technology	5	Desktop communications software
25-2022	technology	6	Computer based training software
25-2022	technology	7	Video creation and editing software
25-2023	knowledge	1	Psychology
25-2023	knowledge	2	Education and Training
25-2023	knowledge	3	Sociology and Anthropology
25-2023	knowledge	4	English Language
25-2023	knowledge	5	Administrative
25-2023	knowledge	6	Engineering and Technology
25-2023	knowledge	7	Design
25-2023	knowledge	8	Building and Construction
25-2023	skills	1	Learning Strategies
25-2023	skills	2	Instructing
25-2023	skills	3	Social Perceptiveness
25-2023	skills	4	Speaking
25-2023	skills	5	Operations Analysis
25-2023	skills	6	Monitoring
25-2023	skills	7	Reading Comprehension
25-2023	skills	8	Writing
25-2023	abilities	1	Speech Clarity
25-2023	abilities	2	Written Expression
25-2023	abilities	3	Speech Recognition
25-2023	abilities	4	Written Comprehension
25-2023	abilities	5	Originality
25-2023	abilities	6	Oral Expression
25-2023	abilities	7	Deductive Reasoning
25-2023	abilities	8	Time Sharing
25-2023	technology	1	Storage networking software
25-2023	technology	2	Object oriented data base management software
25-2023	technology	3	Configuration management software
25-2023	technology	4	Cloud-based management software
25-2023	technology	5	Expert system software
25-2023	technology	6	File versioning software
25-2023	technology	7	Program testing software
25-2023	technology	8	Application server software
25-2031	knowledge	1	Education and Training
25-2031	knowledge	2	Psychology
25-2031	knowledge	3	Sociology and Anthropology
25-2031	knowledge	4	Philosophy and Theology
25-2031	knowledge	5	English Language
25-2031	knowledge	6	Therapy and Counseling
25-2031	knowledge	7	Personnel and Human Resources
25-2031	knowledge	8	Public Safety and Security
25-2031	skills	1	Instructing
25-2031	skills	2	Learning Strategies
25-2031	skills	3	Social Perceptiveness
25-2031	skills	4	Speaking
25-2031	skills	5	Monitoring
25-2031	skills	6	Writing
25-2031	skills	7	Reading Comprehension
25-2031	skills	8	Active Learning
25-2031	abilities	1	Originality
25-2031	abilities	2	Fluency of Ideas
25-2031	abilities	3	Speech Recognition
25-2031	abilities	4	Memorization
25-2031	abilities	5	Speech Clarity
25-2031	abilities	6	Written Expression
25-2031	abilities	7	Oral Expression
25-2031	abilities	8	Deductive Reasoning
25-2031	technology	1	Cloud-based data access and sharing software
25-2031	technology	2	Multi-media educational software
25-2031	technology	3	Video conferencing software
25-2031	technology	4	Computer based training software
25-2031	technology	5	Video creation and editing software
25-2031	technology	6	Development environment software
25-2032	knowledge	1	Education and Training
25-2032	knowledge	2	Customer and Personal Service
25-2032	knowledge	3	Therapy and Counseling
25-2032	knowledge	4	Psychology
25-2032	knowledge	5	Communications and Media
25-2032	knowledge	6	Sociology and Anthropology
25-2032	knowledge	7	Personnel and Human Resources
25-2032	knowledge	8	Administrative
25-2032	skills	1	Instructing
25-2032	skills	2	Learning Strategies
25-2032	skills	3	Service Orientation
25-2032	skills	4	Writing
25-2032	skills	5	Coordination
25-2032	skills	6	Social Perceptiveness
25-2032	skills	7	Monitoring
25-2032	skills	8	Complex Problem Solving
25-2032	abilities	1	Speech Clarity
25-2032	abilities	2	Written Expression
25-2032	abilities	3	Category Flexibility
25-2032	abilities	4	Memorization
25-2032	abilities	5	Speed of Closure
25-2032	abilities	6	Speech Recognition
25-2032	abilities	7	Written Comprehension
25-2032	abilities	8	Originality
25-2032	technology	1	Computer aided design CAD software
25-2032	technology	2	Multi-media educational software
25-2032	technology	3	Optical character reader OCR or scanning software
25-2032	technology	4	Desktop communications software
25-2032	technology	5	Computer based training software
25-2032	technology	6	Information retrieval or search software
25-2032	technology	7	Calendar and scheduling software
25-2051	knowledge	1	Therapy and Counseling
25-2051	knowledge	2	Psychology
25-2051	knowledge	3	Philosophy and Theology
25-2051	knowledge	4	Education and Training
25-2051	knowledge	5	Medicine and Dentistry
25-2051	knowledge	6	Sociology and Anthropology
25-2051	knowledge	7	Foreign Language
25-2051	knowledge	8	English Language
25-2051	skills	1	Learning Strategies
25-2051	skills	2	Instructing
25-2051	skills	3	Social Perceptiveness
25-2051	skills	4	Service Orientation
25-2051	skills	5	Speaking
25-2051	skills	6	Writing
25-2051	skills	7	Active Learning
25-2051	skills	8	Systems Evaluation
25-2051	abilities	1	Speech Clarity
25-2051	abilities	2	Written Comprehension
25-2051	abilities	3	Written Expression
25-2051	abilities	4	Oral Expression
25-2051	abilities	5	Problem Sensitivity
25-2051	abilities	6	Deductive Reasoning
25-2051	abilities	7	Time Sharing
25-2051	abilities	8	Auditory Attention
25-2051	technology	1	Device drivers or system software
25-2051	technology	2	Computer based training software
25-2055	technology	1	Device drivers or system software
25-2055	technology	2	Voice recognition software
25-2055	technology	3	Computer based training software
25-2056	technology	1	Device drivers or system software
25-2056	technology	2	Voice recognition software
25-2056	technology	3	Computer based training software
25-2057	knowledge	1	Education and Training
25-2057	knowledge	2	Psychology
25-2057	knowledge	3	Therapy and Counseling
25-2057	knowledge	4	History and Archeology
25-2057	knowledge	5	English Language
25-2057	knowledge	6	Geography
25-2057	knowledge	7	Sociology and Anthropology
25-2057	knowledge	8	Administrative
25-2057	skills	1	Instructing
25-2057	skills	2	Learning Strategies
25-2057	skills	3	Active Learning
25-2057	skills	4	Service Orientation
25-2057	skills	5	Time Management
25-2057	skills	6	Social Perceptiveness
25-2057	skills	7	Negotiation
25-2057	skills	8	Coordination
25-2057	abilities	1	Originality
25-2057	abilities	2	Written Expression
25-2057	abilities	3	Written Comprehension
25-2057	abilities	4	Information Ordering
25-2057	abilities	5	Speech Recognition
25-2057	abilities	6	Memorization
25-2057	abilities	7	Inductive Reasoning
25-2057	abilities	8	Speech Clarity
25-2057	technology	1	Cloud-based data access and sharing software
25-2057	technology	2	Spell checkers
25-2057	technology	3	Device drivers or system software
25-2057	technology	4	Voice recognition software
25-2057	technology	5	Multi-media educational software
25-2057	technology	6	Computer based training software
25-2057	technology	7	Video creation and editing software
25-2058	knowledge	1	Therapy and Counseling
25-2058	knowledge	2	Education and Training
25-2058	knowledge	3	History and Archeology
25-2058	knowledge	4	Psychology
25-2058	knowledge	5	Geography
25-2058	knowledge	6	Sociology and Anthropology
25-2058	knowledge	7	Computers and Electronics
25-2058	knowledge	8	English Language
25-2058	skills	1	Learning Strategies
25-2058	skills	2	Instructing
25-2058	skills	3	Service Orientation
25-2058	skills	4	Social Perceptiveness
25-2058	skills	5	Writing
25-2058	skills	6	Coordination
25-2058	skills	7	Time Management
25-2058	skills	8	Monitoring
25-2058	abilities	1	Fluency of Ideas
25-2058	abilities	2	Speech Clarity
25-2058	abilities	3	Written Expression
25-2058	abilities	4	Originality
25-2058	abilities	5	Speech Recognition
25-2058	abilities	6	Written Comprehension
25-2058	abilities	7	Memorization
25-2058	abilities	8	Inductive Reasoning
25-2058	technology	1	Desktop publishing software
25-2058	technology	2	Cloud-based data access and sharing software
25-2058	technology	3	Web page creation and editing software
25-2058	technology	4	Document management software
25-2058	technology	5	Spell checkers
25-2058	technology	6	Device drivers or system software
25-2058	technology	7	Voice recognition software
25-2058	technology	8	Computer based training software
25-2059	knowledge	1	Psychology
25-2059	knowledge	2	Education and Training
25-2059	knowledge	3	Therapy and Counseling
25-2059	knowledge	4	Medicine and Dentistry
25-2059	knowledge	5	Sociology and Anthropology
25-2059	knowledge	6	Law and Government
25-2059	knowledge	7	Communications and Media
25-2059	knowledge	8	Administrative
25-2059	skills	1	Instructing
25-2059	skills	2	Learning Strategies
25-2059	skills	3	Service Orientation
25-2059	skills	4	Active Learning
25-2059	skills	5	Social Perceptiveness
25-2059	skills	6	Writing
25-2059	skills	7	Judgment and Decision Making
25-2059	skills	8	Monitoring
25-2059	abilities	1	Gross Body Coordination
25-2059	abilities	2	Stamina
25-2059	abilities	3	Gross Body Equilibrium
25-2059	abilities	4	Extent Flexibility
25-2059	abilities	5	Static Strength
25-2059	abilities	6	Multilimb Coordination
25-2059	abilities	7	Trunk Strength
25-2059	abilities	8	Written Expression
25-2059	technology	1	Web page creation and editing software
25-3011	knowledge	1	Education and Training
25-3011	knowledge	2	English Language
25-3011	knowledge	3	Sociology and Anthropology
25-3011	knowledge	4	Administrative
25-3011	knowledge	5	Psychology
25-3011	knowledge	6	Customer and Personal Service
25-3011	knowledge	7	Administration and Management
25-3011	knowledge	8	Mathematics
25-3011	skills	1	Instructing
25-3011	skills	2	Learning Strategies
25-3011	skills	3	Writing
25-3011	skills	4	Service Orientation
25-3011	skills	5	Active Learning
25-3011	skills	6	Negotiation
25-3011	skills	7	Social Perceptiveness
25-3011	skills	8	Monitoring
25-3011	abilities	1	Written Expression
25-3011	abilities	2	Oral Expression
25-3011	abilities	3	Written Comprehension
25-3011	abilities	4	Originality
25-3011	abilities	5	Speech Clarity
25-3011	abilities	6	Speech Recognition
25-3011	abilities	7	Fluency of Ideas
25-3011	abilities	8	Memorization
25-3011	technology	1	Video conferencing software
25-3011	technology	2	Web page creation and editing software
25-3011	technology	3	Multi-media educational software
25-3011	technology	4	Desktop communications software
25-3011	technology	5	Computer based training software
25-3011	technology	6	Desktop publishing software
25-3021	knowledge	1	Education and Training
25-3021	knowledge	2	Customer and Personal Service
25-3021	knowledge	3	English Language
25-3021	skills	1	Learning Strategies
25-3021	skills	2	Instructing
25-3021	skills	3	Speaking
25-3021	skills	4	Service Orientation
25-3021	skills	5	Active Learning
25-3021	skills	6	Social Perceptiveness
25-3021	skills	7	Management of Personnel Resources
25-3021	skills	8	Coordination
25-3021	abilities	1	Oral Expression
25-3021	abilities	2	Originality
25-3021	abilities	3	Speech Clarity
25-3021	abilities	4	Oral Comprehension
25-3021	abilities	5	Fluency of Ideas
25-3021	abilities	6	Memorization
25-3021	abilities	7	Speech Recognition
25-3021	abilities	8	Category Flexibility
25-3021	technology	1	Web platform development software
25-3021	technology	2	Document management software
25-3021	technology	3	Multi-media educational software
25-3021	technology	4	Computer based training software
25-3021	technology	5	Video creation and editing software
25-3021	technology	6	Web page creation and editing software
25-3031	technology	1	Multi-media educational software
25-3031	technology	2	Desktop communications software
25-3031	technology	3	Video conferencing software
25-3031	technology	4	Computer based training software
25-3031	technology	5	Video creation and editing software
25-3041	knowledge	1	Education and Training
25-3041	knowledge	2	Customer and Personal Service
25-3041	knowledge	3	Biology
25-3041	knowledge	4	Sociology and Anthropology
25-3041	knowledge	5	Psychology
25-3041	knowledge	6	Chemistry
25-3041	knowledge	7	Mathematics
25-3041	knowledge	8	Physics
25-3041	skills	1	Instructing
25-3041	skills	2	Learning Strategies
25-3041	skills	3	Reading Comprehension
25-3041	skills	4	Social Perceptiveness
25-3041	skills	5	Active Learning
25-3041	skills	6	Speaking
25-3041	skills	7	Writing
25-3041	skills	8	Service Orientation
25-3041	abilities	1	Written Expression
25-3041	abilities	2	Speech Clarity
25-3041	abilities	3	Speech Recognition
25-3041	abilities	4	Fluency of Ideas
25-3041	abilities	5	Written Comprehension
25-3041	abilities	6	Memorization
25-3041	abilities	7	Oral Comprehension
25-3041	abilities	8	Oral Expression
25-3041	technology	1	Video conferencing software
25-3041	technology	2	Web page creation and editing software
25-3041	technology	3	Multi-media educational software
25-3041	technology	4	Computer based training software
25-3041	technology	5	Video creation and editing software
25-3041	technology	6	Cloud-based data access and sharing software
25-3041	technology	7	Calendar and scheduling software
25-4011	knowledge	1	History and Archeology
25-4011	knowledge	2	Administrative
25-4011	knowledge	3	Customer and Personal Service
25-4011	knowledge	4	Administration and Management
25-4011	knowledge	5	Communications and Media
25-4011	knowledge	6	Computers and Electronics
25-4011	knowledge	7	Law and Government
25-4011	knowledge	8	English Language
25-4011	skills	1	Writing
25-4011	skills	2	Reading Comprehension
25-4011	skills	3	Active Listening
25-4011	skills	4	Management of Personnel Resources
25-4011	skills	5	Systems Analysis
25-4011	skills	6	Service Orientation
25-4011	skills	7	Instructing
25-4011	skills	8	Active Learning
25-4011	abilities	1	Category Flexibility
25-4011	abilities	2	Written Expression
25-4011	abilities	3	Information Ordering
25-4011	abilities	4	Written Comprehension
25-4011	abilities	5	Near Vision
25-4011	abilities	6	Deductive Reasoning
25-4011	abilities	7	Visual Color Discrimination
25-4011	abilities	8	Oral Comprehension
25-4011	technology	1	Enterprise application integration software
25-4011	technology	2	Web platform development software
25-4011	technology	3	Desktop publishing software
25-4011	technology	4	Document management software
25-4011	technology	5	Video creation and editing software
25-4011	technology	6	Geographic information system
25-4011	technology	7	Development environment software
25-4012	knowledge	1	History and Archeology
25-4012	knowledge	2	Fine Arts
25-4012	knowledge	3	Philosophy and Theology
25-4012	knowledge	4	Sociology and Anthropology
25-4012	knowledge	5	Geography
25-4012	knowledge	6	English Language
25-4012	knowledge	7	Communications and Media
25-4012	knowledge	8	Administrative
25-4012	skills	1	Management of Material Resources
25-4012	skills	2	Management of Financial Resources
25-4012	skills	3	Writing
25-4012	skills	4	Systems Analysis
25-4012	skills	5	Systems Evaluation
25-4012	skills	6	Reading Comprehension
25-4012	skills	7	Learning Strategies
25-4012	skills	8	Speaking
25-4012	abilities	1	Originality
25-4012	abilities	2	Category Flexibility
25-4012	abilities	3	Written Expression
25-4012	abilities	4	Fluency of Ideas
25-4012	abilities	5	Written Comprehension
25-4012	abilities	6	Visualization
25-4012	abilities	7	Visual Color Discrimination
25-4012	abilities	8	Deductive Reasoning
25-4012	technology	1	Enterprise application integration software
25-4012	technology	2	Desktop publishing software
25-4012	technology	3	Development environment software
25-4012	technology	4	Object or component oriented development software
25-4012	technology	5	Web page creation and editing software
25-4012	technology	6	Document management software
25-4012	technology	7	Computer aided design CAD software
25-4012	technology	8	Calendar and scheduling software
25-4013	knowledge	1	Fine Arts
25-4013	knowledge	2	History and Archeology
25-4013	knowledge	3	Chemistry
25-4013	knowledge	4	Public Safety and Security
25-4013	knowledge	5	Design
25-4013	knowledge	6	Mechanical
25-4013	knowledge	7	Production and Processing
25-4013	knowledge	8	Administrative
25-4013	skills	1	Active Listening
25-4013	skills	2	Instructing
25-4013	skills	3	Reading Comprehension
25-4013	skills	4	Systems Evaluation
25-4013	skills	5	Learning Strategies
25-4013	skills	6	Speaking
25-4013	skills	7	Writing
25-4013	skills	8	Systems Analysis
25-4013	abilities	1	Static Strength
25-4013	abilities	2	Arm-Hand Steadiness
25-4013	abilities	3	Manual Dexterity
25-4013	abilities	4	Finger Dexterity
25-4013	abilities	5	Originality
25-4013	abilities	6	Visual Color Discrimination
25-4013	abilities	7	Multilimb Coordination
25-4013	abilities	8	Visualization
25-4013	technology	1	Web platform development software
25-4013	technology	2	Desktop publishing software
25-4013	technology	3	Document management software
25-4013	technology	4	Computer aided design CAD software
25-4013	technology	5	Object oriented data base management software
25-4022	knowledge	1	Customer and Personal Service
25-4022	knowledge	2	Administrative
25-4022	knowledge	3	Computers and Electronics
25-4022	knowledge	4	Education and Training
25-4022	knowledge	5	Communications and Media
25-4022	knowledge	6	English Language
25-4022	knowledge	7	Sociology and Anthropology
25-4022	knowledge	8	Sales and Marketing
25-4022	skills	1	Management of Material Resources
25-4022	skills	2	Writing
25-4022	skills	3	Service Orientation
25-4022	skills	4	Reading Comprehension
25-4022	skills	5	Speaking
25-4022	skills	6	Instructing
25-4022	skills	7	Active Listening
25-4022	skills	8	Active Learning
25-4022	abilities	1	Written Comprehension
25-4022	abilities	2	Oral Expression
25-4022	abilities	3	Written Expression
25-4022	abilities	4	Oral Comprehension
25-4022	abilities	5	Speed of Closure
25-4022	abilities	6	Category Flexibility
25-4022	abilities	7	Memorization
25-4022	abilities	8	Information Ordering
25-4022	technology	1	Video conferencing software
25-4022	technology	2	Enterprise application integration software
25-4022	technology	3	Video creation and editing software
25-4022	technology	4	Web platform development software
25-4022	technology	5	Process mapping and design software
25-4022	technology	6	Desktop publishing software
25-4022	technology	7	Cloud-based data access and sharing software
25-4022	technology	8	Object or component oriented development software
25-4031	knowledge	1	Customer and Personal Service
25-4031	knowledge	2	Administrative
25-4031	knowledge	3	Communications and Media
25-4031	knowledge	4	Computers and Electronics
25-4031	knowledge	5	Psychology
25-4031	knowledge	6	English Language
25-4031	knowledge	7	Education and Training
25-4031	knowledge	8	Public Safety and Security
25-4031	skills	1	Learning Strategies
25-4031	skills	2	Service Orientation
25-4031	skills	3	Management of Personnel Resources
25-4031	skills	4	Reading Comprehension
25-4031	skills	5	Coordination
25-4031	skills	6	Social Perceptiveness
25-4031	skills	7	Instructing
25-4031	skills	8	Active Learning
25-4031	abilities	1	Finger Dexterity
25-4031	abilities	2	Far Vision
25-4031	abilities	3	Manual Dexterity
25-4031	abilities	4	Category Flexibility
25-4031	abilities	5	Flexibility of Closure
25-4031	abilities	6	Perceptual Speed
25-4031	abilities	7	Speech Recognition
25-4031	abilities	8	Selective Attention
25-4031	technology	1	Desktop publishing software
25-4031	technology	2	Document management software
25-4031	technology	3	Library software
25-4031	technology	4	Web page creation and editing software
25-9021	knowledge	1	Food Production
25-9021	knowledge	2	Biology
25-9021	knowledge	3	Communications and Media
25-9021	knowledge	4	Education and Training
25-9021	knowledge	5	Chemistry
25-9021	knowledge	6	Economics and Accounting
25-9021	knowledge	7	Sales and Marketing
25-9021	knowledge	8	Personnel and Human Resources
25-9021	skills	1	Instructing
25-9021	skills	2	Systems Evaluation
25-9021	skills	3	Learning Strategies
25-9021	skills	4	Systems Analysis
25-9021	skills	5	Science
25-9021	skills	6	Active Listening
25-9021	skills	7	Persuasion
25-9021	skills	8	Management of Financial Resources
25-9021	abilities	1	Originality
25-9021	abilities	2	Oral Expression
25-9021	abilities	3	Memorization
25-9021	abilities	4	Speech Clarity
25-9021	abilities	5	Written Expression
25-9021	abilities	6	Information Ordering
25-9021	abilities	7	Fluency of Ideas
25-9021	abilities	8	Written Comprehension
25-9021	technology	1	Geographic information system
25-9021	technology	2	Procurement software
25-9021	technology	3	Multi-media educational software
25-9021	technology	4	Web page creation and editing software
25-9031	knowledge	1	Education and Training
25-9031	knowledge	2	Philosophy and Theology
25-9031	knowledge	3	History and Archeology
25-9031	knowledge	4	Sociology and Anthropology
25-9031	knowledge	5	Therapy and Counseling
25-9031	knowledge	6	Personnel and Human Resources
25-9031	knowledge	7	Communications and Media
25-9031	knowledge	8	Foreign Language
25-9031	skills	1	Learning Strategies
25-9031	skills	2	Instructing
25-9031	skills	3	Writing
25-9031	skills	4	Active Learning
25-9031	skills	5	Coordination
25-9031	skills	6	Social Perceptiveness
25-9031	skills	7	Monitoring
25-9031	skills	8	Service Orientation
25-9031	abilities	1	Originality
25-9031	abilities	2	Written Expression
25-9031	abilities	3	Written Comprehension
25-9031	abilities	4	Fluency of Ideas
25-9031	abilities	5	Memorization
25-9031	abilities	6	Speech Clarity
25-9031	abilities	7	Speech Recognition
25-9031	abilities	8	Category Flexibility
25-9031	technology	1	Data base management system software
25-9031	technology	2	Enterprise application integration software
25-9031	technology	3	Video creation and editing software
25-9031	technology	4	Web platform development software
25-9031	technology	5	Process mapping and design software
25-9031	technology	6	Desktop publishing software
25-9031	technology	7	Cloud-based data access and sharing software
25-9031	technology	8	Object or component oriented development software
25-9042	technology	1	Spell checkers
25-9042	technology	2	Device drivers or system software
25-9042	technology	3	Multi-media educational software
25-9042	technology	4	Desktop communications software
25-9042	technology	5	Video conferencing software
25-9042	technology	6	Computer based training software
25-9042	technology	7	Video creation and editing software
25-9042	technology	8	Calendar and scheduling software
25-9043	technology	1	Spell checkers
25-9043	technology	2	Device drivers or system software
25-9043	technology	3	Multi-media educational software
25-9043	technology	4	Desktop communications software
25-9043	technology	5	Video conferencing software
25-9043	technology	6	Computer based training software
25-9043	technology	7	Video creation and editing software
25-9043	technology	8	Calendar and scheduling software
25-9044	knowledge	1	Education and Training
25-9044	knowledge	2	English Language
25-9044	knowledge	3	Communications and Media
25-9044	knowledge	4	Computers and Electronics
25-9044	knowledge	5	Psychology
25-9044	knowledge	6	Mathematics
25-9044	knowledge	7	Administrative
25-9044	skills	1	Instructing
25-9044	skills	2	Learning Strategies
25-9044	skills	3	Reading Comprehension
25-9044	skills	4	Service Orientation
25-9044	skills	5	Writing
25-9044	skills	6	Active Listening
25-9044	skills	7	Coordination
25-9044	skills	8	Speaking
25-9044	abilities	1	Written Comprehension
25-9044	abilities	2	Oral Expression
25-9044	abilities	3	Oral Comprehension
25-9044	abilities	4	Originality
25-9044	abilities	5	Fluency of Ideas
25-9044	abilities	6	Written Expression
25-9044	abilities	7	Speech Clarity
25-9044	abilities	8	Selective Attention
25-9044	technology	1	Optical character reader OCR or scanning software
25-9044	technology	2	Computer based training software
25-9044	technology	3	Information retrieval or search software
25-9044	technology	4	Calendar and scheduling software
27-1011	knowledge	1	Fine Arts
27-1011	knowledge	2	Design
27-1011	knowledge	3	Communications and Media
27-1011	knowledge	4	Sales and Marketing
27-1011	knowledge	5	Computers and Electronics
27-1011	knowledge	6	Sociology and Anthropology
27-1011	knowledge	7	English Language
27-1011	knowledge	8	Telecommunications
27-1011	skills	1	Operations Analysis
27-1011	skills	2	Persuasion
27-1011	skills	3	Management of Financial Resources
27-1011	skills	4	Time Management
27-1011	skills	5	Coordination
27-1011	skills	6	Judgment and Decision Making
27-1011	skills	7	Speaking
27-1011	skills	8	Complex Problem Solving
27-1011	abilities	1	Originality
27-1011	abilities	2	Fluency of Ideas
27-1011	abilities	3	Visual Color Discrimination
27-1011	abilities	4	Visualization
27-1011	abilities	5	Written Comprehension
27-1011	abilities	6	Near Vision
27-1011	abilities	7	Information Ordering
27-1011	abilities	8	Category Flexibility
27-1011	technology	1	Network conferencing software
27-1011	technology	2	Graphical user interface development software
27-1011	technology	3	Video creation and editing software
27-1011	technology	4	Web platform development software
27-1011	technology	5	Desktop publishing software
27-1011	technology	6	Object or component oriented development software
27-1011	technology	7	Web page creation and editing software
27-1011	technology	8	Document management software
27-1012	knowledge	1	Fine Arts
27-1012	knowledge	2	Sales and Marketing
27-1012	knowledge	3	Design
27-1012	knowledge	4	Production and Processing
27-1012	knowledge	5	Mechanical
27-1012	knowledge	6	Economics and Accounting
27-1012	knowledge	7	Customer and Personal Service
27-1012	knowledge	8	Communications and Media
27-1012	skills	1	Operations Analysis
27-1012	skills	2	Management of Material Resources
27-1012	skills	3	Persuasion
27-1012	skills	4	Quality Control Analysis
27-1012	skills	5	Social Perceptiveness
27-1012	skills	6	Service Orientation
27-1012	skills	7	Active Learning
27-1012	skills	8	Writing
27-1012	abilities	1	Manual Dexterity
27-1012	abilities	2	Finger Dexterity
27-1012	abilities	3	Arm-Hand Steadiness
27-1012	abilities	4	Multilimb Coordination
27-1012	abilities	5	Originality
27-1012	abilities	6	Control Precision
27-1012	abilities	7	Fluency of Ideas
27-1012	abilities	8	Visualization
27-1012	technology	1	Web page creation and editing software
27-1012	technology	2	Point of sale POS software
27-1012	technology	3	Instant messaging software
27-1012	technology	4	Computer aided design CAD software
27-1013	knowledge	1	Design
27-1013	knowledge	2	Fine Arts
27-1013	knowledge	3	Computers and Electronics
27-1013	knowledge	4	Production and Processing
27-1013	knowledge	5	Communications and Media
27-1013	knowledge	6	Geography
27-1013	knowledge	7	Psychology
27-1013	knowledge	8	Education and Training
27-1013	skills	1	Operations Analysis
27-1013	skills	2	Active Learning
27-1013	skills	3	Time Management
27-1013	skills	4	Judgment and Decision Making
27-1013	skills	5	Critical Thinking
27-1013	skills	6	Social Perceptiveness
27-1013	skills	7	Writing
27-1013	skills	8	Complex Problem Solving
27-1013	abilities	1	Originality
27-1013	abilities	2	Visualization
27-1013	abilities	3	Visual Color Discrimination
27-1013	abilities	4	Arm-Hand Steadiness
27-1013	abilities	5	Fluency of Ideas
27-1013	abilities	6	Manual Dexterity
27-1013	abilities	7	Finger Dexterity
27-1013	abilities	8	Multilimb Coordination
27-1013	technology	1	Enterprise application integration software
27-1013	technology	2	Video creation and editing software
27-1013	technology	3	Web platform development software
27-1013	technology	4	Desktop publishing software
27-1013	technology	5	Accounting software
27-1013	technology	6	Object or component oriented development software
27-1013	technology	7	Web page creation and editing software
27-1013	technology	8	Document management software
27-1014	knowledge	1	Design
27-1014	knowledge	2	Computers and Electronics
27-1014	knowledge	3	Communications and Media
27-1014	knowledge	4	Sales and Marketing
27-1014	knowledge	5	Fine Arts
27-1014	knowledge	6	Telecommunications
27-1014	knowledge	7	Geography
27-1014	knowledge	8	Engineering and Technology
27-1014	skills	1	Active Listening
27-1014	skills	2	Reading Comprehension
27-1014	skills	3	Critical Thinking
27-1014	skills	4	Systems Analysis
27-1014	skills	5	Persuasion
27-1014	skills	6	Systems Evaluation
27-1014	skills	7	Learning Strategies
27-1014	skills	8	Active Learning
27-1014	abilities	1	Visualization
27-1014	abilities	2	Visual Color Discrimination
27-1014	abilities	3	Originality
27-1014	abilities	4	Fluency of Ideas
27-1014	abilities	5	Written Comprehension
27-1014	abilities	6	Oral Comprehension
27-1014	abilities	7	Oral Expression
27-1014	abilities	8	Near Vision
27-1014	technology	1	Graphical user interface development software
27-1014	technology	2	Enterprise application integration software
27-1014	technology	3	Video creation and editing software
27-1014	technology	4	Web platform development software
27-1014	technology	5	Process mapping and design software
27-1014	technology	6	Desktop publishing software
27-1014	technology	7	Development environment software
27-1014	technology	8	Object or component oriented development software
27-1021	knowledge	1	Design
27-1021	knowledge	2	Engineering and Technology
27-1021	knowledge	3	Mechanical
27-1021	knowledge	4	Production and Processing
27-1021	knowledge	5	Physics
27-1021	knowledge	6	Computers and Electronics
27-1021	knowledge	7	Sales and Marketing
27-1021	knowledge	8	Mathematics
27-1021	skills	1	Technology Design
27-1021	skills	2	Operations Analysis
27-1021	skills	3	Science
27-1021	skills	4	Complex Problem Solving
27-1021	skills	5	Reading Comprehension
27-1021	skills	6	Active Listening
27-1021	skills	7	Persuasion
27-1021	skills	8	Systems Evaluation
27-1021	abilities	1	Originality
27-1021	abilities	2	Fluency of Ideas
27-1021	abilities	3	Visualization
27-1021	abilities	4	Visual Color Discrimination
27-1021	abilities	5	Arm-Hand Steadiness
27-1021	abilities	6	Near Vision
27-1021	abilities	7	Deductive Reasoning
27-1021	abilities	8	Information Ordering
27-1021	technology	1	Graphical user interface development software
27-1021	technology	2	Video creation and editing software
27-1021	technology	3	Geographic information system
27-1021	technology	4	Web platform development software
27-1021	technology	5	Desktop publishing software
27-1021	technology	6	Development environment software
27-1021	technology	7	Object or component oriented development software
27-1021	technology	8	Document management software
27-1022	knowledge	1	Design
27-1022	knowledge	2	Fine Arts
27-1022	knowledge	3	Sales and Marketing
27-1022	knowledge	4	Production and Processing
27-1022	knowledge	5	Administration and Management
27-1022	knowledge	6	Education and Training
27-1022	knowledge	7	Mathematics
27-1022	knowledge	8	English Language
27-1022	skills	1	Operations Analysis
27-1022	skills	2	Management of Personnel Resources
27-1022	skills	3	Negotiation
27-1022	skills	4	Management of Financial Resources
27-1022	skills	5	Persuasion
27-1022	skills	6	Management of Material Resources
27-1022	skills	7	Active Learning
27-1022	skills	8	Coordination
27-1022	abilities	1	Originality
27-1022	abilities	2	Fluency of Ideas
27-1022	abilities	3	Visual Color Discrimination
27-1022	abilities	4	Visualization
27-1022	abilities	5	Finger Dexterity
27-1022	abilities	6	Inductive Reasoning
27-1022	abilities	7	Oral Expression
27-1022	abilities	8	Deductive Reasoning
27-1022	technology	1	Web platform development software
27-1022	technology	2	Desktop publishing software
27-1022	technology	3	Document management software
27-1022	technology	4	Computer aided design CAD software
27-1022	technology	5	Program testing software
27-1022	technology	6	Accounting software
27-1023	knowledge	1	Sales and Marketing
27-1023	knowledge	2	Design
27-1023	knowledge	3	Production and Processing
27-1023	knowledge	4	Customer and Personal Service
27-1023	knowledge	5	Transportation
27-1023	knowledge	6	Administration and Management
27-1023	knowledge	7	Administrative
27-1023	knowledge	8	English Language
27-1023	skills	1	Operations Analysis
27-1023	skills	2	Management of Material Resources
27-1023	skills	3	Service Orientation
27-1023	skills	4	Active Listening
27-1023	skills	5	Speaking
27-1023	skills	6	Social Perceptiveness
27-1023	skills	7	Time Management
27-1023	skills	8	Persuasion
27-1023	abilities	1	Visualization
27-1023	abilities	2	Visual Color Discrimination
27-1023	abilities	3	Originality
27-1023	abilities	4	Trunk Strength
27-1023	abilities	5	Manual Dexterity
27-1023	abilities	6	Arm-Hand Steadiness
27-1023	abilities	7	Fluency of Ideas
27-1023	abilities	8	Multilimb Coordination
27-1023	technology	1	Web page creation and editing software
27-1023	technology	2	Procurement software
27-1023	technology	3	Point of sale POS software
27-1023	technology	4	Time accounting software
27-1023	technology	5	Inventory management software
27-1023	technology	6	Accounting software
27-1024	knowledge	1	Fine Arts
27-1024	knowledge	2	Design
27-1024	knowledge	3	Communications and Media
27-1024	knowledge	4	Sales and Marketing
27-1024	knowledge	5	Computers and Electronics
27-1024	knowledge	6	Production and Processing
27-1024	knowledge	7	Sociology and Anthropology
27-1024	knowledge	8	Psychology
27-1024	skills	1	Operations Analysis
27-1024	skills	2	Negotiation
27-1024	skills	3	Persuasion
27-1024	skills	4	Systems Analysis
27-1024	skills	5	Active Listening
27-1024	skills	6	Active Learning
27-1024	skills	7	Writing
27-1024	skills	8	Service Orientation
27-1024	abilities	1	Originality
27-1024	abilities	2	Fluency of Ideas
27-1024	abilities	3	Visual Color Discrimination
27-1024	abilities	4	Visualization
27-1024	abilities	5	Near Vision
27-1024	abilities	6	Written Comprehension
27-1024	abilities	7	Written Expression
27-1024	abilities	8	Time Sharing
27-1024	technology	1	Graphical user interface development software
27-1024	technology	2	Enterprise application integration software
27-1024	technology	3	Video creation and editing software
27-1024	technology	4	Web platform development software
27-1024	technology	5	Process mapping and design software
27-1024	technology	6	Desktop publishing software
27-1024	technology	7	Accounting software
27-1024	technology	8	Object or component oriented development software
27-1025	knowledge	1	Design
27-1025	knowledge	2	Building and Construction
27-1025	knowledge	3	Fine Arts
27-1025	knowledge	4	Sales and Marketing
27-1025	knowledge	5	Psychology
27-1025	knowledge	6	Sociology and Anthropology
27-1025	knowledge	7	Public Safety and Security
27-1025	knowledge	8	Communications and Media
27-1025	skills	1	Operations Analysis
27-1025	skills	2	Management of Financial Resources
27-1025	skills	3	Service Orientation
27-1025	skills	4	Management of Material Resources
27-1025	skills	5	Negotiation
27-1025	skills	6	Persuasion
27-1025	skills	7	Social Perceptiveness
27-1025	skills	8	Reading Comprehension
27-1025	abilities	1	Originality
27-1025	abilities	2	Visualization
27-1025	abilities	3	Fluency of Ideas
27-1025	abilities	4	Visual Color Discrimination
27-1025	abilities	5	Written Comprehension
27-1025	abilities	6	Speech Clarity
27-1025	abilities	7	Written Expression
27-1025	abilities	8	Near Vision
27-1025	technology	1	Desktop publishing software
27-1025	technology	2	Document management software
27-1025	technology	3	Computer aided design CAD software
27-1025	technology	4	Video creation and editing software
27-1026	knowledge	1	Sales and Marketing
27-1026	knowledge	2	Design
27-1026	knowledge	3	Customer and Personal Service
27-1026	knowledge	4	Communications and Media
27-1026	knowledge	5	Administration and Management
27-1026	knowledge	6	Computers and Electronics
27-1026	knowledge	7	English Language
27-1026	skills	1	Persuasion
27-1026	skills	2	Service Orientation
27-1026	skills	3	Time Management
27-1026	skills	4	Active Listening
27-1026	skills	5	Coordination
27-1026	skills	6	Judgment and Decision Making
27-1026	skills	7	Social Perceptiveness
27-1026	skills	8	Active Learning
27-1026	abilities	1	Gross Body Coordination
27-1026	abilities	2	Stamina
27-1026	abilities	3	Extent Flexibility
27-1026	abilities	4	Visualization
27-1026	abilities	5	Static Strength
27-1026	abilities	6	Manual Dexterity
27-1026	abilities	7	Gross Body Equilibrium
27-1026	abilities	8	Trunk Strength
27-1026	technology	1	Desktop publishing software
27-1026	technology	2	Document management software
27-1026	technology	3	Computer aided design CAD software
27-1026	technology	4	Video creation and editing software
27-1026	technology	5	Inventory management software
27-1027	knowledge	1	Fine Arts
27-1027	knowledge	2	Design
27-1027	knowledge	3	History and Archeology
27-1027	knowledge	4	Building and Construction
27-1027	knowledge	5	Sociology and Anthropology
27-1027	knowledge	6	Computers and Electronics
27-1027	knowledge	7	Communications and Media
27-1027	knowledge	8	Production and Processing
27-1027	skills	1	Operations Analysis
27-1027	skills	2	Management of Financial Resources
27-1027	skills	3	Management of Material Resources
27-1027	skills	4	Time Management
27-1027	skills	5	Mathematics
27-1027	skills	6	Reading Comprehension
27-1027	skills	7	Negotiation
27-1027	skills	8	Coordination
27-1027	abilities	1	Fluency of Ideas
27-1027	abilities	2	Visualization
27-1027	abilities	3	Originality
27-1027	abilities	4	Written Expression
27-1027	abilities	5	Information Ordering
27-1027	abilities	6	Speech Recognition
27-1027	abilities	7	Category Flexibility
27-1027	abilities	8	Written Comprehension
27-1027	technology	1	File versioning software
27-1027	technology	2	Program testing software
27-1027	technology	3	Data base management system software
27-1027	technology	4	Video creation and editing software
27-1027	technology	5	Web platform development software
27-1027	technology	6	Desktop publishing software
27-1027	technology	7	Development environment software
27-1027	technology	8	Object or component oriented development software
27-2011	knowledge	1	Fine Arts
27-2011	knowledge	2	Communications and Media
27-2011	knowledge	3	Sociology and Anthropology
27-2011	knowledge	4	History and Archeology
27-2011	knowledge	5	Philosophy and Theology
27-2011	knowledge	6	Psychology
27-2011	knowledge	7	Sales and Marketing
27-2011	knowledge	8	English Language
27-2011	skills	1	Social Perceptiveness
27-2011	skills	2	Reading Comprehension
27-2011	skills	3	Speaking
27-2011	skills	4	Active Listening
27-2011	skills	5	Learning Strategies
27-2011	skills	6	Instructing
27-2011	skills	7	Time Management
27-2011	skills	8	Negotiation
27-2011	abilities	1	Memorization
27-2011	abilities	2	Originality
27-2011	abilities	3	Speech Clarity
27-2011	abilities	4	Oral Expression
27-2011	abilities	5	Written Comprehension
27-2011	abilities	6	Oral Comprehension
27-2011	abilities	7	Time Sharing
27-2011	abilities	8	Fluency of Ideas
27-2011	technology	1	Video conferencing software
27-2011	technology	2	Video creation and editing software
27-2011	technology	3	Web page creation and editing software
27-2011	technology	4	Instant messaging software
27-2012	knowledge	1	Communications and Media
27-2012	knowledge	2	Telecommunications
27-2012	knowledge	3	Fine Arts
27-2012	knowledge	4	Computers and Electronics
27-2012	knowledge	5	Administration and Management
27-2012	knowledge	6	Sales and Marketing
27-2012	knowledge	7	Engineering and Technology
27-2012	knowledge	8	English Language
27-2012	skills	1	Management of Financial Resources
27-2012	skills	2	Management of Personnel Resources
27-2012	skills	3	Systems Analysis
27-2012	skills	4	Active Listening
27-2012	skills	5	Management of Material Resources
27-2012	skills	6	Coordination
27-2012	skills	7	Social Perceptiveness
27-2012	skills	8	Monitoring
27-2012	abilities	1	Originality
27-2012	abilities	2	Visualization
27-2012	abilities	3	Oral Expression
27-2012	abilities	4	Fluency of Ideas
27-2012	abilities	5	Far Vision
27-2012	abilities	6	Speed of Closure
27-2012	abilities	7	Deductive Reasoning
27-2012	abilities	8	Speech Clarity
27-2012	technology	1	Content workflow software
27-2012	technology	2	Data mining software
27-2012	technology	3	Video conferencing software
27-2012	technology	4	Enterprise application integration software
27-2012	technology	5	Video creation and editing software
27-2012	technology	6	Web platform development software
27-2012	technology	7	Process mapping and design software
27-2012	technology	8	Desktop publishing software
27-2021	knowledge	1	Personnel and Human Resources
27-2021	knowledge	2	Sales and Marketing
27-2021	knowledge	3	Communications and Media
27-2021	knowledge	4	Economics and Accounting
27-2021	knowledge	5	Administration and Management
27-2021	knowledge	6	Mechanical
27-2021	knowledge	7	Education and Training
27-2021	knowledge	8	Administrative
27-2021	skills	1	Coordination
27-2021	skills	2	Speaking
27-2021	skills	3	Management of Personnel Resources
27-2021	skills	4	Negotiation
27-2021	skills	5	Persuasion
27-2021	skills	6	Critical Thinking
27-2021	skills	7	Instructing
27-2021	skills	8	Active Listening
27-2021	abilities	1	Explosive Strength
27-2021	abilities	2	Stamina
27-2021	abilities	3	Static Strength
27-2021	abilities	4	Dynamic Strength
27-2021	abilities	5	Gross Body Coordination
27-2021	abilities	6	Gross Body Equilibrium
27-2021	abilities	7	Extent Flexibility
27-2021	abilities	8	Speed of Limb Movement
27-2021	technology	1	Web page creation and editing software
27-2021	technology	2	Instant messaging software
27-2021	technology	3	Video creation and editing software
27-2022	knowledge	1	Psychology
27-2022	knowledge	2	Therapy and Counseling
27-2022	knowledge	3	Communications and Media
27-2022	knowledge	4	Education and Training
27-2022	knowledge	5	Personnel and Human Resources
27-2022	knowledge	6	Sociology and Anthropology
27-2022	knowledge	7	Administration and Management
27-2022	knowledge	8	Sales and Marketing
27-2022	skills	1	Instructing
27-2022	skills	2	Learning Strategies
27-2022	skills	3	Management of Personnel Resources
27-2022	skills	4	Systems Analysis
27-2022	skills	5	Persuasion
27-2022	skills	6	Negotiation
27-2022	skills	7	Systems Evaluation
27-2022	skills	8	Speaking
27-2022	abilities	1	Originality
27-2022	abilities	2	Oral Expression
27-2022	abilities	3	Fluency of Ideas
27-2022	abilities	4	Static Strength
27-2022	abilities	5	Stamina
27-2022	abilities	6	Dynamic Strength
27-2022	abilities	7	Speech Recognition
27-2022	abilities	8	Category Flexibility
27-2022	technology	1	Object or component oriented development software
27-2022	technology	2	Web page creation and editing software
27-2022	technology	3	Data conversion software
27-2022	technology	4	Multi-media educational software
27-2022	technology	5	Instant messaging software
27-2022	technology	6	Desktop communications software
27-2022	technology	7	Video conferencing software
27-2022	technology	8	Computer based training software
27-2023	knowledge	1	Psychology
27-2023	knowledge	2	Education and Training
27-2023	knowledge	3	Administration and Management
27-2023	knowledge	4	English Language
27-2023	knowledge	5	Customer and Personal Service
27-2023	skills	1	Learning Strategies
27-2023	skills	2	Negotiation
27-2023	skills	3	Speaking
27-2023	skills	4	Instructing
27-2023	skills	5	Persuasion
27-2023	skills	6	Judgment and Decision Making
27-2023	skills	7	Mathematics
27-2023	skills	8	Active Learning
27-2023	abilities	1	Stamina
27-2023	abilities	2	Far Vision
27-2023	abilities	3	Gross Body Coordination
27-2023	abilities	4	Trunk Strength
27-2023	abilities	5	Memorization
27-2023	abilities	6	Speed of Closure
27-2023	abilities	7	Time Sharing
27-2023	abilities	8	Auditory Attention
27-2023	technology	1	Document management software
27-2023	technology	2	Video creation and editing software
27-2031	knowledge	1	Fine Arts
27-2031	knowledge	2	Transportation
27-2031	knowledge	3	English Language
27-2031	knowledge	4	Customer and Personal Service
27-2031	knowledge	5	Mathematics
27-2031	skills	1	Coordination
27-2031	skills	2	Service Orientation
27-2031	skills	3	Time Management
27-2031	skills	4	Persuasion
27-2031	skills	5	Learning Strategies
27-2031	skills	6	Social Perceptiveness
27-2031	skills	7	Instructing
27-2031	skills	8	Active Listening
27-2031	abilities	1	Gross Body Coordination
27-2031	abilities	2	Dynamic Flexibility
27-2031	abilities	3	Extent Flexibility
27-2031	abilities	4	Dynamic Strength
27-2031	abilities	5	Stamina
27-2031	abilities	6	Gross Body Equilibrium
27-2031	abilities	7	Speed of Limb Movement
27-2031	abilities	8	Trunk Strength
27-2031	technology	1	Web page creation and editing software
27-2031	technology	2	Filesystem software
27-2031	technology	3	Information retrieval or search software
27-2031	technology	4	Video creation and editing software
27-2032	knowledge	1	Fine Arts
27-2032	knowledge	2	History and Archeology
27-2032	knowledge	3	Sociology and Anthropology
27-2032	knowledge	4	Communications and Media
27-2032	knowledge	5	Design
27-2032	knowledge	6	Sales and Marketing
27-2032	knowledge	7	Psychology
27-2032	knowledge	8	Administration and Management
27-2032	skills	1	Instructing
27-2032	skills	2	Operations Analysis
27-2032	skills	3	Coordination
27-2032	skills	4	Learning Strategies
27-2032	skills	5	Management of Personnel Resources
27-2032	skills	6	Social Perceptiveness
27-2032	skills	7	Monitoring
27-2032	skills	8	Time Management
27-2032	abilities	1	Gross Body Coordination
27-2032	abilities	2	Gross Body Equilibrium
27-2032	abilities	3	Stamina
27-2032	abilities	4	Dynamic Flexibility
27-2032	abilities	5	Dynamic Strength
27-2032	abilities	6	Multilimb Coordination
27-2032	abilities	7	Extent Flexibility
27-2032	abilities	8	Speed of Limb Movement
27-2032	technology	1	Customer relationship management CRM software
27-2032	technology	2	Web page creation and editing software
27-2032	technology	3	Graphical user interface development software
27-2032	technology	4	Video creation and editing software
27-2041	knowledge	1	Fine Arts
27-2041	knowledge	2	Philosophy and Theology
27-2041	knowledge	3	Communications and Media
27-2041	knowledge	4	Education and Training
27-2041	knowledge	5	Computers and Electronics
27-2041	knowledge	6	Sales and Marketing
27-2041	knowledge	7	Administrative
27-2041	knowledge	8	Psychology
27-2041	skills	1	Management of Personnel Resources
27-2041	skills	2	Persuasion
27-2041	skills	3	Negotiation
27-2041	skills	4	Systems Evaluation
27-2041	skills	5	Active Listening
27-2041	skills	6	Active Learning
27-2041	skills	7	Coordination
27-2041	skills	8	Judgment and Decision Making
27-2041	abilities	1	Hearing Sensitivity
27-2041	abilities	2	Sound Localization
27-2041	abilities	3	Auditory Attention
27-2041	abilities	4	Originality
27-2041	abilities	5	Fluency of Ideas
27-2041	abilities	6	Memorization
27-2041	abilities	7	Speed of Closure
27-2041	abilities	8	Information Ordering
27-2041	technology	1	Music or sound editing software
27-2041	technology	2	Video creation and editing software
27-2041	technology	3	Desktop publishing software
27-2042	knowledge	1	Fine Arts
27-2042	knowledge	2	Foreign Language
27-2042	knowledge	3	English Language
27-2042	skills	1	Systems Analysis
27-2042	skills	2	Negotiation
27-2042	skills	3	Persuasion
27-2042	skills	4	Social Perceptiveness
27-2042	skills	5	Monitoring
27-2042	skills	6	Service Orientation
27-2042	skills	7	Coordination
27-2042	skills	8	Systems Evaluation
27-2042	abilities	1	Hearing Sensitivity
27-2042	abilities	2	Auditory Attention
27-2042	abilities	3	Memorization
27-2042	abilities	4	Speed of Closure
27-2042	abilities	5	Manual Dexterity
27-2042	abilities	6	Originality
27-2042	abilities	7	Finger Dexterity
27-2042	abilities	8	Arm-Hand Steadiness
27-2042	technology	1	Web page creation and editing software
27-2042	technology	2	Music or sound editing software
27-2042	technology	3	Instant messaging software
27-2042	technology	4	Computer based training software
27-2042	technology	5	Video creation and editing software
27-2042	technology	6	Accounting software
27-2042	technology	7	Calendar and scheduling software
27-2091	technology	1	Music or sound editing software
27-3011	knowledge	1	Communications and Media
27-3011	knowledge	2	Telecommunications
27-3011	knowledge	3	Fine Arts
27-3011	knowledge	4	Geography
27-3011	knowledge	5	English Language
27-3011	knowledge	6	Computers and Electronics
27-3011	knowledge	7	Sales and Marketing
27-3011	knowledge	8	Sociology and Anthropology
27-3011	skills	1	Speaking
27-3011	skills	2	Reading Comprehension
27-3011	skills	3	Active Listening
27-3011	skills	4	Social Perceptiveness
27-3011	skills	5	Time Management
27-3011	skills	6	Negotiation
27-3011	skills	7	Critical Thinking
27-3011	skills	8	Active Learning
27-3011	abilities	1	Speech Clarity
27-3011	abilities	2	Oral Expression
27-3011	abilities	3	Originality
27-3011	abilities	4	Fluency of Ideas
27-3011	abilities	5	Memorization
27-3011	abilities	6	Written Expression
27-3011	abilities	7	Speed of Closure
27-3011	abilities	8	Speech Recognition
27-3011	technology	1	Music or sound editing software
27-3011	technology	2	Enterprise application integration software
27-3023	knowledge	1	Communications and Media
27-3023	knowledge	2	History and Archeology
27-3023	knowledge	3	Telecommunications
27-3023	knowledge	4	Law and Government
27-3023	knowledge	5	English Language
27-3023	knowledge	6	Geography
27-3023	knowledge	7	Sociology and Anthropology
27-3023	knowledge	8	Computers and Electronics
27-3023	skills	1	Writing
27-3023	skills	2	Reading Comprehension
27-3023	skills	3	Social Perceptiveness
27-3023	skills	4	Speaking
27-3023	skills	5	Active Listening
27-3023	skills	6	Active Learning
27-3023	skills	7	Time Management
27-3023	skills	8	Negotiation
27-3023	abilities	1	Originality
27-3023	abilities	2	Speech Clarity
27-3023	abilities	3	Written Expression
27-3023	abilities	4	Written Comprehension
27-3023	abilities	5	Speech Recognition
27-3023	abilities	6	Oral Expression
27-3023	abilities	7	Oral Comprehension
27-3023	abilities	8	Inductive Reasoning
27-3023	technology	1	Video creation and editing software
27-3023	technology	2	Web platform development software
27-3023	technology	3	Desktop publishing software
27-3023	technology	4	Web page creation and editing software
27-3023	technology	5	Music or sound editing software
27-3023	technology	6	Object oriented data base management software
27-3023	technology	7	Facilities management software
27-3023	technology	8	Instant messaging software
27-3031	knowledge	1	Communications and Media
27-3031	knowledge	2	Sales and Marketing
27-3031	knowledge	3	English Language
27-3031	knowledge	4	Administration and Management
27-3031	knowledge	5	Sociology and Anthropology
27-3031	knowledge	6	Customer and Personal Service
27-3031	knowledge	7	Computers and Electronics
27-3031	knowledge	8	Personnel and Human Resources
27-3031	skills	1	Persuasion
27-3031	skills	2	Social Perceptiveness
27-3031	skills	3	Writing
27-3031	skills	4	Time Management
27-3031	skills	5	Coordination
27-3031	skills	6	Operations Analysis
27-3031	skills	7	Negotiation
27-3031	skills	8	Systems Evaluation
27-3031	abilities	1	Originality
27-3031	abilities	2	Fluency of Ideas
27-3031	abilities	3	Written Expression
27-3031	abilities	4	Speech Recognition
27-3031	abilities	5	Speech Clarity
27-3031	abilities	6	Oral Comprehension
27-3031	abilities	7	Oral Expression
27-3031	abilities	8	Deductive Reasoning
27-3031	technology	1	Sales and marketing software
27-3031	technology	2	Data mining software
27-3031	technology	3	Video conferencing software
27-3031	technology	4	Video creation and editing software
27-3031	technology	5	Web platform development software
27-3031	technology	6	Customer relationship management CRM software
27-3031	technology	7	Desktop publishing software
27-3031	technology	8	Cloud-based data access and sharing software
27-3041	knowledge	1	Communications and Media
27-3041	knowledge	2	English Language
27-3041	knowledge	3	History and Archeology
27-3041	knowledge	4	Geography
27-3041	knowledge	5	Administrative
27-3041	knowledge	6	Telecommunications
27-3041	knowledge	7	Administration and Management
27-3041	knowledge	8	Education and Training
27-3041	skills	1	Reading Comprehension
27-3041	skills	2	Writing
27-3041	skills	3	Quality Control Analysis
27-3041	skills	4	Systems Analysis
27-3041	skills	5	Management of Personnel Resources
27-3041	skills	6	Negotiation
27-3041	skills	7	Critical Thinking
27-3041	skills	8	Time Management
27-3041	abilities	1	Written Comprehension
27-3041	abilities	2	Written Expression
27-3041	abilities	3	Fluency of Ideas
27-3041	abilities	4	Originality
27-3041	abilities	5	Speech Recognition
27-3041	abilities	6	Category Flexibility
27-3041	abilities	7	Speech Clarity
27-3041	abilities	8	Oral Expression
27-3041	technology	1	Data mining software
27-3041	technology	2	Enterprise application integration software
27-3041	technology	3	Video creation and editing software
27-3041	technology	4	Web platform development software
27-3041	technology	5	Process mapping and design software
27-3041	technology	6	Desktop publishing software
27-3041	technology	7	Cloud-based data access and sharing software
27-3041	technology	8	Web page creation and editing software
27-3042	knowledge	1	Computers and Electronics
27-3042	knowledge	2	English Language
27-3042	knowledge	3	Administrative
27-3042	knowledge	4	Communications and Media
27-3042	knowledge	5	Production and Processing
27-3042	knowledge	6	Engineering and Technology
27-3042	knowledge	7	Mechanical
27-3042	knowledge	8	Public Safety and Security
27-3042	skills	1	Writing
27-3042	skills	2	Reading Comprehension
27-3042	skills	3	Operations Analysis
27-3042	skills	4	Speaking
27-3042	skills	5	Active Listening
27-3042	skills	6	Active Learning
27-3042	skills	7	Persuasion
27-3042	skills	8	Critical Thinking
27-3042	abilities	1	Written Expression
27-3042	abilities	2	Written Comprehension
27-3042	abilities	3	Near Vision
27-3042	abilities	4	Deductive Reasoning
27-3042	abilities	5	Information Ordering
27-3042	abilities	6	Visualization
27-3042	abilities	7	Oral Comprehension
27-3042	abilities	8	Fluency of Ideas
27-3042	technology	1	Content workflow software
27-3042	technology	2	File versioning software
27-3042	technology	3	Application server software
27-3042	technology	4	Data base reporting software
27-3042	technology	5	Enterprise application integration software
27-3042	technology	6	Web platform development software
27-3042	technology	7	Process mapping and design software
27-3042	technology	8	Desktop publishing software
27-3043	knowledge	1	Sales and Marketing
27-3043	knowledge	2	Communications and Media
27-3043	knowledge	3	Sociology and Anthropology
27-3043	knowledge	4	Customer and Personal Service
27-3043	knowledge	5	Computers and Electronics
27-3043	knowledge	6	Psychology
27-3043	knowledge	7	Administrative
27-3043	knowledge	8	Mathematics
27-3043	skills	1	Writing
27-3043	skills	2	Reading Comprehension
27-3043	skills	3	Persuasion
27-3043	skills	4	Time Management
27-3043	skills	5	Speaking
27-3043	skills	6	Active Listening
27-3043	skills	7	Active Learning
27-3043	skills	8	Negotiation
27-3043	abilities	1	Written Expression
27-3043	abilities	2	Originality
27-3043	abilities	3	Fluency of Ideas
27-3043	abilities	4	Written Comprehension
27-3043	abilities	5	Oral Expression
27-3043	abilities	6	Oral Comprehension
27-3043	abilities	7	Speech Recognition
27-3043	abilities	8	Speech Clarity
27-3043	technology	1	Graphical user interface development software
27-3043	technology	2	Sales and marketing software
27-3043	technology	3	Data mining software
27-3043	technology	4	Data base management system software
27-3043	technology	5	Video creation and editing software
27-3043	technology	6	Web platform development software
27-3043	technology	7	Desktop publishing software
27-3043	technology	8	Cloud-based data access and sharing software
27-3091	knowledge	1	Foreign Language
27-3091	knowledge	2	English Language
27-3091	knowledge	3	Law and Government
27-3091	knowledge	4	Administrative
27-3091	knowledge	5	Customer and Personal Service
27-3091	knowledge	6	Education and Training
27-3091	knowledge	7	Public Safety and Security
27-3091	knowledge	8	Communications and Media
27-3091	skills	1	Speaking
27-3091	skills	2	Writing
27-3091	skills	3	Reading Comprehension
27-3091	skills	4	Active Listening
27-3091	skills	5	Monitoring
27-3091	skills	6	Learning Strategies
27-3091	skills	7	Service Orientation
27-3091	skills	8	Instructing
27-3091	abilities	1	Written Expression
27-3091	abilities	2	Hearing Sensitivity
27-3091	abilities	3	Auditory Attention
27-3091	abilities	4	Oral Expression
27-3091	abilities	5	Speed of Closure
27-3091	abilities	6	Speech Recognition
27-3091	abilities	7	Written Comprehension
27-3091	abilities	8	Memorization
27-3091	technology	1	Web platform development software
27-3091	technology	2	Foreign language software
27-3091	technology	3	Dictionary software
27-3091	technology	4	Mobile messaging service software
27-3091	technology	5	Internet protocol IP multimedia subsystem software
27-3092	knowledge	1	Administrative
27-3092	knowledge	2	Law and Government
27-3092	knowledge	3	English Language
27-3092	knowledge	4	Computers and Electronics
27-3092	knowledge	5	Communications and Media
27-3092	knowledge	6	Economics and Accounting
27-3092	knowledge	7	Production and Processing
27-3092	knowledge	8	Administration and Management
27-3092	skills	1	Active Listening
27-3092	skills	2	Writing
27-3092	skills	3	Time Management
27-3092	skills	4	Monitoring
27-3092	skills	5	Reading Comprehension
27-3092	skills	6	Speaking
27-3092	skills	7	Social Perceptiveness
27-3092	skills	8	Critical Thinking
27-3092	abilities	1	Wrist-Finger Speed
27-3092	abilities	2	Speech Recognition
27-3092	abilities	3	Selective Attention
27-3092	abilities	4	Written Expression
27-3092	abilities	5	Auditory Attention
27-3092	abilities	6	Control Precision
27-3092	abilities	7	Oral Comprehension
27-3092	abilities	8	Written Comprehension
27-3092	technology	1	Voice recognition software
27-3092	technology	2	Time accounting software
27-4011	knowledge	1	Fine Arts
27-4011	knowledge	2	Communications and Media
27-4011	knowledge	3	Telecommunications
27-4011	knowledge	4	Engineering and Technology
27-4011	knowledge	5	Computers and Electronics
27-4011	knowledge	6	Design
27-4011	knowledge	7	Physics
27-4011	knowledge	8	Mechanical
27-4011	skills	1	Installation
27-4011	skills	2	Equipment Selection
27-4011	skills	3	Operations Monitoring
27-4011	skills	4	Operation and Control
27-4011	skills	5	Troubleshooting
27-4011	skills	6	Quality Control Analysis
27-4011	skills	7	Monitoring
27-4011	skills	8	Systems Analysis
27-4011	abilities	1	Hearing Sensitivity
27-4011	abilities	2	Auditory Attention
27-4011	abilities	3	Visual Color Discrimination
27-4011	abilities	4	Control Precision
27-4011	abilities	5	Arm-Hand Steadiness
27-4011	abilities	6	Manual Dexterity
27-4011	abilities	7	Near Vision
27-4011	abilities	8	Time Sharing
27-4011	technology	1	Video conferencing software
27-4011	technology	2	Video creation and editing software
27-4011	technology	3	Desktop publishing software
27-4011	technology	4	Internet protocol IP multimedia subsystem software
27-4011	technology	5	Web page creation and editing software
27-4011	technology	6	Computer aided design CAD software
27-4012	knowledge	1	Telecommunications
27-4012	knowledge	2	Computers and Electronics
27-4012	knowledge	3	Engineering and Technology
27-4012	knowledge	4	Communications and Media
27-4012	knowledge	5	Design
27-4012	knowledge	6	Mechanical
27-4012	knowledge	7	English Language
27-4012	knowledge	8	Mathematics
27-4012	skills	1	Equipment Maintenance
27-4012	skills	2	Repairing
27-4012	skills	3	Equipment Selection
27-4012	skills	4	Troubleshooting
27-4012	skills	5	Operations Monitoring
27-4012	skills	6	Operation and Control
27-4012	skills	7	Quality Control Analysis
27-4012	skills	8	Critical Thinking
27-4012	abilities	1	Rate Control
27-4012	abilities	2	Control Precision
27-4012	abilities	3	Visual Color Discrimination
27-4012	abilities	4	Reaction Time
27-4012	abilities	5	Manual Dexterity
27-4012	abilities	6	Hearing Sensitivity
27-4012	abilities	7	Arm-Hand Steadiness
27-4012	abilities	8	Auditory Attention
27-4012	technology	1	Video creation and editing software
27-4012	technology	2	Desktop publishing software
27-4012	technology	3	Computer aided design CAD software
27-4012	technology	4	Music or sound editing software
27-4014	knowledge	1	Fine Arts
27-4014	knowledge	2	Engineering and Technology
27-4014	knowledge	3	Telecommunications
27-4014	knowledge	4	Communications and Media
27-4014	knowledge	5	Computers and Electronics
27-4014	knowledge	6	Psychology
27-4014	knowledge	7	Production and Processing
27-4014	knowledge	8	Physics
27-4014	skills	1	Equipment Maintenance
27-4014	skills	2	Repairing
27-4014	skills	3	Operation and Control
27-4014	skills	4	Equipment Selection
27-4014	skills	5	Troubleshooting
27-4014	skills	6	Operations Monitoring
27-4014	skills	7	Quality Control Analysis
27-4014	skills	8	Systems Evaluation
27-4014	abilities	1	Hearing Sensitivity
27-4014	abilities	2	Auditory Attention
27-4014	abilities	3	Control Precision
27-4014	abilities	4	Originality
27-4014	abilities	5	Arm-Hand Steadiness
27-4014	abilities	6	Manual Dexterity
27-4014	abilities	7	Speed of Closure
27-4014	abilities	8	Fluency of Ideas
27-4014	technology	1	File versioning software
27-4014	technology	2	Process mapping and design software
27-4014	technology	3	Desktop publishing software
27-4014	technology	4	Object or component oriented development software
27-4014	technology	5	Web page creation and editing software
27-4014	technology	6	Document management software
27-4014	technology	7	Computer aided design CAD software
27-4014	technology	8	Clustering software
27-4015	technology	1	Computer aided design CAD software
27-4015	technology	2	Program testing software
27-4015	technology	3	Industrial control software
27-4021	knowledge	1	Sales and Marketing
27-4021	knowledge	2	Fine Arts
27-4021	knowledge	3	Communications and Media
27-4021	knowledge	4	Customer and Personal Service
27-4021	knowledge	5	Computers and Electronics
27-4021	knowledge	6	Economics and Accounting
27-4021	knowledge	7	Production and Processing
27-4021	knowledge	8	Psychology
27-4021	skills	1	Operations Analysis
27-4021	skills	2	Service Orientation
27-4021	skills	3	Speaking
27-4021	skills	4	Active Listening
27-4021	skills	5	Management of Personnel Resources
27-4021	skills	6	Negotiation
27-4021	skills	7	Persuasion
27-4021	skills	8	Learning Strategies
27-4021	abilities	1	Visualization
27-4021	abilities	2	Originality
27-4021	abilities	3	Visual Color Discrimination
27-4021	abilities	4	Far Vision
27-4021	abilities	5	Depth Perception
27-4021	abilities	6	Reaction Time
27-4021	abilities	7	Manual Dexterity
27-4021	abilities	8	Multilimb Coordination
27-4021	technology	1	Video creation and editing software
27-4021	technology	2	Desktop publishing software
27-4021	technology	3	Accounting software
27-4021	technology	4	Web page creation and editing software
27-4021	technology	5	Document management software
27-4021	technology	6	Instant messaging software
27-4021	technology	7	Cloud-based data access and sharing software
27-4021	technology	8	Calendar and scheduling software
27-4031	knowledge	1	Telecommunications
27-4031	knowledge	2	Communications and Media
27-4031	knowledge	3	Computers and Electronics
27-4031	knowledge	4	English Language
27-4031	knowledge	5	Engineering and Technology
27-4031	knowledge	6	Production and Processing
27-4031	knowledge	7	Public Safety and Security
27-4031	knowledge	8	Education and Training
27-4031	skills	1	Equipment Selection
27-4031	skills	2	Operation and Control
27-4031	skills	3	Quality Control Analysis
27-4031	skills	4	Operations Monitoring
27-4031	skills	5	Active Listening
27-4031	skills	6	Persuasion
27-4031	skills	7	Coordination
27-4031	skills	8	Time Management
27-4031	abilities	1	Visualization
27-4031	abilities	2	Far Vision
27-4031	abilities	3	Visual Color Discrimination
27-4031	abilities	4	Control Precision
27-4031	abilities	5	Arm-Hand Steadiness
27-4031	abilities	6	Manual Dexterity
27-4031	abilities	7	Multilimb Coordination
27-4031	abilities	8	Static Strength
27-4031	technology	1	Video creation and editing software
27-4031	technology	2	Desktop publishing software
27-4031	technology	3	Document management software
27-4031	technology	4	Cloud-based data access and sharing software
27-4031	technology	5	Web page creation and editing software
27-4032	knowledge	1	Fine Arts
27-4032	knowledge	2	Communications and Media
27-4032	knowledge	3	Telecommunications
27-4032	knowledge	4	Computers and Electronics
27-4032	knowledge	5	Production and Processing
27-4032	knowledge	6	History and Archeology
27-4032	knowledge	7	Design
27-4032	knowledge	8	Sales and Marketing
27-4032	skills	1	Active Listening
27-4032	skills	2	Active Learning
27-4032	skills	3	Quality Control Analysis
27-4032	skills	4	Systems Analysis
27-4032	skills	5	Complex Problem Solving
27-4032	skills	6	Time Management
27-4032	skills	7	Persuasion
27-4032	skills	8	Critical Thinking
27-4032	abilities	1	Visualization
27-4032	abilities	2	Fluency of Ideas
27-4032	abilities	3	Originality
27-4032	abilities	4	Visual Color Discrimination
27-4032	abilities	5	Information Ordering
27-4032	abilities	6	Selective Attention
27-4032	abilities	7	Perceptual Speed
27-4032	abilities	8	Near Vision
27-4032	technology	1	Enterprise application integration software
27-4032	technology	2	Video creation and editing software
27-4032	technology	3	Web platform development software
27-4032	technology	4	Filesystem software
27-4032	technology	5	Music or sound editing software
27-4032	technology	6	Web page creation and editing software
27-4032	technology	7	Computer aided design CAD software
29-1011	knowledge	1	Medicine and Dentistry
29-1011	knowledge	2	Biology
29-1011	knowledge	3	Therapy and Counseling
29-1011	knowledge	4	Psychology
29-1011	knowledge	5	Sales and Marketing
29-1011	knowledge	6	Personnel and Human Resources
29-1011	knowledge	7	Sociology and Anthropology
29-1011	knowledge	8	Philosophy and Theology
29-1011	skills	1	Science
29-1011	skills	2	Social Perceptiveness
29-1011	skills	3	Writing
29-1011	skills	4	Service Orientation
29-1011	skills	5	Systems Evaluation
29-1011	skills	6	Systems Analysis
29-1011	skills	7	Complex Problem Solving
29-1011	skills	8	Reading Comprehension
29-1011	abilities	1	Trunk Strength
29-1011	abilities	2	Multilimb Coordination
29-1011	abilities	3	Static Strength
29-1011	abilities	4	Dynamic Strength
29-1011	abilities	5	Extent Flexibility
29-1011	abilities	6	Inductive Reasoning
29-1011	abilities	7	Written Expression
29-1011	abilities	8	Arm-Hand Steadiness
29-1011	technology	1	Medical software
29-1011	technology	2	Accounting software
29-1011	technology	3	Calendar and scheduling software
29-1021	knowledge	1	Medicine and Dentistry
29-1021	knowledge	2	Biology
29-1021	knowledge	3	Psychology
29-1021	knowledge	4	Chemistry
29-1021	knowledge	5	Economics and Accounting
29-1021	knowledge	6	Customer and Personal Service
29-1021	knowledge	7	Personnel and Human Resources
29-1021	knowledge	8	Physics
29-1021	skills	1	Science
29-1021	skills	2	Management of Financial Resources
29-1021	skills	3	Management of Material Resources
29-1021	skills	4	Persuasion
29-1021	skills	5	Service Orientation
29-1021	skills	6	Management of Personnel Resources
29-1021	skills	7	Judgment and Decision Making
29-1021	skills	8	Complex Problem Solving
29-1021	abilities	1	Finger Dexterity
29-1021	abilities	2	Control Precision
29-1021	abilities	3	Arm-Hand Steadiness
29-1021	abilities	4	Manual Dexterity
29-1021	abilities	5	Multilimb Coordination
29-1021	abilities	6	Wrist-Finger Speed
29-1021	abilities	7	Response Orientation
29-1021	abilities	8	Extent Flexibility
29-1021	technology	1	Medical software
29-1021	technology	2	Accounting software
29-1022	knowledge	1	Medicine and Dentistry
29-1022	knowledge	2	Biology
29-1022	knowledge	3	Chemistry
29-1022	knowledge	4	Psychology
29-1022	knowledge	5	Therapy and Counseling
29-1022	knowledge	6	Personnel and Human Resources
29-1022	knowledge	7	Customer and Personal Service
29-1022	knowledge	8	English Language
29-1022	skills	1	Science
29-1022	skills	2	Operations Analysis
29-1022	skills	3	Complex Problem Solving
29-1022	skills	4	Judgment and Decision Making
29-1022	skills	5	Active Learning
29-1022	skills	6	Operation and Control
29-1022	skills	7	Social Perceptiveness
29-1022	skills	8	Monitoring
29-1022	abilities	1	Arm-Hand Steadiness
29-1022	abilities	2	Control Precision
29-1022	abilities	3	Finger Dexterity
29-1022	abilities	4	Manual Dexterity
29-1022	abilities	5	Multilimb Coordination
29-1022	abilities	6	Wrist-Finger Speed
29-1022	abilities	7	Visual Color Discrimination
29-1022	abilities	8	Response Orientation
29-1022	technology	1	Medical software
29-1022	technology	2	Development environment software
29-1023	knowledge	1	Medicine and Dentistry
29-1023	knowledge	2	Biology
29-1023	knowledge	3	Physics
29-1023	knowledge	4	Customer and Personal Service
29-1023	knowledge	5	Engineering and Technology
29-1023	knowledge	6	Psychology
29-1023	knowledge	7	Chemistry
29-1023	knowledge	8	Personnel and Human Resources
29-1023	skills	1	Science
29-1023	skills	2	Operations Analysis
29-1023	skills	3	Complex Problem Solving
29-1023	skills	4	Coordination
29-1023	skills	5	Social Perceptiveness
29-1023	skills	6	Monitoring
29-1023	skills	7	Time Management
29-1023	skills	8	Active Learning
29-1023	abilities	1	Arm-Hand Steadiness
29-1023	abilities	2	Finger Dexterity
29-1023	abilities	3	Manual Dexterity
29-1023	abilities	4	Control Precision
29-1023	abilities	5	Written Expression
29-1023	abilities	6	Inductive Reasoning
29-1023	abilities	7	Problem Sensitivity
29-1023	abilities	8	Deductive Reasoning
29-1023	technology	1	Web page creation and editing software
29-1023	technology	2	Medical software
29-1023	technology	3	Development environment software
29-1023	technology	4	Calendar and scheduling software
29-1024	knowledge	1	Medicine and Dentistry
29-1024	knowledge	2	Biology
29-1024	knowledge	3	Chemistry
29-1024	knowledge	4	Psychology
29-1024	knowledge	5	Physics
29-1024	knowledge	6	Engineering and Technology
29-1024	knowledge	7	Customer and Personal Service
29-1024	knowledge	8	Therapy and Counseling
29-1024	skills	1	Science
29-1024	skills	2	Operations Analysis
29-1024	skills	3	Social Perceptiveness
29-1024	skills	4	Management of Personnel Resources
29-1024	skills	5	Complex Problem Solving
29-1024	skills	6	Speaking
29-1024	skills	7	Instructing
29-1024	skills	8	Active Listening
29-1024	abilities	1	Finger Dexterity
29-1024	abilities	2	Manual Dexterity
29-1024	abilities	3	Arm-Hand Steadiness
29-1024	abilities	4	Control Precision
29-1024	abilities	5	Visualization
29-1024	abilities	6	Visual Color Discrimination
29-1024	abilities	7	Near Vision
29-1024	abilities	8	Oral Expression
29-1024	technology	1	Medical software
29-1031	knowledge	1	Biology
29-1031	knowledge	2	Medicine and Dentistry
29-1031	knowledge	3	Therapy and Counseling
29-1031	knowledge	4	Food Production
29-1031	knowledge	5	Psychology
29-1031	knowledge	6	Sociology and Anthropology
29-1031	knowledge	7	Chemistry
29-1031	knowledge	8	Education and Training
29-1031	skills	1	Science
29-1031	skills	2	Operations Analysis
29-1031	skills	3	Learning Strategies
29-1031	skills	4	Service Orientation
29-1031	skills	5	Instructing
29-1031	skills	6	Management of Financial Resources
29-1031	skills	7	Social Perceptiveness
29-1031	skills	8	Management of Material Resources
29-1031	abilities	1	Category Flexibility
29-1031	abilities	2	Originality
29-1031	abilities	3	Written Expression
29-1031	abilities	4	Inductive Reasoning
29-1031	abilities	5	Speech Clarity
29-1031	abilities	6	Mathematical Reasoning
29-1031	abilities	7	Deductive Reasoning
29-1031	abilities	8	Written Comprehension
29-1031	technology	1	Network conferencing software
29-1031	technology	2	Desktop communications software
29-1031	technology	3	Medical software
29-1031	technology	4	Cloud-based data access and sharing software
29-1041	knowledge	1	Medicine and Dentistry
29-1041	knowledge	2	Biology
29-1041	knowledge	3	Therapy and Counseling
29-1041	knowledge	4	Physics
29-1041	knowledge	5	Psychology
29-1041	knowledge	6	Economics and Accounting
29-1041	knowledge	7	Customer and Personal Service
29-1041	knowledge	8	Sales and Marketing
29-1041	skills	1	Science
29-1041	skills	2	Writing
29-1041	skills	3	Social Perceptiveness
29-1041	skills	4	Reading Comprehension
29-1041	skills	5	Critical Thinking
29-1041	skills	6	Active Listening
29-1041	skills	7	Management of Personnel Resources
29-1041	skills	8	Persuasion
29-1041	abilities	1	Finger Dexterity
29-1041	abilities	2	Flexibility of Closure
29-1041	abilities	3	Control Precision
29-1041	abilities	4	Category Flexibility
29-1041	abilities	5	Inductive Reasoning
29-1041	abilities	6	Visual Color Discrimination
29-1041	abilities	7	Written Expression
29-1041	abilities	8	Arm-Hand Steadiness
29-1041	technology	1	Accounting software
29-1041	technology	2	Medical software
29-1041	technology	3	Calendar and scheduling software
29-1051	knowledge	1	Medicine and Dentistry
29-1051	knowledge	2	Biology
29-1051	knowledge	3	Chemistry
29-1051	knowledge	4	Mathematics
29-1051	knowledge	5	Psychology
29-1051	knowledge	6	Therapy and Counseling
29-1051	knowledge	7	Customer and Personal Service
29-1051	knowledge	8	Telecommunications
29-1051	skills	1	Science
29-1051	skills	2	Management of Material Resources
29-1051	skills	3	Management of Personnel Resources
29-1051	skills	4	Writing
29-1051	skills	5	Mathematics
29-1051	skills	6	Service Orientation
29-1051	skills	7	Operations Analysis
29-1051	skills	8	Monitoring
29-1051	abilities	1	Category Flexibility
29-1051	abilities	2	Number Facility
29-1051	abilities	3	Mathematical Reasoning
29-1051	abilities	4	Written Comprehension
29-1051	abilities	5	Memorization
29-1051	abilities	6	Written Expression
29-1051	abilities	7	Oral Expression
29-1051	abilities	8	Manual Dexterity
29-1051	technology	1	Medical software
29-1051	technology	2	Cloud-based data access and sharing software
29-1051	technology	3	Label making software
29-1051	technology	4	Computer based training software
29-1051	technology	5	Inventory management software
29-1051	technology	6	Accounting software
29-1051	technology	7	Calendar and scheduling software
29-1071	knowledge	1	Medicine and Dentistry
29-1071	knowledge	2	Biology
29-1071	knowledge	3	Therapy and Counseling
29-1071	knowledge	4	Psychology
29-1071	knowledge	5	Sociology and Anthropology
29-1071	knowledge	6	Chemistry
29-1071	knowledge	7	English Language
29-1071	knowledge	8	Education and Training
29-1071	skills	1	Science
29-1071	skills	2	Service Orientation
29-1071	skills	3	Social Perceptiveness
29-1071	skills	4	Writing
29-1071	skills	5	Active Learning
29-1071	skills	6	Judgment and Decision Making
29-1071	skills	7	Complex Problem Solving
29-1071	skills	8	Reading Comprehension
29-1071	abilities	1	Inductive Reasoning
29-1071	abilities	2	Written Expression
29-1071	abilities	3	Information Ordering
29-1071	abilities	4	Deductive Reasoning
29-1071	abilities	5	Speech Recognition
29-1071	abilities	6	Speech Clarity
29-1071	abilities	7	Problem Sensitivity
29-1071	abilities	8	Trunk Strength
29-1071	technology	1	Medical software
29-1071	technology	2	Storage media loading software
29-1071	technology	3	Video conferencing software
29-1081	knowledge	1	Medicine and Dentistry
29-1081	knowledge	2	Biology
29-1081	knowledge	3	Therapy and Counseling
29-1081	knowledge	4	Chemistry
29-1081	knowledge	5	Customer and Personal Service
29-1081	knowledge	6	Education and Training
29-1081	knowledge	7	Economics and Accounting
29-1081	knowledge	8	Psychology
29-1081	skills	1	Science
29-1081	skills	2	Active Learning
29-1081	skills	3	Social Perceptiveness
29-1081	skills	4	Writing
29-1081	skills	5	Judgment and Decision Making
29-1081	skills	6	Operations Analysis
29-1081	skills	7	Monitoring
29-1081	skills	8	Complex Problem Solving
29-1081	abilities	1	Written Expression
29-1081	abilities	2	Deductive Reasoning
29-1081	abilities	3	Inductive Reasoning
29-1081	abilities	4	Flexibility of Closure
29-1081	abilities	5	Manual Dexterity
29-1081	abilities	6	Speed of Closure
29-1081	abilities	7	Speech Recognition
29-1081	abilities	8	Written Comprehension
29-1081	technology	1	Web page creation and editing software
29-1081	technology	2	Medical software
29-1122	knowledge	1	Therapy and Counseling
29-1122	knowledge	2	Medicine and Dentistry
29-1122	knowledge	3	Psychology
29-1122	knowledge	4	Biology
29-1122	knowledge	5	Sociology and Anthropology
29-1122	knowledge	6	Philosophy and Theology
29-1122	knowledge	7	Customer and Personal Service
29-1122	knowledge	8	Education and Training
29-1122	skills	1	Service Orientation
29-1122	skills	2	Instructing
29-1122	skills	3	Learning Strategies
29-1122	skills	4	Operations Analysis
29-1122	skills	5	Social Perceptiveness
29-1122	skills	6	Writing
29-1122	skills	7	Monitoring
29-1122	skills	8	Science
29-1122	abilities	1	Originality
29-1122	abilities	2	Fluency of Ideas
29-1122	abilities	3	Static Strength
29-1122	abilities	4	Written Expression
29-1122	abilities	5	Inductive Reasoning
29-1122	abilities	6	Information Ordering
29-1122	abilities	7	Deductive Reasoning
29-1122	abilities	8	Speech Recognition
29-1122	technology	1	Medical software
29-1122	technology	2	Web page creation and editing software
29-1122	technology	3	Pattern design software
29-1122	technology	4	Device drivers or system software
29-1122	technology	5	Voice recognition software
29-1122	technology	6	Music or sound editing software
29-1122	technology	7	Optical character reader OCR or scanning software
29-1122	technology	8	Computer based training software
29-1123	knowledge	1	Therapy and Counseling
29-1123	knowledge	2	Medicine and Dentistry
29-1123	knowledge	3	Biology
29-1123	knowledge	4	Psychology
29-1123	knowledge	5	Physics
29-1123	knowledge	6	Sociology and Anthropology
29-1123	knowledge	7	Customer and Personal Service
29-1123	knowledge	8	Education and Training
29-1123	skills	1	Service Orientation
29-1123	skills	2	Social Perceptiveness
29-1123	skills	3	Operations Analysis
29-1123	skills	4	Writing
29-1123	skills	5	Science
29-1123	skills	6	Monitoring
29-1123	skills	7	Instructing
29-1123	skills	8	Reading Comprehension
29-1123	abilities	1	Static Strength
29-1123	abilities	2	Dynamic Strength
29-1123	abilities	3	Extent Flexibility
29-1123	abilities	4	Stamina
29-1123	abilities	5	Trunk Strength
29-1123	abilities	6	Gross Body Coordination
29-1123	abilities	7	Arm-Hand Steadiness
29-1123	abilities	8	Multilimb Coordination
29-1123	technology	1	Medical software
29-1123	technology	2	Action games
29-1123	technology	3	Accounting software
29-1123	technology	4	Calendar and scheduling software
29-1124	knowledge	1	Medicine and Dentistry
29-1124	knowledge	2	Physics
29-1124	knowledge	3	Therapy and Counseling
29-1124	knowledge	4	Biology
29-1124	knowledge	5	Customer and Personal Service
29-1124	knowledge	6	Psychology
29-1124	knowledge	7	Mathematics
29-1124	knowledge	8	Computers and Electronics
29-1124	skills	1	Equipment Maintenance
29-1124	skills	2	Operation and Control
29-1124	skills	3	Equipment Selection
29-1124	skills	4	Troubleshooting
29-1124	skills	5	Operations Monitoring
29-1124	skills	6	Science
29-1124	skills	7	Operations Analysis
29-1124	skills	8	Quality Control Analysis
29-1124	abilities	1	Reaction Time
29-1124	abilities	2	Arm-Hand Steadiness
29-1124	abilities	3	Rate Control
29-1124	abilities	4	Multilimb Coordination
29-1124	abilities	5	Control Precision
29-1124	abilities	6	Depth Perception
29-1124	abilities	7	Static Strength
29-1124	abilities	8	Manual Dexterity
29-1124	technology	1	Medical software
29-1124	technology	2	Development environment software
29-1125	knowledge	1	Therapy and Counseling
29-1125	knowledge	2	Psychology
29-1125	knowledge	3	Sociology and Anthropology
29-1125	knowledge	4	Medicine and Dentistry
29-1125	knowledge	5	Fine Arts
29-1125	knowledge	6	Education and Training
29-1125	knowledge	7	Customer and Personal Service
29-1125	knowledge	8	Philosophy and Theology
29-1125	skills	1	Service Orientation
29-1125	skills	2	Instructing
29-1125	skills	3	Coordination
29-1125	skills	4	Social Perceptiveness
29-1125	skills	5	Operations Analysis
29-1125	skills	6	Writing
29-1125	skills	7	Persuasion
29-1125	skills	8	Learning Strategies
29-1125	abilities	1	Gross Body Coordination
29-1125	abilities	2	Stamina
29-1125	abilities	3	Speech Clarity
29-1125	abilities	4	Written Expression
29-1125	abilities	5	Multilimb Coordination
29-1125	abilities	6	Originality
29-1125	abilities	7	Static Strength
29-1125	abilities	8	Deductive Reasoning
29-1125	technology	1	Voice recognition software
29-1125	technology	2	Music or sound editing software
29-1125	technology	3	Medical software
29-1126	knowledge	1	Medicine and Dentistry
29-1126	knowledge	2	Biology
29-1126	knowledge	3	Therapy and Counseling
29-1126	knowledge	4	Chemistry
29-1126	knowledge	5	Psychology
29-1126	knowledge	6	Customer and Personal Service
29-1126	knowledge	7	Physics
29-1126	knowledge	8	Sociology and Anthropology
29-1126	skills	1	Science
29-1126	skills	2	Operation and Control
29-1126	skills	3	Service Orientation
29-1126	skills	4	Quality Control Analysis
29-1126	skills	5	Monitoring
29-1126	skills	6	Active Learning
29-1126	skills	7	Social Perceptiveness
29-1126	skills	8	Operations Monitoring
29-1126	abilities	1	Extent Flexibility
29-1126	abilities	2	Multilimb Coordination
29-1126	abilities	3	Manual Dexterity
29-1126	abilities	4	Hearing Sensitivity
29-1126	abilities	5	Control Precision
29-1126	abilities	6	Inductive Reasoning
29-1126	abilities	7	Information Ordering
29-1126	abilities	8	Finger Dexterity
29-1126	technology	1	Medical software
29-1126	technology	2	Calendar and scheduling software
29-1127	knowledge	1	Therapy and Counseling
29-1127	knowledge	2	Psychology
29-1127	knowledge	3	Sociology and Anthropology
29-1127	knowledge	4	Medicine and Dentistry
29-1127	knowledge	5	English Language
29-1127	knowledge	6	Education and Training
29-1127	knowledge	7	Administrative
29-1127	knowledge	8	Biology
29-1127	skills	1	Learning Strategies
29-1127	skills	2	Instructing
29-1127	skills	3	Operations Analysis
29-1127	skills	4	Social Perceptiveness
29-1127	skills	5	Science
29-1127	skills	6	Writing
29-1127	skills	7	Service Orientation
29-1127	skills	8	Active Learning
29-1127	abilities	1	Hearing Sensitivity
29-1127	abilities	2	Written Expression
29-1127	abilities	3	Speech Recognition
29-1127	abilities	4	Fluency of Ideas
29-1127	abilities	5	Oral Comprehension
29-1127	abilities	6	Auditory Attention
29-1127	abilities	7	Speech Clarity
29-1127	abilities	8	Speed of Closure
29-1127	technology	1	Medical software
29-1127	technology	2	Voice recognition software
29-1127	technology	3	Music or sound editing software
29-1127	technology	4	Desktop communications software
29-1127	technology	5	Computer based training software
29-1127	technology	6	Video creation and editing software
29-1127	technology	7	Cloud-based data access and sharing software
29-1128	knowledge	1	Medicine and Dentistry
29-1128	knowledge	2	Therapy and Counseling
29-1128	knowledge	3	Biology
29-1128	knowledge	4	Psychology
29-1128	knowledge	5	Customer and Personal Service
29-1128	knowledge	6	Education and Training
29-1128	knowledge	7	Administrative
29-1128	knowledge	8	English Language
29-1128	skills	1	Instructing
29-1128	skills	2	Science
29-1128	skills	3	Service Orientation
29-1128	skills	4	Writing
29-1128	skills	5	Social Perceptiveness
29-1128	skills	6	Reading Comprehension
29-1128	skills	7	Judgment and Decision Making
29-1128	skills	8	Critical Thinking
29-1128	abilities	1	Stamina
29-1128	abilities	2	Trunk Strength
29-1128	abilities	3	Speech Recognition
29-1128	abilities	4	Multilimb Coordination
29-1128	abilities	5	Inductive Reasoning
29-1128	abilities	6	Speech Clarity
29-1128	abilities	7	Written Expression
29-1128	abilities	8	Problem Sensitivity
29-1128	technology	1	Medical software
29-1129	knowledge	1	Therapy and Counseling
29-1129	knowledge	2	Fine Arts
29-1129	knowledge	3	Psychology
29-1129	knowledge	4	Sociology and Anthropology
29-1129	knowledge	5	Philosophy and Theology
29-1129	knowledge	6	Education and Training
29-1129	knowledge	7	Customer and Personal Service
29-1129	knowledge	8	Communications and Media
29-1129	skills	1	Social Perceptiveness
29-1129	skills	2	Service Orientation
29-1129	skills	3	Active Learning
29-1129	skills	4	Judgment and Decision Making
29-1129	skills	5	Monitoring
29-1129	skills	6	Speaking
29-1129	skills	7	Writing
29-1129	skills	8	Reading Comprehension
29-1129	abilities	1	Fluency of Ideas
29-1129	abilities	2	Speech Clarity
29-1129	abilities	3	Written Expression
29-1129	abilities	4	Speech Recognition
29-1129	abilities	5	Written Comprehension
29-1129	abilities	6	Inductive Reasoning
29-1129	abilities	7	Visual Color Discrimination
29-1129	abilities	8	Originality
29-1129	technology	1	Video creation and editing software
29-1129	technology	2	Desktop publishing software
29-1129	technology	3	Document management software
29-1129	technology	4	Computer aided design CAD software
29-1129	technology	5	Calendar and scheduling software
29-1131	knowledge	1	Medicine and Dentistry
29-1131	knowledge	2	Biology
29-1131	knowledge	3	Chemistry
29-1131	knowledge	4	Customer and Personal Service
29-1131	knowledge	5	Personnel and Human Resources
29-1131	knowledge	6	Therapy and Counseling
29-1131	knowledge	7	Psychology
29-1131	knowledge	8	English Language
29-1131	skills	1	Science
29-1131	skills	2	Active Learning
29-1131	skills	3	Operations Analysis
29-1131	skills	4	Complex Problem Solving
29-1131	skills	5	Reading Comprehension
29-1131	skills	6	Judgment and Decision Making
29-1131	skills	7	Mathematics
29-1131	skills	8	Active Listening
29-1131	abilities	1	Multilimb Coordination
29-1131	abilities	2	Written Comprehension
29-1131	abilities	3	Control Precision
29-1131	abilities	4	Inductive Reasoning
29-1131	abilities	5	Manual Dexterity
29-1131	abilities	6	Mathematical Reasoning
29-1131	abilities	7	Deductive Reasoning
29-1131	abilities	8	Finger Dexterity
29-1131	technology	1	Document management software
29-1131	technology	2	Medical software
29-1141	knowledge	1	Medicine and Dentistry
29-1141	knowledge	2	Psychology
29-1141	knowledge	3	Therapy and Counseling
29-1141	knowledge	4	Biology
29-1141	knowledge	5	Sociology and Anthropology
29-1141	knowledge	6	Customer and Personal Service
29-1141	knowledge	7	Administrative
29-1141	knowledge	8	Chemistry
29-1141	skills	1	Service Orientation
29-1141	skills	2	Social Perceptiveness
29-1141	skills	3	Science
29-1141	skills	4	Coordination
29-1141	skills	5	Judgment and Decision Making
29-1141	skills	6	Writing
29-1141	skills	7	Critical Thinking
29-1141	skills	8	Learning Strategies
29-1141	abilities	1	Stamina
29-1141	abilities	2	Static Strength
29-1141	abilities	3	Extent Flexibility
29-1141	abilities	4	Trunk Strength
29-1141	abilities	5	Multilimb Coordination
29-1141	abilities	6	Memorization
29-1141	abilities	7	Manual Dexterity
29-1141	abilities	8	Speed of Closure
29-1141	technology	1	Time accounting software
29-1141	technology	2	Business intelligence and data analysis software
29-1141	technology	3	Medical software
29-1141	technology	4	Cloud-based data access and sharing software
29-1141	technology	5	Web page creation and editing software
29-1141	technology	6	Categorization or classification software
29-1141	technology	7	Human resources software
29-1141	technology	8	Video conferencing software
29-1151	knowledge	1	Medicine and Dentistry
29-1151	knowledge	2	Biology
29-1151	knowledge	3	Chemistry
29-1151	knowledge	4	Physics
29-1151	knowledge	5	Psychology
29-1151	knowledge	6	Therapy and Counseling
29-1151	knowledge	7	Education and Training
29-1151	knowledge	8	Customer and Personal Service
29-1151	skills	1	Science
29-1151	skills	2	Equipment Selection
29-1151	skills	3	Service Orientation
29-1151	skills	4	Active Learning
29-1151	skills	5	Complex Problem Solving
29-1151	skills	6	Judgment and Decision Making
29-1151	skills	7	Social Perceptiveness
29-1151	skills	8	Monitoring
29-1151	abilities	1	Problem Sensitivity
29-1151	abilities	2	Speed of Closure
29-1151	abilities	3	Information Ordering
29-1151	abilities	4	Written Expression
29-1151	abilities	5	Arm-Hand Steadiness
29-1151	abilities	6	Manual Dexterity
29-1151	abilities	7	Hearing Sensitivity
29-1151	abilities	8	Multilimb Coordination
29-1151	technology	1	Medical software
29-1161	knowledge	1	Medicine and Dentistry
29-1161	knowledge	2	Biology
29-1161	knowledge	3	Psychology
29-1161	knowledge	4	Therapy and Counseling
29-1161	knowledge	5	Sociology and Anthropology
29-1161	knowledge	6	Philosophy and Theology
29-1161	knowledge	7	Foreign Language
29-1161	knowledge	8	Chemistry
29-1161	skills	1	Social Perceptiveness
29-1161	skills	2	Service Orientation
29-1161	skills	3	Science
29-1161	skills	4	Active Learning
29-1161	skills	5	Coordination
29-1161	skills	6	Writing
29-1161	skills	7	Monitoring
29-1161	skills	8	Complex Problem Solving
29-1161	abilities	1	Written Comprehension
29-1161	abilities	2	Memorization
29-1161	abilities	3	Static Strength
29-1161	abilities	4	Written Expression
29-1161	abilities	5	Deductive Reasoning
29-1161	abilities	6	Inductive Reasoning
29-1161	abilities	7	Arm-Hand Steadiness
29-1161	abilities	8	Manual Dexterity
29-1161	technology	1	Medical software
29-1171	knowledge	1	Medicine and Dentistry
29-1171	knowledge	2	Biology
29-1171	knowledge	3	Therapy and Counseling
29-1171	knowledge	4	Psychology
29-1171	knowledge	5	Sociology and Anthropology
29-1171	knowledge	6	Chemistry
29-1171	knowledge	7	Education and Training
29-1171	knowledge	8	Customer and Personal Service
29-1171	skills	1	Science
29-1171	skills	2	Operations Analysis
29-1171	skills	3	Service Orientation
29-1171	skills	4	Complex Problem Solving
29-1171	skills	5	Active Learning
29-1171	skills	6	Social Perceptiveness
29-1171	skills	7	Writing
29-1171	skills	8	Judgment and Decision Making
29-1171	abilities	1	Inductive Reasoning
29-1171	abilities	2	Written Expression
29-1171	abilities	3	Written Comprehension
29-1171	abilities	4	Problem Sensitivity
29-1171	abilities	5	Speed of Closure
29-1171	abilities	6	Information Ordering
29-1171	abilities	7	Deductive Reasoning
29-1171	abilities	8	Speech Recognition
29-1171	technology	1	Medical software
29-1171	technology	2	Cloud-based data access and sharing software
29-1181	knowledge	1	Therapy and Counseling
29-1181	knowledge	2	Medicine and Dentistry
29-1181	knowledge	3	Biology
29-1181	knowledge	4	Psychology
29-1181	knowledge	5	Sales and Marketing
29-1181	knowledge	6	Customer and Personal Service
29-1181	knowledge	7	Economics and Accounting
29-1181	knowledge	8	Computers and Electronics
29-1181	skills	1	Science
29-1181	skills	2	Active Learning
29-1181	skills	3	Operations Analysis
29-1181	skills	4	Social Perceptiveness
29-1181	skills	5	Writing
29-1181	skills	6	Service Orientation
29-1181	skills	7	Reading Comprehension
29-1181	skills	8	Learning Strategies
29-1181	abilities	1	Hearing Sensitivity
29-1181	abilities	2	Auditory Attention
29-1181	abilities	3	Written Expression
29-1181	abilities	4	Written Comprehension
29-1181	abilities	5	Control Precision
29-1181	abilities	6	Inductive Reasoning
29-1181	abilities	7	Speed of Closure
29-1181	abilities	8	Deductive Reasoning
29-1181	technology	1	Medical software
29-1181	technology	2	Customer relationship management CRM software
29-1211	knowledge	1	Medicine and Dentistry
29-1211	knowledge	2	Biology
29-1211	knowledge	3	Chemistry
29-1211	knowledge	4	Physics
29-1211	knowledge	5	Psychology
29-1211	knowledge	6	Therapy and Counseling
29-1211	knowledge	7	Customer and Personal Service
29-1211	knowledge	8	Education and Training
29-1211	skills	1	Science
29-1211	skills	2	Operations Monitoring
29-1211	skills	3	Critical Thinking
29-1211	skills	4	Judgment and Decision Making
29-1211	skills	5	Writing
29-1211	skills	6	Monitoring
29-1211	skills	7	Complex Problem Solving
29-1211	skills	8	Time Management
29-1211	abilities	1	Problem Sensitivity
29-1211	abilities	2	Response Orientation
29-1211	abilities	3	Arm-Hand Steadiness
29-1211	abilities	4	Deductive Reasoning
29-1211	abilities	5	Perceptual Speed
29-1211	abilities	6	Selective Attention
29-1211	abilities	7	Inductive Reasoning
29-1211	abilities	8	Flexibility of Closure
29-1211	technology	1	Medical software
29-1211	technology	2	Accounting software
29-1211	technology	3	Calendar and scheduling software
29-1212	technology	1	Medical software
29-1212	technology	2	Transaction security and virus protection software
29-1213	knowledge	1	Medicine and Dentistry
29-1213	knowledge	2	Biology
29-1213	knowledge	3	Therapy and Counseling
29-1213	knowledge	4	Customer and Personal Service
29-1213	knowledge	5	Personnel and Human Resources
29-1213	knowledge	6	Psychology
29-1213	knowledge	7	Administration and Management
29-1213	knowledge	8	Education and Training
29-1213	skills	1	Science
29-1213	skills	2	Service Orientation
29-1213	skills	3	Social Perceptiveness
29-1213	skills	4	Active Learning
29-1213	skills	5	Critical Thinking
29-1213	skills	6	Negotiation
29-1213	skills	7	Persuasion
29-1213	skills	8	Judgment and Decision Making
29-1213	abilities	1	Inductive Reasoning
29-1213	abilities	2	Problem Sensitivity
29-1213	abilities	3	Deductive Reasoning
29-1213	abilities	4	Memorization
29-1213	abilities	5	Visual Color Discrimination
29-1213	abilities	6	Written Expression
29-1213	abilities	7	Oral Expression
29-1213	abilities	8	Written Comprehension
29-1213	technology	1	Video conferencing software
29-1213	technology	2	Medical software
29-1213	technology	3	Calendar and scheduling software
29-1214	technology	1	Medical software
29-1215	knowledge	1	Medicine and Dentistry
29-1215	knowledge	2	Therapy and Counseling
29-1215	knowledge	3	Biology
29-1215	knowledge	4	Psychology
29-1215	knowledge	5	Sociology and Anthropology
29-1215	knowledge	6	English Language
29-1215	knowledge	7	Chemistry
29-1215	knowledge	8	Telecommunications
29-1215	skills	1	Science
29-1215	skills	2	Writing
29-1215	skills	3	Service Orientation
29-1215	skills	4	Time Management
29-1215	skills	5	Active Learning
29-1215	skills	6	Critical Thinking
29-1215	skills	7	Complex Problem Solving
29-1215	skills	8	Reading Comprehension
29-1215	abilities	1	Problem Sensitivity
29-1215	abilities	2	Oral Expression
29-1215	abilities	3	Oral Comprehension
29-1215	abilities	4	Deductive Reasoning
29-1215	abilities	5	Written Comprehension
29-1215	abilities	6	Inductive Reasoning
29-1215	abilities	7	Written Expression
29-1215	abilities	8	Speech Clarity
29-1215	technology	1	Medical software
29-1215	technology	2	Information retrieval or search software
29-1215	technology	3	Accounting software
29-1215	technology	4	Calendar and scheduling software
29-1216	knowledge	1	Medicine and Dentistry
29-1216	knowledge	2	Biology
29-1216	knowledge	3	Therapy and Counseling
29-1216	knowledge	4	Psychology
29-1216	knowledge	5	Chemistry
29-1216	knowledge	6	Education and Training
29-1216	knowledge	7	Sociology and Anthropology
29-1216	knowledge	8	Philosophy and Theology
29-1216	skills	1	Science
29-1216	skills	2	Social Perceptiveness
29-1216	skills	3	Writing
29-1216	skills	4	Service Orientation
29-1216	skills	5	Complex Problem Solving
29-1216	skills	6	Active Learning
29-1216	skills	7	Judgment and Decision Making
29-1216	skills	8	Operations Analysis
29-1216	abilities	1	Category Flexibility
29-1216	abilities	2	Inductive Reasoning
29-1216	abilities	3	Problem Sensitivity
29-1216	abilities	4	Written Expression
29-1216	abilities	5	Information Ordering
29-1216	abilities	6	Deductive Reasoning
29-1216	abilities	7	Written Comprehension
29-1216	abilities	8	Memorization
29-1216	technology	1	Medical software
29-1216	technology	2	Information retrieval or search software
29-1216	technology	3	Accounting software
29-1216	technology	4	Calendar and scheduling software
29-1217	knowledge	1	Medicine and Dentistry
29-1217	knowledge	2	Biology
29-1217	knowledge	3	Therapy and Counseling
29-1217	knowledge	4	Psychology
29-1217	knowledge	5	Chemistry
29-1217	knowledge	6	Philosophy and Theology
29-1217	knowledge	7	Sociology and Anthropology
29-1217	knowledge	8	Computers and Electronics
29-1217	skills	1	Science
29-1217	skills	2	Social Perceptiveness
29-1217	skills	3	Complex Problem Solving
29-1217	skills	4	Writing
29-1217	skills	5	Persuasion
29-1217	skills	6	Judgment and Decision Making
29-1217	skills	7	Monitoring
29-1217	skills	8	Systems Analysis
29-1217	abilities	1	Inductive Reasoning
29-1217	abilities	2	Deductive Reasoning
29-1217	abilities	3	Flexibility of Closure
29-1217	abilities	4	Fluency of Ideas
29-1217	abilities	5	Perceptual Speed
29-1217	abilities	6	Problem Sensitivity
29-1217	abilities	7	Speed of Closure
29-1217	abilities	8	Category Flexibility
29-1217	technology	1	Medical software
29-1218	knowledge	1	Medicine and Dentistry
29-1218	knowledge	2	Biology
29-1218	knowledge	3	Therapy and Counseling
29-1218	knowledge	4	Psychology
29-1218	knowledge	5	Chemistry
29-1218	knowledge	6	Sociology and Anthropology
29-1218	knowledge	7	English Language
29-1218	knowledge	8	Administrative
29-1218	skills	1	Science
29-1218	skills	2	Active Learning
29-1218	skills	3	Critical Thinking
29-1218	skills	4	Writing
29-1218	skills	5	Complex Problem Solving
29-1218	skills	6	Reading Comprehension
29-1218	skills	7	Coordination
29-1218	skills	8	Judgment and Decision Making
29-1218	abilities	1	Problem Sensitivity
29-1218	abilities	2	Inductive Reasoning
29-1218	abilities	3	Arm-Hand Steadiness
29-1218	abilities	4	Written Expression
29-1218	abilities	5	Deductive Reasoning
29-1218	abilities	6	Written Comprehension
29-1218	abilities	7	Manual Dexterity
29-1218	abilities	8	Control Precision
29-1218	technology	1	Medical software
29-1218	technology	2	Calendar and scheduling software
29-1221	knowledge	1	Medicine and Dentistry
29-1221	knowledge	2	Therapy and Counseling
29-1221	knowledge	3	Biology
29-1221	knowledge	4	Psychology
29-1221	knowledge	5	Sociology and Anthropology
29-1221	knowledge	6	Personnel and Human Resources
29-1221	knowledge	7	Customer and Personal Service
29-1221	knowledge	8	Chemistry
29-1221	skills	1	Science
29-1221	skills	2	Judgment and Decision Making
29-1221	skills	3	Service Orientation
29-1221	skills	4	Active Learning
29-1221	skills	5	Operations Analysis
29-1221	skills	6	Social Perceptiveness
29-1221	skills	7	Writing
29-1221	skills	8	Complex Problem Solving
29-1221	abilities	1	Inductive Reasoning
29-1221	abilities	2	Oral Comprehension
29-1221	abilities	3	Oral Expression
29-1221	abilities	4	Written Expression
29-1221	abilities	5	Written Comprehension
29-1221	abilities	6	Problem Sensitivity
29-1221	abilities	7	Deductive Reasoning
29-1221	abilities	8	Speech Recognition
29-1221	technology	1	Medical software
29-1221	technology	2	Information retrieval or search software
29-1221	technology	3	Calendar and scheduling software
29-1222	knowledge	1	Medicine and Dentistry
29-1222	knowledge	2	Biology
29-1222	knowledge	3	Chemistry
29-1222	knowledge	4	English Language
29-1222	knowledge	5	Education and Training
29-1222	knowledge	6	Personnel and Human Resources
29-1222	knowledge	7	Computers and Electronics
29-1222	knowledge	8	Administration and Management
29-1222	skills	1	Science
29-1222	skills	2	Writing
29-1222	skills	3	Active Learning
29-1222	skills	4	Complex Problem Solving
29-1222	skills	5	Reading Comprehension
29-1222	skills	6	Management of Material Resources
29-1222	skills	7	Management of Financial Resources
29-1222	skills	8	Judgment and Decision Making
29-1222	abilities	1	Inductive Reasoning
29-1222	abilities	2	Written Expression
29-1222	abilities	3	Flexibility of Closure
29-1222	abilities	4	Problem Sensitivity
29-1222	abilities	5	Speed of Closure
29-1222	abilities	6	Deductive Reasoning
29-1222	abilities	7	Category Flexibility
29-1222	abilities	8	Written Comprehension
29-1222	technology	1	Data base management system software
29-1222	technology	2	Information retrieval or search software
29-1222	technology	3	Medical software
29-1222	technology	4	Accounting software
29-1223	knowledge	1	Therapy and Counseling
29-1223	knowledge	2	Medicine and Dentistry
29-1223	knowledge	3	Psychology
29-1223	knowledge	4	Biology
29-1223	knowledge	5	Sociology and Anthropology
29-1223	knowledge	6	Philosophy and Theology
29-1223	knowledge	7	Chemistry
29-1223	knowledge	8	Education and Training
29-1223	skills	1	Science
29-1223	skills	2	Social Perceptiveness
29-1223	skills	3	Operations Analysis
29-1223	skills	4	Active Listening
29-1223	skills	5	Learning Strategies
29-1223	skills	6	Writing
29-1223	skills	7	Service Orientation
29-1223	skills	8	Active Learning
29-1223	abilities	1	Written Expression
29-1223	abilities	2	Oral Comprehension
29-1223	abilities	3	Category Flexibility
29-1223	abilities	4	Written Comprehension
29-1223	abilities	5	Inductive Reasoning
29-1223	abilities	6	Oral Expression
29-1223	abilities	7	Deductive Reasoning
29-1223	abilities	8	Speech Recognition
29-1223	technology	1	Medical software
29-1223	technology	2	Time accounting software
29-1223	technology	3	Accounting software
29-1224	knowledge	1	Medicine and Dentistry
29-1224	knowledge	2	Biology
29-1224	knowledge	3	Physics
29-1224	knowledge	4	Computers and Electronics
29-1224	knowledge	5	Education and Training
29-1224	knowledge	6	English Language
29-1224	knowledge	7	Communications and Media
29-1224	knowledge	8	Engineering and Technology
29-1224	skills	1	Science
29-1224	skills	2	Writing
29-1224	skills	3	Judgment and Decision Making
29-1224	skills	4	Social Perceptiveness
29-1224	skills	5	Complex Problem Solving
29-1224	skills	6	Reading Comprehension
29-1224	skills	7	Active Learning
29-1224	skills	8	Speaking
29-1224	abilities	1	Inductive Reasoning
29-1224	abilities	2	Flexibility of Closure
29-1224	abilities	3	Problem Sensitivity
29-1224	abilities	4	Deductive Reasoning
29-1224	abilities	5	Written Comprehension
29-1224	abilities	6	Written Expression
29-1224	abilities	7	Visual Color Discrimination
29-1224	abilities	8	Oral Expression
29-1224	technology	1	Medical software
29-1224	technology	2	Voice recognition software
29-1224	technology	3	Calendar and scheduling software
29-1229	knowledge	1	Medicine and Dentistry
29-1229	knowledge	2	Biology
29-1229	knowledge	3	Chemistry
29-1229	knowledge	4	Therapy and Counseling
29-1229	knowledge	5	Personnel and Human Resources
29-1229	knowledge	6	Customer and Personal Service
29-1229	knowledge	7	Computers and Electronics
29-1229	knowledge	8	English Language
29-1229	skills	1	Science
29-1229	skills	2	Reading Comprehension
29-1229	skills	3	Writing
29-1229	skills	4	Active Learning
29-1229	skills	5	Judgment and Decision Making
29-1229	skills	6	Learning Strategies
29-1229	skills	7	Service Orientation
29-1229	skills	8	Complex Problem Solving
29-1229	abilities	1	Problem Sensitivity
29-1229	abilities	2	Fluency of Ideas
29-1229	abilities	3	Deductive Reasoning
29-1229	abilities	4	Written Comprehension
29-1229	abilities	5	Inductive Reasoning
29-1229	abilities	6	Written Expression
29-1229	abilities	7	Originality
29-1229	abilities	8	Selective Attention
29-1229	technology	1	Medical software
29-1241	knowledge	1	Medicine and Dentistry
29-1241	knowledge	2	Biology
29-1241	knowledge	3	Therapy and Counseling
29-1241	knowledge	4	Economics and Accounting
29-1241	knowledge	5	English Language
29-1241	knowledge	6	Psychology
29-1241	knowledge	7	Customer and Personal Service
29-1241	knowledge	8	Administration and Management
29-1241	skills	1	Science
29-1241	skills	2	Service Orientation
29-1241	skills	3	Instructing
29-1241	skills	4	Active Learning
29-1241	skills	5	Persuasion
29-1241	skills	6	Social Perceptiveness
29-1241	skills	7	Writing
29-1241	skills	8	Complex Problem Solving
29-1241	abilities	1	Finger Dexterity
29-1241	abilities	2	Arm-Hand Steadiness
29-1241	abilities	3	Response Orientation
29-1241	abilities	4	Control Precision
29-1241	abilities	5	Flexibility of Closure
29-1241	abilities	6	Inductive Reasoning
29-1241	abilities	7	Written Comprehension
29-1241	abilities	8	Written Expression
29-1241	technology	1	Medical software
29-1242	technology	1	Medical software
29-1242	technology	2	Human resources software
29-1243	technology	1	Medical software
29-1243	technology	2	Human resources software
29-1291	knowledge	1	Medicine and Dentistry
29-1291	knowledge	2	Therapy and Counseling
29-1291	knowledge	3	Psychology
29-1291	knowledge	4	Sales and Marketing
29-1291	knowledge	5	Biology
29-1291	knowledge	6	Customer and Personal Service
29-1291	knowledge	7	Sociology and Anthropology
29-1291	knowledge	8	Education and Training
29-1291	skills	1	Service Orientation
29-1291	skills	2	Social Perceptiveness
29-1291	skills	3	Science
29-1291	skills	4	Active Listening
29-1291	skills	5	Judgment and Decision Making
29-1291	skills	6	Critical Thinking
29-1291	skills	7	Systems Evaluation
29-1291	skills	8	Systems Analysis
29-1291	abilities	1	Arm-Hand Steadiness
29-1291	abilities	2	Finger Dexterity
29-1291	abilities	3	Manual Dexterity
29-1291	abilities	4	Deductive Reasoning
29-1291	abilities	5	Multilimb Coordination
29-1291	abilities	6	Inductive Reasoning
29-1291	abilities	7	Problem Sensitivity
29-1291	abilities	8	Fluency of Ideas
29-1291	technology	1	Medical software
29-1292	knowledge	1	Medicine and Dentistry
29-1292	knowledge	2	Psychology
29-1292	knowledge	3	Customer and Personal Service
29-1292	knowledge	4	Education and Training
29-1292	knowledge	5	Computers and Electronics
29-1292	knowledge	6	English Language
29-1292	skills	1	Operations Monitoring
29-1292	skills	2	Persuasion
29-1292	skills	3	Service Orientation
29-1292	skills	4	Instructing
29-1292	skills	5	Active Listening
29-1292	skills	6	Critical Thinking
29-1292	skills	7	Learning Strategies
29-1292	skills	8	Speaking
29-1292	abilities	1	Arm-Hand Steadiness
29-1292	abilities	2	Finger Dexterity
29-1292	abilities	3	Manual Dexterity
29-1292	abilities	4	Extent Flexibility
29-1292	abilities	5	Control Precision
29-1292	abilities	6	Multilimb Coordination
29-1292	abilities	7	Visual Color Discrimination
29-1292	abilities	8	Time Sharing
29-1292	technology	1	Medical software
29-1292	technology	2	Inventory management software
29-1292	technology	3	Accounting software
29-1292	technology	4	Calendar and scheduling software
29-1299	knowledge	1	Medicine and Dentistry
29-1299	knowledge	2	Biology
29-1299	knowledge	3	Therapy and Counseling
29-1299	knowledge	4	Psychology
29-1299	knowledge	5	Chemistry
29-1299	knowledge	6	Sociology and Anthropology
29-1299	knowledge	7	Sales and Marketing
29-1299	knowledge	8	Philosophy and Theology
29-1299	skills	1	Science
29-1299	skills	2	Service Orientation
29-1299	skills	3	Social Perceptiveness
29-1299	skills	4	Writing
29-1299	skills	5	Reading Comprehension
29-1299	skills	6	Judgment and Decision Making
29-1299	skills	7	Complex Problem Solving
29-1299	skills	8	Active Learning
29-1299	abilities	1	Inductive Reasoning
29-1299	abilities	2	Problem Sensitivity
29-1299	abilities	3	Deductive Reasoning
29-1299	abilities	4	Speech Recognition
29-1299	abilities	5	Category Flexibility
29-1299	abilities	6	Fluency of Ideas
29-1299	abilities	7	Speech Clarity
29-1299	abilities	8	Written Expression
29-1299	technology	1	Label making software
29-1299	technology	2	Point of sale POS software
29-1299	technology	3	Information retrieval or search software
29-1299	technology	4	Medical software
29-1299	technology	5	Accounting software
29-2011	knowledge	1	Medicine and Dentistry
29-2011	knowledge	2	Biology
29-2011	knowledge	3	Chemistry
29-2011	knowledge	4	Mechanical
29-2011	knowledge	5	Customer and Personal Service
29-2011	knowledge	6	Administrative
29-2011	knowledge	7	Production and Processing
29-2011	knowledge	8	English Language
29-2011	skills	1	Science
29-2011	skills	2	Equipment Selection
29-2011	skills	3	Equipment Maintenance
29-2011	skills	4	Quality Control Analysis
29-2011	skills	5	Operations Monitoring
29-2011	skills	6	Troubleshooting
29-2011	skills	7	Operation and Control
29-2011	skills	8	Mathematics
29-2011	abilities	1	Control Precision
29-2011	abilities	2	Visual Color Discrimination
29-2011	abilities	3	Arm-Hand Steadiness
29-2011	abilities	4	Manual Dexterity
29-2011	abilities	5	Speed of Closure
29-2011	abilities	6	Written Comprehension
29-2011	abilities	7	Finger Dexterity
29-2011	abilities	8	Inductive Reasoning
29-2011	technology	1	Medical software
29-2012	knowledge	1	Biology
29-2012	knowledge	2	Chemistry
29-2012	knowledge	3	Medicine and Dentistry
29-2012	knowledge	4	Public Safety and Security
29-2012	knowledge	5	Administrative
29-2012	knowledge	6	Production and Processing
29-2012	knowledge	7	Mathematics
29-2012	knowledge	8	Mechanical
29-2012	skills	1	Science
29-2012	skills	2	Equipment Maintenance
29-2012	skills	3	Equipment Selection
29-2012	skills	4	Repairing
29-2012	skills	5	Quality Control Analysis
29-2012	skills	6	Troubleshooting
29-2012	skills	7	Operation and Control
29-2012	skills	8	Operations Monitoring
29-2012	abilities	1	Finger Dexterity
29-2012	abilities	2	Control Precision
29-2012	abilities	3	Manual Dexterity
29-2012	abilities	4	Multilimb Coordination
29-2012	abilities	5	Visual Color Discrimination
29-2012	abilities	6	Arm-Hand Steadiness
29-2012	abilities	7	Information Ordering
29-2012	abilities	8	Number Facility
29-2012	technology	1	Medical software
29-2012	technology	2	Computer based training software
29-2012	technology	3	Accounting software
29-2012	technology	4	Development environment software
29-2031	knowledge	1	Medicine and Dentistry
29-2031	knowledge	2	Customer and Personal Service
29-2031	knowledge	3	Physics
29-2031	knowledge	4	Computers and Electronics
29-2031	knowledge	5	Education and Training
29-2031	knowledge	6	Psychology
29-2031	knowledge	7	English Language
29-2031	knowledge	8	Administrative
29-2031	skills	1	Operations Monitoring
29-2031	skills	2	Science
29-2031	skills	3	Operation and Control
29-2031	skills	4	Equipment Maintenance
29-2031	skills	5	Social Perceptiveness
29-2031	skills	6	Troubleshooting
29-2031	skills	7	Monitoring
29-2031	skills	8	Quality Control Analysis
29-2031	abilities	1	Control Precision
29-2031	abilities	2	Arm-Hand Steadiness
29-2031	abilities	3	Manual Dexterity
29-2031	abilities	4	Perceptual Speed
29-2031	abilities	5	Problem Sensitivity
29-2031	abilities	6	Speed of Closure
29-2031	abilities	7	Trunk Strength
29-2031	abilities	8	Multilimb Coordination
29-2031	technology	1	Web platform development software
29-2031	technology	2	Medical software
29-2031	technology	3	Information retrieval or search software
29-2031	technology	4	Inventory management software
29-2032	knowledge	1	Medicine and Dentistry
29-2032	knowledge	2	Physics
29-2032	knowledge	3	Customer and Personal Service
29-2032	knowledge	4	Biology
29-2032	knowledge	5	Psychology
29-2032	knowledge	6	Therapy and Counseling
29-2032	knowledge	7	Administrative
29-2032	knowledge	8	English Language
29-2032	skills	1	Science
29-2032	skills	2	Operation and Control
29-2032	skills	3	Equipment Maintenance
29-2032	skills	4	Social Perceptiveness
29-2032	skills	5	Operations Monitoring
29-2032	skills	6	Quality Control Analysis
29-2032	skills	7	Time Management
29-2032	skills	8	Active Listening
29-2032	abilities	1	Control Precision
29-2032	abilities	2	Arm-Hand Steadiness
29-2032	abilities	3	Extent Flexibility
29-2032	abilities	4	Multilimb Coordination
29-2032	abilities	5	Response Orientation
29-2032	abilities	6	Hearing Sensitivity
29-2032	abilities	7	Manual Dexterity
29-2032	abilities	8	Speed of Closure
29-2032	technology	1	Medical software
29-2032	technology	2	Calendar and scheduling software
29-2033	knowledge	1	Biology
29-2033	knowledge	2	Medicine and Dentistry
29-2033	knowledge	3	Physics
29-2033	knowledge	4	Chemistry
29-2033	knowledge	5	Customer and Personal Service
29-2033	knowledge	6	Computers and Electronics
29-2033	knowledge	7	Psychology
29-2033	knowledge	8	Public Safety and Security
29-2033	skills	1	Science
29-2033	skills	2	Operation and Control
29-2033	skills	3	Mathematics
29-2033	skills	4	Operations Monitoring
29-2033	skills	5	Quality Control Analysis
29-2033	skills	6	Critical Thinking
29-2033	skills	7	Writing
29-2033	skills	8	Service Orientation
29-2033	abilities	1	Control Precision
29-2033	abilities	2	Number Facility
29-2033	abilities	3	Mathematical Reasoning
29-2033	abilities	4	Arm-Hand Steadiness
29-2033	abilities	5	Manual Dexterity
29-2033	abilities	6	Information Ordering
29-2033	abilities	7	Visual Color Discrimination
29-2033	abilities	8	Memorization
29-2033	technology	1	Medical software
29-2034	knowledge	1	Medicine and Dentistry
29-2034	knowledge	2	Biology
29-2034	knowledge	3	Physics
29-2034	knowledge	4	Psychology
29-2034	knowledge	5	Computers and Electronics
29-2034	knowledge	6	Administrative
29-2034	knowledge	7	Customer and Personal Service
29-2034	knowledge	8	Telecommunications
29-2034	skills	1	Operation and Control
29-2034	skills	2	Quality Control Analysis
29-2034	skills	3	Troubleshooting
29-2034	skills	4	Service Orientation
29-2034	skills	5	Operations Monitoring
29-2034	skills	6	Social Perceptiveness
29-2034	skills	7	Active Listening
29-2034	skills	8	Monitoring
29-2034	abilities	1	Control Precision
29-2034	abilities	2	Static Strength
29-2034	abilities	3	Wrist-Finger Speed
29-2034	abilities	4	Extent Flexibility
29-2034	abilities	5	Arm-Hand Steadiness
29-2034	abilities	6	Multilimb Coordination
29-2034	abilities	7	Near Vision
29-2034	abilities	8	Problem Sensitivity
29-2034	technology	1	Medical software
29-2034	technology	2	Categorization or classification software
29-2034	technology	3	Information retrieval or search software
29-2035	knowledge	1	Physics
29-2035	knowledge	2	Medicine and Dentistry
29-2035	knowledge	3	Biology
29-2035	knowledge	4	Public Safety and Security
29-2035	knowledge	5	Customer and Personal Service
29-2035	knowledge	6	Psychology
29-2035	knowledge	7	Computers and Electronics
29-2035	knowledge	8	Telecommunications
29-2035	skills	1	Operations Monitoring
29-2035	skills	2	Operation and Control
29-2035	skills	3	Science
29-2035	skills	4	Troubleshooting
29-2035	skills	5	Monitoring
29-2035	skills	6	Reading Comprehension
29-2035	skills	7	Systems Analysis
29-2035	skills	8	Systems Evaluation
29-2035	abilities	1	Rate Control
29-2035	abilities	2	Control Precision
29-2035	abilities	3	Reaction Time
29-2035	abilities	4	Manual Dexterity
29-2035	abilities	5	Arm-Hand Steadiness
29-2035	abilities	6	Auditory Attention
29-2035	abilities	7	Finger Dexterity
29-2035	abilities	8	Near Vision
29-2035	technology	1	Medical software
29-2035	technology	2	Calendar and scheduling software
29-2036	technology	1	Medical software
29-2042	technology	1	Medical software
29-2042	technology	2	Information retrieval or search software
29-2043	technology	1	Medical software
29-2043	technology	2	Information retrieval or search software
29-2051	knowledge	1	Food Production
29-2051	knowledge	2	Customer and Personal Service
29-2051	knowledge	3	Public Safety and Security
29-2051	knowledge	4	Education and Training
29-2051	knowledge	5	Production and Processing
29-2051	knowledge	6	Administrative
29-2051	knowledge	7	Personnel and Human Resources
29-2051	knowledge	8	Administration and Management
29-2051	skills	1	Quality Control Analysis
29-2051	skills	2	Learning Strategies
29-2051	skills	3	Mathematics
29-2051	skills	4	Instructing
29-2051	skills	5	Negotiation
29-2051	skills	6	Operations Monitoring
29-2051	skills	7	Service Orientation
29-2051	skills	8	Management of Personnel Resources
29-2051	abilities	1	Auditory Attention
29-2051	abilities	2	Number Facility
29-2051	abilities	3	Mathematical Reasoning
29-2051	abilities	4	Fluency of Ideas
29-2051	abilities	5	Visual Color Discrimination
29-2051	abilities	6	Originality
29-2051	abilities	7	Manual Dexterity
29-2051	abilities	8	Time Sharing
29-2051	technology	1	Medical software
29-2051	technology	2	Inventory management software
29-2051	technology	3	Desktop publishing software
29-2051	technology	4	Calendar and scheduling software
29-2052	knowledge	1	Medicine and Dentistry
29-2052	knowledge	2	Customer and Personal Service
29-2052	knowledge	3	Law and Government
29-2052	knowledge	4	Chemistry
29-2052	knowledge	5	Production and Processing
29-2052	knowledge	6	Mathematics
29-2052	knowledge	7	Computers and Electronics
29-2052	knowledge	8	Administrative
29-2052	skills	1	Mathematics
29-2052	skills	2	Active Listening
29-2052	skills	3	Reading Comprehension
29-2052	skills	4	Speaking
29-2052	skills	5	Service Orientation
29-2052	skills	6	Learning Strategies
29-2052	skills	7	Active Learning
29-2052	skills	8	Social Perceptiveness
29-2052	abilities	1	Number Facility
29-2052	abilities	2	Manual Dexterity
29-2052	abilities	3	Trunk Strength
29-2052	abilities	4	Speech Recognition
29-2052	abilities	5	Category Flexibility
29-2052	abilities	6	Written Comprehension
29-2052	abilities	7	Finger Dexterity
29-2052	abilities	8	Arm-Hand Steadiness
29-2052	technology	1	Medical software
29-2052	technology	2	Label making software
29-2052	technology	3	Point of sale POS software
29-2052	technology	4	Inventory management software
29-2052	technology	5	Accounting software
29-2053	knowledge	1	Therapy and Counseling
29-2053	knowledge	2	Medicine and Dentistry
29-2053	knowledge	3	Psychology
29-2053	knowledge	4	Sociology and Anthropology
29-2053	knowledge	5	Public Safety and Security
29-2053	knowledge	6	Law and Government
29-2053	knowledge	7	Customer and Personal Service
29-2053	knowledge	8	Education and Training
29-2053	skills	1	Social Perceptiveness
29-2053	skills	2	Coordination
29-2053	skills	3	Monitoring
29-2053	skills	4	Service Orientation
29-2053	skills	5	Instructing
29-2053	skills	6	Active Listening
29-2053	skills	7	Negotiation
29-2053	skills	8	Persuasion
29-2053	abilities	1	Static Strength
29-2053	abilities	2	Trunk Strength
29-2053	abilities	3	Problem Sensitivity
29-2053	abilities	4	Oral Expression
29-2053	abilities	5	Oral Comprehension
29-2053	abilities	6	Deductive Reasoning
29-2053	abilities	7	Inductive Reasoning
29-2053	abilities	8	Written Expression
29-2053	technology	1	Inventory management software
29-2053	technology	2	Medical software
29-2055	knowledge	1	Medicine and Dentistry
29-2055	knowledge	2	Biology
29-2055	knowledge	3	Psychology
29-2055	knowledge	4	Customer and Personal Service
29-2055	knowledge	5	Public Safety and Security
29-2055	knowledge	6	Education and Training
29-2055	knowledge	7	English Language
29-2055	knowledge	8	Computers and Electronics
29-2055	skills	1	Equipment Maintenance
29-2055	skills	2	Management of Material Resources
29-2055	skills	3	Repairing
29-2055	skills	4	Operation and Control
29-2055	skills	5	Troubleshooting
29-2055	skills	6	Operations Monitoring
29-2055	skills	7	Quality Control Analysis
29-2055	skills	8	Monitoring
29-2055	abilities	1	Arm-Hand Steadiness
29-2055	abilities	2	Manual Dexterity
29-2055	abilities	3	Extent Flexibility
29-2055	abilities	4	Multilimb Coordination
29-2055	abilities	5	Static Strength
29-2055	abilities	6	Trunk Strength
29-2055	abilities	7	Hearing Sensitivity
29-2055	abilities	8	Depth Perception
29-2055	technology	1	Medical software
29-2055	technology	2	Cloud-based data access and sharing software
29-2056	knowledge	1	Medicine and Dentistry
29-2056	knowledge	2	Biology
29-2056	knowledge	3	Chemistry
29-2056	knowledge	4	Customer and Personal Service
29-2056	knowledge	5	Sales and Marketing
29-2056	knowledge	6	Mathematics
29-2056	knowledge	7	English Language
29-2056	knowledge	8	Administrative
29-2056	skills	1	Science
29-2056	skills	2	Troubleshooting
29-2056	skills	3	Operation and Control
29-2056	skills	4	Operations Monitoring
29-2056	skills	5	Critical Thinking
29-2056	skills	6	Learning Strategies
29-2056	skills	7	Mathematics
29-2056	skills	8	Service Orientation
29-2056	abilities	1	Extent Flexibility
29-2056	abilities	2	Static Strength
29-2056	abilities	3	Stamina
29-2056	abilities	4	Manual Dexterity
29-2056	abilities	5	Trunk Strength
29-2056	abilities	6	Hearing Sensitivity
29-2056	abilities	7	Auditory Attention
29-2056	abilities	8	Arm-Hand Steadiness
29-2056	technology	1	Medical software
29-2057	knowledge	1	Medicine and Dentistry
29-2057	knowledge	2	Customer and Personal Service
29-2057	knowledge	3	English Language
29-2057	knowledge	4	Psychology
29-2057	knowledge	5	Mathematics
29-2057	knowledge	6	Administrative
29-2057	knowledge	7	Education and Training
29-2057	knowledge	8	Computers and Electronics
29-2057	skills	1	Service Orientation
29-2057	skills	2	Active Listening
29-2057	skills	3	Social Perceptiveness
29-2057	skills	4	Writing
29-2057	skills	5	Mathematics
29-2057	skills	6	Active Learning
29-2057	skills	7	Coordination
29-2057	skills	8	Learning Strategies
29-2057	abilities	1	Arm-Hand Steadiness
29-2057	abilities	2	Finger Dexterity
29-2057	abilities	3	Control Precision
29-2057	abilities	4	Manual Dexterity
29-2057	abilities	5	Visual Color Discrimination
29-2057	abilities	6	Near Vision
29-2057	abilities	7	Speech Clarity
29-2057	abilities	8	Oral Expression
29-2057	technology	1	Medical software
29-2061	knowledge	1	Medicine and Dentistry
29-2061	knowledge	2	Psychology
29-2061	knowledge	3	Therapy and Counseling
29-2061	knowledge	4	Biology
29-2061	knowledge	5	Customer and Personal Service
29-2061	knowledge	6	Telecommunications
29-2061	knowledge	7	Administration and Management
29-2061	knowledge	8	Administrative
29-2061	skills	1	Service Orientation
29-2061	skills	2	Coordination
29-2061	skills	3	Social Perceptiveness
29-2061	skills	4	Science
29-2061	skills	5	Monitoring
29-2061	skills	6	Time Management
29-2061	skills	7	Operation and Control
29-2061	skills	8	Judgment and Decision Making
29-2061	abilities	1	Static Strength
29-2061	abilities	2	Stamina
29-2061	abilities	3	Extent Flexibility
29-2061	abilities	4	Gross Body Coordination
29-2061	abilities	5	Trunk Strength
29-2061	abilities	6	Multilimb Coordination
29-2061	abilities	7	Memorization
29-2061	abilities	8	Manual Dexterity
29-2061	technology	1	Video conferencing software
29-2061	technology	2	Medical software
29-2061	technology	3	Categorization or classification software
29-2061	technology	4	Video creation and editing software
29-2061	technology	5	Inventory management software
29-2061	technology	6	Cloud-based data access and sharing software
29-2061	technology	7	Calendar and scheduling software
29-2072	technology	1	Data base reporting software
29-2072	technology	2	Data base management system software
29-2072	technology	3	Business intelligence and data analysis software
29-2072	technology	4	Process mapping and design software
29-2072	technology	5	Medical software
29-2072	technology	6	Development environment software
29-2072	technology	7	Object or component oriented development software
29-2072	technology	8	Categorization or classification software
29-2081	knowledge	1	Sales and Marketing
29-2081	knowledge	2	Customer and Personal Service
29-2081	knowledge	3	Production and Processing
29-2081	knowledge	4	Administrative
29-2081	knowledge	5	Psychology
29-2081	knowledge	6	Mathematics
29-2081	knowledge	7	Economics and Accounting
29-2081	knowledge	8	Biology
29-2081	skills	1	Service Orientation
29-2081	skills	2	Persuasion
29-2081	skills	3	Speaking
29-2081	skills	4	Mathematics
29-2081	skills	5	Active Listening
29-2081	skills	6	Reading Comprehension
29-2081	skills	7	Quality Control Analysis
29-2081	skills	8	Management of Personnel Resources
29-2081	abilities	1	Finger Dexterity
29-2081	abilities	2	Control Precision
29-2081	abilities	3	Arm-Hand Steadiness
29-2081	abilities	4	Manual Dexterity
29-2081	abilities	5	Visual Color Discrimination
29-2081	abilities	6	Time Sharing
29-2081	abilities	7	Speech Recognition
29-2081	abilities	8	Multilimb Coordination
29-2081	technology	1	Accounting software
29-2081	technology	2	Point of sale POS software
29-2081	technology	3	Inventory management software
29-2081	technology	4	Medical software
29-2091	knowledge	1	Design
29-2091	knowledge	2	Therapy and Counseling
29-2091	knowledge	3	Medicine and Dentistry
29-2091	knowledge	4	Production and Processing
29-2091	knowledge	5	Physics
29-2091	knowledge	6	Mechanical
29-2091	knowledge	7	Psychology
29-2091	knowledge	8	Engineering and Technology
29-2091	skills	1	Technology Design
29-2091	skills	2	Operations Analysis
29-2091	skills	3	Service Orientation
29-2091	skills	4	Writing
29-2091	skills	5	Science
29-2091	skills	6	Complex Problem Solving
29-2091	skills	7	Reading Comprehension
29-2091	skills	8	Active Learning
29-2091	abilities	1	Visualization
29-2091	abilities	2	Written Expression
29-2091	abilities	3	Arm-Hand Steadiness
29-2091	abilities	4	Manual Dexterity
29-2091	abilities	5	Multilimb Coordination
29-2091	abilities	6	Finger Dexterity
29-2091	abilities	7	Written Comprehension
29-2091	abilities	8	Control Precision
29-2091	technology	1	Accounting software
29-2091	technology	2	Computer aided design CAD software
29-2091	technology	3	Computer aided manufacturing CAM software
29-2091	technology	4	Medical software
29-2092	knowledge	1	Therapy and Counseling
29-2092	knowledge	2	Medicine and Dentistry
29-2092	knowledge	3	Sales and Marketing
29-2092	knowledge	4	Economics and Accounting
29-2092	knowledge	5	Customer and Personal Service
29-2092	knowledge	6	Administrative
29-2092	knowledge	7	Psychology
29-2092	knowledge	8	Engineering and Technology
29-2092	skills	1	Service Orientation
29-2092	skills	2	Instructing
29-2092	skills	3	Troubleshooting
29-2092	skills	4	Quality Control Analysis
29-2092	skills	5	Persuasion
29-2092	skills	6	Active Listening
29-2092	skills	7	Systems Evaluation
29-2092	skills	8	Learning Strategies
29-2092	abilities	1	Hearing Sensitivity
29-2092	abilities	2	Auditory Attention
29-2092	abilities	3	Manual Dexterity
29-2092	abilities	4	Arm-Hand Steadiness
29-2092	abilities	5	Finger Dexterity
29-2092	abilities	6	Control Precision
29-2092	abilities	7	Speech Clarity
29-2092	abilities	8	Oral Expression
29-2092	technology	1	Medical software
29-2099	knowledge	1	Medicine and Dentistry
29-2099	knowledge	2	Biology
29-2099	knowledge	3	Computers and Electronics
29-2099	knowledge	4	Psychology
29-2099	knowledge	5	Customer and Personal Service
29-2099	knowledge	6	Sociology and Anthropology
29-2099	knowledge	7	English Language
29-2099	knowledge	8	Public Safety and Security
29-2099	skills	1	Troubleshooting
29-2099	skills	2	Repairing
29-2099	skills	3	Operation and Control
29-2099	skills	4	Quality Control Analysis
29-2099	skills	5	Operations Monitoring
29-2099	skills	6	Science
29-2099	skills	7	Active Listening
29-2099	skills	8	Systems Evaluation
29-2099	abilities	1	Control Precision
29-2099	abilities	2	Speed of Closure
29-2099	abilities	3	Information Ordering
29-2099	abilities	4	Finger Dexterity
29-2099	abilities	5	Inductive Reasoning
29-2099	abilities	6	Arm-Hand Steadiness
29-2099	abilities	7	Problem Sensitivity
29-2099	abilities	8	Deductive Reasoning
29-2099	technology	1	Web platform development software
29-2099	technology	2	Medical software
29-2099	technology	3	Calendar and scheduling software
29-9021	technology	1	Data base reporting software
29-9021	technology	2	Data base management system software
29-9021	technology	3	Business intelligence and data analysis software
29-9021	technology	4	Process mapping and design software
29-9021	technology	5	Medical software
29-9021	technology	6	Development environment software
29-9021	technology	7	Object or component oriented development software
29-9021	technology	8	Categorization or classification software
29-9091	knowledge	1	Medicine and Dentistry
29-9091	knowledge	2	Therapy and Counseling
29-9091	knowledge	3	Psychology
29-9091	knowledge	4	Biology
29-9091	knowledge	5	Sociology and Anthropology
29-9091	knowledge	6	Customer and Personal Service
29-9091	knowledge	7	Education and Training
29-9091	knowledge	8	Public Safety and Security
29-9091	skills	1	Instructing
29-9091	skills	2	Service Orientation
29-9091	skills	3	Active Learning
29-9091	skills	4	Judgment and Decision Making
29-9091	skills	5	Social Perceptiveness
29-9091	skills	6	Monitoring
29-9091	skills	7	Active Listening
29-9091	skills	8	Critical Thinking
29-9091	abilities	1	Stamina
29-9091	abilities	2	Static Strength
29-9091	abilities	3	Multilimb Coordination
29-9091	abilities	4	Gross Body Coordination
29-9091	abilities	5	Dynamic Strength
29-9091	abilities	6	Manual Dexterity
29-9091	abilities	7	Problem Sensitivity
29-9091	abilities	8	Trunk Strength
29-9091	technology	1	Medical software
29-9091	technology	2	Calendar and scheduling software
29-9092	knowledge	1	Biology
29-9092	knowledge	2	Therapy and Counseling
29-9092	knowledge	3	Medicine and Dentistry
29-9092	knowledge	4	Psychology
29-9092	knowledge	5	Sociology and Anthropology
29-9092	knowledge	6	Philosophy and Theology
29-9092	knowledge	7	Chemistry
29-9092	knowledge	8	Mathematics
29-9092	skills	1	Science
29-9092	skills	2	Complex Problem Solving
29-9092	skills	3	Active Learning
29-9092	skills	4	Social Perceptiveness
29-9092	skills	5	Writing
29-9092	skills	6	Reading Comprehension
29-9092	skills	7	Systems Analysis
29-9092	skills	8	Active Listening
29-9092	abilities	1	Written Comprehension
29-9092	abilities	2	Written Expression
29-9092	abilities	3	Deductive Reasoning
29-9092	abilities	4	Inductive Reasoning
29-9092	abilities	5	Mathematical Reasoning
29-9092	abilities	6	Information Ordering
29-9092	abilities	7	Speech Recognition
29-9092	abilities	8	Memorization
29-9092	technology	1	Medical software
29-9093	knowledge	1	Medicine and Dentistry
29-9093	knowledge	2	Biology
29-9093	knowledge	3	Therapy and Counseling
29-9093	knowledge	4	Customer and Personal Service
29-9093	knowledge	5	Education and Training
29-9093	knowledge	6	Psychology
29-9093	knowledge	7	Mechanical
29-9093	knowledge	8	Public Safety and Security
29-9093	skills	1	Operations Monitoring
29-9093	skills	2	Operation and Control
29-9093	skills	3	Science
29-9093	skills	4	Service Orientation
29-9093	skills	5	Active Listening
29-9093	skills	6	Learning Strategies
29-9093	skills	7	Quality Control Analysis
29-9093	skills	8	Monitoring
29-9093	abilities	1	Arm-Hand Steadiness
29-9093	abilities	2	Finger Dexterity
29-9093	abilities	3	Visual Color Discrimination
29-9093	abilities	4	Control Precision
29-9093	abilities	5	Explosive Strength
29-9093	abilities	6	Wrist-Finger Speed
29-9093	abilities	7	Reaction Time
29-9093	abilities	8	Multilimb Coordination
29-9093	technology	1	Medical software
29-9099	knowledge	1	Medicine and Dentistry
29-9099	knowledge	2	Therapy and Counseling
29-9099	knowledge	3	Psychology
29-9099	knowledge	4	Biology
29-9099	knowledge	5	Sociology and Anthropology
29-9099	knowledge	6	Customer and Personal Service
29-9099	knowledge	7	Philosophy and Theology
29-9099	knowledge	8	Chemistry
29-9099	skills	1	Social Perceptiveness
29-9099	skills	2	Science
29-9099	skills	3	Service Orientation
29-9099	skills	4	Monitoring
29-9099	skills	5	Coordination
29-9099	skills	6	Judgment and Decision Making
29-9099	skills	7	Critical Thinking
29-9099	skills	8	Learning Strategies
29-9099	abilities	1	Inductive Reasoning
29-9099	abilities	2	Deductive Reasoning
29-9099	abilities	3	Multilimb Coordination
29-9099	abilities	4	Arm-Hand Steadiness
29-9099	abilities	5	Problem Sensitivity
29-9099	abilities	6	Written Comprehension
29-9099	abilities	7	Memorization
29-9099	abilities	8	Speech Clarity
29-9099	technology	1	Enterprise application integration software
29-9099	technology	2	Medical software
31-1121	knowledge	1	Psychology
31-1121	knowledge	2	Customer and Personal Service
31-1121	knowledge	3	Public Safety and Security
31-1121	knowledge	4	English Language
31-1121	knowledge	5	Administration and Management
31-1121	skills	1	Service Orientation
31-1121	skills	2	Persuasion
31-1121	skills	3	Social Perceptiveness
31-1121	skills	4	Instructing
31-1121	skills	5	Negotiation
31-1121	skills	6	Learning Strategies
31-1121	skills	7	Active Listening
31-1121	skills	8	Time Management
31-1121	abilities	1	Static Strength
31-1121	abilities	2	Stamina
31-1121	abilities	3	Extent Flexibility
31-1121	abilities	4	Gross Body Coordination
31-1121	abilities	5	Trunk Strength
31-1121	abilities	6	Arm-Hand Steadiness
31-1121	abilities	7	Manual Dexterity
31-1121	abilities	8	Time Sharing
31-1121	technology	1	Customer relationship management CRM software
31-1121	technology	2	Cloud-based data access and sharing software
31-1121	technology	3	Object or component oriented development software
31-1121	technology	4	Data base reporting software
31-1121	technology	5	Video conferencing software
31-1121	technology	6	Medical software
31-1122	knowledge	1	Food Production
31-1122	knowledge	2	Transportation
31-1122	knowledge	3	Therapy and Counseling
31-1122	knowledge	4	Foreign Language
31-1122	knowledge	5	Psychology
31-1122	knowledge	6	Philosophy and Theology
31-1122	knowledge	7	Sociology and Anthropology
31-1122	knowledge	8	Medicine and Dentistry
31-1122	skills	1	Service Orientation
31-1122	skills	2	Social Perceptiveness
31-1122	skills	3	Instructing
31-1122	skills	4	Coordination
31-1122	skills	5	Learning Strategies
31-1122	skills	6	Monitoring
31-1122	skills	7	Time Management
31-1122	skills	8	Active Listening
31-1122	abilities	1	Stamina
31-1122	abilities	2	Static Strength
31-1122	abilities	3	Trunk Strength
31-1122	abilities	4	Extent Flexibility
31-1122	abilities	5	Time Sharing
31-1122	abilities	6	Multilimb Coordination
31-1122	abilities	7	Oral Expression
31-1122	abilities	8	Oral Comprehension
31-1122	technology	1	Medical software
31-1122	technology	2	Optical character reader OCR or scanning software
31-1122	technology	3	Data base reporting software
31-1122	technology	4	Video conferencing software
31-1122	technology	5	Computer based training software
31-1122	technology	6	Calendar and scheduling software
31-1131	knowledge	1	Medicine and Dentistry
31-1131	knowledge	2	Therapy and Counseling
31-1131	knowledge	3	Sociology and Anthropology
31-1131	knowledge	4	Psychology
31-1131	knowledge	5	Customer and Personal Service
31-1131	knowledge	6	Public Safety and Security
31-1131	knowledge	7	Administration and Management
31-1131	knowledge	8	Personnel and Human Resources
31-1131	skills	1	Service Orientation
31-1131	skills	2	Social Perceptiveness
31-1131	skills	3	Active Listening
31-1131	skills	4	Coordination
31-1131	skills	5	Monitoring
31-1131	skills	6	Time Management
31-1131	skills	7	Active Learning
31-1131	skills	8	Instructing
31-1131	abilities	1	Static Strength
31-1131	abilities	2	Extent Flexibility
31-1131	abilities	3	Stamina
31-1131	abilities	4	Trunk Strength
31-1131	abilities	5	Multilimb Coordination
31-1131	abilities	6	Arm-Hand Steadiness
31-1131	abilities	7	Problem Sensitivity
31-1131	abilities	8	Manual Dexterity
31-1131	technology	1	Business intelligence and data analysis software
31-1131	technology	2	Medical software
31-1131	technology	3	Video conferencing software
31-1131	technology	4	Video creation and editing software
31-1131	technology	5	Accounting software
31-1132	knowledge	1	Customer and Personal Service
31-1132	knowledge	2	Transportation
31-1132	knowledge	3	Public Safety and Security
31-1132	knowledge	4	English Language
31-1132	skills	1	Service Orientation
31-1132	skills	2	Social Perceptiveness
31-1132	skills	3	Coordination
31-1132	skills	4	Active Listening
31-1132	skills	5	Speaking
31-1132	skills	6	Writing
31-1132	skills	7	Time Management
31-1132	skills	8	Judgment and Decision Making
31-1132	abilities	1	Explosive Strength
31-1132	abilities	2	Static Strength
31-1132	abilities	3	Gross Body Equilibrium
31-1132	abilities	4	Dynamic Strength
31-1132	abilities	5	Stamina
31-1132	abilities	6	Trunk Strength
31-1132	abilities	7	Extent Flexibility
31-1132	abilities	8	Gross Body Coordination
31-1132	technology	1	Medical software
31-1133	knowledge	1	Psychology
31-1133	knowledge	2	Therapy and Counseling
31-1133	knowledge	3	Sociology and Anthropology
31-1133	knowledge	4	Administrative
31-1133	knowledge	5	Customer and Personal Service
31-1133	knowledge	6	Public Safety and Security
31-1133	knowledge	7	Administration and Management
31-1133	knowledge	8	English Language
31-1133	skills	1	Service Orientation
31-1133	skills	2	Social Perceptiveness
31-1133	skills	3	Monitoring
31-1133	skills	4	Negotiation
31-1133	skills	5	Speaking
31-1133	skills	6	Instructing
31-1133	skills	7	Persuasion
31-1133	skills	8	Active Listening
31-1133	abilities	1	Response Orientation
31-1133	abilities	2	Stamina
31-1133	abilities	3	Gross Body Coordination
31-1133	abilities	4	Static Strength
31-1133	abilities	5	Reaction Time
31-1133	abilities	6	Trunk Strength
31-1133	abilities	7	Auditory Attention
31-1133	abilities	8	Multilimb Coordination
31-1133	technology	1	Medical software
31-2011	knowledge	1	Therapy and Counseling
31-2011	knowledge	2	Psychology
31-2011	knowledge	3	Customer and Personal Service
31-2011	knowledge	4	Sociology and Anthropology
31-2011	knowledge	5	Medicine and Dentistry
31-2011	knowledge	6	Philosophy and Theology
31-2011	knowledge	7	Education and Training
31-2011	knowledge	8	Public Safety and Security
31-2011	skills	1	Service Orientation
31-2011	skills	2	Social Perceptiveness
31-2011	skills	3	Learning Strategies
31-2011	skills	4	Instructing
31-2011	skills	5	Time Management
31-2011	skills	6	Speaking
31-2011	skills	7	Systems Analysis
31-2011	skills	8	Active Listening
31-2011	abilities	1	Static Strength
31-2011	abilities	2	Extent Flexibility
31-2011	abilities	3	Trunk Strength
31-2011	abilities	4	Manual Dexterity
31-2011	abilities	5	Multilimb Coordination
31-2011	abilities	6	Written Expression
31-2011	abilities	7	Arm-Hand Steadiness
31-2011	abilities	8	Finger Dexterity
31-2011	technology	1	Medical software
31-2011	technology	2	Web page creation and editing software
31-2011	technology	3	Action games
31-2011	technology	4	Device drivers or system software
31-2011	technology	5	Voice recognition software
31-2011	technology	6	Optical character reader OCR or scanning software
31-2011	technology	7	Computer based training software
31-2011	technology	8	Accounting software
31-2012	knowledge	1	Therapy and Counseling
31-2012	knowledge	2	Psychology
31-2012	knowledge	3	Medicine and Dentistry
31-2012	knowledge	4	Customer and Personal Service
31-2012	knowledge	5	Computers and Electronics
31-2012	knowledge	6	Education and Training
31-2012	knowledge	7	English Language
31-2012	knowledge	8	Public Safety and Security
31-2012	skills	1	Service Orientation
31-2012	skills	2	Social Perceptiveness
31-2012	skills	3	Coordination
31-2012	skills	4	Learning Strategies
31-2012	skills	5	Instructing
31-2012	skills	6	Persuasion
31-2012	skills	7	Speaking
31-2012	skills	8	Monitoring
31-2012	abilities	1	Static Strength
31-2012	abilities	2	Gross Body Equilibrium
31-2012	abilities	3	Stamina
31-2012	abilities	4	Extent Flexibility
31-2012	abilities	5	Gross Body Coordination
31-2012	abilities	6	Trunk Strength
31-2012	abilities	7	Multilimb Coordination
31-2012	abilities	8	Manual Dexterity
31-2012	technology	1	Medical software
31-2012	technology	2	Accounting software
31-2012	technology	3	Calendar and scheduling software
31-2021	knowledge	1	Therapy and Counseling
31-2021	knowledge	2	Medicine and Dentistry
31-2021	knowledge	3	Biology
31-2021	knowledge	4	Psychology
31-2021	knowledge	5	Customer and Personal Service
31-2021	knowledge	6	Education and Training
31-2021	knowledge	7	English Language
31-2021	knowledge	8	Computers and Electronics
31-2021	skills	1	Social Perceptiveness
31-2021	skills	2	Monitoring
31-2021	skills	3	Active Listening
31-2021	skills	4	Service Orientation
31-2021	skills	5	Instructing
31-2021	skills	6	Persuasion
31-2021	skills	7	Speaking
31-2021	skills	8	Quality Control Analysis
31-2021	abilities	1	Static Strength
31-2021	abilities	2	Extent Flexibility
31-2021	abilities	3	Multilimb Coordination
31-2021	abilities	4	Stamina
31-2021	abilities	5	Trunk Strength
31-2021	abilities	6	Arm-Hand Steadiness
31-2021	abilities	7	Manual Dexterity
31-2021	abilities	8	Speech Recognition
31-2021	technology	1	Medical software
31-2021	technology	2	Action games
31-2021	technology	3	Accounting software
31-2021	technology	4	Calendar and scheduling software
31-2022	knowledge	1	Therapy and Counseling
31-2022	knowledge	2	Customer and Personal Service
31-2022	knowledge	3	Psychology
31-2022	knowledge	4	Computers and Electronics
31-2022	knowledge	5	English Language
31-2022	knowledge	6	Public Safety and Security
31-2022	knowledge	7	Administrative
31-2022	knowledge	8	Education and Training
31-2022	skills	1	Service Orientation
31-2022	skills	2	Instructing
31-2022	skills	3	Persuasion
31-2022	skills	4	Active Listening
31-2022	skills	5	Coordination
31-2022	skills	6	Social Perceptiveness
31-2022	skills	7	Monitoring
31-2022	skills	8	Time Management
31-2022	abilities	1	Gross Body Coordination
31-2022	abilities	2	Static Strength
31-2022	abilities	3	Stamina
31-2022	abilities	4	Extent Flexibility
31-2022	abilities	5	Trunk Strength
31-2022	abilities	6	Multilimb Coordination
31-2022	abilities	7	Arm-Hand Steadiness
31-2022	abilities	8	Finger Dexterity
31-2022	technology	1	Medical software
31-2022	technology	2	Calendar and scheduling software
31-9011	knowledge	1	Biology
31-9011	knowledge	2	Medicine and Dentistry
31-9011	knowledge	3	Customer and Personal Service
31-9011	knowledge	4	Psychology
31-9011	knowledge	5	Therapy and Counseling
31-9011	knowledge	6	Sales and Marketing
31-9011	knowledge	7	Sociology and Anthropology
31-9011	knowledge	8	Economics and Accounting
31-9011	skills	1	Service Orientation
31-9011	skills	2	Social Perceptiveness
31-9011	skills	3	Speaking
31-9011	skills	4	Active Listening
31-9011	skills	5	Learning Strategies
31-9011	skills	6	Active Learning
31-9011	skills	7	Judgment and Decision Making
31-9011	skills	8	Writing
31-9011	abilities	1	Dynamic Strength
31-9011	abilities	2	Trunk Strength
31-9011	abilities	3	Stamina
31-9011	abilities	4	Extent Flexibility
31-9011	abilities	5	Multilimb Coordination
31-9011	abilities	6	Manual Dexterity
31-9011	abilities	7	Static Strength
31-9011	abilities	8	Arm-Hand Steadiness
31-9011	technology	1	Medical software
31-9011	technology	2	Calendar and scheduling software
31-9091	knowledge	1	Medicine and Dentistry
31-9091	knowledge	2	Sales and Marketing
31-9091	knowledge	3	Customer and Personal Service
31-9091	knowledge	4	Administrative
31-9091	knowledge	5	Production and Processing
31-9091	knowledge	6	Personnel and Human Resources
31-9091	knowledge	7	Administration and Management
31-9091	knowledge	8	Psychology
31-9091	skills	1	Instructing
31-9091	skills	2	Active Listening
31-9091	skills	3	Service Orientation
31-9091	skills	4	Quality Control Analysis
31-9091	skills	5	Operations Monitoring
31-9091	skills	6	Active Learning
31-9091	skills	7	Social Perceptiveness
31-9091	skills	8	Negotiation
31-9091	abilities	1	Control Precision
31-9091	abilities	2	Arm-Hand Steadiness
31-9091	abilities	3	Near Vision
31-9091	abilities	4	Manual Dexterity
31-9091	abilities	5	Extent Flexibility
31-9091	abilities	6	Multilimb Coordination
31-9091	abilities	7	Finger Dexterity
31-9091	abilities	8	Time Sharing
31-9091	technology	1	Medical software
31-9091	technology	2	Accounting software
31-9092	knowledge	1	Medicine and Dentistry
31-9092	knowledge	2	Administrative
31-9092	knowledge	3	Therapy and Counseling
31-9092	knowledge	4	English Language
31-9092	knowledge	5	Customer and Personal Service
31-9092	knowledge	6	Computers and Electronics
31-9092	knowledge	7	Psychology
31-9092	knowledge	8	Education and Training
31-9092	skills	1	Social Perceptiveness
31-9092	skills	2	Science
31-9092	skills	3	Service Orientation
31-9092	skills	4	Coordination
31-9092	skills	5	Speaking
31-9092	skills	6	Learning Strategies
31-9092	skills	7	Instructing
31-9092	skills	8	Active Listening
31-9092	abilities	1	Speech Recognition
31-9092	abilities	2	Written Comprehension
31-9092	abilities	3	Memorization
31-9092	abilities	4	Written Expression
31-9092	abilities	5	Arm-Hand Steadiness
31-9092	abilities	6	Finger Dexterity
31-9092	abilities	7	Visual Color Discrimination
31-9092	abilities	8	Speech Clarity
31-9092	technology	1	Medical software
31-9092	technology	2	Cloud-based data access and sharing software
31-9092	technology	3	Accounting software
31-9092	technology	4	Categorization or classification software
31-9092	technology	5	Network conferencing software
31-9092	technology	6	Document management software
31-9092	technology	7	Calendar and scheduling software
31-9093	knowledge	1	Biology
31-9093	knowledge	2	Customer and Personal Service
31-9093	knowledge	3	Chemistry
31-9093	knowledge	4	Medicine and Dentistry
31-9093	knowledge	5	Production and Processing
31-9093	knowledge	6	Telecommunications
31-9093	knowledge	7	Public Safety and Security
31-9093	knowledge	8	Mechanical
31-9093	skills	1	Troubleshooting
31-9093	skills	2	Equipment Maintenance
31-9093	skills	3	Quality Control Analysis
31-9093	skills	4	Operations Monitoring
31-9093	skills	5	Operation and Control
31-9093	skills	6	Management of Material Resources
31-9093	skills	7	Monitoring
31-9093	skills	8	Critical Thinking
31-9093	abilities	1	Static Strength
31-9093	abilities	2	Manual Dexterity
31-9093	abilities	3	Stamina
31-9093	abilities	4	Trunk Strength
31-9093	abilities	5	Multilimb Coordination
31-9093	abilities	6	Arm-Hand Steadiness
31-9093	abilities	7	Finger Dexterity
31-9093	abilities	8	Control Precision
31-9093	technology	1	Time accounting software
31-9093	technology	2	Medical software
31-9093	technology	3	Cloud-based data access and sharing software
31-9093	technology	4	Materials requirements planning logistics and supply chain software
31-9093	technology	5	Inventory management software
31-9093	technology	6	Calendar and scheduling software
31-9094	knowledge	1	Administrative
31-9094	knowledge	2	Medicine and Dentistry
31-9094	knowledge	3	English Language
31-9094	knowledge	4	Computers and Electronics
31-9094	knowledge	5	Customer and Personal Service
31-9094	skills	1	Writing
31-9094	skills	2	Reading Comprehension
31-9094	skills	3	Active Listening
31-9094	skills	4	Time Management
31-9094	skills	5	Monitoring
31-9094	skills	6	Active Learning
31-9094	skills	7	Judgment and Decision Making
31-9094	skills	8	Social Perceptiveness
31-9094	abilities	1	Speech Recognition
31-9094	abilities	2	Written Comprehension
31-9094	abilities	3	Written Expression
31-9094	abilities	4	Oral Comprehension
31-9094	abilities	5	Finger Dexterity
31-9094	abilities	6	Near Vision
31-9094	abilities	7	Perceptual Speed
31-9094	abilities	8	Manual Dexterity
31-9094	technology	1	Web platform development software
31-9094	technology	2	Medical software
31-9094	technology	3	Spell checkers
31-9094	technology	4	Voice recognition software
31-9094	technology	5	Desktop communications software
31-9094	technology	6	Information retrieval or search software
31-9094	technology	7	Video creation and editing software
31-9094	technology	8	Accounting software
31-9095	knowledge	1	Customer and Personal Service
31-9095	knowledge	2	Sales and Marketing
31-9095	knowledge	3	Medicine and Dentistry
31-9095	knowledge	4	Law and Government
31-9095	knowledge	5	Administrative
31-9095	knowledge	6	Administration and Management
31-9095	knowledge	7	Mathematics
31-9095	knowledge	8	English Language
31-9095	skills	1	Service Orientation
31-9095	skills	2	Social Perceptiveness
31-9095	skills	3	Mathematics
31-9095	skills	4	Active Listening
31-9095	skills	5	Coordination
31-9095	skills	6	Speaking
31-9095	skills	7	Reading Comprehension
31-9095	skills	8	Active Learning
31-9095	abilities	1	Trunk Strength
31-9095	abilities	2	Finger Dexterity
31-9095	abilities	3	Oral Comprehension
31-9095	abilities	4	Mathematical Reasoning
31-9095	abilities	5	Visual Color Discrimination
31-9095	abilities	6	Speech Clarity
31-9095	abilities	7	Number Facility
31-9095	abilities	8	Perceptual Speed
31-9096	knowledge	1	Biology
31-9096	knowledge	2	Medicine and Dentistry
31-9096	knowledge	3	Customer and Personal Service
31-9096	knowledge	4	Administrative
31-9096	knowledge	5	Telecommunications
31-9096	knowledge	6	Sales and Marketing
31-9096	knowledge	7	Communications and Media
31-9096	knowledge	8	Computers and Electronics
31-9096	skills	1	Science
31-9096	skills	2	Mathematics
31-9096	skills	3	Service Orientation
31-9096	skills	4	Instructing
31-9096	skills	5	Writing
31-9096	skills	6	Time Management
31-9096	skills	7	Active Listening
31-9096	skills	8	Coordination
31-9096	abilities	1	Extent Flexibility
31-9096	abilities	2	Multilimb Coordination
31-9096	abilities	3	Static Strength
31-9096	abilities	4	Manual Dexterity
31-9096	abilities	5	Trunk Strength
31-9096	abilities	6	Arm-Hand Steadiness
31-9096	abilities	7	Hearing Sensitivity
31-9096	abilities	8	Finger Dexterity
31-9096	technology	1	Label making software
31-9096	technology	2	Medical software
31-9096	technology	3	Calendar and scheduling software
31-9097	knowledge	1	Medicine and Dentistry
31-9097	knowledge	2	Customer and Personal Service
31-9097	knowledge	3	Biology
31-9097	knowledge	4	Psychology
31-9097	knowledge	5	Administrative
31-9097	knowledge	6	Chemistry
31-9097	knowledge	7	Sociology and Anthropology
31-9097	knowledge	8	Personnel and Human Resources
31-9097	skills	1	Service Orientation
31-9097	skills	2	Quality Control Analysis
31-9097	skills	3	Social Perceptiveness
31-9097	skills	4	Instructing
31-9097	skills	5	Learning Strategies
31-9097	skills	6	Coordination
31-9097	skills	7	Writing
31-9097	skills	8	Time Management
31-9097	abilities	1	Arm-Hand Steadiness
31-9097	abilities	2	Finger Dexterity
31-9097	abilities	3	Manual Dexterity
31-9097	abilities	4	Near Vision
31-9097	abilities	5	Visual Color Discrimination
31-9097	abilities	6	Flexibility of Closure
31-9097	abilities	7	Perceptual Speed
31-9097	abilities	8	Problem Sensitivity
31-9097	technology	1	Web platform development software
31-9097	technology	2	Medical software
31-9097	technology	3	Calendar and scheduling software
31-9099	knowledge	1	Therapy and Counseling
31-9099	knowledge	2	Psychology
31-9099	knowledge	3	Education and Training
31-9099	knowledge	4	English Language
31-9099	knowledge	5	Administrative
31-9099	knowledge	6	Sociology and Anthropology
31-9099	knowledge	7	Customer and Personal Service
31-9099	knowledge	8	Computers and Electronics
31-9099	skills	1	Service Orientation
31-9099	skills	2	Active Listening
31-9099	skills	3	Social Perceptiveness
31-9099	skills	4	Reading Comprehension
31-9099	skills	5	Learning Strategies
31-9099	skills	6	Speaking
31-9099	skills	7	Instructing
31-9099	skills	8	Systems Evaluation
31-9099	abilities	1	Hearing Sensitivity
31-9099	abilities	2	Auditory Attention
31-9099	abilities	3	Speech Recognition
31-9099	abilities	4	Speech Clarity
31-9099	abilities	5	Written Expression
31-9099	abilities	6	Time Sharing
31-9099	abilities	7	Written Comprehension
31-9099	abilities	8	Oral Expression
31-9099	technology	1	Text to speech conversion software
31-9099	technology	2	Music or sound editing software
31-9099	technology	3	Medical software
33-1011	knowledge	1	Public Safety and Security
33-1011	knowledge	2	Law and Government
33-1011	knowledge	3	Psychology
33-1011	knowledge	4	Therapy and Counseling
33-1011	knowledge	5	Sociology and Anthropology
33-1011	knowledge	6	Personnel and Human Resources
33-1011	knowledge	7	Administration and Management
33-1011	knowledge	8	Philosophy and Theology
33-1011	skills	1	Management of Personnel Resources
33-1011	skills	2	Negotiation
33-1011	skills	3	Coordination
33-1011	skills	4	Social Perceptiveness
33-1011	skills	5	Persuasion
33-1011	skills	6	Monitoring
33-1011	skills	7	Critical Thinking
33-1011	skills	8	Systems Analysis
33-1011	abilities	1	Explosive Strength
33-1011	abilities	2	Gross Body Equilibrium
33-1011	abilities	3	Response Orientation
33-1011	abilities	4	Reaction Time
33-1011	abilities	5	Stamina
33-1011	abilities	6	Static Strength
33-1011	abilities	7	Gross Body Coordination
33-1011	abilities	8	Trunk Strength
33-1012	knowledge	1	Law and Government
33-1012	knowledge	2	Public Safety and Security
33-1012	knowledge	3	Psychology
33-1012	knowledge	4	Personnel and Human Resources
33-1012	knowledge	5	Sociology and Anthropology
33-1012	knowledge	6	Therapy and Counseling
33-1012	knowledge	7	Telecommunications
33-1012	knowledge	8	Administration and Management
33-1012	skills	1	Management of Personnel Resources
33-1012	skills	2	Instructing
33-1012	skills	3	Persuasion
33-1012	skills	4	Learning Strategies
33-1012	skills	5	Coordination
33-1012	skills	6	Social Perceptiveness
33-1012	skills	7	Time Management
33-1012	skills	8	Management of Material Resources
33-1012	abilities	1	Response Orientation
33-1012	abilities	2	Explosive Strength
33-1012	abilities	3	Reaction Time
33-1012	abilities	4	Static Strength
33-1012	abilities	5	Written Comprehension
33-1012	abilities	6	Depth Perception
33-1012	abilities	7	Written Expression
33-1012	abilities	8	Oral Expression
33-1012	technology	1	Web platform development software
33-1012	technology	2	Process mapping and design software
33-1012	technology	3	Helpdesk or call center software
33-1012	technology	4	Map creation software
33-1012	technology	5	Calendar and scheduling software
33-1021	knowledge	1	Building and Construction
33-1021	knowledge	2	Public Safety and Security
33-1021	knowledge	3	Medicine and Dentistry
33-1021	knowledge	4	Mechanical
33-1021	knowledge	5	Chemistry
33-1021	knowledge	6	Law and Government
33-1021	knowledge	7	Personnel and Human Resources
33-1021	knowledge	8	Education and Training
33-1021	skills	1	Management of Personnel Resources
33-1021	skills	2	Service Orientation
33-1021	skills	3	Instructing
33-1021	skills	4	Social Perceptiveness
33-1021	skills	5	Management of Material Resources
33-1021	skills	6	Negotiation
33-1021	skills	7	Coordination
33-1021	skills	8	Operations Monitoring
33-1021	abilities	1	Explosive Strength
33-1021	abilities	2	Gross Body Equilibrium
33-1021	abilities	3	Static Strength
33-1021	abilities	4	Glare Sensitivity
33-1021	abilities	5	Stamina
33-1021	abilities	6	Extent Flexibility
33-1021	abilities	7	Gross Body Coordination
33-1021	abilities	8	Spatial Orientation
33-1021	technology	1	Helpdesk or call center software
33-1021	technology	2	Map creation software
33-1021	technology	3	Geographic information system
33-1091	technology	1	Time accounting software
33-1091	technology	2	Calendar and scheduling software
33-2011	knowledge	1	Building and Construction
33-2011	knowledge	2	Public Safety and Security
33-2011	knowledge	3	Medicine and Dentistry
33-2011	knowledge	4	Telecommunications
33-2011	knowledge	5	Mechanical
33-2011	knowledge	6	Transportation
33-2011	knowledge	7	Chemistry
33-2011	knowledge	8	Education and Training
33-2011	skills	1	Equipment Maintenance
33-2011	skills	2	Equipment Selection
33-2011	skills	3	Operation and Control
33-2011	skills	4	Operations Monitoring
33-2011	skills	5	Service Orientation
33-2011	skills	6	Troubleshooting
33-2011	skills	7	Coordination
33-2011	skills	8	Quality Control Analysis
33-2011	abilities	1	Stamina
33-2011	abilities	2	Static Strength
33-2011	abilities	3	Explosive Strength
33-2011	abilities	4	Spatial Orientation
33-2011	abilities	5	Dynamic Strength
33-2011	abilities	6	Reaction Time
33-2011	abilities	7	Speed of Limb Movement
33-2011	abilities	8	Extent Flexibility
33-2011	technology	1	Geographic information system
33-2021	knowledge	1	Building and Construction
33-2021	knowledge	2	Public Safety and Security
33-2021	knowledge	3	Law and Government
33-2021	knowledge	4	Education and Training
33-2021	knowledge	5	Chemistry
33-2021	knowledge	6	Customer and Personal Service
33-2021	knowledge	7	Physics
33-2021	knowledge	8	Telecommunications
33-2021	skills	1	Persuasion
33-2021	skills	2	Instructing
33-2021	skills	3	Systems Evaluation
33-2021	skills	4	Quality Control Analysis
33-2021	skills	5	Writing
33-2021	skills	6	Service Orientation
33-2021	skills	7	Negotiation
33-2021	skills	8	Learning Strategies
33-2021	abilities	1	Written Expression
33-2021	abilities	2	Flexibility of Closure
33-2021	abilities	3	Visual Color Discrimination
33-2021	abilities	4	Problem Sensitivity
33-2021	abilities	5	Written Comprehension
33-2021	abilities	6	Deductive Reasoning
33-2021	abilities	7	Information Ordering
33-2021	abilities	8	Trunk Strength
33-2021	technology	1	Human resources software
33-2022	knowledge	1	Personnel and Human Resources
33-2022	knowledge	2	Geography
33-2022	knowledge	3	Transportation
33-2022	knowledge	4	Law and Government
33-2022	knowledge	5	Administration and Management
33-2022	knowledge	6	Biology
33-2022	knowledge	7	Public Safety and Security
33-2022	knowledge	8	Communications and Media
33-2022	skills	1	Coordination
33-2022	skills	2	Management of Personnel Resources
33-2022	skills	3	Critical Thinking
33-2022	skills	4	Instructing
33-2022	skills	5	Judgment and Decision Making
33-2022	skills	6	Learning Strategies
33-2022	skills	7	Complex Problem Solving
33-2022	skills	8	Negotiation
33-2022	abilities	1	Depth Perception
33-2022	abilities	2	Multilimb Coordination
33-2022	abilities	3	Speed of Closure
33-2022	abilities	4	Far Vision
33-2022	abilities	5	Flexibility of Closure
33-2022	abilities	6	Perceptual Speed
33-2022	abilities	7	Problem Sensitivity
33-2022	abilities	8	Control Precision
33-2022	technology	1	Configuration management software
33-2022	technology	2	Cloud-based management software
33-2022	technology	3	Expert system software
33-2022	technology	4	File versioning software
33-2022	technology	5	Application server software
33-2022	technology	6	Data base management system software
33-2022	technology	7	Web platform development software
33-2022	technology	8	Customer relationship management CRM software
33-3011	knowledge	1	Law and Government
33-3011	knowledge	2	Public Safety and Security
33-3011	knowledge	3	Psychology
33-3011	knowledge	4	English Language
33-3011	knowledge	5	Administrative
33-3011	knowledge	6	Administration and Management
33-3011	knowledge	7	Education and Training
33-3011	knowledge	8	Customer and Personal Service
33-3011	skills	1	Social Perceptiveness
33-3011	skills	2	Negotiation
33-3011	skills	3	Persuasion
33-3011	skills	4	Monitoring
33-3011	skills	5	Judgment and Decision Making
33-3011	skills	6	Service Orientation
33-3011	skills	7	Time Management
33-3011	skills	8	Speaking
33-3011	abilities	1	Static Strength
33-3011	abilities	2	Selective Attention
33-3011	abilities	3	Trunk Strength
33-3011	abilities	4	Reaction Time
33-3011	abilities	5	Speech Clarity
33-3011	abilities	6	Problem Sensitivity
33-3011	abilities	7	Speech Recognition
33-3011	abilities	8	Oral Expression
33-3011	technology	1	Cloud-based data access and sharing software
33-3011	technology	2	Document management software
33-3011	technology	3	Calendar and scheduling software
33-3012	knowledge	1	Public Safety and Security
33-3012	knowledge	2	Law and Government
33-3012	knowledge	3	Telecommunications
33-3012	knowledge	4	Psychology
33-3012	knowledge	5	Sociology and Anthropology
33-3012	knowledge	6	Therapy and Counseling
33-3012	knowledge	7	Administrative
33-3012	knowledge	8	Administration and Management
33-3012	skills	1	Social Perceptiveness
33-3012	skills	2	Monitoring
33-3012	skills	3	Negotiation
33-3012	skills	4	Persuasion
33-3012	skills	5	Active Listening
33-3012	skills	6	Coordination
33-3012	skills	7	Speaking
33-3012	skills	8	Critical Thinking
33-3012	abilities	1	Explosive Strength
33-3012	abilities	2	Speed of Limb Movement
33-3012	abilities	3	Stamina
33-3012	abilities	4	Dynamic Strength
33-3012	abilities	5	Response Orientation
33-3012	abilities	6	Reaction Time
33-3012	abilities	7	Extent Flexibility
33-3012	abilities	8	Gross Body Coordination
33-3012	technology	1	Web page creation and editing software
33-3012	technology	2	Document management software
33-3012	technology	3	Data base management system software
33-3021	knowledge	1	Law and Government
33-3021	knowledge	2	Public Safety and Security
33-3021	knowledge	3	Psychology
33-3021	knowledge	4	Sociology and Anthropology
33-3021	knowledge	5	Therapy and Counseling
33-3021	knowledge	6	Geography
33-3021	knowledge	7	Telecommunications
33-3021	knowledge	8	Communications and Media
33-3021	skills	1	Active Listening
33-3021	skills	2	Social Perceptiveness
33-3021	skills	3	Speaking
33-3021	skills	4	Complex Problem Solving
33-3021	skills	5	Critical Thinking
33-3021	skills	6	Service Orientation
33-3021	skills	7	Judgment and Decision Making
33-3021	skills	8	Reading Comprehension
33-3021	abilities	1	Peripheral Vision
33-3021	abilities	2	Explosive Strength
33-3021	abilities	3	Speed of Limb Movement
33-3021	abilities	4	Inductive Reasoning
33-3021	abilities	5	Spatial Orientation
33-3021	abilities	6	Speed of Closure
33-3021	abilities	7	Response Orientation
33-3021	abilities	8	Far Vision
33-3021	technology	1	Process mapping and design software
33-3021	technology	2	Network monitoring software
33-3021	technology	3	Map creation software
33-3021	technology	4	Geographic information system
33-3021	technology	5	Desktop publishing software
33-3031	knowledge	1	Biology
33-3031	knowledge	2	Law and Government
33-3031	knowledge	3	Geography
33-3031	knowledge	4	Public Safety and Security
33-3031	knowledge	5	Sociology and Anthropology
33-3031	knowledge	6	Psychology
33-3031	knowledge	7	Medicine and Dentistry
33-3031	knowledge	8	Customer and Personal Service
33-3031	skills	1	Science
33-3031	skills	2	Operation and Control
33-3031	skills	3	Persuasion
33-3031	skills	4	Operations Monitoring
33-3031	skills	5	Systems Analysis
33-3031	skills	6	Critical Thinking
33-3031	skills	7	Systems Evaluation
33-3031	skills	8	Active Listening
33-3031	abilities	1	Spatial Orientation
33-3031	abilities	2	Glare Sensitivity
33-3031	abilities	3	Stamina
33-3031	abilities	4	Reaction Time
33-3031	abilities	5	Far Vision
33-3031	abilities	6	Depth Perception
33-3031	abilities	7	Static Strength
33-3031	abilities	8	Response Orientation
33-3031	technology	1	Configuration management software
33-3031	technology	2	Object or component oriented development software
33-3031	technology	3	Mobile location based services software
33-3031	technology	4	Map creation software
33-3031	technology	5	Customer relationship management CRM software
33-3041	knowledge	1	Foreign Language
33-3041	knowledge	2	Public Safety and Security
33-3041	knowledge	3	Law and Government
33-3041	knowledge	4	Transportation
33-3041	knowledge	5	Psychology
33-3041	knowledge	6	Communications and Media
33-3041	knowledge	7	Computers and Electronics
33-3041	knowledge	8	English Language
33-3041	skills	1	Operation and Control
33-3041	skills	2	Negotiation
33-3041	skills	3	Service Orientation
33-3041	skills	4	Instructing
33-3041	skills	5	Persuasion
33-3041	skills	6	Social Perceptiveness
33-3041	skills	7	Monitoring
33-3041	skills	8	Time Management
33-3041	abilities	1	Spatial Orientation
33-3041	abilities	2	Stamina
33-3041	abilities	3	Depth Perception
33-3041	abilities	4	Control Precision
33-3041	abilities	5	Static Strength
33-3041	abilities	6	Trunk Strength
33-3041	abilities	7	Multilimb Coordination
33-3041	abilities	8	Visual Color Discrimination
33-3051	knowledge	1	Law and Government
33-3051	knowledge	2	Public Safety and Security
33-3051	knowledge	3	Psychology
33-3051	knowledge	4	Telecommunications
33-3051	knowledge	5	Geography
33-3051	knowledge	6	Therapy and Counseling
33-3051	knowledge	7	Sociology and Anthropology
33-3051	knowledge	8	Transportation
33-3051	skills	1	Persuasion
33-3051	skills	2	Negotiation
33-3051	skills	3	Social Perceptiveness
33-3051	skills	4	Active Learning
33-3051	skills	5	Service Orientation
33-3051	skills	6	Coordination
33-3051	skills	7	Judgment and Decision Making
33-3051	skills	8	Speaking
33-3051	abilities	1	Explosive Strength
33-3051	abilities	2	Sound Localization
33-3051	abilities	3	Response Orientation
33-3051	abilities	4	Spatial Orientation
33-3051	abilities	5	Dynamic Strength
33-3051	abilities	6	Peripheral Vision
33-3051	abilities	7	Static Strength
33-3051	abilities	8	Glare Sensitivity
33-3051	technology	1	Process mapping and design software
33-3051	technology	2	Helpdesk or call center software
33-3051	technology	3	Map creation software
33-3051	technology	4	Geographic information system
33-3052	knowledge	1	Law and Government
33-3052	knowledge	2	Public Safety and Security
33-3052	knowledge	3	Geography
33-3052	knowledge	4	Transportation
33-3052	knowledge	5	Telecommunications
33-3052	knowledge	6	Psychology
33-3052	knowledge	7	Therapy and Counseling
33-3052	knowledge	8	Sociology and Anthropology
33-3052	skills	1	Complex Problem Solving
33-3052	skills	2	Negotiation
33-3052	skills	3	Speaking
33-3052	skills	4	Active Listening
33-3052	skills	5	Critical Thinking
33-3052	skills	6	Operation and Control
33-3052	skills	7	Systems Analysis
33-3052	skills	8	Management of Personnel Resources
33-3052	abilities	1	Explosive Strength
33-3052	abilities	2	Peripheral Vision
33-3052	abilities	3	Night Vision
33-3052	abilities	4	Sound Localization
33-3052	abilities	5	Response Orientation
33-3052	abilities	6	Gross Body Equilibrium
33-3052	abilities	7	Stamina
33-3052	abilities	8	Dynamic Strength
33-3052	technology	1	Web platform development software
33-3052	technology	2	Map creation software
33-9011	knowledge	1	Law and Government
33-9011	knowledge	2	Public Safety and Security
33-9011	knowledge	3	Customer and Personal Service
33-9011	knowledge	4	Telecommunications
33-9011	knowledge	5	Biology
33-9011	knowledge	6	Psychology
33-9011	knowledge	7	Administrative
33-9011	knowledge	8	Communications and Media
33-9011	skills	1	Speaking
33-9011	skills	2	Service Orientation
33-9011	skills	3	Active Listening
33-9011	skills	4	Persuasion
33-9011	skills	5	Negotiation
33-9011	skills	6	Critical Thinking
33-9011	skills	7	Social Perceptiveness
33-9011	skills	8	Active Learning
33-9011	abilities	1	Static Strength
33-9011	abilities	2	Manual Dexterity
33-9011	abilities	3	Multilimb Coordination
33-9011	abilities	4	Arm-Hand Steadiness
33-9011	abilities	5	Problem Sensitivity
33-9011	abilities	6	Time Sharing
33-9011	abilities	7	Far Vision
33-9011	abilities	8	Oral Expression
33-9011	technology	1	Process mapping and design software
33-9011	technology	2	Cloud-based data access and sharing software
33-9011	technology	3	Geographic information system
33-9021	knowledge	1	Law and Government
33-9021	knowledge	2	Psychology
33-9021	knowledge	3	Administrative
33-9021	knowledge	4	Customer and Personal Service
33-9021	knowledge	5	Public Safety and Security
33-9021	knowledge	6	Computers and Electronics
33-9021	knowledge	7	English Language
33-9021	knowledge	8	Administration and Management
33-9021	skills	1	Complex Problem Solving
33-9021	skills	2	Active Listening
33-9021	skills	3	Speaking
33-9021	skills	4	Writing
33-9021	skills	5	Reading Comprehension
33-9021	skills	6	Critical Thinking
33-9021	skills	7	Social Perceptiveness
33-9021	skills	8	Active Learning
33-9021	abilities	1	Inductive Reasoning
33-9021	abilities	2	Written Expression
33-9021	abilities	3	Near Vision
33-9021	abilities	4	Problem Sensitivity
33-9021	abilities	5	Deductive Reasoning
33-9021	abilities	6	Written Comprehension
33-9021	abilities	7	Selective Attention
33-9021	abilities	8	Flexibility of Closure
33-9021	technology	1	Web page creation and editing software
33-9021	technology	2	Information retrieval or search software
33-9031	knowledge	1	Public Safety and Security
33-9031	knowledge	2	Administrative
33-9031	knowledge	3	Telecommunications
33-9031	knowledge	4	Computers and Electronics
33-9031	knowledge	5	English Language
33-9031	knowledge	6	Mathematics
33-9031	knowledge	7	Psychology
33-9031	knowledge	8	Education and Training
33-9031	skills	1	Monitoring
33-9031	skills	2	Critical Thinking
33-9031	skills	3	Instructing
33-9031	skills	4	Judgment and Decision Making
33-9031	skills	5	Speaking
33-9031	skills	6	Management of Personnel Resources
33-9031	skills	7	Active Learning
33-9031	skills	8	Social Perceptiveness
33-9031	abilities	1	Far Vision
33-9031	abilities	2	Selective Attention
33-9031	abilities	3	Flexibility of Closure
33-9031	abilities	4	Problem Sensitivity
33-9031	abilities	5	Speed of Closure
33-9031	abilities	6	Perceptual Speed
33-9031	abilities	7	Time Sharing
33-9031	abilities	8	Written Expression
33-9032	knowledge	1	Public Safety and Security
33-9032	knowledge	2	Telecommunications
33-9032	knowledge	3	Therapy and Counseling
33-9032	knowledge	4	Foreign Language
33-9032	knowledge	5	Medicine and Dentistry
33-9032	knowledge	6	History and Archeology
33-9032	knowledge	7	Customer and Personal Service
33-9032	knowledge	8	Computers and Electronics
33-9032	skills	1	Active Listening
33-9032	skills	2	Persuasion
33-9032	skills	3	Monitoring
33-9032	skills	4	Negotiation
33-9032	skills	5	Coordination
33-9032	skills	6	Service Orientation
33-9032	skills	7	Learning Strategies
33-9032	skills	8	Social Perceptiveness
33-9032	abilities	1	Stamina
33-9032	abilities	2	Far Vision
33-9032	abilities	3	Static Strength
33-9032	abilities	4	Hearing Sensitivity
33-9032	abilities	5	Trunk Strength
33-9032	abilities	6	Auditory Attention
33-9032	abilities	7	Visual Color Discrimination
33-9032	abilities	8	Selective Attention
33-9032	technology	1	Cloud-based data access and sharing software
33-9032	technology	2	Network monitoring software
33-9032	technology	3	Transaction security and virus protection software
33-9032	technology	4	Video conferencing software
33-9091	knowledge	1	Public Safety and Security
33-9091	knowledge	2	Customer and Personal Service
33-9091	knowledge	3	English Language
33-9091	skills	1	Social Perceptiveness
33-9091	skills	2	Service Orientation
33-9091	skills	3	Coordination
33-9091	skills	4	Speaking
33-9091	skills	5	Monitoring
33-9091	skills	6	Judgment and Decision Making
33-9091	skills	7	Active Listening
33-9091	skills	8	Critical Thinking
33-9091	abilities	1	Reaction Time
33-9091	abilities	2	Trunk Strength
33-9091	abilities	3	Far Vision
33-9091	abilities	4	Arm-Hand Steadiness
33-9091	abilities	5	Time Sharing
33-9091	abilities	6	Selective Attention
33-9091	abilities	7	Problem Sensitivity
33-9091	abilities	8	Oral Expression
33-9091	technology	1	Human resources software
33-9091	technology	2	Calendar and scheduling software
33-9092	knowledge	1	Medicine and Dentistry
33-9092	knowledge	2	Public Safety and Security
33-9092	knowledge	3	Customer and Personal Service
33-9092	knowledge	4	Psychology
33-9092	knowledge	5	Education and Training
33-9092	knowledge	6	English Language
33-9092	knowledge	7	Administration and Management
33-9092	skills	1	Monitoring
33-9092	skills	2	Learning Strategies
33-9092	skills	3	Service Orientation
33-9092	skills	4	Social Perceptiveness
33-9092	skills	5	Speaking
33-9092	skills	6	Instructing
33-9092	skills	7	Coordination
33-9092	skills	8	Complex Problem Solving
33-9092	abilities	1	Stamina
33-9092	abilities	2	Gross Body Coordination
33-9092	abilities	3	Static Strength
33-9092	abilities	4	Trunk Strength
33-9092	abilities	5	Far Vision
33-9092	abilities	6	Speed of Closure
33-9092	abilities	7	Extent Flexibility
33-9092	abilities	8	Multilimb Coordination
33-9092	technology	1	Instant messaging software
33-9092	technology	2	Desktop publishing software
33-9093	knowledge	1	Public Safety and Security
33-9093	knowledge	2	Law and Government
33-9093	knowledge	3	Customer and Personal Service
33-9093	knowledge	4	English Language
33-9093	knowledge	5	Education and Training
33-9093	skills	1	Operation and Control
33-9093	skills	2	Persuasion
33-9093	skills	3	Operations Monitoring
33-9093	skills	4	Coordination
33-9093	skills	5	Quality Control Analysis
33-9093	skills	6	Social Perceptiveness
33-9093	skills	7	Monitoring
33-9093	skills	8	Service Orientation
33-9093	abilities	1	Rate Control
33-9093	abilities	2	Reaction Time
33-9093	abilities	3	Static Strength
33-9093	abilities	4	Stamina
33-9093	abilities	5	Multilimb Coordination
33-9093	abilities	6	Gross Body Coordination
33-9093	abilities	7	Response Orientation
33-9093	abilities	8	Extent Flexibility
33-9093	technology	1	Cloud-based data access and sharing software
33-9093	technology	2	Object or component oriented development software
33-9093	technology	3	Human resources software
33-9093	technology	4	Computer based training software
33-9099	knowledge	1	Public Safety and Security
33-9099	knowledge	2	Law and Government
33-9099	knowledge	3	Personnel and Human Resources
33-9099	knowledge	4	Education and Training
33-9099	knowledge	5	Administration and Management
33-9099	knowledge	6	Administrative
33-9099	knowledge	7	Telecommunications
33-9099	knowledge	8	Computers and Electronics
33-9099	skills	1	Systems Analysis
33-9099	skills	2	Management of Personnel Resources
33-9099	skills	3	Critical Thinking
33-9099	skills	4	Systems Evaluation
33-9099	skills	5	Social Perceptiveness
33-9099	skills	6	Monitoring
33-9099	skills	7	Active Learning
33-9099	skills	8	Negotiation
33-9099	abilities	1	Problem Sensitivity
33-9099	abilities	2	Far Vision
33-9099	abilities	3	Selective Attention
33-9099	abilities	4	Flexibility of Closure
33-9099	abilities	5	Oral Comprehension
33-9099	abilities	6	Speed of Closure
33-9099	abilities	7	Deductive Reasoning
33-9099	abilities	8	Speech Recognition
33-9099	technology	1	Transaction security and virus protection software
33-9099	technology	2	Enterprise application integration software
35-1011	knowledge	1	Food Production
35-1011	knowledge	2	Personnel and Human Resources
35-1011	knowledge	3	Production and Processing
35-1011	knowledge	4	Economics and Accounting
35-1011	knowledge	5	Sales and Marketing
35-1011	knowledge	6	Administration and Management
35-1011	knowledge	7	Biology
35-1011	knowledge	8	Public Safety and Security
35-1011	skills	1	Management of Material Resources
35-1011	skills	2	Management of Financial Resources
35-1011	skills	3	Management of Personnel Resources
35-1011	skills	4	Coordination
35-1011	skills	5	Quality Control Analysis
35-1011	skills	6	Time Management
35-1011	skills	7	Negotiation
35-1011	skills	8	Monitoring
35-1011	abilities	1	Manual Dexterity
35-1011	abilities	2	Trunk Strength
35-1011	abilities	3	Extent Flexibility
35-1011	abilities	4	Originality
35-1011	abilities	5	Number Facility
35-1011	abilities	6	Arm-Hand Steadiness
35-1011	abilities	7	Mathematical Reasoning
35-1011	abilities	8	Deductive Reasoning
35-1011	technology	1	Web page creation and editing software
35-1011	technology	2	Materials requirements planning logistics and supply chain software
35-1011	technology	3	Instant messaging software
35-1011	technology	4	Time accounting software
35-1011	technology	5	Financial analysis software
35-1011	technology	6	Desktop publishing software
35-1012	knowledge	1	Food Production
35-1012	knowledge	2	Production and Processing
35-1012	knowledge	3	Personnel and Human Resources
35-1012	knowledge	4	Sales and Marketing
35-1012	knowledge	5	Customer and Personal Service
35-1012	knowledge	6	Economics and Accounting
35-1012	knowledge	7	Administration and Management
35-1012	knowledge	8	Education and Training
35-1012	skills	1	Management of Financial Resources
35-1012	skills	2	Management of Personnel Resources
35-1012	skills	3	Management of Material Resources
35-1012	skills	4	Service Orientation
35-1012	skills	5	Instructing
35-1012	skills	6	Coordination
35-1012	skills	7	Monitoring
35-1012	skills	8	Persuasion
35-1012	abilities	1	Stamina
35-1012	abilities	2	Time Sharing
35-1012	abilities	3	Auditory Attention
35-1012	abilities	4	Multilimb Coordination
35-1012	abilities	5	Number Facility
35-1012	abilities	6	Arm-Hand Steadiness
35-1012	abilities	7	Mathematical Reasoning
35-1012	abilities	8	Deductive Reasoning
35-1012	technology	1	Procurement software
35-1012	technology	2	Communications server software
35-1012	technology	3	Point of sale POS software
35-1012	technology	4	Human resources software
35-1012	technology	5	Financial analysis software
35-1012	technology	6	Computer based training software
35-1012	technology	7	Inventory management software
35-1012	technology	8	Desktop publishing software
35-2011	knowledge	1	Transportation
35-2011	knowledge	2	Communications and Media
35-2011	knowledge	3	Economics and Accounting
35-2011	knowledge	4	Public Safety and Security
35-2011	knowledge	5	Administration and Management
35-2011	knowledge	6	Customer and Personal Service
35-2011	knowledge	7	English Language
35-2011	skills	1	Service Orientation
35-2011	skills	2	Coordination
35-2011	skills	3	Social Perceptiveness
35-2011	skills	4	Time Management
35-2011	skills	5	Active Listening
35-2011	skills	6	Monitoring
35-2011	skills	7	Speaking
35-2011	skills	8	Reading Comprehension
35-2011	abilities	1	Stamina
35-2011	abilities	2	Trunk Strength
35-2011	abilities	3	Manual Dexterity
35-2011	abilities	4	Arm-Hand Steadiness
35-2011	abilities	5	Time Sharing
35-2011	abilities	6	Oral Comprehension
35-2011	abilities	7	Selective Attention
35-2011	abilities	8	Information Ordering
35-2011	technology	1	Point of sale POS software
35-2012	knowledge	1	Food Production
35-2012	knowledge	2	Production and Processing
35-2012	knowledge	3	Mathematics
35-2012	knowledge	4	Administration and Management
35-2012	knowledge	5	Public Safety and Security
35-2012	knowledge	6	Personnel and Human Resources
35-2012	knowledge	7	Customer and Personal Service
35-2012	knowledge	8	English Language
35-2012	skills	1	Quality Control Analysis
35-2012	skills	2	Operation and Control
35-2012	skills	3	Management of Material Resources
35-2012	skills	4	Operations Monitoring
35-2012	skills	5	Management of Personnel Resources
35-2012	skills	6	Mathematics
35-2012	skills	7	Service Orientation
35-2012	skills	8	Learning Strategies
35-2012	abilities	1	Stamina
35-2012	abilities	2	Trunk Strength
35-2012	abilities	3	Manual Dexterity
35-2012	abilities	4	Multilimb Coordination
35-2012	abilities	5	Control Precision
35-2012	abilities	6	Arm-Hand Steadiness
35-2012	abilities	7	Time Sharing
35-2012	abilities	8	Finger Dexterity
35-2012	technology	1	Point of sale POS software
35-2013	knowledge	1	Food Production
35-2013	knowledge	2	Sales and Marketing
35-2013	knowledge	3	Customer and Personal Service
35-2013	knowledge	4	Production and Processing
35-2013	knowledge	5	Economics and Accounting
35-2013	knowledge	6	Administration and Management
35-2013	knowledge	7	Mathematics
35-2013	knowledge	8	Administrative
35-2013	skills	1	Management of Material Resources
35-2013	skills	2	Management of Financial Resources
35-2013	skills	3	Service Orientation
35-2013	skills	4	Management of Personnel Resources
35-2013	skills	5	Persuasion
35-2013	skills	6	Learning Strategies
35-2013	skills	7	Time Management
35-2013	skills	8	Social Perceptiveness
35-2013	abilities	1	Static Strength
35-2013	abilities	2	Manual Dexterity
35-2013	abilities	3	Trunk Strength
35-2013	abilities	4	Multilimb Coordination
35-2013	abilities	5	Finger Dexterity
35-2013	abilities	6	Arm-Hand Steadiness
35-2013	abilities	7	Fluency of Ideas
35-2013	abilities	8	Visual Color Discrimination
35-2013	technology	1	Accounting software
35-2013	technology	2	Web page creation and editing software
35-2013	technology	3	Video creation and editing software
35-2013	technology	4	Inventory management software
35-2013	technology	5	Calendar and scheduling software
35-2014	knowledge	1	Food Production
35-2014	knowledge	2	Production and Processing
35-2014	knowledge	3	Customer and Personal Service
35-2014	knowledge	4	Public Safety and Security
35-2014	knowledge	5	Administration and Management
35-2014	knowledge	6	Education and Training
35-2014	knowledge	7	English Language
35-2014	knowledge	8	Mathematics
35-2014	skills	1	Quality Control Analysis
35-2014	skills	2	Operations Monitoring
35-2014	skills	3	Management of Personnel Resources
35-2014	skills	4	Mathematics
35-2014	skills	5	Time Management
35-2014	skills	6	Coordination
35-2014	skills	7	Monitoring
35-2014	skills	8	Social Perceptiveness
35-2014	abilities	1	Stamina
35-2014	abilities	2	Extent Flexibility
35-2014	abilities	3	Wrist-Finger Speed
35-2014	abilities	4	Manual Dexterity
35-2014	abilities	5	Trunk Strength
35-2014	abilities	6	Multilimb Coordination
35-2014	abilities	7	Control Precision
35-2014	abilities	8	Visual Color Discrimination
35-2014	technology	1	Web page creation and editing software
35-2014	technology	2	Compliance software
35-2014	technology	3	Materials requirements planning logistics and supply chain software
35-2014	technology	4	Point of sale POS software
35-2014	technology	5	Inventory management software
35-2015	knowledge	1	Food Production
35-2015	knowledge	2	Production and Processing
35-2015	knowledge	3	Customer and Personal Service
35-2015	knowledge	4	Public Safety and Security
35-2015	knowledge	5	Administration and Management
35-2015	knowledge	6	Mathematics
35-2015	knowledge	7	Education and Training
35-2015	knowledge	8	English Language
35-2015	skills	1	Service Orientation
35-2015	skills	2	Negotiation
35-2015	skills	3	Persuasion
35-2015	skills	4	Time Management
35-2015	skills	5	Management of Personnel Resources
35-2015	skills	6	Coordination
35-2015	skills	7	Active Learning
35-2015	skills	8	Social Perceptiveness
35-2015	abilities	1	Extent Flexibility
35-2015	abilities	2	Trunk Strength
35-2015	abilities	3	Control Precision
35-2015	abilities	4	Manual Dexterity
35-2015	abilities	5	Hearing Sensitivity
35-2015	abilities	6	Arm-Hand Steadiness
35-2015	abilities	7	Time Sharing
35-2015	abilities	8	Finger Dexterity
35-2015	technology	1	Point of sale POS software
35-2015	technology	2	Inventory management software
35-2021	knowledge	1	Food Production
35-2021	knowledge	2	Customer and Personal Service
35-2021	knowledge	3	Sales and Marketing
35-2021	knowledge	4	Production and Processing
35-2021	knowledge	5	Public Safety and Security
35-2021	knowledge	6	Administration and Management
35-2021	knowledge	7	Personnel and Human Resources
35-2021	knowledge	8	Education and Training
35-2021	skills	1	Service Orientation
35-2021	skills	2	Time Management
35-2021	skills	3	Coordination
35-2021	skills	4	Social Perceptiveness
35-2021	skills	5	Monitoring
35-2021	skills	6	Speaking
35-2021	skills	7	Active Listening
35-2021	skills	8	Judgment and Decision Making
35-2021	abilities	1	Stamina
35-2021	abilities	2	Extent Flexibility
35-2021	abilities	3	Manual Dexterity
35-2021	abilities	4	Trunk Strength
35-2021	abilities	5	Arm-Hand Steadiness
35-2021	abilities	6	Static Strength
35-2021	abilities	7	Finger Dexterity
35-2021	abilities	8	Selective Attention
35-2021	technology	1	Computer based training software
35-2021	technology	2	Video creation and editing software
35-3011	knowledge	1	Customer and Personal Service
35-3011	knowledge	2	Sales and Marketing
35-3011	knowledge	3	Personnel and Human Resources
35-3011	knowledge	4	Public Safety and Security
35-3011	knowledge	5	Law and Government
35-3011	knowledge	6	Education and Training
35-3011	knowledge	7	Administration and Management
35-3011	knowledge	8	English Language
35-3011	skills	1	Service Orientation
35-3011	skills	2	Persuasion
35-3011	skills	3	Negotiation
35-3011	skills	4	Instructing
35-3011	skills	5	Active Listening
35-3011	skills	6	Learning Strategies
35-3011	skills	7	Social Perceptiveness
35-3011	skills	8	Coordination
35-3011	abilities	1	Gross Body Coordination
35-3011	abilities	2	Manual Dexterity
35-3011	abilities	3	Stamina
35-3011	abilities	4	Trunk Strength
35-3011	abilities	5	Auditory Attention
35-3011	abilities	6	Extent Flexibility
35-3011	abilities	7	Memorization
35-3011	abilities	8	Arm-Hand Steadiness
35-3011	technology	1	Web page creation and editing software
35-3011	technology	2	Point of sale POS software
35-3023	knowledge	1	Food Production
35-3023	knowledge	2	Sales and Marketing
35-3023	knowledge	3	Public Safety and Security
35-3023	knowledge	4	Production and Processing
35-3023	knowledge	5	Customer and Personal Service
35-3023	knowledge	6	Economics and Accounting
35-3023	knowledge	7	Personnel and Human Resources
35-3023	knowledge	8	Administration and Management
35-3023	skills	1	Service Orientation
35-3023	skills	2	Social Perceptiveness
35-3023	skills	3	Coordination
35-3023	skills	4	Active Listening
35-3023	skills	5	Monitoring
35-3023	skills	6	Judgment and Decision Making
35-3023	skills	7	Critical Thinking
35-3023	skills	8	Speaking
35-3023	abilities	1	Trunk Strength
35-3023	abilities	2	Manual Dexterity
35-3023	abilities	3	Time Sharing
35-3023	abilities	4	Auditory Attention
35-3023	abilities	5	Arm-Hand Steadiness
35-3023	abilities	6	Speech Recognition
35-3023	abilities	7	Finger Dexterity
35-3023	abilities	8	Far Vision
35-3023	technology	1	Web platform development software
35-3023	technology	2	Web page creation and editing software
35-3023	technology	3	Point of sale POS software
35-3023	technology	4	Computer based training software
35-3031	knowledge	1	Food Production
35-3031	knowledge	2	Sales and Marketing
35-3031	knowledge	3	Customer and Personal Service
35-3031	knowledge	4	Personnel and Human Resources
35-3031	knowledge	5	Psychology
35-3031	knowledge	6	English Language
35-3031	knowledge	7	Administration and Management
35-3031	knowledge	8	Mathematics
35-3031	skills	1	Service Orientation
35-3031	skills	2	Social Perceptiveness
35-3031	skills	3	Active Listening
35-3031	skills	4	Persuasion
35-3031	skills	5	Speaking
35-3031	skills	6	Negotiation
35-3031	skills	7	Coordination
35-3031	skills	8	Active Learning
35-3031	abilities	1	Stamina
35-3031	abilities	2	Dynamic Strength
35-3031	abilities	3	Gross Body Coordination
35-3031	abilities	4	Extent Flexibility
35-3031	abilities	5	Static Strength
35-3031	abilities	6	Trunk Strength
35-3031	abilities	7	Time Sharing
35-3031	abilities	8	Multilimb Coordination
35-3031	technology	1	Web page creation and editing software
35-3031	technology	2	Point of sale POS software
35-3031	technology	3	Instant messaging software
35-3041	knowledge	1	Food Production
35-3041	knowledge	2	Customer and Personal Service
35-3041	knowledge	3	Psychology
35-3041	knowledge	4	Public Safety and Security
35-3041	knowledge	5	English Language
35-3041	knowledge	6	Administration and Management
35-3041	knowledge	7	Education and Training
35-3041	knowledge	8	Mathematics
35-3041	skills	1	Service Orientation
35-3041	skills	2	Time Management
35-3041	skills	3	Coordination
35-3041	skills	4	Social Perceptiveness
35-3041	skills	5	Judgment and Decision Making
35-3041	skills	6	Speaking
35-3041	skills	7	Monitoring
35-3041	skills	8	Reading Comprehension
35-3041	abilities	1	Trunk Strength
35-3041	abilities	2	Manual Dexterity
35-3041	abilities	3	Arm-Hand Steadiness
35-3041	abilities	4	Selective Attention
35-3041	abilities	5	Oral Comprehension
35-3041	abilities	6	Far Vision
35-3041	abilities	7	Speech Recognition
35-3041	abilities	8	Speech Clarity
35-3041	technology	1	Web page creation and editing software
35-3041	technology	2	Point of sale POS software
35-9011	knowledge	1	Food Production
35-9011	knowledge	2	Customer and Personal Service
35-9011	knowledge	3	Sales and Marketing
35-9011	knowledge	4	Personnel and Human Resources
35-9011	knowledge	5	Administration and Management
35-9011	knowledge	6	English Language
35-9011	skills	1	Service Orientation
35-9011	skills	2	Coordination
35-9011	skills	3	Social Perceptiveness
35-9011	skills	4	Judgment and Decision Making
35-9011	skills	5	Monitoring
35-9011	skills	6	Active Listening
35-9011	skills	7	Speaking
35-9011	skills	8	Critical Thinking
35-9011	abilities	1	Stamina
35-9011	abilities	2	Trunk Strength
35-9011	abilities	3	Dynamic Strength
35-9011	abilities	4	Extent Flexibility
35-9011	abilities	5	Static Strength
35-9011	abilities	6	Gross Body Coordination
35-9011	abilities	7	Manual Dexterity
35-9011	abilities	8	Multilimb Coordination
35-9011	technology	1	Web page creation and editing software
35-9011	technology	2	Point of sale POS software
35-9021	knowledge	1	Food Production
35-9021	knowledge	2	Administration and Management
35-9021	knowledge	3	Transportation
35-9021	knowledge	4	Public Safety and Security
35-9021	knowledge	5	Law and Government
35-9021	knowledge	6	Education and Training
35-9021	knowledge	7	English Language
35-9021	knowledge	8	Customer and Personal Service
35-9021	skills	1	Operation and Control
35-9021	skills	2	Quality Control Analysis
35-9021	skills	3	Operations Monitoring
35-9021	skills	4	Time Management
35-9021	skills	5	Coordination
35-9021	skills	6	Social Perceptiveness
35-9021	skills	7	Monitoring
35-9021	skills	8	Judgment and Decision Making
35-9021	abilities	1	Manual Dexterity
35-9021	abilities	2	Speed of Limb Movement
35-9021	abilities	3	Extent Flexibility
35-9021	abilities	4	Gross Body Coordination
35-9021	abilities	5	Static Strength
35-9021	abilities	6	Stamina
35-9021	abilities	7	Multilimb Coordination
35-9021	abilities	8	Rate Control
35-9021	technology	1	Web page creation and editing software
35-9031	knowledge	1	Food Production
35-9031	knowledge	2	Sales and Marketing
35-9031	knowledge	3	Customer and Personal Service
35-9031	knowledge	4	Communications and Media
35-9031	knowledge	5	English Language
35-9031	knowledge	6	Public Safety and Security
35-9031	knowledge	7	Mathematics
35-9031	knowledge	8	Administration and Management
35-9031	skills	1	Service Orientation
35-9031	skills	2	Negotiation
35-9031	skills	3	Social Perceptiveness
35-9031	skills	4	Active Listening
35-9031	skills	5	Persuasion
35-9031	skills	6	Coordination
35-9031	skills	7	Speaking
35-9031	skills	8	Instructing
35-9031	abilities	1	Trunk Strength
35-9031	abilities	2	Oral Expression
35-9031	abilities	3	Oral Comprehension
35-9031	abilities	4	Time Sharing
35-9031	abilities	5	Speech Recognition
35-9031	abilities	6	Speech Clarity
35-9031	abilities	7	Finger Dexterity
35-9031	abilities	8	Far Vision
35-9031	technology	1	Web page creation and editing software
35-9031	technology	2	Point of sale POS software
35-9031	technology	3	Calendar and scheduling software
37-1011	knowledge	1	Customer and Personal Service
37-1011	knowledge	2	Personnel and Human Resources
37-1011	knowledge	3	Administration and Management
37-1011	knowledge	4	Economics and Accounting
37-1011	knowledge	5	Public Safety and Security
37-1011	knowledge	6	Administrative
37-1011	knowledge	7	Production and Processing
37-1011	knowledge	8	Education and Training
37-1011	skills	1	Management of Material Resources
37-1011	skills	2	Management of Personnel Resources
37-1011	skills	3	Quality Control Analysis
37-1011	skills	4	Negotiation
37-1011	skills	5	Learning Strategies
37-1011	skills	6	Instructing
37-1011	skills	7	Service Orientation
37-1011	skills	8	Time Management
37-1011	abilities	1	Static Strength
37-1011	abilities	2	Stamina
37-1011	abilities	3	Manual Dexterity
37-1011	abilities	4	Trunk Strength
37-1011	abilities	5	Multilimb Coordination
37-1011	abilities	6	Oral Expression
37-1011	abilities	7	Arm-Hand Steadiness
37-1011	abilities	8	Far Vision
37-1011	technology	1	Web page creation and editing software
37-1011	technology	2	Helpdesk or call center software
37-1011	technology	3	Materials requirements planning logistics and supply chain software
37-1011	technology	4	Facilities management software
37-1011	technology	5	Inventory management software
37-1012	knowledge	1	Building and Construction
37-1012	knowledge	2	Chemistry
37-1012	knowledge	3	Personnel and Human Resources
37-1012	knowledge	4	Biology
37-1012	knowledge	5	Mechanical
37-1012	knowledge	6	Public Safety and Security
37-1012	knowledge	7	Geography
37-1012	knowledge	8	Design
37-1012	skills	1	Management of Personnel Resources
37-1012	skills	2	Time Management
37-1012	skills	3	Management of Material Resources
37-1012	skills	4	Operation and Control
37-1012	skills	5	Quality Control Analysis
37-1012	skills	6	Monitoring
37-1012	skills	7	Coordination
37-1012	skills	8	Operations Monitoring
37-1012	abilities	1	Static Strength
37-1012	abilities	2	Multilimb Coordination
37-1012	abilities	3	Control Precision
37-1012	abilities	4	Arm-Hand Steadiness
37-1012	abilities	5	Manual Dexterity
37-1012	abilities	6	Time Sharing
37-1012	abilities	7	Trunk Strength
37-1012	abilities	8	Auditory Attention
37-1012	technology	1	Web page creation and editing software
37-1012	technology	2	Time accounting software
37-1012	technology	3	Inventory management software
37-2011	knowledge	1	Public Safety and Security
37-2011	knowledge	2	Administration and Management
37-2011	knowledge	3	English Language
37-2011	knowledge	4	Customer and Personal Service
37-2011	skills	1	Time Management
37-2011	skills	2	Coordination
37-2011	skills	3	Service Orientation
37-2011	skills	4	Active Learning
37-2011	skills	5	Speaking
37-2011	skills	6	Social Perceptiveness
37-2011	skills	7	Monitoring
37-2011	skills	8	Active Listening
37-2011	abilities	1	Extent Flexibility
37-2011	abilities	2	Gross Body Coordination
37-2011	abilities	3	Static Strength
37-2011	abilities	4	Stamina
37-2011	abilities	5	Trunk Strength
37-2011	abilities	6	Multilimb Coordination
37-2011	abilities	7	Manual Dexterity
37-2011	abilities	8	Arm-Hand Steadiness
37-2011	technology	1	Desktop communications software
37-2011	technology	2	Cloud-based data access and sharing software
37-2012	knowledge	1	Customer and Personal Service
37-2012	knowledge	2	Public Safety and Security
37-2012	knowledge	3	Administration and Management
37-2012	knowledge	4	English Language
37-2012	skills	1	Service Orientation
37-2012	skills	2	Time Management
37-2012	skills	3	Coordination
37-2012	skills	4	Social Perceptiveness
37-2012	skills	5	Monitoring
37-2012	skills	6	Critical Thinking
37-2012	skills	7	Speaking
37-2012	skills	8	Active Listening
37-2012	abilities	1	Stamina
37-2012	abilities	2	Dynamic Strength
37-2012	abilities	3	Extent Flexibility
37-2012	abilities	4	Gross Body Coordination
37-2012	abilities	5	Static Strength
37-2012	abilities	6	Trunk Strength
37-2012	abilities	7	Manual Dexterity
37-2012	abilities	8	Multilimb Coordination
37-2012	technology	1	Web page creation and editing software
37-2012	technology	2	Materials requirements planning logistics and supply chain software
37-2012	technology	3	Facilities management software
37-2012	technology	4	Instant messaging software
37-2012	technology	5	Desktop communications software
37-2012	technology	6	Inventory management software
37-2021	knowledge	1	Biology
37-2021	knowledge	2	Chemistry
37-2021	knowledge	3	Sales and Marketing
37-2021	knowledge	4	Law and Government
37-2021	knowledge	5	Customer and Personal Service
37-2021	knowledge	6	Public Safety and Security
37-2021	knowledge	7	Mechanical
37-2021	knowledge	8	Mathematics
37-2021	skills	1	Operation and Control
37-2021	skills	2	Negotiation
37-2021	skills	3	Troubleshooting
37-2021	skills	4	Writing
37-2021	skills	5	Operations Monitoring
37-2021	skills	6	Time Management
37-2021	skills	7	Management of Personnel Resources
37-2021	skills	8	Persuasion
37-2021	abilities	1	Gross Body Equilibrium
37-2021	abilities	2	Gross Body Coordination
37-2021	abilities	3	Spatial Orientation
37-2021	abilities	4	Extent Flexibility
37-2021	abilities	5	Static Strength
37-2021	abilities	6	Stamina
37-2021	abilities	7	Depth Perception
37-2021	abilities	8	Trunk Strength
37-2021	technology	1	Cloud-based data access and sharing software
37-2021	technology	2	Accounting software
37-2021	technology	3	Video creation and editing software
37-2021	technology	4	Inventory management software
37-2021	technology	5	Calendar and scheduling software
37-3011	knowledge	1	Chemistry
37-3011	knowledge	2	Biology
37-3011	knowledge	3	Mechanical
37-3011	knowledge	4	Public Safety and Security
37-3011	knowledge	5	Customer and Personal Service
37-3011	knowledge	6	English Language
37-3011	knowledge	7	Administration and Management
37-3011	knowledge	8	Mathematics
37-3011	skills	1	Operation and Control
37-3011	skills	2	Operations Monitoring
37-3011	skills	3	Coordination
37-3011	skills	4	Service Orientation
37-3011	skills	5	Time Management
37-3011	skills	6	Critical Thinking
37-3011	skills	7	Speaking
37-3011	skills	8	Social Perceptiveness
37-3011	abilities	1	Multilimb Coordination
37-3011	abilities	2	Stamina
37-3011	abilities	3	Extent Flexibility
37-3011	abilities	4	Static Strength
37-3011	abilities	5	Gross Body Coordination
37-3011	abilities	6	Dynamic Strength
37-3011	abilities	7	Manual Dexterity
37-3011	abilities	8	Trunk Strength
37-3011	technology	1	Web page creation and editing software
37-3012	knowledge	1	Biology
37-3012	knowledge	2	Production and Processing
37-3012	knowledge	3	Chemistry
37-3012	knowledge	4	Transportation
37-3012	knowledge	5	Law and Government
37-3012	knowledge	6	Mechanical
37-3012	knowledge	7	Sales and Marketing
37-3012	knowledge	8	Public Safety and Security
37-3012	skills	1	Equipment Maintenance
37-3012	skills	2	Operation and Control
37-3012	skills	3	Operations Monitoring
37-3012	skills	4	Time Management
37-3012	skills	5	Management of Personnel Resources
37-3012	skills	6	Coordination
37-3012	skills	7	Social Perceptiveness
37-3012	skills	8	Complex Problem Solving
37-3012	abilities	1	Control Precision
37-3012	abilities	2	Static Strength
37-3012	abilities	3	Rate Control
37-3012	abilities	4	Multilimb Coordination
37-3012	abilities	5	Depth Perception
37-3012	abilities	6	Arm-Hand Steadiness
37-3012	abilities	7	Manual Dexterity
37-3012	abilities	8	Reaction Time
37-3012	technology	1	Web page creation and editing software
37-3012	technology	2	Geographic information system
37-3012	technology	3	Inventory management software
37-3013	knowledge	1	Mechanical
37-3013	knowledge	2	Transportation
37-3013	knowledge	3	Production and Processing
37-3013	knowledge	4	Customer and Personal Service
37-3013	knowledge	5	Public Safety and Security
37-3013	knowledge	6	Education and Training
37-3013	knowledge	7	English Language
37-3013	skills	1	Operation and Control
37-3013	skills	2	Equipment Selection
37-3013	skills	3	Operations Monitoring
37-3013	skills	4	Equipment Maintenance
37-3013	skills	5	Troubleshooting
37-3013	skills	6	Quality Control Analysis
37-3013	skills	7	Instructing
37-3013	skills	8	Management of Personnel Resources
37-3013	abilities	1	Reaction Time
37-3013	abilities	2	Extent Flexibility
37-3013	abilities	3	Static Strength
37-3013	abilities	4	Multilimb Coordination
37-3013	abilities	5	Control Precision
37-3013	abilities	6	Dynamic Strength
37-3013	abilities	7	Gross Body Equilibrium
37-3013	abilities	8	Spatial Orientation
37-3013	technology	1	Web page creation and editing software
39-1013	knowledge	1	Economics and Accounting
39-1013	knowledge	2	Sales and Marketing
39-1013	knowledge	3	Customer and Personal Service
39-1013	knowledge	4	Personnel and Human Resources
39-1013	knowledge	5	Administration and Management
39-1013	knowledge	6	Mathematics
39-1013	knowledge	7	Computers and Electronics
39-1013	knowledge	8	Psychology
39-1013	skills	1	Service Orientation
39-1013	skills	2	Management of Personnel Resources
39-1013	skills	3	Monitoring
39-1013	skills	4	Negotiation
39-1013	skills	5	Instructing
39-1013	skills	6	Time Management
39-1013	skills	7	Social Perceptiveness
39-1013	skills	8	Systems Analysis
39-1013	abilities	1	Memorization
39-1013	abilities	2	Speed of Closure
39-1013	abilities	3	Selective Attention
39-1013	abilities	4	Trunk Strength
39-1013	abilities	5	Speech Recognition
39-1013	abilities	6	Far Vision
39-1013	abilities	7	Speech Clarity
39-1013	abilities	8	Number Facility
39-1014	technology	1	Point of sale POS software
39-1014	technology	2	Time accounting software
39-1014	technology	3	Inventory management software
39-1014	technology	4	Calendar and scheduling software
39-1022	knowledge	1	Customer and Personal Service
39-1022	knowledge	2	Personnel and Human Resources
39-1022	knowledge	3	Psychology
39-1022	knowledge	4	Administration and Management
39-1022	knowledge	5	Sales and Marketing
39-1022	knowledge	6	Economics and Accounting
39-1022	knowledge	7	Education and Training
39-1022	knowledge	8	Administrative
39-1022	skills	1	Management of Personnel Resources
39-1022	skills	2	Persuasion
39-1022	skills	3	Social Perceptiveness
39-1022	skills	4	Service Orientation
39-1022	skills	5	Instructing
39-1022	skills	6	Time Management
39-1022	skills	7	Negotiation
39-1022	skills	8	Coordination
39-1022	abilities	1	Trunk Strength
39-1022	abilities	2	Time Sharing
39-1022	abilities	3	Written Comprehension
39-1022	abilities	4	Speech Clarity
39-1022	abilities	5	Oral Expression
39-1022	abilities	6	Problem Sensitivity
39-1022	abilities	7	Oral Comprehension
39-1022	abilities	8	Speech Recognition
39-1022	technology	1	Point of sale POS software
39-1022	technology	2	Time accounting software
39-1022	technology	3	Inventory management software
39-1022	technology	4	Calendar and scheduling software
39-2011	knowledge	1	Psychology
39-2011	knowledge	2	Biology
39-2011	knowledge	3	Sales and Marketing
39-2011	knowledge	4	Customer and Personal Service
39-2011	knowledge	5	Education and Training
39-2011	knowledge	6	Personnel and Human Resources
39-2011	knowledge	7	Administration and Management
39-2011	knowledge	8	Administrative
39-2011	skills	1	Instructing
39-2011	skills	2	Learning Strategies
39-2011	skills	3	Systems Evaluation
39-2011	skills	4	Systems Analysis
39-2011	skills	5	Active Learning
39-2011	skills	6	Persuasion
39-2011	skills	7	Service Orientation
39-2011	skills	8	Management of Personnel Resources
39-2011	abilities	1	Gross Body Coordination
39-2011	abilities	2	Stamina
39-2011	abilities	3	Speed of Limb Movement
39-2011	abilities	4	Response Orientation
39-2011	abilities	5	Extent Flexibility
39-2011	abilities	6	Static Strength
39-2011	abilities	7	Dynamic Strength
39-2011	abilities	8	Multilimb Coordination
39-2011	technology	1	Medical software
39-2011	technology	2	Web page creation and editing software
39-2011	technology	3	Transaction server software
39-2011	technology	4	Calendar and scheduling software
39-2021	knowledge	1	Customer and Personal Service
39-2021	knowledge	2	Administrative
39-2021	knowledge	3	Psychology
39-2021	knowledge	4	Education and Training
39-2021	knowledge	5	Administration and Management
39-2021	knowledge	6	English Language
39-2021	skills	1	Service Orientation
39-2021	skills	2	Coordination
39-2021	skills	3	Monitoring
39-2021	skills	4	Judgment and Decision Making
39-2021	skills	5	Social Perceptiveness
39-2021	skills	6	Writing
39-2021	skills	7	Reading Comprehension
39-2021	skills	8	Complex Problem Solving
39-2021	abilities	1	Static Strength
39-2021	abilities	2	Stamina
39-2021	abilities	3	Extent Flexibility
39-2021	abilities	4	Trunk Strength
39-2021	abilities	5	Arm-Hand Steadiness
39-2021	abilities	6	Manual Dexterity
39-2021	abilities	7	Far Vision
39-2021	abilities	8	Finger Dexterity
39-2021	technology	1	Calendar and scheduling software
39-3011	knowledge	1	Customer and Personal Service
39-3011	knowledge	2	Mathematics
39-3011	knowledge	3	Sales and Marketing
39-3011	knowledge	4	Law and Government
39-3011	knowledge	5	Public Safety and Security
39-3011	knowledge	6	Administration and Management
39-3011	knowledge	7	English Language
39-3011	skills	1	Mathematics
39-3011	skills	2	Service Orientation
39-3011	skills	3	Social Perceptiveness
39-3011	skills	4	Persuasion
39-3011	skills	5	Speaking
39-3011	skills	6	Instructing
39-3011	skills	7	Active Listening
39-3011	skills	8	Coordination
39-3011	abilities	1	Manual Dexterity
39-3011	abilities	2	Finger Dexterity
39-3011	abilities	3	Trunk Strength
39-3011	abilities	4	Number Facility
39-3011	abilities	5	Arm-Hand Steadiness
39-3011	abilities	6	Mathematical Reasoning
39-3011	abilities	7	Speed of Closure
39-3011	abilities	8	Auditory Attention
39-3011	technology	1	Data base management system software
39-3011	technology	2	Business intelligence and data analysis software
39-3011	technology	3	Cloud-based data access and sharing software
39-3012	knowledge	1	Mathematics
39-3012	knowledge	2	Customer and Personal Service
39-3012	knowledge	3	Economics and Accounting
39-3012	knowledge	4	Sales and Marketing
39-3012	knowledge	5	Computers and Electronics
39-3012	knowledge	6	English Language
39-3012	skills	1	Mathematics
39-3012	skills	2	Service Orientation
39-3012	skills	3	Active Listening
39-3012	skills	4	Coordination
39-3012	skills	5	Social Perceptiveness
39-3012	skills	6	Monitoring
39-3012	skills	7	Persuasion
39-3012	skills	8	Writing
39-3012	abilities	1	Number Facility
39-3012	abilities	2	Mathematical Reasoning
39-3012	abilities	3	Oral Comprehension
39-3012	abilities	4	Time Sharing
39-3012	abilities	5	Far Vision
39-3012	abilities	6	Manual Dexterity
39-3012	abilities	7	Finger Dexterity
39-3012	abilities	8	Oral Expression
39-3012	technology	1	Point of sale POS software
39-3021	knowledge	1	Computers and Electronics
39-3021	knowledge	2	Mechanical
39-3021	knowledge	3	Communications and Media
39-3021	knowledge	4	Customer and Personal Service
39-3021	knowledge	5	Administration and Management
39-3021	knowledge	6	Public Safety and Security
39-3021	knowledge	7	English Language
39-3021	skills	1	Repairing
39-3021	skills	2	Equipment Maintenance
39-3021	skills	3	Troubleshooting
39-3021	skills	4	Operation and Control
39-3021	skills	5	Operations Monitoring
39-3021	skills	6	Quality Control Analysis
39-3021	skills	7	Time Management
39-3021	skills	8	Coordination
39-3021	abilities	1	Far Vision
39-3021	abilities	2	Reaction Time
39-3021	abilities	3	Rate Control
39-3021	abilities	4	Control Precision
39-3021	abilities	5	Manual Dexterity
39-3021	abilities	6	Hearing Sensitivity
39-3021	abilities	7	Visual Color Discrimination
39-3021	abilities	8	Arm-Hand Steadiness
39-3021	technology	1	Web page creation and editing software
39-3021	technology	2	Computer aided design CAD software
39-3021	technology	3	Video creation and editing software
39-3031	knowledge	1	Customer and Personal Service
39-3031	knowledge	2	Communications and Media
39-3031	knowledge	3	Sales and Marketing
39-3031	knowledge	4	Public Safety and Security
39-3031	knowledge	5	English Language
39-3031	knowledge	6	Administration and Management
39-3031	skills	1	Service Orientation
39-3031	skills	2	Negotiation
39-3031	skills	3	Social Perceptiveness
39-3031	skills	4	Persuasion
39-3031	skills	5	Coordination
39-3031	skills	6	Speaking
39-3031	skills	7	Active Listening
39-3031	skills	8	Active Learning
39-3031	abilities	1	Trunk Strength
39-3031	abilities	2	Manual Dexterity
39-3031	abilities	3	Visual Color Discrimination
39-3031	abilities	4	Speech Clarity
39-3031	abilities	5	Time Sharing
39-3031	abilities	6	Finger Dexterity
39-3031	abilities	7	Far Vision
39-3031	abilities	8	Selective Attention
39-3031	technology	1	Optical character reader OCR or scanning software
39-3091	knowledge	1	Customer and Personal Service
39-3091	knowledge	2	Public Safety and Security
39-3091	knowledge	3	Sales and Marketing
39-3091	knowledge	4	Administration and Management
39-3091	knowledge	5	English Language
39-3091	knowledge	6	Computers and Electronics
39-3091	skills	1	Service Orientation
39-3091	skills	2	Social Perceptiveness
39-3091	skills	3	Coordination
39-3091	skills	4	Speaking
39-3091	skills	5	Monitoring
39-3091	skills	6	Time Management
39-3091	skills	7	Active Listening
39-3091	skills	8	Judgment and Decision Making
39-3091	abilities	1	Speech Clarity
39-3091	abilities	2	Trunk Strength
39-3091	abilities	3	Multilimb Coordination
39-3091	abilities	4	Control Precision
39-3091	abilities	5	Arm-Hand Steadiness
39-3091	abilities	6	Manual Dexterity
39-3091	abilities	7	Oral Expression
39-3091	abilities	8	Oral Comprehension
39-3091	technology	1	Web page creation and editing software
39-3091	technology	2	Desktop publishing software
39-3091	technology	3	Calendar and scheduling software
39-3092	knowledge	1	Fine Arts
39-3092	knowledge	2	Design
39-3092	knowledge	3	Production and Processing
39-3092	knowledge	4	Psychology
39-3092	knowledge	5	Mechanical
39-3092	knowledge	6	Personnel and Human Resources
39-3092	knowledge	7	Administration and Management
39-3092	knowledge	8	Customer and Personal Service
39-3092	skills	1	Negotiation
39-3092	skills	2	Persuasion
39-3092	skills	3	Coordination
39-3092	skills	4	Service Orientation
39-3092	skills	5	Social Perceptiveness
39-3092	skills	6	Monitoring
39-3092	skills	7	Instructing
39-3092	skills	8	Time Management
39-3092	abilities	1	Arm-Hand Steadiness
39-3092	abilities	2	Manual Dexterity
39-3092	abilities	3	Finger Dexterity
39-3092	abilities	4	Fluency of Ideas
39-3092	abilities	5	Visual Color Discrimination
39-3092	abilities	6	Originality
39-3092	abilities	7	Category Flexibility
39-3092	abilities	8	Selective Attention
39-3092	technology	1	Inventory management software
39-3093	knowledge	1	Customer and Personal Service
39-3093	knowledge	2	English Language
39-3093	skills	1	Service Orientation
39-3093	skills	2	Speaking
39-3093	skills	3	Social Perceptiveness
39-3093	skills	4	Active Listening
39-3093	skills	5	Negotiation
39-3093	skills	6	Coordination
39-3093	skills	7	Monitoring
39-3093	skills	8	Reading Comprehension
39-3093	abilities	1	Trunk Strength
39-3093	abilities	2	Speech Recognition
39-3093	abilities	3	Speech Clarity
39-3093	abilities	4	Oral Comprehension
39-3093	abilities	5	Oral Expression
39-3093	abilities	6	Written Expression
39-3093	abilities	7	Information Ordering
39-3093	abilities	8	Near Vision
39-3093	technology	1	Web page creation and editing software
39-3093	technology	2	Inventory management software
39-4011	knowledge	1	Chemistry
39-4011	knowledge	2	Philosophy and Theology
39-4011	knowledge	3	Biology
39-4011	knowledge	4	Customer and Personal Service
39-4011	knowledge	5	Psychology
39-4011	knowledge	6	Therapy and Counseling
39-4011	knowledge	7	Law and Government
39-4011	knowledge	8	Medicine and Dentistry
39-4011	skills	1	Science
39-4011	skills	2	Speaking
39-4011	skills	3	Operations Monitoring
39-4011	skills	4	Service Orientation
39-4011	skills	5	Active Listening
39-4011	skills	6	Management of Personnel Resources
39-4011	skills	7	Time Management
39-4011	skills	8	Social Perceptiveness
39-4011	abilities	1	Static Strength
39-4011	abilities	2	Arm-Hand Steadiness
39-4011	abilities	3	Manual Dexterity
39-4011	abilities	4	Trunk Strength
39-4011	abilities	5	Multilimb Coordination
39-4011	abilities	6	Control Precision
39-4011	abilities	7	Visual Color Discrimination
39-4011	abilities	8	Near Vision
39-4021	knowledge	1	Customer and Personal Service
39-4021	knowledge	2	Transportation
39-4021	knowledge	3	Psychology
39-4021	knowledge	4	Public Safety and Security
39-4021	knowledge	5	Administrative
39-4021	knowledge	6	English Language
39-4021	knowledge	7	Administration and Management
39-4021	skills	1	Service Orientation
39-4021	skills	2	Social Perceptiveness
39-4021	skills	3	Coordination
39-4021	skills	4	Speaking
39-4021	skills	5	Monitoring
39-4021	skills	6	Judgment and Decision Making
39-4021	skills	7	Active Listening
39-4021	skills	8	Time Management
39-4021	abilities	1	Static Strength
39-4021	abilities	2	Trunk Strength
39-4021	abilities	3	Multilimb Coordination
39-4021	abilities	4	Speech Recognition
39-4021	abilities	5	Speech Clarity
39-4021	abilities	6	Oral Expression
39-4021	abilities	7	Oral Comprehension
39-4021	abilities	8	Far Vision
39-4021	technology	1	Human resources software
39-4021	technology	2	Accounting software
39-4031	knowledge	1	Philosophy and Theology
39-4031	knowledge	2	Customer and Personal Service
39-4031	knowledge	3	Sales and Marketing
39-4031	knowledge	4	Therapy and Counseling
39-4031	knowledge	5	Psychology
39-4031	knowledge	6	Economics and Accounting
39-4031	knowledge	7	Administrative
39-4031	knowledge	8	Personnel and Human Resources
39-4031	skills	1	Social Perceptiveness
39-4031	skills	2	Service Orientation
39-4031	skills	3	Management of Financial Resources
39-4031	skills	4	Management of Material Resources
39-4031	skills	5	Coordination
39-4031	skills	6	Operations Analysis
39-4031	skills	7	Negotiation
39-4031	skills	8	Operations Monitoring
39-4031	abilities	1	Static Strength
39-4031	abilities	2	Multilimb Coordination
39-4031	abilities	3	Control Precision
39-4031	abilities	4	Speech Clarity
39-4031	abilities	5	Time Sharing
39-4031	abilities	6	Speech Recognition
39-4031	abilities	7	Arm-Hand Steadiness
39-4031	abilities	8	Oral Expression
39-4031	technology	1	Customer relationship management CRM software
39-4031	technology	2	Human resources software
39-5011	knowledge	1	Customer and Personal Service
39-5011	knowledge	2	Economics and Accounting
39-5011	knowledge	3	Psychology
39-5011	knowledge	4	Sales and Marketing
39-5011	knowledge	5	Production and Processing
39-5011	knowledge	6	Administration and Management
39-5011	knowledge	7	Mathematics
39-5011	knowledge	8	Education and Training
39-5011	skills	1	Service Orientation
39-5011	skills	2	Social Perceptiveness
39-5011	skills	3	Active Listening
39-5011	skills	4	Judgment and Decision Making
39-5011	skills	5	Speaking
39-5011	skills	6	Monitoring
39-5011	skills	7	Time Management
39-5011	skills	8	Active Learning
39-5011	abilities	1	Arm-Hand Steadiness
39-5011	abilities	2	Manual Dexterity
39-5011	abilities	3	Finger Dexterity
39-5011	abilities	4	Trunk Strength
39-5011	abilities	5	Control Precision
39-5011	abilities	6	Visualization
39-5011	abilities	7	Time Sharing
39-5011	abilities	8	Selective Attention
39-5011	technology	1	Web page creation and editing software
39-5011	technology	2	Point of sale POS software
39-5011	technology	3	Video creation and editing software
39-5011	technology	4	Calendar and scheduling software
39-5012	knowledge	1	Sales and Marketing
39-5012	knowledge	2	Customer and Personal Service
39-5012	knowledge	3	Chemistry
39-5012	knowledge	4	Economics and Accounting
39-5012	knowledge	5	Personnel and Human Resources
39-5012	knowledge	6	Administration and Management
39-5012	knowledge	7	Education and Training
39-5012	knowledge	8	Administrative
39-5012	skills	1	Service Orientation
39-5012	skills	2	Operations Analysis
39-5012	skills	3	Active Listening
39-5012	skills	4	Speaking
39-5012	skills	5	Active Learning
39-5012	skills	6	Negotiation
39-5012	skills	7	Persuasion
39-5012	skills	8	Learning Strategies
39-5012	abilities	1	Manual Dexterity
39-5012	abilities	2	Arm-Hand Steadiness
39-5012	abilities	3	Finger Dexterity
39-5012	abilities	4	Originality
39-5012	abilities	5	Extent Flexibility
39-5012	abilities	6	Visualization
39-5012	abilities	7	Multilimb Coordination
39-5012	abilities	8	Visual Color Discrimination
39-5012	technology	1	Accounting software
39-5012	technology	2	Web page creation and editing software
39-5012	technology	3	Point of sale POS software
39-5012	technology	4	Video creation and editing software
39-5012	technology	5	Calendar and scheduling software
39-5091	knowledge	1	Fine Arts
39-5091	knowledge	2	Design
39-5091	knowledge	3	Communications and Media
39-5091	knowledge	4	Customer and Personal Service
39-5091	knowledge	5	Chemistry
39-5091	knowledge	6	Sales and Marketing
39-5091	knowledge	7	Administration and Management
39-5091	knowledge	8	Psychology
39-5091	skills	1	Management of Financial Resources
39-5091	skills	2	Management of Material Resources
39-5091	skills	3	Operations Analysis
39-5091	skills	4	Speaking
39-5091	skills	5	Active Learning
39-5091	skills	6	Negotiation
39-5091	skills	7	Coordination
39-5091	skills	8	Persuasion
39-5091	abilities	1	Manual Dexterity
39-5091	abilities	2	Arm-Hand Steadiness
39-5091	abilities	3	Visual Color Discrimination
39-5091	abilities	4	Finger Dexterity
39-5091	abilities	5	Originality
39-5091	abilities	6	Visualization
39-5091	abilities	7	Near Vision
39-5091	abilities	8	Trunk Strength
39-5091	technology	1	Accounting software
39-5091	technology	2	Web page creation and editing software
39-5091	technology	3	Instant messaging software
39-5091	technology	4	Customer relationship management CRM software
39-5091	technology	5	Calendar and scheduling software
39-5092	knowledge	1	Customer and Personal Service
39-5092	knowledge	2	Administration and Management
39-5092	knowledge	3	English Language
39-5092	skills	1	Service Orientation
39-5092	skills	2	Negotiation
39-5092	skills	3	Persuasion
39-5092	skills	4	Social Perceptiveness
39-5092	skills	5	Time Management
39-5092	skills	6	Active Learning
39-5092	skills	7	Coordination
39-5092	skills	8	Speaking
39-5092	abilities	1	Arm-Hand Steadiness
39-5092	abilities	2	Manual Dexterity
39-5092	abilities	3	Finger Dexterity
39-5092	abilities	4	Control Precision
39-5092	abilities	5	Visual Color Discrimination
39-5092	abilities	6	Time Sharing
39-5092	abilities	7	Near Vision
39-5092	abilities	8	Selective Attention
39-5092	technology	1	Web page creation and editing software
39-5092	technology	2	Customer relationship management CRM software
39-5092	technology	3	Calendar and scheduling software
39-5093	knowledge	1	Sales and Marketing
39-5093	knowledge	2	Customer and Personal Service
39-5093	knowledge	3	Chemistry
39-5093	knowledge	4	English Language
39-5093	knowledge	5	Psychology
39-5093	knowledge	6	Public Safety and Security
39-5093	knowledge	7	Education and Training
39-5093	skills	1	Service Orientation
39-5093	skills	2	Speaking
39-5093	skills	3	Coordination
39-5093	skills	4	Social Perceptiveness
39-5093	skills	5	Active Listening
39-5093	skills	6	Monitoring
39-5093	skills	7	Time Management
39-5093	skills	8	Judgment and Decision Making
39-5093	abilities	1	Arm-Hand Steadiness
39-5093	abilities	2	Manual Dexterity
39-5093	abilities	3	Trunk Strength
39-5093	abilities	4	Finger Dexterity
39-5093	abilities	5	Oral Comprehension
39-5093	abilities	6	Time Sharing
39-5093	abilities	7	Speech Clarity
39-5093	abilities	8	Selective Attention
39-5093	technology	1	Web page creation and editing software
39-5093	technology	2	Inventory management software
39-5093	technology	3	Calendar and scheduling software
39-5094	knowledge	1	Customer and Personal Service
39-5094	knowledge	2	Chemistry
39-5094	knowledge	3	Sales and Marketing
39-5094	knowledge	4	English Language
39-5094	knowledge	5	Public Safety and Security
39-5094	knowledge	6	Education and Training
39-5094	knowledge	7	Administration and Management
39-5094	skills	1	Service Orientation
39-5094	skills	2	Learning Strategies
39-5094	skills	3	Speaking
39-5094	skills	4	Active Learning
39-5094	skills	5	Instructing
39-5094	skills	6	Active Listening
39-5094	skills	7	Negotiation
39-5094	skills	8	Coordination
39-5094	abilities	1	Arm-Hand Steadiness
39-5094	abilities	2	Manual Dexterity
39-5094	abilities	3	Finger Dexterity
39-5094	abilities	4	Visual Color Discrimination
39-5094	abilities	5	Control Precision
39-5094	abilities	6	Multilimb Coordination
39-5094	abilities	7	Originality
39-5094	abilities	8	Oral Expression
39-6011	knowledge	1	Transportation
39-6011	knowledge	2	Customer and Personal Service
39-6011	knowledge	3	Public Safety and Security
39-6011	knowledge	4	Sales and Marketing
39-6011	knowledge	5	Telecommunications
39-6011	knowledge	6	English Language
39-6011	knowledge	7	Computers and Electronics
39-6011	knowledge	8	Education and Training
39-6011	skills	1	Service Orientation
39-6011	skills	2	Speaking
39-6011	skills	3	Active Listening
39-6011	skills	4	Coordination
39-6011	skills	5	Time Management
39-6011	skills	6	Social Perceptiveness
39-6011	skills	7	Complex Problem Solving
39-6011	skills	8	Instructing
39-6011	abilities	1	Static Strength
39-6011	abilities	2	Trunk Strength
39-6011	abilities	3	Stamina
39-6011	abilities	4	Spatial Orientation
39-6011	abilities	5	Extent Flexibility
39-6011	abilities	6	Multilimb Coordination
39-6011	abilities	7	Gross Body Coordination
39-6011	abilities	8	Dynamic Strength
39-6012	knowledge	1	Customer and Personal Service
39-6012	knowledge	2	Administrative
39-6012	knowledge	3	Transportation
39-6012	knowledge	4	English Language
39-6012	knowledge	5	Sales and Marketing
39-6012	knowledge	6	Communications and Media
39-6012	knowledge	7	Administration and Management
39-6012	knowledge	8	Computers and Electronics
39-6012	skills	1	Service Orientation
39-6012	skills	2	Social Perceptiveness
39-6012	skills	3	Speaking
39-6012	skills	4	Active Listening
39-6012	skills	5	Coordination
39-6012	skills	6	Persuasion
39-6012	skills	7	Negotiation
39-6012	skills	8	Time Management
39-6012	abilities	1	Speech Clarity
39-6012	abilities	2	Speech Recognition
39-6012	abilities	3	Oral Expression
39-6012	abilities	4	Oral Comprehension
39-6012	abilities	5	Fluency of Ideas
39-6012	abilities	6	Originality
39-6012	abilities	7	Memorization
39-6012	abilities	8	Deductive Reasoning
39-6012	technology	1	Map creation software
39-6012	technology	2	Financial analysis software
39-6012	technology	3	Desktop publishing software
39-6012	technology	4	Accounting software
39-6012	technology	5	Calendar and scheduling software
39-7011	knowledge	1	History and Archeology
39-7011	knowledge	2	Fine Arts
39-7011	knowledge	3	Geography
39-7011	knowledge	4	Customer and Personal Service
39-7011	knowledge	5	Communications and Media
39-7011	knowledge	6	Sociology and Anthropology
39-7011	knowledge	7	Transportation
39-7011	knowledge	8	English Language
39-7011	skills	1	Speaking
39-7011	skills	2	Service Orientation
39-7011	skills	3	Social Perceptiveness
39-7011	skills	4	Time Management
39-7011	skills	5	Coordination
39-7011	skills	6	Persuasion
39-7011	skills	7	Monitoring
39-7011	skills	8	Active Listening
39-7011	abilities	1	Speech Clarity
39-7011	abilities	2	Oral Expression
39-7011	abilities	3	Memorization
39-7011	abilities	4	Oral Comprehension
39-7011	abilities	5	Far Vision
39-7011	abilities	6	Time Sharing
39-7011	abilities	7	Selective Attention
39-7011	abilities	8	Speech Recognition
39-7011	technology	1	Video conferencing software
39-7011	technology	2	Web page creation and editing software
39-7011	technology	3	Mobile location based services software
39-7011	technology	4	Computer based training software
39-7011	technology	5	Customer relationship management CRM software
39-7012	knowledge	1	Sales and Marketing
39-7012	knowledge	2	Geography
39-7012	knowledge	3	Customer and Personal Service
39-7012	knowledge	4	Transportation
39-7012	knowledge	5	Economics and Accounting
39-7012	knowledge	6	Administrative
39-7012	knowledge	7	Personnel and Human Resources
39-7012	knowledge	8	Public Safety and Security
39-7012	skills	1	Service Orientation
39-7012	skills	2	Persuasion
39-7012	skills	3	Management of Material Resources
39-7012	skills	4	Management of Financial Resources
39-7012	skills	5	Social Perceptiveness
39-7012	skills	6	Coordination
39-7012	skills	7	Negotiation
39-7012	skills	8	Speaking
39-7012	abilities	1	Spatial Orientation
39-7012	abilities	2	Speech Recognition
39-7012	abilities	3	Speech Clarity
39-7012	abilities	4	Time Sharing
39-7012	abilities	5	Written Comprehension
39-7012	abilities	6	Oral Expression
39-7012	abilities	7	Oral Comprehension
39-7012	abilities	8	Originality
39-7012	technology	1	Business intelligence and data analysis software
39-7012	technology	2	Web page creation and editing software
39-7012	technology	3	Mobile location based services software
39-7012	technology	4	Customer relationship management CRM software
39-7012	technology	5	Accounting software
39-9011	knowledge	1	Psychology
39-9011	knowledge	2	Public Safety and Security
39-9011	knowledge	3	Education and Training
39-9011	knowledge	4	Customer and Personal Service
39-9011	knowledge	5	Personnel and Human Resources
39-9011	knowledge	6	Administration and Management
39-9011	knowledge	7	English Language
39-9011	skills	1	Service Orientation
39-9011	skills	2	Learning Strategies
39-9011	skills	3	Monitoring
39-9011	skills	4	Instructing
39-9011	skills	5	Negotiation
39-9011	skills	6	Persuasion
39-9011	skills	7	Social Perceptiveness
39-9011	skills	8	Coordination
39-9011	abilities	1	Extent Flexibility
39-9011	abilities	2	Time Sharing
39-9011	abilities	3	Far Vision
39-9011	abilities	4	Memorization
39-9011	abilities	5	Oral Comprehension
39-9011	abilities	6	Speed of Closure
39-9011	abilities	7	Fluency of Ideas
39-9011	abilities	8	Originality
39-9011	technology	1	Multi-media educational software
39-9011	technology	2	Desktop communications software
39-9011	technology	3	Computer based training software
39-9011	technology	4	Calendar and scheduling software
39-9031	knowledge	1	Medicine and Dentistry
39-9031	knowledge	2	Psychology
39-9031	knowledge	3	Customer and Personal Service
39-9031	knowledge	4	Sales and Marketing
39-9031	knowledge	5	Education and Training
39-9031	knowledge	6	English Language
39-9031	skills	1	Instructing
39-9031	skills	2	Service Orientation
39-9031	skills	3	Learning Strategies
39-9031	skills	4	Persuasion
39-9031	skills	5	Social Perceptiveness
39-9031	skills	6	Speaking
39-9031	skills	7	Monitoring
39-9031	skills	8	Active Learning
39-9031	abilities	1	Dynamic Flexibility
39-9031	abilities	2	Gross Body Coordination
39-9031	abilities	3	Stamina
39-9031	abilities	4	Extent Flexibility
39-9031	abilities	5	Dynamic Strength
39-9031	abilities	6	Static Strength
39-9031	abilities	7	Explosive Strength
39-9031	abilities	8	Gross Body Equilibrium
39-9031	technology	1	Accounting software
39-9031	technology	2	Instant messaging software
39-9031	technology	3	Desktop publishing software
39-9031	technology	4	Medical software
39-9031	technology	5	Calendar and scheduling software
39-9032	knowledge	1	Public Safety and Security
39-9032	knowledge	2	Law and Government
39-9032	knowledge	3	Philosophy and Theology
39-9032	knowledge	4	Therapy and Counseling
39-9032	knowledge	5	Psychology
39-9032	knowledge	6	Sociology and Anthropology
39-9032	knowledge	7	Transportation
39-9032	knowledge	8	Education and Training
39-9032	skills	1	Service Orientation
39-9032	skills	2	Instructing
39-9032	skills	3	Coordination
39-9032	skills	4	Social Perceptiveness
39-9032	skills	5	Management of Material Resources
39-9032	skills	6	Management of Personnel Resources
39-9032	skills	7	Speaking
39-9032	skills	8	Monitoring
39-9032	abilities	1	Gross Body Coordination
39-9032	abilities	2	Stamina
39-9032	abilities	3	Speech Clarity
39-9032	abilities	4	Time Sharing
39-9032	abilities	5	Trunk Strength
39-9032	abilities	6	Originality
39-9032	abilities	7	Oral Expression
39-9032	abilities	8	Oral Comprehension
39-9032	technology	1	Charting software
39-9032	technology	2	Instant messaging software
39-9032	technology	3	Computer based training software
39-9032	technology	4	Video creation and editing software
39-9032	technology	5	Desktop publishing software
39-9032	technology	6	Calendar and scheduling software
39-9041	knowledge	1	Sociology and Anthropology
39-9041	knowledge	2	Therapy and Counseling
39-9041	knowledge	3	Public Safety and Security
39-9041	knowledge	4	Administration and Management
39-9041	knowledge	5	Personnel and Human Resources
39-9041	knowledge	6	Customer and Personal Service
39-9041	knowledge	7	Education and Training
39-9041	knowledge	8	Medicine and Dentistry
39-9041	skills	1	Negotiation
39-9041	skills	2	Social Perceptiveness
39-9041	skills	3	Service Orientation
39-9041	skills	4	Persuasion
39-9041	skills	5	Coordination
39-9041	skills	6	Time Management
39-9041	skills	7	Monitoring
39-9041	skills	8	Active Listening
39-9041	abilities	1	Problem Sensitivity
39-9041	abilities	2	Speech Clarity
39-9041	abilities	3	Oral Expression
39-9041	abilities	4	Oral Comprehension
39-9041	abilities	5	Time Sharing
39-9041	abilities	6	Speech Recognition
39-9041	abilities	7	Far Vision
39-9041	abilities	8	Originality
39-9041	technology	1	Accounting software
39-9041	technology	2	Web page creation and editing software
41-1011	knowledge	1	Sales and Marketing
41-1011	knowledge	2	Administration and Management
41-1011	knowledge	3	Customer and Personal Service
41-1011	knowledge	4	Economics and Accounting
41-1011	knowledge	5	Personnel and Human Resources
41-1011	knowledge	6	Foreign Language
41-1011	knowledge	7	Education and Training
41-1011	knowledge	8	Administrative
41-1011	skills	1	Service Orientation
41-1011	skills	2	Management of Material Resources
41-1011	skills	3	Management of Personnel Resources
41-1011	skills	4	Negotiation
41-1011	skills	5	Management of Financial Resources
41-1011	skills	6	Persuasion
41-1011	skills	7	Operations Analysis
41-1011	skills	8	Instructing
41-1011	abilities	1	Speech Clarity
41-1011	abilities	2	Speech Recognition
41-1011	abilities	3	Memorization
41-1011	abilities	4	Number Facility
41-1011	abilities	5	Originality
41-1011	abilities	6	Oral Expression
41-1011	abilities	7	Oral Comprehension
41-1011	abilities	8	Speed of Closure
41-1011	technology	1	Data mining software
41-1011	technology	2	Time accounting software
41-1011	technology	3	Data base management system software
41-1011	technology	4	Business intelligence and data analysis software
41-1011	technology	5	Customer relationship management CRM software
41-1011	technology	6	Process mapping and design software
41-1011	technology	7	Desktop publishing software
41-1011	technology	8	Cloud-based data access and sharing software
41-1012	knowledge	1	Economics and Accounting
41-1012	knowledge	2	Personnel and Human Resources
41-1012	knowledge	3	Sales and Marketing
41-1012	knowledge	4	Administration and Management
41-1012	knowledge	5	Customer and Personal Service
41-1012	knowledge	6	Communications and Media
41-1012	knowledge	7	English Language
41-1012	knowledge	8	Education and Training
41-1012	skills	1	Management of Personnel Resources
41-1012	skills	2	Negotiation
41-1012	skills	3	Persuasion
41-1012	skills	4	Management of Financial Resources
41-1012	skills	5	Management of Material Resources
41-1012	skills	6	Time Management
41-1012	skills	7	Coordination
41-1012	skills	8	Social Perceptiveness
41-1012	abilities	1	Speech Recognition
41-1012	abilities	2	Fluency of Ideas
41-1012	abilities	3	Mathematical Reasoning
41-1012	abilities	4	Speech Clarity
41-1012	abilities	5	Number Facility
41-1012	abilities	6	Category Flexibility
41-1012	abilities	7	Inductive Reasoning
41-1012	abilities	8	Oral Expression
41-1012	technology	1	Video conferencing software
41-1012	technology	2	Customer relationship management CRM software
41-1012	technology	3	Financial analysis software
41-1012	technology	4	Enterprise application integration software
41-1012	technology	5	Video creation and editing software
41-1012	technology	6	Process mapping and design software
41-1012	technology	7	Accounting software
41-1012	technology	8	Calendar and scheduling software
41-2011	knowledge	1	Customer and Personal Service
41-2011	knowledge	2	Sales and Marketing
41-2011	knowledge	3	Administrative
41-2011	knowledge	4	Personnel and Human Resources
41-2011	knowledge	5	Administration and Management
41-2011	knowledge	6	Mathematics
41-2011	knowledge	7	English Language
41-2011	skills	1	Mathematics
41-2011	skills	2	Service Orientation
41-2011	skills	3	Negotiation
41-2011	skills	4	Persuasion
41-2011	skills	5	Social Perceptiveness
41-2011	skills	6	Time Management
41-2011	skills	7	Instructing
41-2011	skills	8	Coordination
41-2011	abilities	1	Number Facility
41-2011	abilities	2	Trunk Strength
41-2011	abilities	3	Memorization
41-2011	abilities	4	Mathematical Reasoning
41-2011	abilities	5	Time Sharing
41-2011	abilities	6	Finger Dexterity
41-2011	abilities	7	Control Precision
41-2011	abilities	8	Oral Expression
41-2011	technology	1	Point of sale POS software
41-2011	technology	2	Medical software
41-2011	technology	3	Accounting software
41-2012	knowledge	1	Customer and Personal Service
41-2012	knowledge	2	Mathematics
41-2012	knowledge	3	Law and Government
41-2012	knowledge	4	Administrative
41-2012	knowledge	5	Public Safety and Security
41-2012	knowledge	6	Computers and Electronics
41-2012	knowledge	7	English Language
41-2012	skills	1	Mathematics
41-2012	skills	2	Service Orientation
41-2012	skills	3	Negotiation
41-2012	skills	4	Coordination
41-2012	skills	5	Persuasion
41-2012	skills	6	Social Perceptiveness
41-2012	skills	7	Complex Problem Solving
41-2012	skills	8	Reading Comprehension
41-2012	abilities	1	Number Facility
41-2012	abilities	2	Mathematical Reasoning
41-2012	abilities	3	Arm-Hand Steadiness
41-2012	abilities	4	Manual Dexterity
41-2012	abilities	5	Auditory Attention
41-2012	abilities	6	Finger Dexterity
41-2012	abilities	7	Hearing Sensitivity
41-2012	abilities	8	Perceptual Speed
41-2021	knowledge	1	Sales and Marketing
41-2021	knowledge	2	Customer and Personal Service
41-2021	knowledge	3	Administrative
41-2021	knowledge	4	Transportation
41-2021	knowledge	5	English Language
41-2021	knowledge	6	Administration and Management
41-2021	knowledge	7	Production and Processing
41-2021	knowledge	8	Mathematics
41-2021	skills	1	Service Orientation
41-2021	skills	2	Negotiation
41-2021	skills	3	Active Listening
41-2021	skills	4	Persuasion
41-2021	skills	5	Social Perceptiveness
41-2021	skills	6	Time Management
41-2021	skills	7	Coordination
41-2021	skills	8	Speaking
41-2021	abilities	1	Number Facility
41-2021	abilities	2	Oral Comprehension
41-2021	abilities	3	Speech Recognition
41-2021	abilities	4	Speech Clarity
41-2021	abilities	5	Oral Expression
41-2021	abilities	6	Mathematical Reasoning
41-2021	abilities	7	Far Vision
41-2021	abilities	8	Selective Attention
41-2021	technology	1	Point of sale POS software
41-2021	technology	2	Inventory management software
41-2022	knowledge	1	Sales and Marketing
41-2022	knowledge	2	Economics and Accounting
41-2022	knowledge	3	Administrative
41-2022	knowledge	4	Customer and Personal Service
41-2022	knowledge	5	Administration and Management
41-2022	knowledge	6	Personnel and Human Resources
41-2022	knowledge	7	Production and Processing
41-2022	knowledge	8	Computers and Electronics
41-2022	skills	1	Persuasion
41-2022	skills	2	Service Orientation
41-2022	skills	3	Speaking
41-2022	skills	4	Active Listening
41-2022	skills	5	Negotiation
41-2022	skills	6	Social Perceptiveness
41-2022	skills	7	Mathematics
41-2022	skills	8	Reading Comprehension
41-2022	abilities	1	Static Strength
41-2022	abilities	2	Multilimb Coordination
41-2022	abilities	3	Manual Dexterity
41-2022	abilities	4	Speed of Closure
41-2022	abilities	5	Trunk Strength
41-2022	abilities	6	Speech Recognition
41-2022	abilities	7	Finger Dexterity
41-2022	abilities	8	Number Facility
41-2022	technology	1	Document management software
41-2022	technology	2	Inventory management software
41-2022	technology	3	Customer relationship management CRM software
41-2031	knowledge	1	Sales and Marketing
41-2031	knowledge	2	Customer and Personal Service
41-2031	knowledge	3	Psychology
41-2031	knowledge	4	Administrative
41-2031	knowledge	5	Administration and Management
41-2031	knowledge	6	English Language
41-2031	knowledge	7	Mathematics
41-2031	knowledge	8	Computers and Electronics
41-2031	skills	1	Persuasion
41-2031	skills	2	Negotiation
41-2031	skills	3	Service Orientation
41-2031	skills	4	Social Perceptiveness
41-2031	skills	5	Speaking
41-2031	skills	6	Active Listening
41-2031	skills	7	Mathematics
41-2031	skills	8	Instructing
41-2031	abilities	1	Memorization
41-2031	abilities	2	Oral Expression
41-2031	abilities	3	Speech Recognition
41-2031	abilities	4	Speech Clarity
41-2031	abilities	5	Oral Comprehension
41-2031	abilities	6	Time Sharing
41-2031	abilities	7	Trunk Strength
41-2031	abilities	8	Originality
41-2031	technology	1	Customer relationship management CRM software
41-2031	technology	2	Desktop publishing software
41-2031	technology	3	Cloud-based data access and sharing software
41-2031	technology	4	Accounting software
41-2031	technology	5	Development environment software
41-2031	technology	6	Web page creation and editing software
41-2031	technology	7	Document management software
41-2031	technology	8	Computer aided design CAD software
41-3011	knowledge	1	Sales and Marketing
41-3011	knowledge	2	Communications and Media
41-3011	knowledge	3	Customer and Personal Service
41-3011	knowledge	4	Administrative
41-3011	knowledge	5	Economics and Accounting
41-3011	knowledge	6	Mathematics
41-3011	knowledge	7	Telecommunications
41-3011	knowledge	8	English Language
41-3011	skills	1	Persuasion
41-3011	skills	2	Negotiation
41-3011	skills	3	Service Orientation
41-3011	skills	4	Social Perceptiveness
41-3011	skills	5	Speaking
41-3011	skills	6	Systems Analysis
41-3011	skills	7	Mathematics
41-3011	skills	8	Active Listening
41-3011	abilities	1	Speech Clarity
41-3011	abilities	2	Speech Recognition
41-3011	abilities	3	Originality
41-3011	abilities	4	Oral Expression
41-3011	abilities	5	Fluency of Ideas
41-3011	abilities	6	Written Comprehension
41-3011	abilities	7	Oral Comprehension
41-3011	abilities	8	Speed of Closure
41-3011	technology	1	Customer relationship management CRM software
41-3011	technology	2	Desktop publishing software
41-3011	technology	3	Sales and marketing software
41-3011	technology	4	Calendar and scheduling software
41-3021	knowledge	1	Sales and Marketing
41-3021	knowledge	2	Transportation
41-3021	knowledge	3	Customer and Personal Service
41-3021	knowledge	4	Law and Government
41-3021	knowledge	5	Communications and Media
41-3021	knowledge	6	Economics and Accounting
41-3021	knowledge	7	Mathematics
41-3021	knowledge	8	Personnel and Human Resources
41-3021	skills	1	Persuasion
41-3021	skills	2	Negotiation
41-3021	skills	3	Reading Comprehension
41-3021	skills	4	Writing
41-3021	skills	5	Mathematics
41-3021	skills	6	Service Orientation
41-3021	skills	7	Time Management
41-3021	skills	8	Speaking
41-3021	abilities	1	Mathematical Reasoning
41-3021	abilities	2	Written Comprehension
41-3021	abilities	3	Number Facility
41-3021	abilities	4	Speech Clarity
41-3021	abilities	5	Written Expression
41-3021	abilities	6	Oral Expression
41-3021	abilities	7	Oral Comprehension
41-3021	abilities	8	Speech Recognition
41-3021	technology	1	Video conferencing software
41-3021	technology	2	Video creation and editing software
41-3021	technology	3	Web page creation and editing software
41-3021	technology	4	Instant messaging software
41-3021	technology	5	Financial analysis software
41-3021	technology	6	Customer relationship management CRM software
41-3021	technology	7	Medical software
41-3021	technology	8	Document management software
41-3031	knowledge	1	Economics and Accounting
41-3031	knowledge	2	Sales and Marketing
41-3031	knowledge	3	Customer and Personal Service
41-3031	knowledge	4	Law and Government
41-3031	knowledge	5	Mathematics
41-3031	knowledge	6	Computers and Electronics
41-3031	knowledge	7	Administration and Management
41-3031	knowledge	8	Communications and Media
41-3031	skills	1	Management of Financial Resources
41-3031	skills	2	Persuasion
41-3031	skills	3	Mathematics
41-3031	skills	4	Systems Analysis
41-3031	skills	5	Systems Evaluation
41-3031	skills	6	Active Learning
41-3031	skills	7	Negotiation
41-3031	skills	8	Judgment and Decision Making
41-3031	abilities	1	Mathematical Reasoning
41-3031	abilities	2	Number Facility
41-3031	abilities	3	Oral Comprehension
41-3031	abilities	4	Fluency of Ideas
41-3031	abilities	5	Speed of Closure
41-3031	abilities	6	Deductive Reasoning
41-3031	abilities	7	Originality
41-3031	abilities	8	Speech Clarity
41-3031	technology	1	Customer relationship management CRM software
41-3031	technology	2	Cloud-based data access and sharing software
41-3031	technology	3	Development environment software
41-3031	technology	4	Object or component oriented development software
41-3031	technology	5	Web page creation and editing software
41-3031	technology	6	Transaction server software
41-3031	technology	7	Compliance software
41-3031	technology	8	Desktop communications software
41-3041	knowledge	1	Sales and Marketing
41-3041	knowledge	2	Geography
41-3041	knowledge	3	Telecommunications
41-3041	knowledge	4	Transportation
41-3041	knowledge	5	Customer and Personal Service
41-3041	knowledge	6	Economics and Accounting
41-3041	knowledge	7	Communications and Media
41-3041	knowledge	8	Administrative
41-3041	skills	1	Service Orientation
41-3041	skills	2	Persuasion
41-3041	skills	3	Social Perceptiveness
41-3041	skills	4	Reading Comprehension
41-3041	skills	5	Active Listening
41-3041	skills	6	Negotiation
41-3041	skills	7	Speaking
41-3041	skills	8	Mathematics
41-3041	abilities	1	Speech Recognition
41-3041	abilities	2	Speech Clarity
41-3041	abilities	3	Memorization
41-3041	abilities	4	Number Facility
41-3041	abilities	5	Written Comprehension
41-3041	abilities	6	Near Vision
41-3041	abilities	7	Oral Comprehension
41-3041	abilities	8	Mathematical Reasoning
41-3041	technology	1	Video conferencing software
41-3041	technology	2	Accounting software
41-3041	technology	3	Business intelligence and data analysis software
41-3041	technology	4	Customer relationship management CRM software
41-3041	technology	5	Calendar and scheduling software
41-3091	technology	1	Sales and marketing software
41-3091	technology	2	Customer relationship management CRM software
41-3091	technology	3	Enterprise application integration software
41-4011	knowledge	1	Sales and Marketing
41-4011	knowledge	2	Customer and Personal Service
41-4011	knowledge	3	Production and Processing
41-4011	knowledge	4	Engineering and Technology
41-4011	knowledge	5	Psychology
41-4011	knowledge	6	Administration and Management
41-4011	knowledge	7	Administrative
41-4011	knowledge	8	Mathematics
41-4011	skills	1	Persuasion
41-4011	skills	2	Negotiation
41-4011	skills	3	Service Orientation
41-4011	skills	4	Management of Financial Resources
41-4011	skills	5	Social Perceptiveness
41-4011	skills	6	Speaking
41-4011	skills	7	Management of Material Resources
41-4011	skills	8	Active Listening
41-4011	abilities	1	Oral Expression
41-4011	abilities	2	Speech Recognition
41-4011	abilities	3	Memorization
41-4011	abilities	4	Speech Clarity
41-4011	abilities	5	Written Expression
41-4011	abilities	6	Speed of Closure
41-4011	abilities	7	Written Comprehension
41-4011	abilities	8	Number Facility
41-4011	technology	1	Sales and marketing software
41-4011	technology	2	Data mining software
41-4011	technology	3	Video conferencing software
41-4011	technology	4	Data base management system software
41-4011	technology	5	Customer relationship management CRM software
41-4011	technology	6	Cloud-based data access and sharing software
41-4011	technology	7	Accounting software
41-4011	technology	8	Development environment software
41-4012	knowledge	1	Sales and Marketing
41-4012	knowledge	2	Transportation
41-4012	knowledge	3	Customer and Personal Service
41-4012	knowledge	4	Mathematics
41-4012	knowledge	5	English Language
41-4012	knowledge	6	Telecommunications
41-4012	knowledge	7	Communications and Media
41-4012	knowledge	8	Psychology
41-4012	skills	1	Negotiation
41-4012	skills	2	Persuasion
41-4012	skills	3	Social Perceptiveness
41-4012	skills	4	Speaking
41-4012	skills	5	Active Listening
41-4012	skills	6	Service Orientation
41-4012	skills	7	Writing
41-4012	skills	8	Active Learning
41-4012	abilities	1	Speech Clarity
41-4012	abilities	2	Speech Recognition
41-4012	abilities	3	Written Expression
41-4012	abilities	4	Oral Expression
41-4012	abilities	5	Fluency of Ideas
41-4012	abilities	6	Written Comprehension
41-4012	abilities	7	Originality
41-4012	abilities	8	Oral Comprehension
41-4012	technology	1	Sales and marketing software
41-4012	technology	2	Data mining software
41-4012	technology	3	Video conferencing software
41-4012	technology	4	Business intelligence and data analysis software
41-4012	technology	5	Enterprise application integration software
41-4012	technology	6	Geographic information system
41-4012	technology	7	Web platform development software
41-4012	technology	8	Customer relationship management CRM software
41-9011	knowledge	1	Food Production
41-9011	knowledge	2	Sales and Marketing
41-9011	knowledge	3	Customer and Personal Service
41-9011	knowledge	4	Public Safety and Security
41-9011	knowledge	5	Psychology
41-9011	knowledge	6	English Language
41-9011	knowledge	7	Administrative
41-9011	skills	1	Persuasion
41-9011	skills	2	Speaking
41-9011	skills	3	Service Orientation
41-9011	skills	4	Active Listening
41-9011	skills	5	Learning Strategies
41-9011	skills	6	Time Management
41-9011	skills	7	Coordination
41-9011	skills	8	Social Perceptiveness
41-9011	abilities	1	Speech Clarity
41-9011	abilities	2	Trunk Strength
41-9011	abilities	3	Auditory Attention
41-9011	abilities	4	Speech Recognition
41-9011	abilities	5	Hearing Sensitivity
41-9011	abilities	6	Visual Color Discrimination
41-9011	abilities	7	Memorization
41-9011	abilities	8	Oral Expression
41-9011	technology	1	Video conferencing software
41-9011	technology	2	Web platform development software
41-9011	technology	3	Desktop communications software
41-9011	technology	4	Web page creation and editing software
41-9012	knowledge	1	Customer and Personal Service
41-9012	skills	1	Social Perceptiveness
41-9012	skills	2	Coordination
41-9012	skills	3	Time Management
41-9012	skills	4	Speaking
41-9012	skills	5	Active Listening
41-9012	skills	6	Critical Thinking
41-9012	skills	7	Reading Comprehension
41-9012	abilities	1	Gross Body Equilibrium
41-9012	abilities	2	Gross Body Coordination
41-9012	abilities	3	Extent Flexibility
41-9012	abilities	4	Trunk Strength
41-9012	abilities	5	Multilimb Coordination
41-9012	abilities	6	Originality
41-9012	abilities	7	Selective Attention
41-9012	abilities	8	Speech Recognition
41-9012	technology	1	Web page creation and editing software
41-9012	technology	2	Instant messaging software
41-9012	technology	3	Video creation and editing software
41-9021	knowledge	1	Sales and Marketing
41-9021	knowledge	2	Law and Government
41-9021	knowledge	3	Economics and Accounting
41-9021	knowledge	4	Building and Construction
41-9021	knowledge	5	Administration and Management
41-9021	knowledge	6	Communications and Media
41-9021	knowledge	7	Customer and Personal Service
41-9021	knowledge	8	Geography
41-9021	skills	1	Negotiation
41-9021	skills	2	Persuasion
41-9021	skills	3	Active Learning
41-9021	skills	4	Speaking
41-9021	skills	5	Reading Comprehension
41-9021	skills	6	Critical Thinking
41-9021	skills	7	Mathematics
41-9021	skills	8	Service Orientation
41-9021	abilities	1	Written Comprehension
41-9021	abilities	2	Oral Expression
41-9021	abilities	3	Oral Comprehension
41-9021	abilities	4	Mathematical Reasoning
41-9021	abilities	5	Speech Recognition
41-9021	abilities	6	Speech Clarity
41-9021	abilities	7	Written Expression
41-9021	abilities	8	Deductive Reasoning
41-9021	technology	1	Web platform development software
41-9021	technology	2	Accounting software
41-9021	technology	3	Web page creation and editing software
41-9021	technology	4	Geographic information system
41-9021	technology	5	Customer relationship management CRM software
41-9022	knowledge	1	Sales and Marketing
41-9022	knowledge	2	Building and Construction
41-9022	knowledge	3	Law and Government
41-9022	knowledge	4	Customer and Personal Service
41-9022	knowledge	5	Economics and Accounting
41-9022	knowledge	6	Communications and Media
41-9022	knowledge	7	Administrative
41-9022	knowledge	8	Geography
41-9022	skills	1	Negotiation
41-9022	skills	2	Persuasion
41-9022	skills	3	Coordination
41-9022	skills	4	Social Perceptiveness
41-9022	skills	5	Mathematics
41-9022	skills	6	Service Orientation
41-9022	skills	7	Speaking
41-9022	skills	8	Active Listening
41-9022	abilities	1	Speech Recognition
41-9022	abilities	2	Speech Clarity
41-9022	abilities	3	Mathematical Reasoning
41-9022	abilities	4	Written Comprehension
41-9022	abilities	5	Number Facility
41-9022	abilities	6	Oral Expression
41-9022	abilities	7	Oral Comprehension
41-9022	abilities	8	Speed of Closure
41-9022	technology	1	Video conferencing software
41-9022	technology	2	Customer relationship management CRM software
41-9022	technology	3	Accounting software
41-9022	technology	4	Web page creation and editing software
41-9022	technology	5	Document management software
41-9022	technology	6	Route navigation software
41-9022	technology	7	Voice recognition software
41-9022	technology	8	Sales and marketing software
41-9031	knowledge	1	Sales and Marketing
41-9031	knowledge	2	Engineering and Technology
41-9031	knowledge	3	Design
41-9031	knowledge	4	Customer and Personal Service
41-9031	knowledge	5	Physics
41-9031	knowledge	6	Economics and Accounting
41-9031	knowledge	7	Mathematics
41-9031	knowledge	8	Administration and Management
41-9031	skills	1	Persuasion
41-9031	skills	2	Negotiation
41-9031	skills	3	Technology Design
41-9031	skills	4	Systems Analysis
41-9031	skills	5	Systems Evaluation
41-9031	skills	6	Social Perceptiveness
41-9031	skills	7	Service Orientation
41-9031	skills	8	Judgment and Decision Making
41-9031	abilities	1	Fluency of Ideas
41-9031	abilities	2	Speech Clarity
41-9031	abilities	3	Number Facility
41-9031	abilities	4	Speech Recognition
41-9031	abilities	5	Originality
41-9031	abilities	6	Memorization
41-9031	abilities	7	Inductive Reasoning
41-9031	abilities	8	Written Expression
41-9031	technology	1	Switch or router software
41-9031	technology	2	Internet directory services software
41-9031	technology	3	Content workflow software
41-9031	technology	4	Cloud-based management software
41-9031	technology	5	Expert system software
41-9031	technology	6	Application server software
41-9031	technology	7	Data base management system software
41-9031	technology	8	Enterprise application integration software
41-9041	knowledge	1	Sales and Marketing
41-9041	knowledge	2	Communications and Media
41-9041	knowledge	3	Customer and Personal Service
41-9041	knowledge	4	Computers and Electronics
41-9041	knowledge	5	English Language
41-9041	knowledge	6	Administration and Management
41-9041	knowledge	7	Law and Government
41-9041	knowledge	8	Administrative
41-9041	skills	1	Persuasion
41-9041	skills	2	Speaking
41-9041	skills	3	Service Orientation
41-9041	skills	4	Active Listening
41-9041	skills	5	Negotiation
41-9041	skills	6	Social Perceptiveness
41-9041	skills	7	Reading Comprehension
41-9041	skills	8	Critical Thinking
41-9041	abilities	1	Speech Clarity
41-9041	abilities	2	Oral Expression
41-9041	abilities	3	Oral Comprehension
41-9041	abilities	4	Speech Recognition
41-9041	abilities	5	Selective Attention
41-9041	abilities	6	Written Comprehension
41-9041	abilities	7	Written Expression
41-9041	abilities	8	Near Vision
41-9041	technology	1	Video conferencing software
41-9041	technology	2	Customer relationship management CRM software
41-9041	technology	3	Interactive voice response software
41-9041	technology	4	Helpdesk or call center software
41-9041	technology	5	Access software
41-9091	knowledge	1	Sales and Marketing
41-9091	knowledge	2	Customer and Personal Service
41-9091	knowledge	3	Administrative
41-9091	knowledge	4	Personnel and Human Resources
41-9091	knowledge	5	Administration and Management
41-9091	knowledge	6	English Language
41-9091	knowledge	7	Education and Training
41-9091	skills	1	Persuasion
41-9091	skills	2	Service Orientation
41-9091	skills	3	Negotiation
41-9091	skills	4	Social Perceptiveness
41-9091	skills	5	Speaking
41-9091	skills	6	Coordination
41-9091	skills	7	Active Listening
41-9091	skills	8	Judgment and Decision Making
41-9091	abilities	1	Oral Expression
41-9091	abilities	2	Oral Comprehension
41-9091	abilities	3	Speech Recognition
41-9091	abilities	4	Originality
41-9091	abilities	5	Speech Clarity
41-9091	abilities	6	Fluency of Ideas
41-9091	abilities	7	Time Sharing
41-9091	abilities	8	Written Expression
41-9091	technology	1	Web page creation and editing software
41-9091	technology	2	Route navigation software
43-1011	knowledge	1	Administration and Management
43-1011	knowledge	2	Administrative
43-1011	knowledge	3	Economics and Accounting
43-1011	knowledge	4	Customer and Personal Service
43-1011	knowledge	5	Personnel and Human Resources
43-1011	knowledge	6	Computers and Electronics
43-1011	knowledge	7	Law and Government
43-1011	knowledge	8	English Language
43-1011	skills	1	Management of Personnel Resources
43-1011	skills	2	Negotiation
43-1011	skills	3	Instructing
43-1011	skills	4	Coordination
43-1011	skills	5	Persuasion
43-1011	skills	6	Learning Strategies
43-1011	skills	7	Social Perceptiveness
43-1011	skills	8	Management of Material Resources
43-1011	abilities	1	Originality
43-1011	abilities	2	Written Expression
43-1011	abilities	3	Speech Recognition
43-1011	abilities	4	Fluency of Ideas
43-1011	abilities	5	Written Comprehension
43-1011	abilities	6	Speech Clarity
43-1011	abilities	7	Oral Comprehension
43-1011	abilities	8	Auditory Attention
43-1011	technology	1	Business intelligence and data analysis software
43-1011	technology	2	Customer relationship management CRM software
43-1011	technology	3	Process mapping and design software
43-1011	technology	4	Medical software
43-1011	technology	5	Cloud-based data access and sharing software
43-1011	technology	6	Accounting software
43-1011	technology	7	Web page creation and editing software
43-1011	technology	8	Document management software
43-2011	knowledge	1	Telecommunications
43-2011	knowledge	2	Administrative
43-2011	knowledge	3	Customer and Personal Service
43-2011	knowledge	4	Computers and Electronics
43-2011	knowledge	5	Communications and Media
43-2011	knowledge	6	English Language
43-2011	knowledge	7	Personnel and Human Resources
43-2011	knowledge	8	Public Safety and Security
43-2011	skills	1	Active Listening
43-2011	skills	2	Speaking
43-2011	skills	3	Social Perceptiveness
43-2011	skills	4	Service Orientation
43-2011	skills	5	Coordination
43-2011	skills	6	Time Management
43-2011	skills	7	Monitoring
43-2011	skills	8	Writing
43-2011	abilities	1	Speech Recognition
43-2011	abilities	2	Speech Clarity
43-2011	abilities	3	Oral Expression
43-2011	abilities	4	Oral Comprehension
43-2011	abilities	5	Auditory Attention
43-2011	abilities	6	Selective Attention
43-2011	abilities	7	Time Sharing
43-2011	abilities	8	Perceptual Speed
43-2011	technology	1	Facilities management software
43-2021	knowledge	1	Telecommunications
43-2021	knowledge	2	Customer and Personal Service
43-2021	knowledge	3	Communications and Media
43-2021	knowledge	4	English Language
43-2021	knowledge	5	Administrative
43-2021	skills	1	Service Orientation
43-2021	skills	2	Speaking
43-2021	skills	3	Active Listening
43-2021	skills	4	Social Perceptiveness
43-2021	skills	5	Complex Problem Solving
43-2021	skills	6	Reading Comprehension
43-2021	skills	7	Coordination
43-2021	skills	8	Critical Thinking
43-2021	abilities	1	Oral Expression
43-2021	abilities	2	Speech Clarity
43-2021	abilities	3	Oral Comprehension
43-2021	abilities	4	Speech Recognition
43-2021	abilities	5	Finger Dexterity
43-2021	abilities	6	Selective Attention
43-2021	abilities	7	Written Comprehension
43-2021	abilities	8	Flexibility of Closure
43-2021	technology	1	Helpdesk or call center software
43-2021	technology	2	Video conferencing software
43-3011	knowledge	1	Economics and Accounting
43-3011	knowledge	2	Law and Government
43-3011	knowledge	3	English Language
43-3011	knowledge	4	Administrative
43-3011	knowledge	5	Customer and Personal Service
43-3011	knowledge	6	Mathematics
43-3011	knowledge	7	Computers and Electronics
43-3011	knowledge	8	Administration and Management
43-3011	skills	1	Persuasion
43-3011	skills	2	Negotiation
43-3011	skills	3	Speaking
43-3011	skills	4	Active Listening
43-3011	skills	5	Social Perceptiveness
43-3011	skills	6	Writing
43-3011	skills	7	Mathematics
43-3011	skills	8	Service Orientation
43-3011	abilities	1	Speech Recognition
43-3011	abilities	2	Speech Clarity
43-3011	abilities	3	Number Facility
43-3011	abilities	4	Written Expression
43-3011	abilities	5	Written Comprehension
43-3011	abilities	6	Oral Expression
43-3011	abilities	7	Oral Comprehension
43-3011	abilities	8	Mathematical Reasoning
43-3011	technology	1	Customer relationship management CRM software
43-3011	technology	2	Medical software
43-3011	technology	3	Accounting software
43-3011	technology	4	Categorization or classification software
43-3011	technology	5	Access software
43-3011	technology	6	Point of sale POS software
43-3011	technology	7	Optical character reader OCR or scanning software
43-3011	technology	8	Time accounting software
43-3021	knowledge	1	Administrative
43-3021	knowledge	2	Economics and Accounting
43-3021	knowledge	3	Customer and Personal Service
43-3021	knowledge	4	Computers and Electronics
43-3021	knowledge	5	Personnel and Human Resources
43-3021	knowledge	6	Mathematics
43-3021	knowledge	7	Administration and Management
43-3021	knowledge	8	English Language
43-3021	skills	1	Mathematics
43-3021	skills	2	Reading Comprehension
43-3021	skills	3	Time Management
43-3021	skills	4	Service Orientation
43-3021	skills	5	Writing
43-3021	skills	6	Monitoring
43-3021	skills	7	Social Perceptiveness
43-3021	skills	8	Complex Problem Solving
43-3021	abilities	1	Number Facility
43-3021	abilities	2	Mathematical Reasoning
43-3021	abilities	3	Information Ordering
43-3021	abilities	4	Written Comprehension
43-3021	abilities	5	Memorization
43-3021	abilities	6	Written Expression
43-3021	abilities	7	Near Vision
43-3021	abilities	8	Speech Recognition
43-3021	technology	1	Medical software
43-3021	technology	2	Accounting software
43-3021	technology	3	Access software
43-3021	technology	4	Expert system software
43-3021	technology	5	Optical character reader OCR or scanning software
43-3021	technology	6	Financial analysis software
43-3021	technology	7	Business intelligence and data analysis software
43-3021	technology	8	Industrial control software
43-3031	knowledge	1	Economics and Accounting
43-3031	knowledge	2	Administrative
43-3031	knowledge	3	Customer and Personal Service
43-3031	knowledge	4	Mathematics
43-3031	knowledge	5	Computers and Electronics
43-3031	knowledge	6	Administration and Management
43-3031	knowledge	7	English Language
43-3031	knowledge	8	Education and Training
43-3031	skills	1	Mathematics
43-3031	skills	2	Writing
43-3031	skills	3	Service Orientation
43-3031	skills	4	Time Management
43-3031	skills	5	Reading Comprehension
43-3031	skills	6	Coordination
43-3031	skills	7	Critical Thinking
43-3031	skills	8	Monitoring
43-3031	abilities	1	Mathematical Reasoning
43-3031	abilities	2	Number Facility
43-3031	abilities	3	Written Comprehension
43-3031	abilities	4	Written Expression
43-3031	abilities	5	Near Vision
43-3031	abilities	6	Oral Comprehension
43-3031	abilities	7	Perceptual Speed
43-3031	abilities	8	Category Flexibility
43-3031	technology	1	Medical software
43-3031	technology	2	Cloud-based data access and sharing software
43-3031	technology	3	Accounting software
43-3031	technology	4	Document management software
43-3031	technology	5	Transaction server software
43-3031	technology	6	Compliance software
43-3031	technology	7	Time accounting software
43-3031	technology	8	Desktop communications software
43-3041	knowledge	1	Customer and Personal Service
43-3041	knowledge	2	Mathematics
43-3041	knowledge	3	Economics and Accounting
43-3041	knowledge	4	Administrative
43-3041	knowledge	5	Administration and Management
43-3041	knowledge	6	Computers and Electronics
43-3041	knowledge	7	English Language
43-3041	skills	1	Mathematics
43-3041	skills	2	Negotiation
43-3041	skills	3	Persuasion
43-3041	skills	4	Service Orientation
43-3041	skills	5	Instructing
43-3041	skills	6	Speaking
43-3041	skills	7	Time Management
43-3041	skills	8	Social Perceptiveness
43-3041	abilities	1	Number Facility
43-3041	abilities	2	Mathematical Reasoning
43-3041	abilities	3	Trunk Strength
43-3041	abilities	4	Speech Clarity
43-3041	abilities	5	Near Vision
43-3041	abilities	6	Memorization
43-3041	abilities	7	Oral Expression
43-3041	abilities	8	Oral Comprehension
43-3051	knowledge	1	Economics and Accounting
43-3051	knowledge	2	Administrative
43-3051	knowledge	3	Personnel and Human Resources
43-3051	knowledge	4	Mathematics
43-3051	knowledge	5	Administration and Management
43-3051	knowledge	6	English Language
43-3051	knowledge	7	Communications and Media
43-3051	knowledge	8	Computers and Electronics
43-3051	skills	1	Mathematics
43-3051	skills	2	Reading Comprehension
43-3051	skills	3	Active Listening
43-3051	skills	4	Service Orientation
43-3051	skills	5	Writing
43-3051	skills	6	Complex Problem Solving
43-3051	skills	7	Time Management
43-3051	skills	8	Social Perceptiveness
43-3051	abilities	1	Mathematical Reasoning
43-3051	abilities	2	Number Facility
43-3051	abilities	3	Written Expression
43-3051	abilities	4	Written Comprehension
43-3051	abilities	5	Oral Comprehension
43-3051	abilities	6	Near Vision
43-3051	abilities	7	Perceptual Speed
43-3051	abilities	8	Information Ordering
43-3051	technology	1	Time accounting software
43-3051	technology	2	Accounting software
43-3051	technology	3	Compliance software
43-3051	technology	4	Human resources software
43-3051	technology	5	Data base reporting software
43-3051	technology	6	Financial analysis software
43-3051	technology	7	Business intelligence and data analysis software
43-3061	knowledge	1	Economics and Accounting
43-3061	knowledge	2	Administrative
43-3061	knowledge	3	Transportation
43-3061	knowledge	4	Telecommunications
43-3061	knowledge	5	Administration and Management
43-3061	knowledge	6	Customer and Personal Service
43-3061	knowledge	7	Mathematics
43-3061	knowledge	8	English Language
43-3061	skills	1	Reading Comprehension
43-3061	skills	2	Speaking
43-3061	skills	3	Social Perceptiveness
43-3061	skills	4	Writing
43-3061	skills	5	Mathematics
43-3061	skills	6	Monitoring
43-3061	skills	7	Complex Problem Solving
43-3061	skills	8	Active Listening
43-3061	abilities	1	Mathematical Reasoning
43-3061	abilities	2	Written Expression
43-3061	abilities	3	Information Ordering
43-3061	abilities	4	Written Comprehension
43-3061	abilities	5	Oral Expression
43-3061	abilities	6	Near Vision
43-3061	abilities	7	Oral Comprehension
43-3061	abilities	8	Speech Clarity
43-3061	technology	1	Cloud-based data access and sharing software
43-3061	technology	2	Accounting software
43-3061	technology	3	Enterprise application integration software
43-3061	technology	4	Inventory management software
43-3061	technology	5	Calendar and scheduling software
43-3071	knowledge	1	Economics and Accounting
43-3071	knowledge	2	Sales and Marketing
43-3071	knowledge	3	Customer and Personal Service
43-3071	knowledge	4	Mathematics
43-3071	knowledge	5	Public Safety and Security
43-3071	knowledge	6	Administrative
43-3071	knowledge	7	English Language
43-3071	knowledge	8	Administration and Management
43-3071	skills	1	Mathematics
43-3071	skills	2	Service Orientation
43-3071	skills	3	Instructing
43-3071	skills	4	Persuasion
43-3071	skills	5	Social Perceptiveness
43-3071	skills	6	Time Management
43-3071	skills	7	Active Listening
43-3071	skills	8	Negotiation
43-3071	abilities	1	Number Facility
43-3071	abilities	2	Mathematical Reasoning
43-3071	abilities	3	Speech Recognition
43-3071	abilities	4	Speech Clarity
43-3071	abilities	5	Oral Comprehension
43-3071	abilities	6	Time Sharing
43-3071	abilities	7	Information Ordering
43-3071	abilities	8	Selective Attention
43-3071	technology	1	Accounting software
43-3071	technology	2	Document management software
43-4011	knowledge	1	Economics and Accounting
43-4011	knowledge	2	Sales and Marketing
43-4011	knowledge	3	Mathematics
43-4011	knowledge	4	English Language
43-4011	knowledge	5	Customer and Personal Service
43-4011	knowledge	6	Administrative
43-4011	knowledge	7	Computers and Electronics
43-4011	knowledge	8	Law and Government
43-4011	skills	1	Mathematics
43-4011	skills	2	Time Management
43-4011	skills	3	Speaking
43-4011	skills	4	Active Listening
43-4011	skills	5	Reading Comprehension
43-4011	skills	6	Negotiation
43-4011	skills	7	Systems Analysis
43-4011	skills	8	Service Orientation
43-4011	abilities	1	Number Facility
43-4011	abilities	2	Mathematical Reasoning
43-4011	abilities	3	Written Expression
43-4011	abilities	4	Oral Comprehension
43-4011	abilities	5	Speech Recognition
43-4011	abilities	6	Finger Dexterity
43-4011	abilities	7	Written Comprehension
43-4011	abilities	8	Speech Clarity
43-4011	technology	1	Customer relationship management CRM software
43-4011	technology	2	Desktop publishing software
43-4011	technology	3	Cloud-based data access and sharing software
43-4011	technology	4	Document management software
43-4011	technology	5	Object oriented data base management software
43-4011	technology	6	Instant messaging software
43-4011	technology	7	Desktop communications software
43-4011	technology	8	Financial analysis software
43-4021	knowledge	1	Administrative
43-4021	knowledge	2	Economics and Accounting
43-4021	knowledge	3	Mathematics
43-4021	knowledge	4	Computers and Electronics
43-4021	knowledge	5	Customer and Personal Service
43-4021	knowledge	6	Law and Government
43-4021	knowledge	7	English Language
43-4021	knowledge	8	Communications and Media
43-4021	skills	1	Writing
43-4021	skills	2	Reading Comprehension
43-4021	skills	3	Mathematics
43-4021	skills	4	Active Listening
43-4021	skills	5	Service Orientation
43-4021	skills	6	Negotiation
43-4021	skills	7	Persuasion
43-4021	skills	8	Judgment and Decision Making
43-4021	abilities	1	Written Expression
43-4021	abilities	2	Written Comprehension
43-4021	abilities	3	Number Facility
43-4021	abilities	4	Speed of Closure
43-4021	abilities	5	Fluency of Ideas
43-4021	abilities	6	Originality
43-4021	abilities	7	Oral Comprehension
43-4021	abilities	8	Near Vision
43-4021	technology	1	Cloud-based data access and sharing software
43-4021	technology	2	Enterprise application integration software
43-4021	technology	3	Medical software
43-4031	knowledge	1	Law and Government
43-4031	knowledge	2	Administrative
43-4031	knowledge	3	Customer and Personal Service
43-4031	knowledge	4	Economics and Accounting
43-4031	knowledge	5	Administration and Management
43-4031	knowledge	6	Personnel and Human Resources
43-4031	knowledge	7	Computers and Electronics
43-4031	knowledge	8	English Language
43-4031	skills	1	Writing
43-4031	skills	2	Service Orientation
43-4031	skills	3	Management of Personnel Resources
43-4031	skills	4	Social Perceptiveness
43-4031	skills	5	Speaking
43-4031	skills	6	Time Management
43-4031	skills	7	Active Listening
43-4031	skills	8	Reading Comprehension
43-4031	abilities	1	Wrist-Finger Speed
43-4031	abilities	2	Oral Comprehension
43-4031	abilities	3	Speech Recognition
43-4031	abilities	4	Memorization
43-4031	abilities	5	Written Expression
43-4031	abilities	6	Oral Expression
43-4031	abilities	7	Near Vision
43-4031	abilities	8	Information Ordering
43-4031	technology	1	Video conferencing software
43-4031	technology	2	Document management software
43-4031	technology	3	Data base reporting software
43-4031	technology	4	Information retrieval or search software
43-4031	technology	5	Calendar and scheduling software
43-4041	knowledge	1	Economics and Accounting
43-4041	knowledge	2	Law and Government
43-4041	knowledge	3	Customer and Personal Service
43-4041	knowledge	4	Administrative
43-4041	knowledge	5	Mathematics
43-4041	knowledge	6	Sales and Marketing
43-4041	knowledge	7	Computers and Electronics
43-4041	knowledge	8	Administration and Management
43-4041	skills	1	Active Listening
43-4041	skills	2	Speaking
43-4041	skills	3	Negotiation
43-4041	skills	4	Writing
43-4041	skills	5	Reading Comprehension
43-4041	skills	6	Social Perceptiveness
43-4041	skills	7	Judgment and Decision Making
43-4041	skills	8	Time Management
43-4041	abilities	1	Written Expression
43-4041	abilities	2	Written Comprehension
43-4041	abilities	3	Oral Expression
43-4041	abilities	4	Oral Comprehension
43-4041	abilities	5	Speech Clarity
43-4041	abilities	6	Speech Recognition
43-4041	abilities	7	Near Vision
43-4041	abilities	8	Information Ordering
43-4041	technology	1	Business intelligence and data analysis software
43-4041	technology	2	Financial analysis software
43-4041	technology	3	Accounting software
43-4051	knowledge	1	Customer and Personal Service
43-4051	knowledge	2	Sales and Marketing
43-4051	knowledge	3	Economics and Accounting
43-4051	knowledge	4	Administrative
43-4051	knowledge	5	Administration and Management
43-4051	knowledge	6	Computers and Electronics
43-4051	knowledge	7	English Language
43-4051	knowledge	8	Mathematics
43-4051	skills	1	Service Orientation
43-4051	skills	2	Active Listening
43-4051	skills	3	Negotiation
43-4051	skills	4	Speaking
43-4051	skills	5	Persuasion
43-4051	skills	6	Time Management
43-4051	skills	7	Instructing
43-4051	skills	8	Complex Problem Solving
43-4051	abilities	1	Speech Recognition
43-4051	abilities	2	Speech Clarity
43-4051	abilities	3	Oral Expression
43-4051	abilities	4	Oral Comprehension
43-4051	abilities	5	Written Expression
43-4051	abilities	6	Problem Sensitivity
43-4051	abilities	7	Mathematical Reasoning
43-4051	abilities	8	Memorization
43-4051	technology	1	Time accounting software
43-4051	technology	2	Video conferencing software
43-4051	technology	3	Customer relationship management CRM software
43-4051	technology	4	Medical software
43-4051	technology	5	Cloud-based data access and sharing software
43-4051	technology	6	Accounting software
43-4051	technology	7	Web page creation and editing software
43-4051	technology	8	Document management software
43-4061	knowledge	1	Customer and Personal Service
43-4061	knowledge	2	Personnel and Human Resources
43-4061	knowledge	3	Administrative
43-4061	knowledge	4	Administration and Management
43-4061	knowledge	5	English Language
43-4061	knowledge	6	Law and Government
43-4061	knowledge	7	Communications and Media
43-4061	knowledge	8	Education and Training
43-4061	skills	1	Speaking
43-4061	skills	2	Service Orientation
43-4061	skills	3	Social Perceptiveness
43-4061	skills	4	Writing
43-4061	skills	5	Reading Comprehension
43-4061	skills	6	Active Listening
43-4061	skills	7	Negotiation
43-4061	skills	8	Persuasion
43-4061	abilities	1	Written Expression
43-4061	abilities	2	Oral Expression
43-4061	abilities	3	Speech Clarity
43-4061	abilities	4	Speech Recognition
43-4061	abilities	5	Written Comprehension
43-4061	abilities	6	Oral Comprehension
43-4061	abilities	7	Inductive Reasoning
43-4061	abilities	8	Deductive Reasoning
43-4061	technology	1	Video conferencing software
43-4061	technology	2	Data compression software
43-4061	technology	3	Data base reporting software
43-4061	technology	4	Medical software
43-4061	technology	5	Document management software
43-4061	technology	6	Calendar and scheduling software
43-4071	knowledge	1	Administrative
43-4071	knowledge	2	Economics and Accounting
43-4071	knowledge	3	Computers and Electronics
43-4071	knowledge	4	Personnel and Human Resources
43-4071	knowledge	5	Communications and Media
43-4071	knowledge	6	Law and Government
43-4071	knowledge	7	Customer and Personal Service
43-4071	knowledge	8	English Language
43-4071	skills	1	Reading Comprehension
43-4071	skills	2	Service Orientation
43-4071	skills	3	Time Management
43-4071	skills	4	Social Perceptiveness
43-4071	skills	5	Writing
43-4071	skills	6	Monitoring
43-4071	skills	7	Active Learning
43-4071	skills	8	Coordination
43-4071	abilities	1	Category Flexibility
43-4071	abilities	2	Information Ordering
43-4071	abilities	3	Perceptual Speed
43-4071	abilities	4	Written Comprehension
43-4071	abilities	5	Near Vision
43-4071	abilities	6	Finger Dexterity
43-4071	abilities	7	Written Expression
43-4071	abilities	8	Oral Comprehension
43-4071	technology	1	Cloud-based data access and sharing software
43-4071	technology	2	Accounting software
43-4071	technology	3	Document management software
43-4071	technology	4	Filesystem software
43-4071	technology	5	Optical character reader OCR or scanning software
43-4071	technology	6	Medical software
43-4081	knowledge	1	Administrative
43-4081	knowledge	2	Customer and Personal Service
43-4081	knowledge	3	Public Safety and Security
43-4081	knowledge	4	Sales and Marketing
43-4081	knowledge	5	Economics and Accounting
43-4081	knowledge	6	English Language
43-4081	knowledge	7	Telecommunications
43-4081	knowledge	8	Computers and Electronics
43-4081	skills	1	Service Orientation
43-4081	skills	2	Social Perceptiveness
43-4081	skills	3	Management of Personnel Resources
43-4081	skills	4	Negotiation
43-4081	skills	5	Speaking
43-4081	skills	6	Persuasion
43-4081	skills	7	Mathematics
43-4081	skills	8	Instructing
43-4081	abilities	1	Number Facility
43-4081	abilities	2	Oral Expression
43-4081	abilities	3	Oral Comprehension
43-4081	abilities	4	Mathematical Reasoning
43-4081	abilities	5	Originality
43-4081	abilities	6	Speech Recognition
43-4081	abilities	7	Fluency of Ideas
43-4081	abilities	8	Speech Clarity
43-4081	technology	1	Web page creation and editing software
43-4081	technology	2	Facilities management software
43-4081	technology	3	Instant messaging software
43-4081	technology	4	Financial analysis software
43-4081	technology	5	Desktop publishing software
43-4111	knowledge	1	Customer and Personal Service
43-4111	knowledge	2	Administrative
43-4111	knowledge	3	Therapy and Counseling
43-4111	knowledge	4	Computers and Electronics
43-4111	knowledge	5	Communications and Media
43-4111	knowledge	6	Mathematics
43-4111	knowledge	7	Personnel and Human Resources
43-4111	knowledge	8	Administration and Management
43-4111	skills	1	Active Listening
43-4111	skills	2	Negotiation
43-4111	skills	3	Speaking
43-4111	skills	4	Service Orientation
43-4111	skills	5	Management of Personnel Resources
43-4111	skills	6	Persuasion
43-4111	skills	7	Social Perceptiveness
43-4111	skills	8	Time Management
43-4111	abilities	1	Speech Recognition
43-4111	abilities	2	Speech Clarity
43-4111	abilities	3	Oral Expression
43-4111	abilities	4	Selective Attention
43-4111	abilities	5	Oral Comprehension
43-4111	abilities	6	Written Expression
43-4111	abilities	7	Information Ordering
43-4111	abilities	8	Category Flexibility
43-4111	technology	1	Customer relationship management CRM software
43-4111	technology	2	Medical software
43-4111	technology	3	Human resources software
43-4121	knowledge	1	Administrative
43-4121	knowledge	2	Psychology
43-4121	knowledge	3	Customer and Personal Service
43-4121	knowledge	4	Public Safety and Security
43-4121	knowledge	5	Education and Training
43-4121	knowledge	6	Computers and Electronics
43-4121	knowledge	7	English Language
43-4121	skills	1	Service Orientation
43-4121	skills	2	Instructing
43-4121	skills	3	Coordination
43-4121	skills	4	Writing
43-4121	skills	5	Time Management
43-4121	skills	6	Reading Comprehension
43-4121	skills	7	Learning Strategies
43-4121	skills	8	Social Perceptiveness
43-4121	abilities	1	Time Sharing
43-4121	abilities	2	Trunk Strength
43-4121	abilities	3	Perceptual Speed
43-4121	abilities	4	Written Comprehension
43-4121	abilities	5	Memorization
43-4121	abilities	6	Information Ordering
43-4121	abilities	7	Selective Attention
43-4121	abilities	8	Oral Expression
43-4121	technology	1	Object or component oriented development software
43-4121	technology	2	Document management software
43-4121	technology	3	Library software
43-4121	technology	4	Information retrieval or search software
43-4121	technology	5	Desktop publishing software
43-4131	knowledge	1	Administrative
43-4131	knowledge	2	Customer and Personal Service
43-4131	knowledge	3	Law and Government
43-4131	knowledge	4	Sales and Marketing
43-4131	knowledge	5	Economics and Accounting
43-4131	knowledge	6	English Language
43-4131	knowledge	7	Computers and Electronics
43-4131	knowledge	8	Mathematics
43-4131	skills	1	Mathematics
43-4131	skills	2	Active Listening
43-4131	skills	3	Speaking
43-4131	skills	4	Writing
43-4131	skills	5	Reading Comprehension
43-4131	skills	6	Complex Problem Solving
43-4131	skills	7	Active Learning
43-4131	skills	8	Negotiation
43-4131	abilities	1	Speech Recognition
43-4131	abilities	2	Written Comprehension
43-4131	abilities	3	Speech Clarity
43-4131	abilities	4	Mathematical Reasoning
43-4131	abilities	5	Number Facility
43-4131	abilities	6	Oral Comprehension
43-4131	abilities	7	Information Ordering
43-4131	abilities	8	Written Expression
43-4131	technology	1	Customer relationship management CRM software
43-4131	technology	2	Financial analysis software
43-4131	technology	3	Desktop publishing software
43-4131	technology	4	Accounting software
43-4141	knowledge	1	Sales and Marketing
43-4141	knowledge	2	Administrative
43-4141	knowledge	3	Customer and Personal Service
43-4141	knowledge	4	Economics and Accounting
43-4141	knowledge	5	Computers and Electronics
43-4141	knowledge	6	Public Safety and Security
43-4141	knowledge	7	Law and Government
43-4141	knowledge	8	Mathematics
43-4141	skills	1	Speaking
43-4141	skills	2	Service Orientation
43-4141	skills	3	Active Listening
43-4141	skills	4	Mathematics
43-4141	skills	5	Persuasion
43-4141	skills	6	Social Perceptiveness
43-4141	skills	7	Reading Comprehension
43-4141	skills	8	Coordination
43-4141	abilities	1	Mathematical Reasoning
43-4141	abilities	2	Number Facility
43-4141	abilities	3	Oral Expression
43-4141	abilities	4	Oral Comprehension
43-4141	abilities	5	Speech Recognition
43-4141	abilities	6	Written Comprehension
43-4141	abilities	7	Memorization
43-4141	abilities	8	Speech Clarity
43-4141	technology	1	Cloud-based data access and sharing software
43-4141	technology	2	Financial analysis software
43-4141	technology	3	Customer relationship management CRM software
43-4141	technology	4	Accounting software
43-4151	knowledge	1	Production and Processing
43-4151	knowledge	2	Sales and Marketing
43-4151	knowledge	3	Transportation
43-4151	knowledge	4	Computers and Electronics
43-4151	knowledge	5	Administrative
43-4151	knowledge	6	Customer and Personal Service
43-4151	knowledge	7	Education and Training
43-4151	knowledge	8	Personnel and Human Resources
43-4151	skills	1	Service Orientation
43-4151	skills	2	Mathematics
43-4151	skills	3	Active Listening
43-4151	skills	4	Speaking
43-4151	skills	5	Negotiation
43-4151	skills	6	Persuasion
43-4151	skills	7	Reading Comprehension
43-4151	skills	8	Writing
43-4151	abilities	1	Speech Recognition
43-4151	abilities	2	Speech Clarity
43-4151	abilities	3	Near Vision
43-4151	abilities	4	Speed of Closure
43-4151	abilities	5	Number Facility
43-4151	abilities	6	Oral Expression
43-4151	abilities	7	Perceptual Speed
43-4151	abilities	8	Oral Comprehension
43-4151	technology	1	Accounting software
43-4151	technology	2	Document management software
43-4151	technology	3	Procurement software
43-4151	technology	4	Enterprise system management software
43-4151	technology	5	Materials requirements planning logistics and supply chain software
43-4151	technology	6	Inventory management software
43-4161	knowledge	1	Personnel and Human Resources
43-4161	knowledge	2	Administrative
43-4161	knowledge	3	Administration and Management
43-4161	knowledge	4	Customer and Personal Service
43-4161	knowledge	5	Computers and Electronics
43-4161	knowledge	6	English Language
43-4161	knowledge	7	Education and Training
43-4161	skills	1	Reading Comprehension
43-4161	skills	2	Active Listening
43-4161	skills	3	Writing
43-4161	skills	4	Social Perceptiveness
43-4161	skills	5	Speaking
43-4161	skills	6	Persuasion
43-4161	skills	7	Monitoring
43-4161	skills	8	Service Orientation
43-4161	abilities	1	Written Expression
43-4161	abilities	2	Written Comprehension
43-4161	abilities	3	Speech Clarity
43-4161	abilities	4	Oral Expression
43-4161	abilities	5	Oral Comprehension
43-4161	abilities	6	Speech Recognition
43-4161	abilities	7	Near Vision
43-4161	abilities	8	Time Sharing
43-4161	technology	1	Process mapping and design software
43-4161	technology	2	Cloud-based data access and sharing software
43-4161	technology	3	Web page creation and editing software
43-4161	technology	4	Optical character reader OCR or scanning software
43-4161	technology	5	Human resources software
43-4161	technology	6	Computer based training software
43-4161	technology	7	Desktop publishing software
43-4161	technology	8	Document management software
43-4171	knowledge	1	Administrative
43-4171	knowledge	2	Customer and Personal Service
43-4171	knowledge	3	Telecommunications
43-4171	knowledge	4	Computers and Electronics
43-4171	knowledge	5	Personnel and Human Resources
43-4171	knowledge	6	Communications and Media
43-4171	knowledge	7	English Language
43-4171	knowledge	8	Public Safety and Security
43-4171	skills	1	Service Orientation
43-4171	skills	2	Speaking
43-4171	skills	3	Active Listening
43-4171	skills	4	Social Perceptiveness
43-4171	skills	5	Coordination
43-4171	skills	6	Persuasion
43-4171	skills	7	Writing
43-4171	skills	8	Time Management
43-4171	abilities	1	Speech Recognition
43-4171	abilities	2	Speech Clarity
43-4171	abilities	3	Oral Expression
43-4171	abilities	4	Time Sharing
43-4171	abilities	5	Oral Comprehension
43-4171	abilities	6	Written Comprehension
43-4171	abilities	7	Memorization
43-4171	abilities	8	Written Expression
43-4171	technology	1	Customer relationship management CRM software
43-4171	technology	2	Accounting software
43-4171	technology	3	Mobile messaging service software
43-4171	technology	4	Network conferencing software
43-4171	technology	5	Time accounting software
43-4171	technology	6	Desktop publishing software
43-4171	technology	7	Medical software
43-4171	technology	8	Cloud-based data access and sharing software
43-4181	knowledge	1	Geography
43-4181	knowledge	2	Transportation
43-4181	knowledge	3	Customer and Personal Service
43-4181	knowledge	4	Foreign Language
43-4181	knowledge	5	Public Safety and Security
43-4181	knowledge	6	Computers and Electronics
43-4181	knowledge	7	Psychology
43-4181	knowledge	8	Sales and Marketing
43-4181	skills	1	Service Orientation
43-4181	skills	2	Persuasion
43-4181	skills	3	Speaking
43-4181	skills	4	Social Perceptiveness
43-4181	skills	5	Active Listening
43-4181	skills	6	Negotiation
43-4181	skills	7	Mathematics
43-4181	skills	8	Systems Analysis
43-4181	abilities	1	Speech Recognition
43-4181	abilities	2	Speech Clarity
43-4181	abilities	3	Oral Expression
43-4181	abilities	4	Oral Comprehension
43-4181	abilities	5	Time Sharing
43-4181	abilities	6	Information Ordering
43-4181	abilities	7	Finger Dexterity
43-4181	abilities	8	Speed of Closure
43-4181	technology	1	Point of sale POS software
43-4181	technology	2	Financial analysis software
43-4181	technology	3	Calendar and scheduling software
43-5011	knowledge	1	Geography
43-5011	knowledge	2	Transportation
43-5011	knowledge	3	Telecommunications
43-5011	knowledge	4	Public Safety and Security
43-5011	knowledge	5	Law and Government
43-5011	knowledge	6	Administration and Management
43-5011	knowledge	7	Administrative
43-5011	knowledge	8	Communications and Media
43-5011	skills	1	Negotiation
43-5011	skills	2	Persuasion
43-5011	skills	3	Speaking
43-5011	skills	4	Service Orientation
43-5011	skills	5	Time Management
43-5011	skills	6	Active Listening
43-5011	skills	7	Coordination
43-5011	skills	8	Social Perceptiveness
43-5011	abilities	1	Written Comprehension
43-5011	abilities	2	Oral Expression
43-5011	abilities	3	Oral Comprehension
43-5011	abilities	4	Number Facility
43-5011	abilities	5	Time Sharing
43-5011	abilities	6	Perceptual Speed
43-5011	abilities	7	Flexibility of Closure
43-5011	abilities	8	Selective Attention
43-5011	technology	1	Procurement software
43-5011	technology	2	Mobile location based services software
43-5011	technology	3	Inventory management software
43-5021	knowledge	1	Transportation
43-5021	knowledge	2	Customer and Personal Service
43-5021	knowledge	3	English Language
43-5021	skills	1	Operation and Control
43-5021	skills	2	Time Management
43-5021	skills	3	Service Orientation
43-5021	skills	4	Mathematics
43-5021	skills	5	Operations Monitoring
43-5021	skills	6	Writing
43-5021	skills	7	Speaking
43-5021	skills	8	Active Listening
43-5021	abilities	1	Response Orientation
43-5021	abilities	2	Spatial Orientation
43-5021	abilities	3	Glare Sensitivity
43-5021	abilities	4	Multilimb Coordination
43-5021	abilities	5	Rate Control
43-5021	abilities	6	Stamina
43-5021	abilities	7	Depth Perception
43-5021	abilities	8	Gross Body Coordination
43-5021	technology	1	Route navigation software
43-5031	knowledge	1	Geography
43-5031	knowledge	2	Telecommunications
43-5031	knowledge	3	Public Safety and Security
43-5031	knowledge	4	Law and Government
43-5031	knowledge	5	Communications and Media
43-5031	knowledge	6	Therapy and Counseling
43-5031	knowledge	7	Administrative
43-5031	knowledge	8	Computers and Electronics
43-5031	skills	1	Service Orientation
43-5031	skills	2	Active Listening
43-5031	skills	3	Social Perceptiveness
43-5031	skills	4	Coordination
43-5031	skills	5	Speaking
43-5031	skills	6	Persuasion
43-5031	skills	7	Negotiation
43-5031	skills	8	Critical Thinking
43-5031	abilities	1	Selective Attention
43-5031	abilities	2	Auditory Attention
43-5031	abilities	3	Speech Clarity
43-5031	abilities	4	Oral Expression
43-5031	abilities	5	Time Sharing
43-5031	abilities	6	Reaction Time
43-5031	abilities	7	Oral Comprehension
43-5031	abilities	8	Speed of Closure
43-5031	technology	1	Mobile messaging service software
43-5031	technology	2	Helpdesk or call center software
43-5031	technology	3	Geographic information system
43-5032	knowledge	1	Transportation
43-5032	knowledge	2	Public Safety and Security
43-5032	knowledge	3	Administrative
43-5032	knowledge	4	Customer and Personal Service
43-5032	knowledge	5	Personnel and Human Resources
43-5032	knowledge	6	Administration and Management
43-5032	knowledge	7	Psychology
43-5032	knowledge	8	Computers and Electronics
43-5032	skills	1	Coordination
43-5032	skills	2	Time Management
43-5032	skills	3	Monitoring
43-5032	skills	4	Speaking
43-5032	skills	5	Active Listening
43-5032	skills	6	Reading Comprehension
43-5032	skills	7	Systems Analysis
43-5032	skills	8	Service Orientation
43-5032	abilities	1	Speech Recognition
43-5032	abilities	2	Speech Clarity
43-5032	abilities	3	Speed of Closure
43-5032	abilities	4	Written Expression
43-5032	abilities	5	Oral Expression
43-5032	abilities	6	Oral Comprehension
43-5032	abilities	7	Time Sharing
43-5032	abilities	8	Deductive Reasoning
43-5032	technology	1	Time accounting software
43-5032	technology	2	Aviation ground support software
43-5032	technology	3	Route navigation software
43-5032	technology	4	Helpdesk or call center software
43-5032	technology	5	Mobile location based services software
43-5032	technology	6	Expert system software
43-5032	technology	7	Map creation software
43-5032	technology	8	Data base reporting software
43-5041	knowledge	1	Public Safety and Security
43-5041	knowledge	2	Mechanical
43-5041	knowledge	3	Customer and Personal Service
43-5041	knowledge	4	Mathematics
43-5041	knowledge	5	Computers and Electronics
43-5041	knowledge	6	Administrative
43-5041	knowledge	7	English Language
43-5041	knowledge	8	Administration and Management
43-5041	skills	1	Operation and Control
43-5041	skills	2	Troubleshooting
43-5041	skills	3	Operations Monitoring
43-5041	skills	4	Service Orientation
43-5041	skills	5	Time Management
43-5041	skills	6	Persuasion
43-5041	skills	7	Complex Problem Solving
43-5041	skills	8	Instructing
43-5041	abilities	1	Gross Body Coordination
43-5041	abilities	2	Speed of Limb Movement
43-5041	abilities	3	Extent Flexibility
43-5041	abilities	4	Stamina
43-5041	abilities	5	Static Strength
43-5041	abilities	6	Trunk Strength
43-5041	abilities	7	Multilimb Coordination
43-5041	abilities	8	Response Orientation
43-5041	technology	1	Charting software
43-5041	technology	2	Map creation software
43-5041	technology	3	Data base reporting software
43-5041	technology	4	Industrial control software
43-5041	technology	5	Geographic information system
43-5041	technology	6	Accounting software
43-5051	knowledge	1	Transportation
43-5051	knowledge	2	Sales and Marketing
43-5051	knowledge	3	Customer and Personal Service
43-5051	knowledge	4	Production and Processing
43-5051	knowledge	5	Administrative
43-5051	knowledge	6	Mathematics
43-5051	knowledge	7	Public Safety and Security
43-5051	knowledge	8	Computers and Electronics
43-5051	skills	1	Mathematics
43-5051	skills	2	Service Orientation
43-5051	skills	3	Time Management
43-5051	skills	4	Persuasion
43-5051	skills	5	Social Perceptiveness
43-5051	skills	6	Active Listening
43-5051	skills	7	Speaking
43-5051	skills	8	Writing
43-5051	abilities	1	Trunk Strength
43-5051	abilities	2	Extent Flexibility
43-5051	abilities	3	Static Strength
43-5051	abilities	4	Manual Dexterity
43-5051	abilities	5	Stamina
43-5051	abilities	6	Number Facility
43-5051	abilities	7	Arm-Hand Steadiness
43-5051	abilities	8	Mathematical Reasoning
43-5051	technology	1	Point of sale POS software
43-5051	technology	2	Time accounting software
43-5051	technology	3	Human resources software
43-5051	technology	4	Inventory management software
43-5051	technology	5	Accounting software
43-5052	knowledge	1	Sales and Marketing
43-5052	knowledge	2	Transportation
43-5052	knowledge	3	Customer and Personal Service
43-5052	knowledge	4	Public Safety and Security
43-5052	knowledge	5	Production and Processing
43-5052	knowledge	6	Administration and Management
43-5052	knowledge	7	Education and Training
43-5052	knowledge	8	English Language
43-5052	skills	1	Social Perceptiveness
43-5052	skills	2	Time Management
43-5052	skills	3	Service Orientation
43-5052	skills	4	Coordination
43-5052	skills	5	Critical Thinking
43-5052	skills	6	Speaking
43-5052	skills	7	Active Listening
43-5052	skills	8	Judgment and Decision Making
43-5052	abilities	1	Stamina
43-5052	abilities	2	Extent Flexibility
43-5052	abilities	3	Static Strength
43-5052	abilities	4	Trunk Strength
43-5052	abilities	5	Multilimb Coordination
43-5052	abilities	6	Control Precision
43-5052	abilities	7	Arm-Hand Steadiness
43-5052	abilities	8	Manual Dexterity
43-5052	technology	1	Time accounting software
43-5052	technology	2	Map creation software
43-5052	technology	3	Human resources software
43-5053	knowledge	1	English Language
43-5053	skills	1	Operation and Control
43-5053	skills	2	Operations Monitoring
43-5053	skills	3	Coordination
43-5053	skills	4	Monitoring
43-5053	skills	5	Time Management
43-5053	skills	6	Judgment and Decision Making
43-5053	skills	7	Social Perceptiveness
43-5053	skills	8	Service Orientation
43-5053	abilities	1	Static Strength
43-5053	abilities	2	Manual Dexterity
43-5053	abilities	3	Extent Flexibility
43-5053	abilities	4	Multilimb Coordination
43-5053	abilities	5	Trunk Strength
43-5053	abilities	6	Reaction Time
43-5053	abilities	7	Control Precision
43-5053	abilities	8	Finger Dexterity
43-5053	technology	1	Data base management system software
43-5053	technology	2	Cloud-based data access and sharing software
43-5053	technology	3	Bar coding software
43-5053	technology	4	Point of sale POS software
43-5053	technology	5	Optical character reader OCR or scanning software
43-5053	technology	6	Time accounting software
43-5053	technology	7	Map creation software
43-5053	technology	8	Human resources software
43-5061	knowledge	1	Production and Processing
43-5061	knowledge	2	Administrative
43-5061	knowledge	3	Administration and Management
43-5061	knowledge	4	Transportation
43-5061	knowledge	5	Customer and Personal Service
43-5061	knowledge	6	Computers and Electronics
43-5061	knowledge	7	English Language
43-5061	knowledge	8	Mathematics
43-5061	skills	1	Management of Material Resources
43-5061	skills	2	Time Management
43-5061	skills	3	Systems Analysis
43-5061	skills	4	Reading Comprehension
43-5061	skills	5	Systems Evaluation
43-5061	skills	6	Speaking
43-5061	skills	7	Mathematics
43-5061	skills	8	Negotiation
43-5061	abilities	1	Information Ordering
43-5061	abilities	2	Selective Attention
43-5061	abilities	3	Number Facility
43-5061	abilities	4	Written Expression
43-5061	abilities	5	Perceptual Speed
43-5061	abilities	6	Oral Comprehension
43-5061	abilities	7	Problem Sensitivity
43-5061	abilities	8	Written Comprehension
43-5061	technology	1	Desktop publishing software
43-5061	technology	2	Medical software
43-5061	technology	3	Accounting software
43-5061	technology	4	Document management software
43-5061	technology	5	Procurement software
43-5061	technology	6	Materials requirements planning logistics and supply chain software
43-5061	technology	7	Time accounting software
43-5061	technology	8	Human resources software
43-5071	knowledge	1	Administrative
43-5071	knowledge	2	Transportation
43-5071	knowledge	3	Production and Processing
43-5071	knowledge	4	Computers and Electronics
43-5071	knowledge	5	Mechanical
43-5071	knowledge	6	Administration and Management
43-5071	knowledge	7	Public Safety and Security
43-5071	knowledge	8	Mathematics
43-5071	skills	1	Persuasion
43-5071	skills	2	Time Management
43-5071	skills	3	Coordination
43-5071	skills	4	Social Perceptiveness
43-5071	skills	5	Speaking
43-5071	skills	6	Monitoring
43-5071	skills	7	Service Orientation
43-5071	skills	8	Complex Problem Solving
43-5071	abilities	1	Extent Flexibility
43-5071	abilities	2	Static Strength
43-5071	abilities	3	Arm-Hand Steadiness
43-5071	abilities	4	Manual Dexterity
43-5071	abilities	5	Trunk Strength
43-5071	abilities	6	Multilimb Coordination
43-5071	abilities	7	Finger Dexterity
43-5071	abilities	8	Visual Color Discrimination
43-5071	technology	1	Label making software
43-5071	technology	2	Procurement software
43-5071	technology	3	Access software
43-5071	technology	4	Compliance software
43-5071	technology	5	Materials requirements planning logistics and supply chain software
43-5071	technology	6	Optical character reader OCR or scanning software
43-5071	technology	7	Enterprise application integration software
43-5071	technology	8	Inventory management software
43-5111	knowledge	1	Production and Processing
43-5111	knowledge	2	Mathematics
43-5111	knowledge	3	Administrative
43-5111	knowledge	4	Economics and Accounting
43-5111	knowledge	5	Administration and Management
43-5111	knowledge	6	Public Safety and Security
43-5111	knowledge	7	Computers and Electronics
43-5111	knowledge	8	English Language
43-5111	skills	1	Quality Control Analysis
43-5111	skills	2	Mathematics
43-5111	skills	3	Persuasion
43-5111	skills	4	Service Orientation
43-5111	skills	5	Operations Monitoring
43-5111	skills	6	Learning Strategies
43-5111	skills	7	Negotiation
43-5111	skills	8	Coordination
43-5111	abilities	1	Number Facility
43-5111	abilities	2	Perceptual Speed
43-5111	abilities	3	Near Vision
43-5111	abilities	4	Mathematical Reasoning
43-5111	abilities	5	Finger Dexterity
43-5111	abilities	6	Arm-Hand Steadiness
43-5111	abilities	7	Manual Dexterity
43-5111	abilities	8	Category Flexibility
43-5111	technology	1	Materials requirements planning logistics and supply chain software
43-5111	technology	2	Inventory management software
43-6011	knowledge	1	Administrative
43-6011	knowledge	2	English Language
43-6011	knowledge	3	Personnel and Human Resources
43-6011	knowledge	4	Communications and Media
43-6011	knowledge	5	Computers and Electronics
43-6011	knowledge	6	Administration and Management
43-6011	knowledge	7	Customer and Personal Service
43-6011	knowledge	8	Mathematics
43-6011	skills	1	Service Orientation
43-6011	skills	2	Writing
43-6011	skills	3	Reading Comprehension
43-6011	skills	4	Active Listening
43-6011	skills	5	Negotiation
43-6011	skills	6	Speaking
43-6011	skills	7	Coordination
43-6011	skills	8	Mathematics
43-6011	abilities	1	Written Expression
43-6011	abilities	2	Speech Recognition
43-6011	abilities	3	Written Comprehension
43-6011	abilities	4	Speech Clarity
43-6011	abilities	5	Memorization
43-6011	abilities	6	Oral Expression
43-6011	abilities	7	Perceptual Speed
43-6011	abilities	8	Near Vision
43-6011	technology	1	Video conferencing software
43-6011	technology	2	Process mapping and design software
43-6011	technology	3	Desktop publishing software
43-6011	technology	4	Cloud-based data access and sharing software
43-6011	technology	5	Accounting software
43-6011	technology	6	Web page creation and editing software
43-6011	technology	7	Document management software
43-6011	technology	8	Mobile messaging service software
43-6012	knowledge	1	Administrative
43-6012	knowledge	2	Law and Government
43-6012	knowledge	3	English Language
43-6012	knowledge	4	Computers and Electronics
43-6012	knowledge	5	Customer and Personal Service
43-6012	skills	1	Writing
43-6012	skills	2	Reading Comprehension
43-6012	skills	3	Speaking
43-6012	skills	4	Time Management
43-6012	skills	5	Active Listening
43-6012	skills	6	Persuasion
43-6012	skills	7	Coordination
43-6012	skills	8	Social Perceptiveness
43-6012	abilities	1	Written Expression
43-6012	abilities	2	Written Comprehension
43-6012	abilities	3	Speech Recognition
43-6012	abilities	4	Near Vision
43-6012	abilities	5	Oral Comprehension
43-6012	abilities	6	Speech Clarity
43-6012	abilities	7	Oral Expression
43-6012	abilities	8	Information Ordering
43-6012	technology	1	Process mapping and design software
43-6012	technology	2	Accounting software
43-6012	technology	3	Document management software
43-6012	technology	4	Expert system software
43-6012	technology	5	Human resources software
43-6012	technology	6	Video conferencing software
43-6012	technology	7	Information retrieval or search software
43-6012	technology	8	Desktop publishing software
43-6013	knowledge	1	Medicine and Dentistry
43-6013	knowledge	2	Administrative
43-6013	knowledge	3	Personnel and Human Resources
43-6013	knowledge	4	Customer and Personal Service
43-6013	knowledge	5	Economics and Accounting
43-6013	knowledge	6	English Language
43-6013	knowledge	7	Computers and Electronics
43-6013	knowledge	8	Administration and Management
43-6013	skills	1	Service Orientation
43-6013	skills	2	Speaking
43-6013	skills	3	Active Listening
43-6013	skills	4	Reading Comprehension
43-6013	skills	5	Time Management
43-6013	skills	6	Management of Personnel Resources
43-6013	skills	7	Coordination
43-6013	skills	8	Writing
43-6013	abilities	1	Written Comprehension
43-6013	abilities	2	Speech Recognition
43-6013	abilities	3	Speech Clarity
43-6013	abilities	4	Oral Expression
43-6013	abilities	5	Oral Comprehension
43-6013	abilities	6	Time Sharing
43-6013	abilities	7	Finger Dexterity
43-6013	abilities	8	Category Flexibility
43-6013	technology	1	Medical software
43-6013	technology	2	Accounting software
43-6013	technology	3	Point of sale POS software
43-6013	technology	4	Desktop publishing software
43-6013	technology	5	Cloud-based data access and sharing software
43-6013	technology	6	Calendar and scheduling software
43-6014	knowledge	1	Administrative
43-6014	knowledge	2	Computers and Electronics
43-6014	knowledge	3	English Language
43-6014	knowledge	4	Economics and Accounting
43-6014	knowledge	5	Communications and Media
43-6014	knowledge	6	Administration and Management
43-6014	knowledge	7	Personnel and Human Resources
43-6014	knowledge	8	Customer and Personal Service
43-6014	skills	1	Writing
43-6014	skills	2	Service Orientation
43-6014	skills	3	Speaking
43-6014	skills	4	Reading Comprehension
43-6014	skills	5	Time Management
43-6014	skills	6	Active Listening
43-6014	skills	7	Management of Personnel Resources
43-6014	skills	8	Coordination
43-6014	abilities	1	Written Expression
43-6014	abilities	2	Written Comprehension
43-6014	abilities	3	Speech Recognition
43-6014	abilities	4	Speech Clarity
43-6014	abilities	5	Oral Expression
43-6014	abilities	6	Near Vision
43-6014	abilities	7	Oral Comprehension
43-6014	abilities	8	Time Sharing
43-6014	technology	1	Content workflow software
43-6014	technology	2	Time accounting software
43-6014	technology	3	Video conferencing software
43-6014	technology	4	Data base management system software
43-6014	technology	5	Web platform development software
43-6014	technology	6	Customer relationship management CRM software
43-6014	technology	7	Process mapping and design software
43-6014	technology	8	Desktop publishing software
43-9021	knowledge	1	Administrative
43-9021	knowledge	2	English Language
43-9021	knowledge	3	Law and Government
43-9021	knowledge	4	Customer and Personal Service
43-9021	knowledge	5	Public Safety and Security
43-9021	knowledge	6	Computers and Electronics
43-9021	knowledge	7	Mathematics
43-9021	knowledge	8	Administration and Management
43-9021	skills	1	Reading Comprehension
43-9021	skills	2	Management of Personnel Resources
43-9021	skills	3	Monitoring
43-9021	skills	4	Time Management
43-9021	skills	5	Writing
43-9021	skills	6	Service Orientation
43-9021	skills	7	Instructing
43-9021	skills	8	Active Listening
43-9021	abilities	1	Wrist-Finger Speed
43-9021	abilities	2	Finger Dexterity
43-9021	abilities	3	Perceptual Speed
43-9021	abilities	4	Written Comprehension
43-9021	abilities	5	Selective Attention
43-9021	abilities	6	Near Vision
43-9021	abilities	7	Time Sharing
43-9021	abilities	8	Information Ordering
43-9021	technology	1	Accounting software
43-9021	technology	2	Video conferencing software
43-9021	technology	3	Customer relationship management CRM software
43-9021	technology	4	Medical software
43-9021	technology	5	Cloud-based data access and sharing software
43-9021	technology	6	Document management software
43-9022	knowledge	1	Administrative
43-9022	knowledge	2	Customer and Personal Service
43-9022	knowledge	3	English Language
43-9022	knowledge	4	Computers and Electronics
43-9022	knowledge	5	Law and Government
43-9022	skills	1	Writing
43-9022	skills	2	Mathematics
43-9022	skills	3	Reading Comprehension
43-9022	skills	4	Service Orientation
43-9022	skills	5	Time Management
43-9022	skills	6	Monitoring
43-9022	skills	7	Active Listening
43-9022	skills	8	Coordination
43-9022	abilities	1	Wrist-Finger Speed
43-9022	abilities	2	Near Vision
43-9022	abilities	3	Finger Dexterity
43-9022	abilities	4	Written Comprehension
43-9022	abilities	5	Perceptual Speed
43-9022	abilities	6	Speech Recognition
43-9022	abilities	7	Written Expression
43-9022	abilities	8	Category Flexibility
43-9022	technology	1	Process mapping and design software
43-9022	technology	2	Cloud-based data access and sharing software
43-9022	technology	3	Accounting software
43-9022	technology	4	Document management software
43-9022	technology	5	Customer relationship management CRM software
43-9022	technology	6	Desktop publishing software
43-9022	technology	7	Medical software
43-9031	knowledge	1	Communications and Media
43-9031	knowledge	2	Computers and Electronics
43-9031	knowledge	3	Design
43-9031	knowledge	4	Production and Processing
43-9031	knowledge	5	Administrative
43-9031	knowledge	6	English Language
43-9031	knowledge	7	Mathematics
43-9031	skills	1	Programming
43-9031	skills	2	Operations Analysis
43-9031	skills	3	Judgment and Decision Making
43-9031	skills	4	Reading Comprehension
43-9031	skills	5	Management of Personnel Resources
43-9031	skills	6	Critical Thinking
43-9031	skills	7	Learning Strategies
43-9031	skills	8	Quality Control Analysis
43-9031	abilities	1	Visualization
43-9031	abilities	2	Originality
43-9031	abilities	3	Visual Color Discrimination
43-9031	abilities	4	Fluency of Ideas
43-9031	abilities	5	Perceptual Speed
43-9031	abilities	6	Information Ordering
43-9031	abilities	7	Near Vision
43-9031	abilities	8	Category Flexibility
43-9031	technology	1	Data base management system software
43-9031	technology	2	Enterprise application integration software
43-9031	technology	3	Video creation and editing software
43-9031	technology	4	Web platform development software
43-9031	technology	5	Customer relationship management CRM software
43-9031	technology	6	Process mapping and design software
43-9031	technology	7	Desktop publishing software
43-9031	technology	8	Cloud-based data access and sharing software
43-9041	knowledge	1	Administrative
43-9041	knowledge	2	Customer and Personal Service
43-9041	knowledge	3	Computers and Electronics
43-9041	knowledge	4	English Language
43-9041	knowledge	5	Mathematics
43-9041	skills	1	Time Management
43-9041	skills	2	Negotiation
43-9041	skills	3	Service Orientation
43-9041	skills	4	Reading Comprehension
43-9041	skills	5	Persuasion
43-9041	skills	6	Coordination
43-9041	skills	7	Systems Evaluation
43-9041	skills	8	Social Perceptiveness
43-9041	abilities	1	Speech Recognition
43-9041	abilities	2	Written Comprehension
43-9041	abilities	3	Speech Clarity
43-9041	abilities	4	Written Expression
43-9041	abilities	5	Number Facility
43-9041	abilities	6	Mathematical Reasoning
43-9041	abilities	7	Information Ordering
43-9041	abilities	8	Time Sharing
43-9041	technology	1	Instant messaging software
43-9041	technology	2	Financial analysis software
43-9041	technology	3	Medical software
43-9041	technology	4	Accounting software
43-9041	technology	5	Document management software
43-9051	knowledge	1	Customer and Personal Service
43-9051	knowledge	2	Law and Government
43-9051	knowledge	3	Mathematics
43-9051	knowledge	4	Administrative
43-9051	knowledge	5	English Language
43-9051	knowledge	6	Education and Training
43-9051	skills	1	Operation and Control
43-9051	skills	2	Operations Monitoring
43-9051	skills	3	Time Management
43-9051	skills	4	Coordination
43-9051	skills	5	Writing
43-9051	skills	6	Monitoring
43-9051	skills	7	Service Orientation
43-9051	skills	8	Judgment and Decision Making
43-9051	abilities	1	Static Strength
43-9051	abilities	2	Rate Control
43-9051	abilities	3	Manual Dexterity
43-9051	abilities	4	Finger Dexterity
43-9051	abilities	5	Arm-Hand Steadiness
43-9051	abilities	6	Trunk Strength
43-9051	abilities	7	Multilimb Coordination
43-9051	abilities	8	Control Precision
43-9051	technology	1	Document management software
43-9051	technology	2	Mailing and shipping software
43-9051	technology	3	Accounting software
43-9061	knowledge	1	Administrative
43-9061	knowledge	2	English Language
43-9061	knowledge	3	Customer and Personal Service
43-9061	knowledge	4	Administration and Management
43-9061	knowledge	5	Computers and Electronics
43-9061	knowledge	6	Mathematics
43-9061	skills	1	Reading Comprehension
43-9061	skills	2	Active Listening
43-9061	skills	3	Speaking
43-9061	skills	4	Service Orientation
43-9061	skills	5	Negotiation
43-9061	skills	6	Writing
43-9061	skills	7	Instructing
43-9061	skills	8	Time Management
43-9061	abilities	1	Written Expression
43-9061	abilities	2	Time Sharing
43-9061	abilities	3	Written Comprehension
43-9061	abilities	4	Oral Expression
43-9061	abilities	5	Mathematical Reasoning
43-9061	abilities	6	Number Facility
43-9061	abilities	7	Oral Comprehension
43-9061	abilities	8	Speech Recognition
43-9061	technology	1	Customer relationship management CRM software
43-9061	technology	2	Desktop publishing software
43-9061	technology	3	Medical software
43-9061	technology	4	Cloud-based data access and sharing software
43-9061	technology	5	Accounting software
43-9061	technology	6	Web page creation and editing software
43-9061	technology	7	Document management software
43-9061	technology	8	Instant messaging software
43-9071	knowledge	1	Production and Processing
43-9071	knowledge	2	Customer and Personal Service
43-9071	knowledge	3	English Language
43-9071	knowledge	4	Computers and Electronics
43-9071	knowledge	5	Administrative
43-9071	knowledge	6	Mathematics
43-9071	skills	1	Operation and Control
43-9071	skills	2	Equipment Maintenance
43-9071	skills	3	Repairing
43-9071	skills	4	Equipment Selection
43-9071	skills	5	Troubleshooting
43-9071	skills	6	Operations Monitoring
43-9071	skills	7	Quality Control Analysis
43-9071	skills	8	Mathematics
43-9071	abilities	1	Rate Control
43-9071	abilities	2	Control Precision
43-9071	abilities	3	Arm-Hand Steadiness
43-9071	abilities	4	Auditory Attention
43-9071	abilities	5	Manual Dexterity
43-9071	abilities	6	Hearing Sensitivity
43-9071	abilities	7	Finger Dexterity
43-9071	abilities	8	Number Facility
43-9071	technology	1	Desktop publishing software
43-9071	technology	2	Document management software
43-9071	technology	3	Optical character reader OCR or scanning software
43-9071	technology	4	Desktop communications software
43-9081	knowledge	1	English Language
43-9081	knowledge	2	Communications and Media
43-9081	knowledge	3	Computers and Electronics
43-9081	knowledge	4	Administrative
43-9081	skills	1	Reading Comprehension
43-9081	skills	2	Writing
43-9081	skills	3	Speaking
43-9081	skills	4	Time Management
43-9081	skills	5	Monitoring
43-9081	skills	6	Active Listening
43-9081	skills	7	Critical Thinking
43-9081	skills	8	Active Learning
43-9081	abilities	1	Written Comprehension
43-9081	abilities	2	Written Expression
43-9081	abilities	3	Perceptual Speed
43-9081	abilities	4	Near Vision
43-9081	abilities	5	Oral Comprehension
43-9081	abilities	6	Selective Attention
43-9081	abilities	7	Oral Expression
43-9081	abilities	8	Problem Sensitivity
43-9081	technology	1	Video creation and editing software
43-9081	technology	2	Process mapping and design software
43-9081	technology	3	Desktop publishing software
43-9081	technology	4	Web page creation and editing software
43-9081	technology	5	Document management software
43-9081	technology	6	Internet protocol IP multimedia subsystem software
43-9081	technology	7	Program testing software
43-9081	technology	8	Computer based training software
43-9111	knowledge	1	Mathematics
43-9111	knowledge	2	Computers and Electronics
43-9111	knowledge	3	Economics and Accounting
43-9111	knowledge	4	Law and Government
43-9111	knowledge	5	English Language
43-9111	knowledge	6	Administrative
43-9111	knowledge	7	Education and Training
43-9111	knowledge	8	Personnel and Human Resources
43-9111	skills	1	Mathematics
43-9111	skills	2	Programming
43-9111	skills	3	Active Learning
43-9111	skills	4	Complex Problem Solving
43-9111	skills	5	Writing
43-9111	skills	6	Reading Comprehension
43-9111	skills	7	Critical Thinking
43-9111	skills	8	Time Management
43-9111	abilities	1	Mathematical Reasoning
43-9111	abilities	2	Number Facility
43-9111	abilities	3	Written Expression
43-9111	abilities	4	Speed of Closure
43-9111	abilities	5	Written Comprehension
43-9111	abilities	6	Memorization
43-9111	abilities	7	Information Ordering
43-9111	abilities	8	Inductive Reasoning
43-9111	technology	1	Data base management system software
43-9111	technology	2	Business intelligence and data analysis software
43-9111	technology	3	Web platform development software
43-9111	technology	4	Development environment software
43-9111	technology	5	Object or component oriented development software
43-9111	technology	6	Computer aided design CAD software
43-9111	technology	7	Data base reporting software
43-9111	technology	8	Financial analysis software
45-1011	knowledge	1	Food Production
45-1011	knowledge	2	Biology
45-1011	knowledge	3	Production and Processing
45-1011	knowledge	4	Mechanical
45-1011	knowledge	5	Administration and Management
45-1011	knowledge	6	Building and Construction
45-1011	knowledge	7	Transportation
45-1011	knowledge	8	Chemistry
45-1011	skills	1	Management of Personnel Resources
45-1011	skills	2	Management of Financial Resources
45-1011	skills	3	Operations Monitoring
45-1011	skills	4	Operation and Control
45-1011	skills	5	Equipment Maintenance
45-1011	skills	6	Equipment Selection
45-1011	skills	7	Management of Material Resources
45-1011	skills	8	Quality Control Analysis
45-1011	abilities	1	Spatial Orientation
45-1011	abilities	2	Gross Body Coordination
45-1011	abilities	3	Response Orientation
45-1011	abilities	4	Rate Control
45-1011	abilities	5	Stamina
45-1011	abilities	6	Extent Flexibility
45-1011	abilities	7	Depth Perception
45-1011	abilities	8	Static Strength
45-1011	technology	1	Expert system software
45-1011	technology	2	Time accounting software
45-1011	technology	3	Map creation software
45-1011	technology	4	Inventory management software
45-1011	technology	5	Accounting software
45-1011	technology	6	Calendar and scheduling software
45-2011	knowledge	1	Food Production
45-2011	knowledge	2	Law and Government
45-2011	knowledge	3	Transportation
45-2011	knowledge	4	Biology
45-2011	knowledge	5	Administrative
45-2011	knowledge	6	Public Safety and Security
45-2011	knowledge	7	Production and Processing
45-2011	knowledge	8	Administration and Management
45-2011	skills	1	Quality Control Analysis
45-2011	skills	2	Science
45-2011	skills	3	Operations Monitoring
45-2011	skills	4	Systems Evaluation
45-2011	skills	5	Monitoring
45-2011	skills	6	Systems Analysis
45-2011	skills	7	Operation and Control
45-2011	skills	8	Reading Comprehension
45-2011	abilities	1	Speed of Closure
45-2011	abilities	2	Auditory Attention
45-2011	abilities	3	Far Vision
45-2011	abilities	4	Flexibility of Closure
45-2011	abilities	5	Inductive Reasoning
45-2011	abilities	6	Perceptual Speed
45-2011	abilities	7	Problem Sensitivity
45-2011	abilities	8	Deductive Reasoning
45-2021	knowledge	1	Sales and Marketing
45-2021	knowledge	2	Biology
45-2021	knowledge	3	Customer and Personal Service
45-2021	knowledge	4	Economics and Accounting
45-2021	knowledge	5	Administration and Management
45-2021	knowledge	6	Production and Processing
45-2021	knowledge	7	Administrative
45-2021	knowledge	8	Transportation
45-2021	skills	1	Science
45-2021	skills	2	Operation and Control
45-2021	skills	3	Operations Monitoring
45-2021	skills	4	Quality Control Analysis
45-2021	skills	5	Active Learning
45-2021	skills	6	Complex Problem Solving
45-2021	skills	7	Judgment and Decision Making
45-2021	skills	8	Critical Thinking
45-2021	abilities	1	Static Strength
45-2021	abilities	2	Dynamic Strength
45-2021	abilities	3	Stamina
45-2021	abilities	4	Multilimb Coordination
45-2021	abilities	5	Trunk Strength
45-2021	abilities	6	Extent Flexibility
45-2021	abilities	7	Arm-Hand Steadiness
45-2021	abilities	8	Manual Dexterity
45-2021	technology	1	Desktop publishing software
45-2021	technology	2	Cloud-based data access and sharing software
45-2021	technology	3	Document management software
45-2021	technology	4	Computer based training software
45-2041	knowledge	1	Food Production
45-2041	knowledge	2	Production and Processing
45-2041	knowledge	3	Mechanical
45-2041	knowledge	4	Education and Training
45-2041	knowledge	5	English Language
45-2041	skills	1	Monitoring
45-2041	skills	2	Coordination
45-2041	skills	3	Speaking
45-2041	skills	4	Active Listening
45-2041	skills	5	Critical Thinking
45-2041	abilities	1	Manual Dexterity
45-2041	abilities	2	Static Strength
45-2041	abilities	3	Trunk Strength
45-2041	abilities	4	Finger Dexterity
45-2041	abilities	5	Multilimb Coordination
45-2041	abilities	6	Arm-Hand Steadiness
45-2041	abilities	7	Category Flexibility
45-2041	abilities	8	Visual Color Discrimination
45-2041	technology	1	Web platform development software
45-2091	knowledge	1	Transportation
45-2091	knowledge	2	Chemistry
45-2091	knowledge	3	Mechanical
45-2091	knowledge	4	Production and Processing
45-2091	knowledge	5	Law and Government
45-2091	knowledge	6	Public Safety and Security
45-2091	knowledge	7	English Language
45-2091	knowledge	8	Mathematics
45-2091	skills	1	Operation and Control
45-2091	skills	2	Repairing
45-2091	skills	3	Equipment Maintenance
45-2091	skills	4	Operations Monitoring
45-2091	skills	5	Troubleshooting
45-2091	skills	6	Equipment Selection
45-2091	skills	7	Quality Control Analysis
45-2091	skills	8	Social Perceptiveness
45-2091	abilities	1	Multilimb Coordination
45-2091	abilities	2	Control Precision
45-2091	abilities	3	Response Orientation
45-2091	abilities	4	Rate Control
45-2091	abilities	5	Reaction Time
45-2091	abilities	6	Depth Perception
45-2091	abilities	7	Static Strength
45-2091	abilities	8	Extent Flexibility
45-2091	technology	1	Map creation software
45-2092	knowledge	1	Food Production
45-2092	knowledge	2	Biology
45-2092	knowledge	3	Chemistry
45-2092	knowledge	4	Mechanical
45-2092	knowledge	5	Administration and Management
45-2092	knowledge	6	Mathematics
45-2092	knowledge	7	English Language
45-2092	skills	1	Repairing
45-2092	skills	2	Equipment Maintenance
45-2092	skills	3	Troubleshooting
45-2092	skills	4	Operation and Control
45-2092	skills	5	Operations Monitoring
45-2092	skills	6	Quality Control Analysis
45-2092	skills	7	Systems Analysis
45-2092	skills	8	Persuasion
45-2092	abilities	1	Explosive Strength
45-2092	abilities	2	Extent Flexibility
45-2092	abilities	3	Rate Control
45-2092	abilities	4	Dynamic Strength
45-2092	abilities	5	Stamina
45-2092	abilities	6	Trunk Strength
45-2092	abilities	7	Static Strength
45-2092	abilities	8	Dynamic Flexibility
45-2092	technology	1	Mobile location based services software
45-2093	knowledge	1	Food Production
45-2093	knowledge	2	Biology
45-2093	knowledge	3	Production and Processing
45-2093	knowledge	4	Mechanical
45-2093	knowledge	5	Transportation
45-2093	knowledge	6	Economics and Accounting
45-2093	knowledge	7	Sales and Marketing
45-2093	knowledge	8	Chemistry
45-2093	skills	1	Equipment Selection
45-2093	skills	2	Repairing
45-2093	skills	3	Equipment Maintenance
45-2093	skills	4	Troubleshooting
45-2093	skills	5	Operation and Control
45-2093	skills	6	Operations Monitoring
45-2093	skills	7	Quality Control Analysis
45-2093	skills	8	Monitoring
45-2093	abilities	1	Control Precision
45-2093	abilities	2	Gross Body Coordination
45-2093	abilities	3	Static Strength
45-2093	abilities	4	Response Orientation
45-2093	abilities	5	Spatial Orientation
45-2093	abilities	6	Trunk Strength
45-2093	abilities	7	Multilimb Coordination
45-2093	abilities	8	Arm-Hand Steadiness
45-3031	knowledge	1	Food Production
45-3031	knowledge	2	Geography
45-3031	knowledge	3	Biology
45-3031	knowledge	4	Mechanical
45-3031	knowledge	5	Law and Government
45-3031	knowledge	6	Production and Processing
45-3031	knowledge	7	Transportation
45-3031	knowledge	8	Public Safety and Security
45-3031	skills	1	Repairing
45-3031	skills	2	Equipment Maintenance
45-3031	skills	3	Equipment Selection
45-3031	skills	4	Operation and Control
45-3031	skills	5	Troubleshooting
45-3031	skills	6	Operations Monitoring
45-3031	skills	7	Judgment and Decision Making
45-3031	skills	8	Complex Problem Solving
45-3031	abilities	1	Reaction Time
45-3031	abilities	2	Static Strength
45-3031	abilities	3	Extent Flexibility
45-3031	abilities	4	Spatial Orientation
45-3031	abilities	5	Multilimb Coordination
45-3031	abilities	6	Dynamic Strength
45-3031	abilities	7	Stamina
45-3031	abilities	8	Manual Dexterity
45-3031	technology	1	Route navigation software
45-3031	technology	2	Map creation software
45-3031	technology	3	Inventory management software
45-4011	knowledge	1	Geography
45-4011	knowledge	2	Biology
45-4011	knowledge	3	Public Safety and Security
45-4011	knowledge	4	Transportation
45-4011	knowledge	5	Communications and Media
45-4011	knowledge	6	Personnel and Human Resources
45-4011	knowledge	7	Mechanical
45-4011	knowledge	8	Law and Government
45-4011	skills	1	Operation and Control
45-4011	skills	2	Operations Monitoring
45-4011	skills	3	Active Learning
45-4011	skills	4	Coordination
45-4011	skills	5	Learning Strategies
45-4011	skills	6	Monitoring
45-4011	skills	7	Time Management
45-4011	skills	8	Judgment and Decision Making
45-4011	abilities	1	Dynamic Strength
45-4011	abilities	2	Stamina
45-4011	abilities	3	Static Strength
45-4011	abilities	4	Spatial Orientation
45-4011	abilities	5	Response Orientation
45-4011	abilities	6	Extent Flexibility
45-4011	abilities	7	Multilimb Coordination
45-4011	abilities	8	Depth Perception
45-4011	technology	1	Geographic information system
45-4011	technology	2	Map creation software
45-4021	knowledge	1	Mechanical
45-4021	knowledge	2	Production and Processing
45-4021	knowledge	3	Administration and Management
45-4021	skills	1	Operation and Control
45-4021	skills	2	Equipment Maintenance
45-4021	skills	3	Repairing
45-4021	skills	4	Equipment Selection
45-4021	skills	5	Troubleshooting
45-4021	skills	6	Operations Monitoring
45-4021	skills	7	Quality Control Analysis
45-4021	skills	8	Monitoring
45-4021	abilities	1	Reaction Time
45-4021	abilities	2	Speed of Limb Movement
45-4021	abilities	3	Gross Body Coordination
45-4021	abilities	4	Stamina
45-4021	abilities	5	Multilimb Coordination
45-4021	abilities	6	Static Strength
45-4021	abilities	7	Response Orientation
45-4021	abilities	8	Rate Control
45-4021	technology	1	Geographic information system
45-4021	technology	2	Inventory management software
45-4021	technology	3	Accounting software
45-4022	knowledge	1	Mechanical
45-4022	knowledge	2	Production and Processing
45-4022	knowledge	3	Public Safety and Security
45-4022	knowledge	4	Transportation
45-4022	skills	1	Operation and Control
45-4022	skills	2	Equipment Maintenance
45-4022	skills	3	Repairing
45-4022	skills	4	Operations Monitoring
45-4022	skills	5	Equipment Selection
45-4022	skills	6	Troubleshooting
45-4022	skills	7	Quality Control Analysis
45-4022	skills	8	Time Management
45-4022	abilities	1	Reaction Time
45-4022	abilities	2	Response Orientation
45-4022	abilities	3	Rate Control
45-4022	abilities	4	Control Precision
45-4022	abilities	5	Multilimb Coordination
45-4022	abilities	6	Depth Perception
45-4022	abilities	7	Spatial Orientation
45-4022	abilities	8	Peripheral Vision
45-4022	technology	1	Human resources software
45-4022	technology	2	Inventory management software
45-4023	knowledge	1	Production and Processing
45-4023	knowledge	2	Transportation
45-4023	knowledge	3	Mechanical
45-4023	knowledge	4	Mathematics
45-4023	knowledge	5	Administration and Management
45-4023	knowledge	6	Customer and Personal Service
45-4023	knowledge	7	Education and Training
45-4023	knowledge	8	English Language
45-4023	skills	1	Operation and Control
45-4023	skills	2	Operations Monitoring
45-4023	skills	3	Mathematics
45-4023	skills	4	Quality Control Analysis
45-4023	skills	5	Negotiation
45-4023	skills	6	Persuasion
45-4023	skills	7	Active Learning
45-4023	skills	8	Coordination
45-4023	abilities	1	Depth Perception
45-4023	abilities	2	Multilimb Coordination
45-4023	abilities	3	Control Precision
45-4023	abilities	4	Manual Dexterity
45-4023	abilities	5	Visual Color Discrimination
45-4023	abilities	6	Static Strength
45-4023	abilities	7	Number Facility
45-4023	abilities	8	Arm-Hand Steadiness
45-4023	technology	1	Inventory management software
45-4023	technology	2	Customer relationship management CRM software
47-1011	knowledge	1	Building and Construction
47-1011	knowledge	2	Mechanical
47-1011	knowledge	3	Design
47-1011	knowledge	4	Administration and Management
47-1011	knowledge	5	Engineering and Technology
47-1011	knowledge	6	Physics
47-1011	knowledge	7	Personnel and Human Resources
47-1011	knowledge	8	Public Safety and Security
47-1011	skills	1	Equipment Selection
47-1011	skills	2	Management of Personnel Resources
47-1011	skills	3	Coordination
47-1011	skills	4	Operation and Control
47-1011	skills	5	Quality Control Analysis
47-1011	skills	6	Operations Analysis
47-1011	skills	7	Negotiation
47-1011	skills	8	Learning Strategies
47-1011	abilities	1	Manual Dexterity
47-1011	abilities	2	Multilimb Coordination
47-1011	abilities	3	Control Precision
47-1011	abilities	4	Mathematical Reasoning
47-1011	abilities	5	Time Sharing
47-1011	abilities	6	Auditory Attention
47-1011	abilities	7	Hearing Sensitivity
47-1011	abilities	8	Finger Dexterity
47-1011	technology	1	Document management software
47-1011	technology	2	Computer aided design CAD software
47-1011	technology	3	Facilities management software
47-1011	technology	4	Video conferencing software
47-1011	technology	5	Inventory management software
47-1011	technology	6	Development environment software
47-1011	technology	7	Calendar and scheduling software
47-2011	knowledge	1	Building and Construction
47-2011	knowledge	2	Design
47-2011	knowledge	3	Mechanical
47-2011	knowledge	4	Production and Processing
47-2011	knowledge	5	Mathematics
47-2011	knowledge	6	Engineering and Technology
47-2011	knowledge	7	Sales and Marketing
47-2011	knowledge	8	Public Safety and Security
47-2011	skills	1	Equipment Maintenance
47-2011	skills	2	Repairing
47-2011	skills	3	Operation and Control
47-2011	skills	4	Equipment Selection
47-2011	skills	5	Troubleshooting
47-2011	skills	6	Operations Monitoring
47-2011	skills	7	Quality Control Analysis
47-2011	skills	8	Operations Analysis
47-2011	abilities	1	Control Precision
47-2011	abilities	2	Multilimb Coordination
47-2011	abilities	3	Arm-Hand Steadiness
47-2011	abilities	4	Manual Dexterity
47-2011	abilities	5	Finger Dexterity
47-2011	abilities	6	Static Strength
47-2011	abilities	7	Rate Control
47-2011	abilities	8	Reaction Time
47-2011	technology	1	Computer aided design CAD software
47-2011	technology	2	Computer based training software
47-2021	knowledge	1	Building and Construction
47-2021	knowledge	2	Design
47-2021	knowledge	3	Production and Processing
47-2021	knowledge	4	Mechanical
47-2021	knowledge	5	Public Safety and Security
47-2021	knowledge	6	Engineering and Technology
47-2021	knowledge	7	Mathematics
47-2021	knowledge	8	Administration and Management
47-2021	skills	1	Equipment Selection
47-2021	skills	2	Quality Control Analysis
47-2021	skills	3	Operations Monitoring
47-2021	skills	4	Operation and Control
47-2021	skills	5	Mathematics
47-2021	skills	6	Coordination
47-2021	skills	7	Time Management
47-2021	skills	8	Active Learning
47-2021	abilities	1	Extent Flexibility
47-2021	abilities	2	Dynamic Strength
47-2021	abilities	3	Static Strength
47-2021	abilities	4	Trunk Strength
47-2021	abilities	5	Gross Body Equilibrium
47-2021	abilities	6	Multilimb Coordination
47-2021	abilities	7	Manual Dexterity
47-2021	abilities	8	Gross Body Coordination
47-2021	technology	1	Accounting software
47-2021	technology	2	Computer aided design CAD software
47-2022	knowledge	1	Building and Construction
47-2022	knowledge	2	Design
47-2022	knowledge	3	Mathematics
47-2022	knowledge	4	Mechanical
47-2022	knowledge	5	Public Safety and Security
47-2022	knowledge	6	Education and Training
47-2022	knowledge	7	Psychology
47-2022	knowledge	8	English Language
47-2022	skills	1	Equipment Selection
47-2022	skills	2	Operation and Control
47-2022	skills	3	Management of Personnel Resources
47-2022	skills	4	Quality Control Analysis
47-2022	skills	5	Operations Monitoring
47-2022	skills	6	Negotiation
47-2022	skills	7	Time Management
47-2022	skills	8	Persuasion
47-2022	abilities	1	Static Strength
47-2022	abilities	2	Stamina
47-2022	abilities	3	Gross Body Coordination
47-2022	abilities	4	Trunk Strength
47-2022	abilities	5	Dynamic Strength
47-2022	abilities	6	Gross Body Equilibrium
47-2022	abilities	7	Extent Flexibility
47-2022	abilities	8	Arm-Hand Steadiness
47-2022	technology	1	Web platform development software
47-2022	technology	2	Accounting software
47-2022	technology	3	Network security or virtual private network VPN management software
47-2022	technology	4	Access software
47-2022	technology	5	Computer aided design CAD software
47-2031	knowledge	1	Building and Construction
47-2031	knowledge	2	Design
47-2031	knowledge	3	Engineering and Technology
47-2031	knowledge	4	Physics
47-2031	knowledge	5	Administration and Management
47-2031	knowledge	6	Mechanical
47-2031	knowledge	7	Mathematics
47-2031	knowledge	8	Public Safety and Security
47-2031	skills	1	Equipment Selection
47-2031	skills	2	Quality Control Analysis
47-2031	skills	3	Operation and Control
47-2031	skills	4	Mathematics
47-2031	skills	5	Operations Monitoring
47-2031	skills	6	Coordination
47-2031	skills	7	Monitoring
47-2031	skills	8	Management of Personnel Resources
47-2031	abilities	1	Explosive Strength
47-2031	abilities	2	Static Strength
47-2031	abilities	3	Reaction Time
47-2031	abilities	4	Manual Dexterity
47-2031	abilities	5	Trunk Strength
47-2031	abilities	6	Multilimb Coordination
47-2031	abilities	7	Visualization
47-2031	abilities	8	Dynamic Strength
47-2031	technology	1	Accounting software
47-2031	technology	2	Information retrieval or search software
47-2031	technology	3	Web page creation and editing software
47-2031	technology	4	Computer aided design CAD software
47-2041	knowledge	1	Building and Construction
47-2041	knowledge	2	Production and Processing
47-2041	knowledge	3	Mechanical
47-2041	knowledge	4	Design
47-2041	knowledge	5	Administration and Management
47-2041	knowledge	6	Mathematics
47-2041	knowledge	7	Sales and Marketing
47-2041	knowledge	8	Customer and Personal Service
47-2041	skills	1	Quality Control Analysis
47-2041	skills	2	Mathematics
47-2041	skills	3	Operation and Control
47-2041	skills	4	Operations Monitoring
47-2041	skills	5	Coordination
47-2041	skills	6	Time Management
47-2041	skills	7	Management of Personnel Resources
47-2041	skills	8	Monitoring
47-2041	abilities	1	Extent Flexibility
47-2041	abilities	2	Static Strength
47-2041	abilities	3	Stamina
47-2041	abilities	4	Trunk Strength
47-2041	abilities	5	Dynamic Strength
47-2041	abilities	6	Speed of Limb Movement
47-2041	abilities	7	Gross Body Coordination
47-2041	abilities	8	Gross Body Equilibrium
47-2041	technology	1	Computer aided design CAD software
47-2041	technology	2	Calendar and scheduling software
47-2042	knowledge	1	Building and Construction
47-2042	knowledge	2	Mechanical
47-2042	knowledge	3	Design
47-2042	knowledge	4	Production and Processing
47-2042	knowledge	5	Mathematics
47-2042	knowledge	6	Customer and Personal Service
47-2042	knowledge	7	Transportation
47-2042	knowledge	8	Public Safety and Security
47-2042	skills	1	Negotiation
47-2042	skills	2	Time Management
47-2042	skills	3	Coordination
47-2042	skills	4	Social Perceptiveness
47-2042	skills	5	Active Learning
47-2042	skills	6	Judgment and Decision Making
47-2042	skills	7	Speaking
47-2042	skills	8	Monitoring
47-2042	abilities	1	Extent Flexibility
47-2042	abilities	2	Static Strength
47-2042	abilities	3	Dynamic Strength
47-2042	abilities	4	Arm-Hand Steadiness
47-2042	abilities	5	Manual Dexterity
47-2042	abilities	6	Stamina
47-2042	abilities	7	Trunk Strength
47-2042	abilities	8	Finger Dexterity
47-2042	technology	1	Web page creation and editing software
47-2042	technology	2	Inventory management software
47-2042	technology	3	Computer aided design CAD software
47-2043	knowledge	1	Building and Construction
47-2043	knowledge	2	Production and Processing
47-2043	knowledge	3	Customer and Personal Service
47-2043	knowledge	4	Design
47-2043	knowledge	5	Mechanical
47-2043	knowledge	6	Sales and Marketing
47-2043	knowledge	7	Administration and Management
47-2043	knowledge	8	English Language
47-2043	skills	1	Operation and Control
47-2043	skills	2	Operations Monitoring
47-2043	skills	3	Quality Control Analysis
47-2043	skills	4	Coordination
47-2043	skills	5	Time Management
47-2043	skills	6	Monitoring
47-2043	skills	7	Service Orientation
47-2043	skills	8	Complex Problem Solving
47-2043	abilities	1	Stamina
47-2043	abilities	2	Multilimb Coordination
47-2043	abilities	3	Trunk Strength
47-2043	abilities	4	Control Precision
47-2043	abilities	5	Arm-Hand Steadiness
47-2043	abilities	6	Dynamic Strength
47-2043	abilities	7	Manual Dexterity
47-2043	abilities	8	Extent Flexibility
47-2043	technology	1	Video creation and editing software
47-2043	technology	2	Computer aided design CAD software
47-2044	knowledge	1	Building and Construction
47-2044	knowledge	2	Design
47-2044	knowledge	3	Mathematics
47-2044	knowledge	4	Mechanical
47-2044	knowledge	5	Customer and Personal Service
47-2044	knowledge	6	Administration and Management
47-2044	knowledge	7	English Language
47-2044	skills	1	Mathematics
47-2044	skills	2	Quality Control Analysis
47-2044	skills	3	Operations Monitoring
47-2044	skills	4	Time Management
47-2044	skills	5	Coordination
47-2044	skills	6	Complex Problem Solving
47-2044	skills	7	Instructing
47-2044	skills	8	Service Orientation
47-2044	abilities	1	Extent Flexibility
47-2044	abilities	2	Stamina
47-2044	abilities	3	Gross Body Equilibrium
47-2044	abilities	4	Static Strength
47-2044	abilities	5	Trunk Strength
47-2044	abilities	6	Visualization
47-2044	abilities	7	Gross Body Coordination
47-2044	abilities	8	Multilimb Coordination
47-2044	technology	1	Customer relationship management CRM software
47-2044	technology	2	Computer aided design CAD software
47-2051	knowledge	1	Building and Construction
47-2051	knowledge	2	Public Safety and Security
47-2051	knowledge	3	Mechanical
47-2051	knowledge	4	English Language
47-2051	knowledge	5	Mathematics
47-2051	knowledge	6	Administration and Management
47-2051	skills	1	Quality Control Analysis
47-2051	skills	2	Operation and Control
47-2051	skills	3	Operations Monitoring
47-2051	skills	4	Mathematics
47-2051	skills	5	Time Management
47-2051	skills	6	Coordination
47-2051	skills	7	Monitoring
47-2051	skills	8	Management of Personnel Resources
47-2051	abilities	1	Dynamic Strength
47-2051	abilities	2	Manual Dexterity
47-2051	abilities	3	Speed of Limb Movement
47-2051	abilities	4	Stamina
47-2051	abilities	5	Trunk Strength
47-2051	abilities	6	Extent Flexibility
47-2051	abilities	7	Multilimb Coordination
47-2051	abilities	8	Gross Body Coordination
47-2051	technology	1	Information retrieval or search software
47-2051	technology	2	Accounting software
47-2053	knowledge	1	Building and Construction
47-2053	knowledge	2	Design
47-2053	knowledge	3	Chemistry
47-2053	knowledge	4	Mechanical
47-2053	knowledge	5	Production and Processing
47-2053	knowledge	6	Mathematics
47-2053	knowledge	7	Public Safety and Security
47-2053	knowledge	8	Administration and Management
47-2053	skills	1	Equipment Selection
47-2053	skills	2	Quality Control Analysis
47-2053	skills	3	Operation and Control
47-2053	skills	4	Operations Monitoring
47-2053	skills	5	Coordination
47-2053	skills	6	Time Management
47-2053	skills	7	Judgment and Decision Making
47-2053	skills	8	Social Perceptiveness
47-2053	abilities	1	Manual Dexterity
47-2053	abilities	2	Stamina
47-2053	abilities	3	Extent Flexibility
47-2053	abilities	4	Multilimb Coordination
47-2053	abilities	5	Dynamic Strength
47-2053	abilities	6	Trunk Strength
47-2053	abilities	7	Static Strength
47-2053	abilities	8	Gross Body Coordination
47-2053	technology	1	Accounting software
47-2061	knowledge	1	Building and Construction
47-2061	knowledge	2	Mechanical
47-2061	knowledge	3	Public Safety and Security
47-2061	knowledge	4	Customer and Personal Service
47-2061	skills	1	Operation and Control
47-2061	skills	2	Equipment Selection
47-2061	skills	3	Equipment Maintenance
47-2061	skills	4	Operations Monitoring
47-2061	skills	5	Coordination
47-2061	skills	6	Speaking
47-2061	skills	7	Complex Problem Solving
47-2061	skills	8	Active Listening
47-2061	abilities	1	Static Strength
47-2061	abilities	2	Manual Dexterity
47-2061	abilities	3	Multilimb Coordination
47-2061	abilities	4	Dynamic Strength
47-2061	abilities	5	Stamina
47-2061	abilities	6	Rate Control
47-2061	abilities	7	Extent Flexibility
47-2061	abilities	8	Response Orientation
47-2061	technology	1	Computer aided design CAD software
47-2071	knowledge	1	Building and Construction
47-2071	knowledge	2	Mechanical
47-2071	knowledge	3	Physics
47-2071	knowledge	4	Public Safety and Security
47-2071	knowledge	5	Mathematics
47-2071	knowledge	6	Customer and Personal Service
47-2071	skills	1	Repairing
47-2071	skills	2	Operation and Control
47-2071	skills	3	Equipment Maintenance
47-2071	skills	4	Operations Monitoring
47-2071	skills	5	Troubleshooting
47-2071	skills	6	Equipment Selection
47-2071	skills	7	Quality Control Analysis
47-2071	skills	8	Monitoring
47-2071	abilities	1	Rate Control
47-2071	abilities	2	Control Precision
47-2071	abilities	3	Spatial Orientation
47-2071	abilities	4	Reaction Time
47-2071	abilities	5	Response Orientation
47-2071	abilities	6	Multilimb Coordination
47-2071	abilities	7	Static Strength
47-2071	abilities	8	Extent Flexibility
47-2071	technology	1	Computer aided design CAD software
47-2071	technology	2	Materials requirements planning logistics and supply chain software
47-2071	technology	3	Time accounting software
47-2072	knowledge	1	Building and Construction
47-2072	knowledge	2	Transportation
47-2072	knowledge	3	Mechanical
47-2072	knowledge	4	Engineering and Technology
47-2072	knowledge	5	Design
47-2072	knowledge	6	Physics
47-2072	knowledge	7	Public Safety and Security
47-2072	knowledge	8	Mathematics
47-2072	skills	1	Operation and Control
47-2072	skills	2	Equipment Maintenance
47-2072	skills	3	Operations Monitoring
47-2072	skills	4	Repairing
47-2072	skills	5	Troubleshooting
47-2072	skills	6	Quality Control Analysis
47-2072	skills	7	Monitoring
47-2072	skills	8	Coordination
47-2072	abilities	1	Reaction Time
47-2072	abilities	2	Depth Perception
47-2072	abilities	3	Multilimb Coordination
47-2072	abilities	4	Control Precision
47-2072	abilities	5	Rate Control
47-2072	abilities	6	Response Orientation
47-2072	abilities	7	Spatial Orientation
47-2072	abilities	8	Glare Sensitivity
47-2072	technology	1	Mobile location based services software
47-2073	knowledge	1	Mechanical
47-2073	knowledge	2	Transportation
47-2073	knowledge	3	Public Safety and Security
47-2073	knowledge	4	Administration and Management
47-2073	knowledge	5	Mathematics
47-2073	knowledge	6	English Language
47-2073	knowledge	7	Education and Training
47-2073	knowledge	8	Customer and Personal Service
47-2073	skills	1	Operation and Control
47-2073	skills	2	Equipment Maintenance
47-2073	skills	3	Repairing
47-2073	skills	4	Troubleshooting
47-2073	skills	5	Operations Monitoring
47-2073	skills	6	Quality Control Analysis
47-2073	skills	7	Time Management
47-2073	skills	8	Monitoring
47-2073	abilities	1	Depth Perception
47-2073	abilities	2	Control Precision
47-2073	abilities	3	Rate Control
47-2073	abilities	4	Multilimb Coordination
47-2073	abilities	5	Response Orientation
47-2073	abilities	6	Reaction Time
47-2073	abilities	7	Spatial Orientation
47-2073	abilities	8	Static Strength
47-2073	technology	1	Facilities management software
47-2073	technology	2	Time accounting software
47-2081	knowledge	1	Building and Construction
47-2081	knowledge	2	Mechanical
47-2081	knowledge	3	Design
47-2081	knowledge	4	Public Safety and Security
47-2081	knowledge	5	Transportation
47-2081	knowledge	6	Mathematics
47-2081	knowledge	7	Engineering and Technology
47-2081	knowledge	8	Administration and Management
47-2081	skills	1	Operation and Control
47-2081	skills	2	Quality Control Analysis
47-2081	skills	3	Operations Monitoring
47-2081	skills	4	Time Management
47-2081	skills	5	Coordination
47-2081	skills	6	Judgment and Decision Making
47-2081	skills	7	Monitoring
47-2081	skills	8	Critical Thinking
47-2081	abilities	1	Gross Body Equilibrium
47-2081	abilities	2	Extent Flexibility
47-2081	abilities	3	Stamina
47-2081	abilities	4	Trunk Strength
47-2081	abilities	5	Static Strength
47-2081	abilities	6	Manual Dexterity
47-2081	abilities	7	Gross Body Coordination
47-2081	abilities	8	Arm-Hand Steadiness
47-2081	technology	1	Optical character reader OCR or scanning software
47-2081	technology	2	Accounting software
47-2082	knowledge	1	Building and Construction
47-2082	knowledge	2	Education and Training
47-2082	knowledge	3	English Language
47-2082	skills	1	Time Management
47-2082	skills	2	Monitoring
47-2082	skills	3	Social Perceptiveness
47-2082	skills	4	Coordination
47-2082	skills	5	Speaking
47-2082	skills	6	Active Listening
47-2082	skills	7	Critical Thinking
47-2082	abilities	1	Extent Flexibility
47-2082	abilities	2	Gross Body Equilibrium
47-2082	abilities	3	Stamina
47-2082	abilities	4	Multilimb Coordination
47-2082	abilities	5	Trunk Strength
47-2082	abilities	6	Gross Body Coordination
47-2082	abilities	7	Manual Dexterity
47-2082	abilities	8	Arm-Hand Steadiness
47-2082	technology	1	Accounting software
47-2111	knowledge	1	Building and Construction
47-2111	knowledge	2	Design
47-2111	knowledge	3	Mechanical
47-2111	knowledge	4	Administration and Management
47-2111	knowledge	5	Transportation
47-2111	knowledge	6	Psychology
47-2111	knowledge	7	Mathematics
47-2111	knowledge	8	Public Safety and Security
47-2111	skills	1	Installation
47-2111	skills	2	Troubleshooting
47-2111	skills	3	Repairing
47-2111	skills	4	Equipment Maintenance
47-2111	skills	5	Equipment Selection
47-2111	skills	6	Quality Control Analysis
47-2111	skills	7	Operation and Control
47-2111	skills	8	Operations Analysis
47-2111	abilities	1	Extent Flexibility
47-2111	abilities	2	Gross Body Equilibrium
47-2111	abilities	3	Finger Dexterity
47-2111	abilities	4	Gross Body Coordination
47-2111	abilities	5	Visual Color Discrimination
47-2111	abilities	6	Arm-Hand Steadiness
47-2111	abilities	7	Trunk Strength
47-2111	abilities	8	Reaction Time
47-2111	technology	1	Document management software
47-2111	technology	2	Computer aided design CAD software
47-2111	technology	3	Industrial control software
47-2111	technology	4	Process mapping and design software
47-2111	technology	5	Accounting software
47-2121	knowledge	1	Building and Construction
47-2121	knowledge	2	Design
47-2121	knowledge	3	Mechanical
47-2121	knowledge	4	Administration and Management
47-2121	knowledge	5	Mathematics
47-2121	knowledge	6	Engineering and Technology
47-2121	knowledge	7	Production and Processing
47-2121	knowledge	8	Customer and Personal Service
47-2121	skills	1	Operation and Control
47-2121	skills	2	Operations Monitoring
47-2121	skills	3	Time Management
47-2121	skills	4	Coordination
47-2121	skills	5	Social Perceptiveness
47-2121	skills	6	Complex Problem Solving
47-2121	skills	7	Judgment and Decision Making
47-2121	skills	8	Service Orientation
47-2121	abilities	1	Arm-Hand Steadiness
47-2121	abilities	2	Gross Body Equilibrium
47-2121	abilities	3	Multilimb Coordination
47-2121	abilities	4	Static Strength
47-2121	abilities	5	Trunk Strength
47-2121	abilities	6	Extent Flexibility
47-2121	abilities	7	Gross Body Coordination
47-2121	abilities	8	Manual Dexterity
47-2121	technology	1	Computer aided design CAD software
47-2131	knowledge	1	Building and Construction
47-2131	knowledge	2	Mechanical
47-2131	knowledge	3	Transportation
47-2131	knowledge	4	Administration and Management
47-2131	knowledge	5	Customer and Personal Service
47-2131	knowledge	6	Mathematics
47-2131	knowledge	7	English Language
47-2131	skills	1	Operation and Control
47-2131	skills	2	Operations Monitoring
47-2131	skills	3	Quality Control Analysis
47-2131	skills	4	Negotiation
47-2131	skills	5	Persuasion
47-2131	skills	6	Coordination
47-2131	skills	7	Time Management
47-2131	skills	8	Social Perceptiveness
47-2131	abilities	1	Extent Flexibility
47-2131	abilities	2	Gross Body Equilibrium
47-2131	abilities	3	Multilimb Coordination
47-2131	abilities	4	Stamina
47-2131	abilities	5	Gross Body Coordination
47-2131	abilities	6	Dynamic Strength
47-2131	abilities	7	Manual Dexterity
47-2131	abilities	8	Trunk Strength
47-2132	knowledge	1	Building and Construction
47-2132	knowledge	2	Mechanical
47-2132	knowledge	3	Design
47-2132	knowledge	4	Production and Processing
47-2132	knowledge	5	Sales and Marketing
47-2132	knowledge	6	Administration and Management
47-2132	knowledge	7	Transportation
47-2132	knowledge	8	Personnel and Human Resources
47-2132	skills	1	Operation and Control
47-2132	skills	2	Quality Control Analysis
47-2132	skills	3	Operations Monitoring
47-2132	skills	4	Time Management
47-2132	skills	5	Coordination
47-2132	skills	6	Monitoring
47-2132	skills	7	Instructing
47-2132	skills	8	Active Learning
47-2132	abilities	1	Gross Body Equilibrium
47-2132	abilities	2	Extent Flexibility
47-2132	abilities	3	Gross Body Coordination
47-2132	abilities	4	Static Strength
47-2132	abilities	5	Trunk Strength
47-2132	abilities	6	Stamina
47-2132	abilities	7	Multilimb Coordination
47-2132	abilities	8	Dynamic Strength
47-2141	knowledge	1	Building and Construction
47-2141	knowledge	2	Public Safety and Security
47-2141	knowledge	3	Transportation
47-2141	knowledge	4	Economics and Accounting
47-2141	knowledge	5	Administration and Management
47-2141	knowledge	6	Mechanical
47-2141	knowledge	7	Sales and Marketing
47-2141	knowledge	8	Law and Government
47-2141	skills	1	Time Management
47-2141	skills	2	Social Perceptiveness
47-2141	skills	3	Coordination
47-2141	skills	4	Judgment and Decision Making
47-2141	skills	5	Monitoring
47-2141	skills	6	Service Orientation
47-2141	skills	7	Critical Thinking
47-2141	skills	8	Reading Comprehension
47-2141	abilities	1	Gross Body Equilibrium
47-2141	abilities	2	Extent Flexibility
47-2141	abilities	3	Gross Body Coordination
47-2141	abilities	4	Stamina
47-2141	abilities	5	Trunk Strength
47-2141	abilities	6	Static Strength
47-2141	abilities	7	Arm-Hand Steadiness
47-2141	abilities	8	Dynamic Strength
47-2141	technology	1	Customer relationship management CRM software
47-2142	knowledge	1	Building and Construction
47-2142	knowledge	2	Design
47-2142	knowledge	3	Mechanical
47-2142	knowledge	4	Chemistry
47-2142	knowledge	5	Sales and Marketing
47-2142	knowledge	6	Economics and Accounting
47-2142	knowledge	7	Customer and Personal Service
47-2142	knowledge	8	Public Safety and Security
47-2142	skills	1	Coordination
47-2142	skills	2	Time Management
47-2142	skills	3	Complex Problem Solving
47-2142	skills	4	Judgment and Decision Making
47-2142	skills	5	Speaking
47-2142	skills	6	Social Perceptiveness
47-2142	skills	7	Monitoring
47-2142	skills	8	Active Listening
47-2142	abilities	1	Gross Body Equilibrium
47-2142	abilities	2	Extent Flexibility
47-2142	abilities	3	Manual Dexterity
47-2142	abilities	4	Multilimb Coordination
47-2142	abilities	5	Gross Body Coordination
47-2142	abilities	6	Arm-Hand Steadiness
47-2142	abilities	7	Stamina
47-2142	abilities	8	Trunk Strength
47-2142	technology	1	Enterprise application integration software
47-2142	technology	2	Accounting software
47-2151	knowledge	1	Building and Construction
47-2151	knowledge	2	Mechanical
47-2151	knowledge	3	Design
47-2151	knowledge	4	Chemistry
47-2151	knowledge	5	Physics
47-2151	knowledge	6	Public Safety and Security
47-2151	knowledge	7	Mathematics
47-2151	knowledge	8	Engineering and Technology
47-2151	skills	1	Installation
47-2151	skills	2	Repairing
47-2151	skills	3	Operation and Control
47-2151	skills	4	Equipment Maintenance
47-2151	skills	5	Equipment Selection
47-2151	skills	6	Troubleshooting
47-2151	skills	7	Quality Control Analysis
47-2151	skills	8	Operations Monitoring
47-2151	abilities	1	Extent Flexibility
47-2151	abilities	2	Control Precision
47-2151	abilities	3	Rate Control
47-2151	abilities	4	Reaction Time
47-2151	abilities	5	Static Strength
47-2151	abilities	6	Arm-Hand Steadiness
47-2151	abilities	7	Stamina
47-2151	abilities	8	Depth Perception
47-2152	knowledge	1	Building and Construction
47-2152	knowledge	2	Mechanical
47-2152	knowledge	3	Design
47-2152	knowledge	4	Physics
47-2152	knowledge	5	Engineering and Technology
47-2152	knowledge	6	Mathematics
47-2152	knowledge	7	Public Safety and Security
47-2152	knowledge	8	Chemistry
47-2152	skills	1	Repairing
47-2152	skills	2	Installation
47-2152	skills	3	Troubleshooting
47-2152	skills	4	Equipment Selection
47-2152	skills	5	Equipment Maintenance
47-2152	skills	6	Operation and Control
47-2152	skills	7	Operations Monitoring
47-2152	skills	8	Quality Control Analysis
47-2152	abilities	1	Spatial Orientation
47-2152	abilities	2	Dynamic Strength
47-2152	abilities	3	Gross Body Equilibrium
47-2152	abilities	4	Extent Flexibility
47-2152	abilities	5	Explosive Strength
47-2152	abilities	6	Manual Dexterity
47-2152	abilities	7	Trunk Strength
47-2152	abilities	8	Finger Dexterity
47-2152	technology	1	Web platform development software
47-2152	technology	2	Accounting software
47-2152	technology	3	Facilities management software
47-2152	technology	4	Computer aided design CAD software
47-2161	knowledge	1	Building and Construction
47-2161	knowledge	2	Design
47-2161	knowledge	3	Mechanical
47-2161	knowledge	4	Public Safety and Security
47-2161	knowledge	5	Administration and Management
47-2161	knowledge	6	Production and Processing
47-2161	knowledge	7	Mathematics
47-2161	knowledge	8	Customer and Personal Service
47-2161	skills	1	Quality Control Analysis
47-2161	skills	2	Operation and Control
47-2161	skills	3	Operations Monitoring
47-2161	skills	4	Management of Personnel Resources
47-2161	skills	5	Service Orientation
47-2161	skills	6	Time Management
47-2161	skills	7	Learning Strategies
47-2161	skills	8	Coordination
47-2161	abilities	1	Gross Body Equilibrium
47-2161	abilities	2	Extent Flexibility
47-2161	abilities	3	Dynamic Strength
47-2161	abilities	4	Stamina
47-2161	abilities	5	Gross Body Coordination
47-2161	abilities	6	Static Strength
47-2161	abilities	7	Manual Dexterity
47-2161	abilities	8	Trunk Strength
47-2161	technology	1	Customer relationship management CRM software
47-2161	technology	2	Computer aided manufacturing CAM software
47-2161	technology	3	Accounting software
47-2161	technology	4	Development environment software
47-2161	technology	5	Computer aided design CAD software
47-2171	knowledge	1	Building and Construction
47-2171	knowledge	2	Design
47-2171	knowledge	3	Engineering and Technology
47-2171	knowledge	4	Administration and Management
47-2171	knowledge	5	Mathematics
47-2171	knowledge	6	Mechanical
47-2171	knowledge	7	Public Safety and Security
47-2171	knowledge	8	Education and Training
47-2171	skills	1	Operation and Control
47-2171	skills	2	Quality Control Analysis
47-2171	skills	3	Operations Monitoring
47-2171	skills	4	Coordination
47-2171	skills	5	Time Management
47-2171	skills	6	Judgment and Decision Making
47-2171	skills	7	Monitoring
47-2171	skills	8	Complex Problem Solving
47-2171	abilities	1	Static Strength
47-2171	abilities	2	Stamina
47-2171	abilities	3	Trunk Strength
47-2171	abilities	4	Extent Flexibility
47-2171	abilities	5	Multilimb Coordination
47-2171	abilities	6	Dynamic Strength
47-2171	abilities	7	Reaction Time
47-2171	abilities	8	Gross Body Equilibrium
47-2171	technology	1	Computer aided design CAD software
47-2181	knowledge	1	Building and Construction
47-2181	knowledge	2	Design
47-2181	knowledge	3	Mechanical
47-2181	knowledge	4	Public Safety and Security
47-2181	knowledge	5	Transportation
47-2181	knowledge	6	Education and Training
47-2181	knowledge	7	Engineering and Technology
47-2181	knowledge	8	Mathematics
47-2181	skills	1	Operation and Control
47-2181	skills	2	Coordination
47-2181	skills	3	Operations Monitoring
47-2181	skills	4	Time Management
47-2181	skills	5	Monitoring
47-2181	skills	6	Complex Problem Solving
47-2181	skills	7	Instructing
47-2181	skills	8	Critical Thinking
47-2181	abilities	1	Gross Body Equilibrium
47-2181	abilities	2	Extent Flexibility
47-2181	abilities	3	Gross Body Coordination
47-2181	abilities	4	Stamina
47-2181	abilities	5	Trunk Strength
47-2181	abilities	6	Speed of Limb Movement
47-2181	abilities	7	Multilimb Coordination
47-2181	abilities	8	Response Orientation
47-2181	technology	1	Computer aided design CAD software
47-2211	knowledge	1	Building and Construction
47-2211	knowledge	2	Mechanical
47-2211	knowledge	3	Design
47-2211	knowledge	4	Mathematics
47-2211	knowledge	5	Engineering and Technology
47-2211	knowledge	6	Physics
47-2211	knowledge	7	Production and Processing
47-2211	knowledge	8	Administration and Management
47-2211	skills	1	Installation
47-2211	skills	2	Repairing
47-2211	skills	3	Equipment Maintenance
47-2211	skills	4	Equipment Selection
47-2211	skills	5	Troubleshooting
47-2211	skills	6	Operation and Control
47-2211	skills	7	Mathematics
47-2211	skills	8	Quality Control Analysis
47-2211	abilities	1	Multilimb Coordination
47-2211	abilities	2	Static Strength
47-2211	abilities	3	Rate Control
47-2211	abilities	4	Reaction Time
47-2211	abilities	5	Stamina
47-2211	abilities	6	Extent Flexibility
47-2211	abilities	7	Response Orientation
47-2211	abilities	8	Manual Dexterity
47-2211	technology	1	Computer aided design CAD software
47-2211	technology	2	Computer aided manufacturing CAM software
47-2221	knowledge	1	Building and Construction
47-2221	knowledge	2	Mechanical
47-2221	knowledge	3	Design
47-2221	knowledge	4	Public Safety and Security
47-2221	knowledge	5	Mathematics
47-2221	knowledge	6	Administration and Management
47-2221	knowledge	7	Education and Training
47-2221	knowledge	8	Customer and Personal Service
47-2221	skills	1	Operation and Control
47-2221	skills	2	Operations Monitoring
47-2221	skills	3	Quality Control Analysis
47-2221	skills	4	Coordination
47-2221	skills	5	Troubleshooting
47-2221	skills	6	Management of Personnel Resources
47-2221	skills	7	Learning Strategies
47-2221	skills	8	Instructing
47-2221	abilities	1	Static Strength
47-2221	abilities	2	Gross Body Equilibrium
47-2221	abilities	3	Multilimb Coordination
47-2221	abilities	4	Dynamic Strength
47-2221	abilities	5	Extent Flexibility
47-2221	abilities	6	Rate Control
47-2221	abilities	7	Stamina
47-2221	abilities	8	Depth Perception
47-2221	technology	1	Inventory management software
47-2221	technology	2	Accounting software
47-2221	technology	3	Computer aided design CAD software
47-2231	knowledge	1	Building and Construction
47-2231	knowledge	2	Mechanical
47-2231	knowledge	3	Design
47-2231	knowledge	4	Production and Processing
47-2231	knowledge	5	Engineering and Technology
47-2231	knowledge	6	Physics
47-2231	knowledge	7	Customer and Personal Service
47-2231	knowledge	8	English Language
47-2231	skills	1	Installation
47-2231	skills	2	Troubleshooting
47-2231	skills	3	Repairing
47-2231	skills	4	Equipment Selection
47-2231	skills	5	Equipment Maintenance
47-2231	skills	6	Quality Control Analysis
47-2231	skills	7	Operation and Control
47-2231	skills	8	Operations Monitoring
47-2231	abilities	1	Gross Body Equilibrium
47-2231	abilities	2	Stamina
47-2231	abilities	3	Static Strength
47-2231	abilities	4	Extent Flexibility
47-2231	abilities	5	Visualization
47-2231	abilities	6	Multilimb Coordination
47-2231	abilities	7	Gross Body Coordination
47-2231	abilities	8	Control Precision
47-2231	technology	1	Enterprise application integration software
47-2231	technology	2	Customer relationship management CRM software
47-2231	technology	3	Calendar and scheduling software
47-2231	technology	4	Computer aided design CAD software
47-3011	knowledge	1	Building and Construction
47-3011	knowledge	2	Design
47-3011	knowledge	3	Mechanical
47-3011	knowledge	4	Public Safety and Security
47-3011	knowledge	5	Mathematics
47-3011	knowledge	6	English Language
47-3011	skills	1	Operation and Control
47-3011	skills	2	Troubleshooting
47-3011	skills	3	Operations Monitoring
47-3011	skills	4	Quality Control Analysis
47-3011	skills	5	Time Management
47-3011	skills	6	Coordination
47-3011	skills	7	Monitoring
47-3011	skills	8	Instructing
47-3011	abilities	1	Speed of Limb Movement
47-3011	abilities	2	Static Strength
47-3011	abilities	3	Gross Body Equilibrium
47-3011	abilities	4	Trunk Strength
47-3011	abilities	5	Extent Flexibility
47-3011	abilities	6	Multilimb Coordination
47-3011	abilities	7	Dynamic Strength
47-3011	abilities	8	Stamina
47-3011	technology	1	Process mapping and design software
47-3011	technology	2	Cloud-based data access and sharing software
47-3011	technology	3	Accounting software
47-3011	technology	4	Computer aided design CAD software
47-3012	knowledge	1	Building and Construction
47-3012	knowledge	2	Transportation
47-3012	knowledge	3	Mechanical
47-3012	knowledge	4	Design
47-3012	knowledge	5	Mathematics
47-3012	knowledge	6	Telecommunications
47-3012	knowledge	7	Production and Processing
47-3012	knowledge	8	Chemistry
47-3012	skills	1	Equipment Selection
47-3012	skills	2	Repairing
47-3012	skills	3	Operations Monitoring
47-3012	skills	4	Coordination
47-3012	skills	5	Social Perceptiveness
47-3012	skills	6	Complex Problem Solving
47-3012	skills	7	Time Management
47-3012	skills	8	Active Learning
47-3012	abilities	1	Extent Flexibility
47-3012	abilities	2	Static Strength
47-3012	abilities	3	Dynamic Strength
47-3012	abilities	4	Reaction Time
47-3012	abilities	5	Gross Body Equilibrium
47-3012	abilities	6	Stamina
47-3012	abilities	7	Multilimb Coordination
47-3012	abilities	8	Depth Perception
47-3012	technology	1	Customer relationship management CRM software
47-3012	technology	2	Cloud-based data access and sharing software
47-3012	technology	3	Accounting software
47-3012	technology	4	Computer aided design CAD software
47-3013	knowledge	1	Building and Construction
47-3013	knowledge	2	Design
47-3013	knowledge	3	Mechanical
47-3013	knowledge	4	Physics
47-3013	knowledge	5	Public Safety and Security
47-3013	knowledge	6	Transportation
47-3013	knowledge	7	Engineering and Technology
47-3013	knowledge	8	Telecommunications
47-3013	skills	1	Installation
47-3013	skills	2	Repairing
47-3013	skills	3	Equipment Maintenance
47-3013	skills	4	Equipment Selection
47-3013	skills	5	Troubleshooting
47-3013	skills	6	Quality Control Analysis
47-3013	skills	7	Operation and Control
47-3013	skills	8	Operations Monitoring
47-3013	abilities	1	Manual Dexterity
47-3013	abilities	2	Extent Flexibility
47-3013	abilities	3	Gross Body Equilibrium
47-3013	abilities	4	Gross Body Coordination
47-3013	abilities	5	Multilimb Coordination
47-3013	abilities	6	Trunk Strength
47-3013	abilities	7	Control Precision
47-3013	abilities	8	Static Strength
47-3013	technology	1	Computer aided design CAD software
47-3014	knowledge	1	Building and Construction
47-3014	knowledge	2	English Language
47-3014	skills	1	Repairing
47-3014	skills	2	Equipment Maintenance
47-3014	skills	3	Troubleshooting
47-3014	skills	4	Quality Control Analysis
47-3014	skills	5	Operations Monitoring
47-3014	skills	6	Coordination
47-3014	skills	7	Time Management
47-3014	skills	8	Service Orientation
47-3014	abilities	1	Gross Body Equilibrium
47-3014	abilities	2	Extent Flexibility
47-3014	abilities	3	Gross Body Coordination
47-3014	abilities	4	Static Strength
47-3014	abilities	5	Dynamic Strength
47-3014	abilities	6	Speed of Limb Movement
47-3014	abilities	7	Stamina
47-3014	abilities	8	Trunk Strength
47-3014	technology	1	Accounting software
47-3015	knowledge	1	Building and Construction
47-3015	knowledge	2	Mechanical
47-3015	knowledge	3	Design
47-3015	knowledge	4	Transportation
47-3015	knowledge	5	Engineering and Technology
47-3015	knowledge	6	Mathematics
47-3015	knowledge	7	Customer and Personal Service
47-3015	knowledge	8	Administration and Management
47-3015	skills	1	Repairing
47-3015	skills	2	Coordination
47-3015	skills	3	Judgment and Decision Making
47-3015	skills	4	Monitoring
47-3015	skills	5	Active Learning
47-3015	skills	6	Complex Problem Solving
47-3015	skills	7	Time Management
47-3015	skills	8	Critical Thinking
47-3015	abilities	1	Manual Dexterity
47-3015	abilities	2	Extent Flexibility
47-3015	abilities	3	Multilimb Coordination
47-3015	abilities	4	Static Strength
47-3015	abilities	5	Gross Body Equilibrium
47-3015	abilities	6	Stamina
47-3015	abilities	7	Trunk Strength
47-3015	abilities	8	Gross Body Coordination
47-3016	knowledge	1	Building and Construction
47-3016	knowledge	2	Transportation
47-3016	knowledge	3	Medicine and Dentistry
47-3016	knowledge	4	Mechanical
47-3016	knowledge	5	Public Safety and Security
47-3016	knowledge	6	Administration and Management
47-3016	knowledge	7	Mathematics
47-3016	knowledge	8	Personnel and Human Resources
47-3016	skills	1	Equipment Maintenance
47-3016	skills	2	Equipment Selection
47-3016	skills	3	Quality Control Analysis
47-3016	skills	4	Coordination
47-3016	skills	5	Monitoring
47-3016	skills	6	Service Orientation
47-3016	skills	7	Time Management
47-3016	skills	8	Active Learning
47-3016	abilities	1	Gross Body Equilibrium
47-3016	abilities	2	Speed of Limb Movement
47-3016	abilities	3	Trunk Strength
47-3016	abilities	4	Gross Body Coordination
47-3016	abilities	5	Stamina
47-3016	abilities	6	Multilimb Coordination
47-3016	abilities	7	Extent Flexibility
47-3016	abilities	8	Static Strength
47-3016	technology	1	Computer aided design CAD software
47-4011	knowledge	1	Building and Construction
47-4011	knowledge	2	Design
47-4011	knowledge	3	Engineering and Technology
47-4011	knowledge	4	Mechanical
47-4011	knowledge	5	Law and Government
47-4011	knowledge	6	Public Safety and Security
47-4011	knowledge	7	Mathematics
47-4011	knowledge	8	Customer and Personal Service
47-4011	skills	1	Science
47-4011	skills	2	Quality Control Analysis
47-4011	skills	3	Systems Evaluation
47-4011	skills	4	Mathematics
47-4011	skills	5	Complex Problem Solving
47-4011	skills	6	Reading Comprehension
47-4011	skills	7	Negotiation
47-4011	skills	8	Speaking
47-4011	abilities	1	Inductive Reasoning
47-4011	abilities	2	Visual Color Discrimination
47-4011	abilities	3	Problem Sensitivity
47-4011	abilities	4	Deductive Reasoning
47-4011	abilities	5	Far Vision
47-4011	abilities	6	Depth Perception
47-4011	abilities	7	Memorization
47-4011	abilities	8	Flexibility of Closure
47-4011	technology	1	Accounting software
47-4011	technology	2	Computer aided design CAD software
47-4011	technology	3	Procurement software
47-4011	technology	4	Compliance software
47-4011	technology	5	Map creation software
47-4011	technology	6	Data base reporting software
47-4011	technology	7	Geographic information system
47-4011	technology	8	Calendar and scheduling software
47-4021	knowledge	1	Mechanical
47-4021	knowledge	2	Building and Construction
47-4021	knowledge	3	Public Safety and Security
47-4021	knowledge	4	Physics
47-4021	knowledge	5	Engineering and Technology
47-4021	knowledge	6	Design
47-4021	knowledge	7	Transportation
47-4021	knowledge	8	Telecommunications
47-4021	skills	1	Repairing
47-4021	skills	2	Equipment Maintenance
47-4021	skills	3	Installation
47-4021	skills	4	Troubleshooting
47-4021	skills	5	Equipment Selection
47-4021	skills	6	Quality Control Analysis
47-4021	skills	7	Operations Monitoring
47-4021	skills	8	Operation and Control
47-4021	abilities	1	Gross Body Equilibrium
47-4021	abilities	2	Extent Flexibility
47-4021	abilities	3	Reaction Time
47-4021	abilities	4	Manual Dexterity
47-4021	abilities	5	Response Orientation
47-4021	abilities	6	Arm-Hand Steadiness
47-4021	abilities	7	Finger Dexterity
47-4021	abilities	8	Multilimb Coordination
47-4021	technology	1	Facilities management software
47-4021	technology	2	Calendar and scheduling software
47-4031	knowledge	1	Building and Construction
47-4031	knowledge	2	Transportation
47-4031	knowledge	3	Design
47-4031	knowledge	4	Sales and Marketing
47-4031	knowledge	5	Mechanical
47-4031	knowledge	6	Administration and Management
47-4031	knowledge	7	Geography
47-4031	knowledge	8	Engineering and Technology
47-4031	skills	1	Equipment Selection
47-4031	skills	2	Operation and Control
47-4031	skills	3	Operations Monitoring
47-4031	skills	4	Quality Control Analysis
47-4031	skills	5	Time Management
47-4031	skills	6	Coordination
47-4031	skills	7	Monitoring
47-4031	skills	8	Judgment and Decision Making
47-4031	abilities	1	Trunk Strength
47-4031	abilities	2	Multilimb Coordination
47-4031	abilities	3	Static Strength
47-4031	abilities	4	Dynamic Strength
47-4031	abilities	5	Manual Dexterity
47-4031	abilities	6	Speed of Limb Movement
47-4031	abilities	7	Stamina
47-4031	abilities	8	Gross Body Coordination
47-4031	technology	1	Web page creation and editing software
47-4031	technology	2	Computer aided design CAD software
47-4041	knowledge	1	Building and Construction
47-4041	knowledge	2	Transportation
47-4041	knowledge	3	Public Safety and Security
47-4041	knowledge	4	Mechanical
47-4041	knowledge	5	Chemistry
47-4041	knowledge	6	Administration and Management
47-4041	knowledge	7	Design
47-4041	knowledge	8	Engineering and Technology
47-4041	skills	1	Operation and Control
47-4041	skills	2	Equipment Maintenance
47-4041	skills	3	Equipment Selection
47-4041	skills	4	Troubleshooting
47-4041	skills	5	Operations Monitoring
47-4041	skills	6	Quality Control Analysis
47-4041	skills	7	Monitoring
47-4041	skills	8	Negotiation
47-4041	abilities	1	Control Precision
47-4041	abilities	2	Multilimb Coordination
47-4041	abilities	3	Extent Flexibility
47-4041	abilities	4	Response Orientation
47-4041	abilities	5	Static Strength
47-4041	abilities	6	Rate Control
47-4041	abilities	7	Arm-Hand Steadiness
47-4041	abilities	8	Reaction Time
47-4041	technology	1	Enterprise application integration software
47-4041	technology	2	Facilities management software
47-4041	technology	3	Inventory management software
47-4051	knowledge	1	Public Safety and Security
47-4051	knowledge	2	Building and Construction
47-4051	knowledge	3	Transportation
47-4051	knowledge	4	Geography
47-4051	knowledge	5	Mechanical
47-4051	knowledge	6	Engineering and Technology
47-4051	knowledge	7	Design
47-4051	knowledge	8	Production and Processing
47-4051	skills	1	Operation and Control
47-4051	skills	2	Operations Monitoring
47-4051	skills	3	Troubleshooting
47-4051	skills	4	Equipment Maintenance
47-4051	skills	5	Quality Control Analysis
47-4051	skills	6	Coordination
47-4051	skills	7	Monitoring
47-4051	skills	8	Complex Problem Solving
47-4051	abilities	1	Multilimb Coordination
47-4051	abilities	2	Control Precision
47-4051	abilities	3	Static Strength
47-4051	abilities	4	Response Orientation
47-4051	abilities	5	Speed of Limb Movement
47-4051	abilities	6	Stamina
47-4051	abilities	7	Rate Control
47-4051	abilities	8	Spatial Orientation
47-4061	knowledge	1	Building and Construction
47-4061	knowledge	2	Transportation
47-4061	knowledge	3	Mechanical
47-4061	knowledge	4	Engineering and Technology
47-4061	knowledge	5	Physics
47-4061	knowledge	6	Public Safety and Security
47-4061	knowledge	7	Production and Processing
47-4061	knowledge	8	Design
47-4061	skills	1	Operation and Control
47-4061	skills	2	Equipment Maintenance
47-4061	skills	3	Repairing
47-4061	skills	4	Troubleshooting
47-4061	skills	5	Operations Monitoring
47-4061	skills	6	Equipment Selection
47-4061	skills	7	Quality Control Analysis
47-4061	skills	8	Coordination
47-4061	abilities	1	Reaction Time
47-4061	abilities	2	Multilimb Coordination
47-4061	abilities	3	Control Precision
47-4061	abilities	4	Rate Control
47-4061	abilities	5	Glare Sensitivity
47-4061	abilities	6	Response Orientation
47-4061	abilities	7	Dynamic Strength
47-4061	abilities	8	Manual Dexterity
47-4061	technology	1	Time accounting software
47-4071	knowledge	1	Transportation
47-4071	knowledge	2	Mechanical
47-4071	knowledge	3	Building and Construction
47-4071	knowledge	4	Public Safety and Security
47-4071	knowledge	5	Customer and Personal Service
47-4071	knowledge	6	Engineering and Technology
47-4071	knowledge	7	Law and Government
47-4071	knowledge	8	Mathematics
47-4071	skills	1	Operation and Control
47-4071	skills	2	Repairing
47-4071	skills	3	Equipment Maintenance
47-4071	skills	4	Operations Monitoring
47-4071	skills	5	Troubleshooting
47-4071	skills	6	Equipment Selection
47-4071	skills	7	Quality Control Analysis
47-4071	skills	8	Time Management
47-4071	abilities	1	Reaction Time
47-4071	abilities	2	Manual Dexterity
47-4071	abilities	3	Multilimb Coordination
47-4071	abilities	4	Depth Perception
47-4071	abilities	5	Control Precision
47-4071	abilities	6	Glare Sensitivity
47-4071	abilities	7	Extent Flexibility
47-4071	abilities	8	Response Orientation
47-4071	technology	1	Accounting software
47-4071	technology	2	Route navigation software
47-4071	technology	3	Calendar and scheduling software
47-4091	knowledge	1	Mechanical
47-4091	knowledge	2	Building and Construction
47-4091	knowledge	3	Transportation
47-4091	knowledge	4	Design
47-4091	knowledge	5	Administration and Management
47-4091	knowledge	6	Public Safety and Security
47-4091	knowledge	7	Customer and Personal Service
47-4091	skills	1	Operation and Control
47-4091	skills	2	Operations Monitoring
47-4091	skills	3	Management of Personnel Resources
47-4091	skills	4	Persuasion
47-4091	skills	5	Coordination
47-4091	skills	6	Quality Control Analysis
47-4091	skills	7	Service Orientation
47-4091	skills	8	Instructing
47-4091	abilities	1	Multilimb Coordination
47-4091	abilities	2	Static Strength
47-4091	abilities	3	Speed of Limb Movement
47-4091	abilities	4	Control Precision
47-4091	abilities	5	Response Orientation
47-4091	abilities	6	Reaction Time
47-4091	abilities	7	Rate Control
47-4091	abilities	8	Spatial Orientation
47-4091	technology	1	Computer aided design CAD software
47-4099	knowledge	1	Building and Construction
47-4099	knowledge	2	Mechanical
47-4099	knowledge	3	Economics and Accounting
47-4099	knowledge	4	Design
47-4099	knowledge	5	Transportation
47-4099	knowledge	6	Engineering and Technology
47-4099	knowledge	7	Production and Processing
47-4099	knowledge	8	Physics
47-4099	skills	1	Installation
47-4099	skills	2	Repairing
47-4099	skills	3	Troubleshooting
47-4099	skills	4	Operation and Control
47-4099	skills	5	Equipment Maintenance
47-4099	skills	6	Quality Control Analysis
47-4099	skills	7	Operations Monitoring
47-4099	skills	8	Systems Analysis
47-4099	abilities	1	Manual Dexterity
47-4099	abilities	2	Extent Flexibility
47-4099	abilities	3	Reaction Time
47-4099	abilities	4	Depth Perception
47-4099	abilities	5	Multilimb Coordination
47-4099	abilities	6	Static Strength
47-4099	abilities	7	Gross Body Equilibrium
47-4099	abilities	8	Trunk Strength
47-4099	technology	1	Customer relationship management CRM software
47-4099	technology	2	Calendar and scheduling software
47-5011	knowledge	1	Mechanical
47-5011	knowledge	2	Transportation
47-5011	knowledge	3	Mathematics
47-5011	knowledge	4	Public Safety and Security
47-5011	knowledge	5	Education and Training
47-5011	knowledge	6	Administration and Management
47-5011	knowledge	7	English Language
47-5011	skills	1	Repairing
47-5011	skills	2	Operation and Control
47-5011	skills	3	Operations Monitoring
47-5011	skills	4	Equipment Maintenance
47-5011	skills	5	Troubleshooting
47-5011	skills	6	Equipment Selection
47-5011	skills	7	Quality Control Analysis
47-5011	skills	8	Management of Personnel Resources
47-5011	abilities	1	Reaction Time
47-5011	abilities	2	Multilimb Coordination
47-5011	abilities	3	Gross Body Equilibrium
47-5011	abilities	4	Speed of Limb Movement
47-5011	abilities	5	Stamina
47-5011	abilities	6	Extent Flexibility
47-5011	abilities	7	Static Strength
47-5011	abilities	8	Control Precision
47-5012	knowledge	1	Mechanical
47-5012	knowledge	2	Chemistry
47-5012	knowledge	3	Personnel and Human Resources
47-5012	knowledge	4	Mathematics
47-5012	knowledge	5	Transportation
47-5012	knowledge	6	Administration and Management
47-5012	knowledge	7	Production and Processing
47-5012	knowledge	8	Engineering and Technology
47-5012	skills	1	Operation and Control
47-5012	skills	2	Repairing
47-5012	skills	3	Equipment Maintenance
47-5012	skills	4	Operations Monitoring
47-5012	skills	5	Troubleshooting
47-5012	skills	6	Equipment Selection
47-5012	skills	7	Quality Control Analysis
47-5012	skills	8	Instructing
47-5012	abilities	1	Control Precision
47-5012	abilities	2	Rate Control
47-5012	abilities	3	Multilimb Coordination
47-5012	abilities	4	Manual Dexterity
47-5012	abilities	5	Arm-Hand Steadiness
47-5012	abilities	6	Reaction Time
47-5012	abilities	7	Gross Body Equilibrium
47-5012	abilities	8	Finger Dexterity
47-5012	technology	1	Customer relationship management CRM software
47-5012	technology	2	Object or component oriented development software
47-5012	technology	3	Industrial control software
47-5013	knowledge	1	Mechanical
47-5013	knowledge	2	Chemistry
47-5013	knowledge	3	Transportation
47-5013	knowledge	4	Engineering and Technology
47-5013	knowledge	5	Sales and Marketing
47-5013	knowledge	6	Physics
47-5013	knowledge	7	Mathematics
47-5013	knowledge	8	Production and Processing
47-5013	skills	1	Operation and Control
47-5013	skills	2	Operations Monitoring
47-5013	skills	3	Equipment Maintenance
47-5013	skills	4	Troubleshooting
47-5013	skills	5	Repairing
47-5013	skills	6	Equipment Selection
47-5013	skills	7	Quality Control Analysis
47-5013	skills	8	Management of Personnel Resources
47-5013	abilities	1	Control Precision
47-5013	abilities	2	Reaction Time
47-5013	abilities	3	Multilimb Coordination
47-5013	abilities	4	Arm-Hand Steadiness
47-5013	abilities	5	Speed of Limb Movement
47-5013	abilities	6	Sound Localization
47-5013	abilities	7	Gross Body Equilibrium
47-5013	abilities	8	Hearing Sensitivity
47-5013	technology	1	Cloud-based data access and sharing software
47-5013	technology	2	Facilities management software
47-5013	technology	3	Time accounting software
47-5013	technology	4	Industrial control software
47-5013	technology	5	Inventory management software
47-5022	knowledge	1	Building and Construction
47-5022	knowledge	2	Mechanical
47-5022	knowledge	3	Public Safety and Security
47-5022	knowledge	4	Mathematics
47-5022	knowledge	5	English Language
47-5022	skills	1	Operation and Control
47-5022	skills	2	Repairing
47-5022	skills	3	Equipment Maintenance
47-5022	skills	4	Equipment Selection
47-5022	skills	5	Operations Monitoring
47-5022	skills	6	Troubleshooting
47-5022	skills	7	Quality Control Analysis
47-5022	skills	8	Management of Personnel Resources
47-5022	abilities	1	Spatial Orientation
47-5022	abilities	2	Peripheral Vision
47-5022	abilities	3	Response Orientation
47-5022	abilities	4	Rate Control
47-5022	abilities	5	Reaction Time
47-5022	abilities	6	Multilimb Coordination
47-5022	abilities	7	Depth Perception
47-5022	abilities	8	Control Precision
47-5022	technology	1	Industrial control software
47-5023	knowledge	1	Transportation
47-5023	knowledge	2	Mechanical
47-5023	knowledge	3	Design
47-5023	knowledge	4	Public Safety and Security
47-5023	knowledge	5	Production and Processing
47-5023	knowledge	6	Engineering and Technology
47-5023	knowledge	7	Law and Government
47-5023	knowledge	8	Administration and Management
47-5023	skills	1	Operation and Control
47-5023	skills	2	Equipment Maintenance
47-5023	skills	3	Operations Monitoring
47-5023	skills	4	Equipment Selection
47-5023	skills	5	Repairing
47-5023	skills	6	Troubleshooting
47-5023	skills	7	Quality Control Analysis
47-5023	skills	8	Instructing
47-5023	abilities	1	Reaction Time
47-5023	abilities	2	Rate Control
47-5023	abilities	3	Multilimb Coordination
47-5023	abilities	4	Control Precision
47-5023	abilities	5	Depth Perception
47-5023	abilities	6	Arm-Hand Steadiness
47-5023	abilities	7	Manual Dexterity
47-5023	abilities	8	Response Orientation
47-5023	technology	1	Mobile location based services software
47-5032	knowledge	1	Law and Government
47-5032	knowledge	2	Public Safety and Security
47-5032	knowledge	3	Transportation
47-5032	knowledge	4	Engineering and Technology
47-5032	knowledge	5	Building and Construction
47-5032	knowledge	6	Mathematics
47-5032	knowledge	7	Design
47-5032	knowledge	8	Mechanical
47-5032	skills	1	Operation and Control
47-5032	skills	2	Operations Monitoring
47-5032	skills	3	Equipment Selection
47-5032	skills	4	Troubleshooting
47-5032	skills	5	Monitoring
47-5032	skills	6	Management of Personnel Resources
47-5032	skills	7	Judgment and Decision Making
47-5032	skills	8	Time Management
47-5032	abilities	1	Reaction Time
47-5032	abilities	2	Manual Dexterity
47-5032	abilities	3	Multilimb Coordination
47-5032	abilities	4	Arm-Hand Steadiness
47-5032	abilities	5	Depth Perception
47-5032	abilities	6	Finger Dexterity
47-5032	abilities	7	Control Precision
47-5032	abilities	8	Rate Control
47-5032	technology	1	Geographic information system
47-5032	technology	2	Computer aided design CAD software
47-5032	technology	3	Mobile location based services software
47-5041	knowledge	1	Mechanical
47-5041	knowledge	2	Production and Processing
47-5041	knowledge	3	Law and Government
47-5041	knowledge	4	Building and Construction
47-5041	knowledge	5	Transportation
47-5041	knowledge	6	Design
47-5041	knowledge	7	Education and Training
47-5041	knowledge	8	Engineering and Technology
47-5041	skills	1	Operation and Control
47-5041	skills	2	Equipment Maintenance
47-5041	skills	3	Repairing
47-5041	skills	4	Operations Monitoring
47-5041	skills	5	Troubleshooting
47-5041	skills	6	Quality Control Analysis
47-5041	skills	7	Management of Personnel Resources
47-5041	skills	8	Time Management
47-5041	abilities	1	Rate Control
47-5041	abilities	2	Reaction Time
47-5041	abilities	3	Control Precision
47-5041	abilities	4	Multilimb Coordination
47-5041	abilities	5	Depth Perception
47-5041	abilities	6	Response Orientation
47-5041	abilities	7	Arm-Hand Steadiness
47-5041	abilities	8	Night Vision
47-5041	technology	1	Mobile location based services software
47-5043	knowledge	1	Production and Processing
47-5043	knowledge	2	Mechanical
47-5043	knowledge	3	Public Safety and Security
47-5043	knowledge	4	Education and Training
47-5043	knowledge	5	Law and Government
47-5043	knowledge	6	Personnel and Human Resources
47-5043	knowledge	7	Administration and Management
47-5043	knowledge	8	Customer and Personal Service
47-5043	skills	1	Operation and Control
47-5043	skills	2	Equipment Maintenance
47-5043	skills	3	Repairing
47-5043	skills	4	Troubleshooting
47-5043	skills	5	Equipment Selection
47-5043	skills	6	Operations Monitoring
47-5043	skills	7	Quality Control Analysis
47-5043	skills	8	Instructing
47-5043	abilities	1	Extent Flexibility
47-5043	abilities	2	Reaction Time
47-5043	abilities	3	Control Precision
47-5043	abilities	4	Depth Perception
47-5043	abilities	5	Response Orientation
47-5043	abilities	6	Static Strength
47-5043	abilities	7	Multilimb Coordination
47-5043	abilities	8	Rate Control
47-5043	technology	1	Industrial control software
47-5044	knowledge	1	Mechanical
47-5044	knowledge	2	Transportation
47-5044	knowledge	3	Law and Government
47-5044	knowledge	4	Production and Processing
47-5044	knowledge	5	Education and Training
47-5044	knowledge	6	Public Safety and Security
47-5044	knowledge	7	Administration and Management
47-5044	knowledge	8	English Language
47-5044	skills	1	Equipment Maintenance
47-5044	skills	2	Operation and Control
47-5044	skills	3	Repairing
47-5044	skills	4	Troubleshooting
47-5044	skills	5	Equipment Selection
47-5044	skills	6	Operations Monitoring
47-5044	skills	7	Coordination
47-5044	skills	8	Social Perceptiveness
47-5044	abilities	1	Rate Control
47-5044	abilities	2	Reaction Time
47-5044	abilities	3	Control Precision
47-5044	abilities	4	Spatial Orientation
47-5044	abilities	5	Multilimb Coordination
47-5044	abilities	6	Extent Flexibility
47-5044	abilities	7	Depth Perception
47-5044	abilities	8	Response Orientation
47-5044	technology	1	Facilities management software
47-5044	technology	2	Time accounting software
47-5044	technology	3	Industrial control software
47-5044	technology	4	Inventory management software
47-5051	knowledge	1	Production and Processing
47-5051	knowledge	2	Mechanical
47-5051	knowledge	3	Transportation
47-5051	knowledge	4	Personnel and Human Resources
47-5051	knowledge	5	Public Safety and Security
47-5051	knowledge	6	Education and Training
47-5051	knowledge	7	Administration and Management
47-5051	knowledge	8	Mathematics
47-5051	skills	1	Operation and Control
47-5051	skills	2	Operations Monitoring
47-5051	skills	3	Time Management
47-5051	skills	4	Coordination
47-5051	skills	5	Monitoring
47-5051	skills	6	Complex Problem Solving
47-5051	skills	7	Active Listening
47-5051	skills	8	Judgment and Decision Making
47-5051	abilities	1	Static Strength
47-5051	abilities	2	Multilimb Coordination
47-5051	abilities	3	Arm-Hand Steadiness
47-5051	abilities	4	Stamina
47-5051	abilities	5	Dynamic Strength
47-5051	abilities	6	Extent Flexibility
47-5051	abilities	7	Control Precision
47-5051	abilities	8	Rate Control
47-5051	technology	1	Web page creation and editing software
47-5051	technology	2	Computer aided design CAD software
47-5051	technology	3	Application server software
47-5051	technology	4	Facilities management software
47-5051	technology	5	Time accounting software
47-5071	knowledge	1	Mechanical
47-5071	knowledge	2	Transportation
47-5071	knowledge	3	Production and Processing
47-5071	knowledge	4	Customer and Personal Service
47-5071	skills	1	Repairing
47-5071	skills	2	Equipment Maintenance
47-5071	skills	3	Operation and Control
47-5071	skills	4	Troubleshooting
47-5071	skills	5	Quality Control Analysis
47-5071	skills	6	Operations Monitoring
47-5071	skills	7	Time Management
47-5071	skills	8	Judgment and Decision Making
47-5071	abilities	1	Multilimb Coordination
47-5071	abilities	2	Manual Dexterity
47-5071	abilities	3	Gross Body Equilibrium
47-5071	abilities	4	Stamina
47-5071	abilities	5	Extent Flexibility
47-5071	abilities	6	Static Strength
47-5071	abilities	7	Rate Control
47-5071	abilities	8	Reaction Time
47-5071	technology	1	Switch or router software
47-5071	technology	2	Procurement software
47-5071	technology	3	Internet protocol IP multimedia subsystem software
47-5071	technology	4	Data base management system software
47-5071	technology	5	Inventory management software
47-5081	knowledge	1	Mechanical
47-5081	knowledge	2	Transportation
47-5081	knowledge	3	Production and Processing
47-5081	knowledge	4	Public Safety and Security
47-5081	knowledge	5	Engineering and Technology
47-5081	knowledge	6	Mathematics
47-5081	knowledge	7	Administration and Management
47-5081	knowledge	8	English Language
47-5081	skills	1	Equipment Maintenance
47-5081	skills	2	Repairing
47-5081	skills	3	Equipment Selection
47-5081	skills	4	Troubleshooting
47-5081	skills	5	Operation and Control
47-5081	skills	6	Operations Monitoring
47-5081	skills	7	Quality Control Analysis
47-5081	skills	8	Monitoring
47-5081	abilities	1	Reaction Time
47-5081	abilities	2	Static Strength
47-5081	abilities	3	Rate Control
47-5081	abilities	4	Manual Dexterity
47-5081	abilities	5	Multilimb Coordination
47-5081	abilities	6	Spatial Orientation
47-5081	abilities	7	Control Precision
47-5081	abilities	8	Response Orientation
49-1011	knowledge	1	Mechanical
49-1011	knowledge	2	Administration and Management
49-1011	knowledge	3	Personnel and Human Resources
49-1011	knowledge	4	Economics and Accounting
49-1011	knowledge	5	Administrative
49-1011	knowledge	6	Sales and Marketing
49-1011	knowledge	7	Production and Processing
49-1011	knowledge	8	Customer and Personal Service
49-1011	skills	1	Management of Personnel Resources
49-1011	skills	2	Quality Control Analysis
49-1011	skills	3	Repairing
49-1011	skills	4	Equipment Maintenance
49-1011	skills	5	Troubleshooting
49-1011	skills	6	Equipment Selection
49-1011	skills	7	Management of Financial Resources
49-1011	skills	8	Management of Material Resources
49-1011	abilities	1	Sound Localization
49-1011	abilities	2	Reaction Time
49-1011	abilities	3	Hearing Sensitivity
49-1011	abilities	4	Depth Perception
49-1011	abilities	5	Auditory Attention
49-1011	abilities	6	Multilimb Coordination
49-1011	abilities	7	Control Precision
49-1011	abilities	8	Manual Dexterity
49-1011	technology	1	Cloud-based data access and sharing software
49-1011	technology	2	Computer aided design CAD software
49-1011	technology	3	Communications server software
49-1011	technology	4	Facilities management software
49-1011	technology	5	Time accounting software
49-1011	technology	6	Industrial control software
49-1011	technology	7	Inventory management software
49-1011	technology	8	Accounting software
49-2011	knowledge	1	Computers and Electronics
49-2011	knowledge	2	Mechanical
49-2011	knowledge	3	Engineering and Technology
49-2011	knowledge	4	Customer and Personal Service
49-2011	knowledge	5	English Language
49-2011	skills	1	Repairing
49-2011	skills	2	Installation
49-2011	skills	3	Equipment Maintenance
49-2011	skills	4	Equipment Selection
49-2011	skills	5	Troubleshooting
49-2011	skills	6	Quality Control Analysis
49-2011	skills	7	Operations Monitoring
49-2011	skills	8	Operation and Control
49-2011	abilities	1	Finger Dexterity
49-2011	abilities	2	Control Precision
49-2011	abilities	3	Manual Dexterity
49-2011	abilities	4	Visualization
49-2011	abilities	5	Arm-Hand Steadiness
49-2011	abilities	6	Extent Flexibility
49-2011	abilities	7	Multilimb Coordination
49-2011	abilities	8	Visual Color Discrimination
49-2011	technology	1	Internet directory services software
49-2011	technology	2	Enterprise application integration software
49-2011	technology	3	Web platform development software
49-2011	technology	4	Document management software
49-2011	technology	5	Network connectivity terminal emulation software
49-2011	technology	6	Platform interconnectivity software
49-2011	technology	7	Filesystem software
49-2011	technology	8	Helpdesk or call center software
49-2021	knowledge	1	Telecommunications
49-2021	knowledge	2	Computers and Electronics
49-2021	knowledge	3	Mechanical
49-2021	knowledge	4	Engineering and Technology
49-2021	knowledge	5	Communications and Media
49-2021	knowledge	6	Building and Construction
49-2021	knowledge	7	Customer and Personal Service
49-2021	knowledge	8	Public Safety and Security
49-2021	skills	1	Installation
49-2021	skills	2	Repairing
49-2021	skills	3	Equipment Maintenance
49-2021	skills	4	Equipment Selection
49-2021	skills	5	Troubleshooting
49-2021	skills	6	Quality Control Analysis
49-2021	skills	7	Operation and Control
49-2021	skills	8	Operations Monitoring
49-2021	abilities	1	Extent Flexibility
49-2021	abilities	2	Gross Body Equilibrium
49-2021	abilities	3	Static Strength
49-2021	abilities	4	Arm-Hand Steadiness
49-2021	abilities	5	Manual Dexterity
49-2021	abilities	6	Control Precision
49-2021	abilities	7	Wrist-Finger Speed
49-2021	abilities	8	Multilimb Coordination
49-2021	technology	1	Facilities management software
49-2021	technology	2	Map creation software
49-2021	technology	3	Geographic information system
49-2021	technology	4	Web platform development software
49-2022	knowledge	1	Telecommunications
49-2022	knowledge	2	Computers and Electronics
49-2022	knowledge	3	Customer and Personal Service
49-2022	knowledge	4	Mechanical
49-2022	knowledge	5	Engineering and Technology
49-2022	knowledge	6	Public Safety and Security
49-2022	knowledge	7	Sales and Marketing
49-2022	knowledge	8	Communications and Media
49-2022	skills	1	Repairing
49-2022	skills	2	Installation
49-2022	skills	3	Troubleshooting
49-2022	skills	4	Equipment Maintenance
49-2022	skills	5	Equipment Selection
49-2022	skills	6	Quality Control Analysis
49-2022	skills	7	Operations Monitoring
49-2022	skills	8	Operation and Control
49-2022	abilities	1	Visual Color Discrimination
49-2022	abilities	2	Gross Body Equilibrium
49-2022	abilities	3	Gross Body Coordination
49-2022	abilities	4	Arm-Hand Steadiness
49-2022	abilities	5	Manual Dexterity
49-2022	abilities	6	Multilimb Coordination
49-2022	abilities	7	Extent Flexibility
49-2022	abilities	8	Finger Dexterity
49-2022	technology	1	Computer aided design CAD software
49-2022	technology	2	Internet protocol IP multimedia subsystem software
49-2022	technology	3	Network security and virtual private network VPN equipment software
49-2022	technology	4	Communications server software
49-2022	technology	5	Expert system software
49-2022	technology	6	Industrial control software
49-2022	technology	7	Geographic information system
49-2022	technology	8	Web platform development software
49-2091	knowledge	1	Mechanical
49-2091	knowledge	2	Engineering and Technology
49-2091	knowledge	3	Computers and Electronics
49-2091	knowledge	4	Telecommunications
49-2091	knowledge	5	Design
49-2091	knowledge	6	Physics
49-2091	knowledge	7	Transportation
49-2091	knowledge	8	Chemistry
49-2091	skills	1	Repairing
49-2091	skills	2	Equipment Maintenance
49-2091	skills	3	Troubleshooting
49-2091	skills	4	Installation
49-2091	skills	5	Quality Control Analysis
49-2091	skills	6	Equipment Selection
49-2091	skills	7	Operations Monitoring
49-2091	skills	8	Science
49-2091	abilities	1	Finger Dexterity
49-2091	abilities	2	Control Precision
49-2091	abilities	3	Arm-Hand Steadiness
49-2091	abilities	4	Manual Dexterity
49-2091	abilities	5	Hearing Sensitivity
49-2091	abilities	6	Multilimb Coordination
49-2091	abilities	7	Visualization
49-2091	abilities	8	Visual Color Discrimination
49-2091	technology	1	Object or component oriented development software
49-2091	technology	2	Computer aided design CAD software
49-2091	technology	3	Portal server software
49-2091	technology	4	Facilities management software
49-2091	technology	5	Development environment software
49-2091	technology	6	Document management software
49-2092	knowledge	1	Mechanical
49-2092	knowledge	2	Production and Processing
49-2092	knowledge	3	Engineering and Technology
49-2092	knowledge	4	Administration and Management
49-2092	knowledge	5	Mathematics
49-2092	knowledge	6	Public Safety and Security
49-2092	knowledge	7	Education and Training
49-2092	knowledge	8	Administrative
49-2092	skills	1	Repairing
49-2092	skills	2	Equipment Maintenance
49-2092	skills	3	Equipment Selection
49-2092	skills	4	Troubleshooting
49-2092	skills	5	Installation
49-2092	skills	6	Quality Control Analysis
49-2092	skills	7	Operation and Control
49-2092	skills	8	Operations Monitoring
49-2092	abilities	1	Finger Dexterity
49-2092	abilities	2	Manual Dexterity
49-2092	abilities	3	Rate Control
49-2092	abilities	4	Reaction Time
49-2092	abilities	5	Arm-Hand Steadiness
49-2092	abilities	6	Hearing Sensitivity
49-2092	abilities	7	Extent Flexibility
49-2092	abilities	8	Response Orientation
49-2092	technology	1	Object or component oriented development software
49-2092	technology	2	Computer aided design CAD software
49-2092	technology	3	Facilities management software
49-2093	knowledge	1	Engineering and Technology
49-2093	knowledge	2	Design
49-2093	knowledge	3	Telecommunications
49-2093	knowledge	4	Computers and Electronics
49-2093	knowledge	5	Mechanical
49-2093	knowledge	6	Transportation
49-2093	knowledge	7	Public Safety and Security
49-2093	knowledge	8	Physics
49-2093	skills	1	Installation
49-2093	skills	2	Repairing
49-2093	skills	3	Equipment Maintenance
49-2093	skills	4	Troubleshooting
49-2093	skills	5	Equipment Selection
49-2093	skills	6	Quality Control Analysis
49-2093	skills	7	Operation and Control
49-2093	skills	8	Operations Monitoring
49-2093	abilities	1	Arm-Hand Steadiness
49-2093	abilities	2	Extent Flexibility
49-2093	abilities	3	Manual Dexterity
49-2093	abilities	4	Multilimb Coordination
49-2093	abilities	5	Visual Color Discrimination
49-2093	abilities	6	Control Precision
49-2093	abilities	7	Finger Dexterity
49-2093	abilities	8	Trunk Strength
49-2093	technology	1	Desktop publishing software
49-2093	technology	2	Document management software
49-2093	technology	3	Computer aided design CAD software
49-2093	technology	4	Compliance software
49-2094	knowledge	1	Mechanical
49-2094	knowledge	2	Production and Processing
49-2094	knowledge	3	Computers and Electronics
49-2094	knowledge	4	Engineering and Technology
49-2094	knowledge	5	Design
49-2094	knowledge	6	Physics
49-2094	knowledge	7	Telecommunications
49-2094	knowledge	8	Administration and Management
49-2094	skills	1	Repairing
49-2094	skills	2	Equipment Maintenance
49-2094	skills	3	Troubleshooting
49-2094	skills	4	Installation
49-2094	skills	5	Equipment Selection
49-2094	skills	6	Quality Control Analysis
49-2094	skills	7	Operations Monitoring
49-2094	skills	8	Operation and Control
49-2094	abilities	1	Arm-Hand Steadiness
49-2094	abilities	2	Manual Dexterity
49-2094	abilities	3	Finger Dexterity
49-2094	abilities	4	Extent Flexibility
49-2094	abilities	5	Visual Color Discrimination
49-2094	abilities	6	Static Strength
49-2094	abilities	7	Rate Control
49-2094	abilities	8	Wrist-Finger Speed
49-2094	technology	1	Computer aided design CAD software
49-2094	technology	2	Program testing software
49-2094	technology	3	Facilities management software
49-2094	technology	4	Industrial control software
49-2095	knowledge	1	Mechanical
49-2095	knowledge	2	Building and Construction
49-2095	knowledge	3	Physics
49-2095	knowledge	4	Engineering and Technology
49-2095	knowledge	5	Design
49-2095	knowledge	6	Public Safety and Security
49-2095	knowledge	7	Telecommunications
49-2095	knowledge	8	Mathematics
49-2095	skills	1	Repairing
49-2095	skills	2	Equipment Maintenance
49-2095	skills	3	Troubleshooting
49-2095	skills	4	Equipment Selection
49-2095	skills	5	Quality Control Analysis
49-2095	skills	6	Operations Monitoring
49-2095	skills	7	Operation and Control
49-2095	skills	8	Science
49-2095	abilities	1	Arm-Hand Steadiness
49-2095	abilities	2	Control Precision
49-2095	abilities	3	Gross Body Equilibrium
49-2095	abilities	4	Extent Flexibility
49-2095	abilities	5	Visual Color Discrimination
49-2095	abilities	6	Manual Dexterity
49-2095	abilities	7	Finger Dexterity
49-2095	abilities	8	Trunk Strength
49-2095	technology	1	Computer aided design CAD software
49-2095	technology	2	Compliance software
49-2095	technology	3	Industrial control software
49-2096	knowledge	1	Mechanical
49-2096	knowledge	2	Computers and Electronics
49-2096	knowledge	3	Engineering and Technology
49-2096	knowledge	4	Sales and Marketing
49-2096	knowledge	5	Design
49-2096	knowledge	6	Mathematics
49-2096	knowledge	7	Customer and Personal Service
49-2096	knowledge	8	Education and Training
49-2096	skills	1	Installation
49-2096	skills	2	Repairing
49-2096	skills	3	Troubleshooting
49-2096	skills	4	Equipment Maintenance
49-2096	skills	5	Equipment Selection
49-2096	skills	6	Operations Monitoring
49-2096	skills	7	Operation and Control
49-2096	skills	8	Quality Control Analysis
49-2096	abilities	1	Extent Flexibility
49-2096	abilities	2	Arm-Hand Steadiness
49-2096	abilities	3	Finger Dexterity
49-2096	abilities	4	Visual Color Discrimination
49-2096	abilities	5	Sound Localization
49-2096	abilities	6	Manual Dexterity
49-2096	abilities	7	Multilimb Coordination
49-2096	abilities	8	Control Precision
49-2096	technology	1	Computer aided design CAD software
49-2097	knowledge	1	Computers and Electronics
49-2097	knowledge	2	Telecommunications
49-2097	knowledge	3	Building and Construction
49-2097	knowledge	4	Mechanical
49-2097	knowledge	5	Engineering and Technology
49-2097	knowledge	6	Sales and Marketing
49-2097	knowledge	7	Customer and Personal Service
49-2097	knowledge	8	Production and Processing
49-2097	skills	1	Installation
49-2097	skills	2	Repairing
49-2097	skills	3	Equipment Maintenance
49-2097	skills	4	Troubleshooting
49-2097	skills	5	Equipment Selection
49-2097	skills	6	Quality Control Analysis
49-2097	skills	7	Operation and Control
49-2097	skills	8	Operations Monitoring
49-2097	abilities	1	Finger Dexterity
49-2097	abilities	2	Hearing Sensitivity
49-2097	abilities	3	Manual Dexterity
49-2097	abilities	4	Extent Flexibility
49-2097	abilities	5	Visualization
49-2097	abilities	6	Visual Color Discrimination
49-2097	abilities	7	Control Precision
49-2097	abilities	8	Arm-Hand Steadiness
49-2097	technology	1	Mobile location based services software
49-2098	knowledge	1	Telecommunications
49-2098	knowledge	2	Building and Construction
49-2098	knowledge	3	Public Safety and Security
49-2098	knowledge	4	Engineering and Technology
49-2098	knowledge	5	Computers and Electronics
49-2098	knowledge	6	Mechanical
49-2098	knowledge	7	Production and Processing
49-2098	knowledge	8	Customer and Personal Service
49-2098	skills	1	Installation
49-2098	skills	2	Repairing
49-2098	skills	3	Equipment Maintenance
49-2098	skills	4	Troubleshooting
49-2098	skills	5	Quality Control Analysis
49-2098	skills	6	Operation and Control
49-2098	skills	7	Operations Monitoring
49-2098	skills	8	Systems Evaluation
49-2098	abilities	1	Extent Flexibility
49-2098	abilities	2	Manual Dexterity
49-2098	abilities	3	Multilimb Coordination
49-2098	abilities	4	Arm-Hand Steadiness
49-2098	abilities	5	Gross Body Equilibrium
49-2098	abilities	6	Control Precision
49-2098	abilities	7	Trunk Strength
49-2098	abilities	8	Finger Dexterity
49-2098	technology	1	Computer aided design CAD software
49-2098	technology	2	Platform interconnectivity software
49-2098	technology	3	Network monitoring software
49-2098	technology	4	Video creation and editing software
49-3011	knowledge	1	Mechanical
49-3011	knowledge	2	Engineering and Technology
49-3011	knowledge	3	Physics
49-3011	knowledge	4	Transportation
49-3011	knowledge	5	Chemistry
49-3011	knowledge	6	Design
49-3011	knowledge	7	Public Safety and Security
49-3011	knowledge	8	Production and Processing
49-3011	skills	1	Repairing
49-3011	skills	2	Equipment Maintenance
49-3011	skills	3	Troubleshooting
49-3011	skills	4	Operations Monitoring
49-3011	skills	5	Equipment Selection
49-3011	skills	6	Quality Control Analysis
49-3011	skills	7	Operation and Control
49-3011	skills	8	Complex Problem Solving
49-3011	abilities	1	Control Precision
49-3011	abilities	2	Manual Dexterity
49-3011	abilities	3	Finger Dexterity
49-3011	abilities	4	Multilimb Coordination
49-3011	abilities	5	Arm-Hand Steadiness
49-3011	abilities	6	Rate Control
49-3011	abilities	7	Reaction Time
49-3011	abilities	8	Extent Flexibility
49-3011	technology	1	Compiler and decompiler software
49-3011	technology	2	Computer aided manufacturing CAM software
49-3011	technology	3	Facilities management software
49-3011	technology	4	Information retrieval or search software
49-3011	technology	5	Inventory management software
49-3011	technology	6	Accounting software
49-3011	technology	7	Document management software
49-3021	knowledge	1	Mechanical
49-3021	knowledge	2	Transportation
49-3021	knowledge	3	Production and Processing
49-3021	knowledge	4	Engineering and Technology
49-3021	knowledge	5	Mathematics
49-3021	knowledge	6	Customer and Personal Service
49-3021	knowledge	7	Public Safety and Security
49-3021	knowledge	8	Education and Training
49-3021	skills	1	Repairing
49-3021	skills	2	Troubleshooting
49-3021	skills	3	Equipment Selection
49-3021	skills	4	Equipment Maintenance
49-3021	skills	5	Operation and Control
49-3021	skills	6	Quality Control Analysis
49-3021	skills	7	Operations Monitoring
49-3021	skills	8	Service Orientation
49-3021	abilities	1	Extent Flexibility
49-3021	abilities	2	Static Strength
49-3021	abilities	3	Arm-Hand Steadiness
49-3021	abilities	4	Manual Dexterity
49-3021	abilities	5	Multilimb Coordination
49-3021	abilities	6	Dynamic Strength
49-3021	abilities	7	Reaction Time
49-3021	abilities	8	Gross Body Equilibrium
49-3021	technology	1	Point of sale POS software
49-3021	technology	2	Inventory management software
49-3021	technology	3	Accounting software
49-3021	technology	4	Calendar and scheduling software
49-3022	knowledge	1	Mechanical
49-3022	knowledge	2	Customer and Personal Service
49-3022	knowledge	3	Sales and Marketing
49-3022	knowledge	4	Personnel and Human Resources
49-3022	knowledge	5	Administrative
49-3022	knowledge	6	Public Safety and Security
49-3022	knowledge	7	Administration and Management
49-3022	knowledge	8	English Language
49-3022	skills	1	Installation
49-3022	skills	2	Equipment Selection
49-3022	skills	3	Operation and Control
49-3022	skills	4	Quality Control Analysis
49-3022	skills	5	Operations Monitoring
49-3022	skills	6	Service Orientation
49-3022	skills	7	Time Management
49-3022	skills	8	Social Perceptiveness
49-3022	abilities	1	Glare Sensitivity
49-3022	abilities	2	Static Strength
49-3022	abilities	3	Extent Flexibility
49-3022	abilities	4	Multilimb Coordination
49-3022	abilities	5	Depth Perception
49-3022	abilities	6	Manual Dexterity
49-3022	abilities	7	Stamina
49-3022	abilities	8	Control Precision
49-3022	technology	1	Accounting software
49-3023	knowledge	1	Mechanical
49-3023	knowledge	2	Transportation
49-3023	knowledge	3	Engineering and Technology
49-3023	knowledge	4	Physics
49-3023	knowledge	5	Computers and Electronics
49-3023	knowledge	6	Public Safety and Security
49-3023	knowledge	7	Customer and Personal Service
49-3023	knowledge	8	Education and Training
49-3023	skills	1	Repairing
49-3023	skills	2	Equipment Maintenance
49-3023	skills	3	Troubleshooting
49-3023	skills	4	Installation
49-3023	skills	5	Equipment Selection
49-3023	skills	6	Operation and Control
49-3023	skills	7	Operations Monitoring
49-3023	skills	8	Quality Control Analysis
49-3023	abilities	1	Manual Dexterity
49-3023	abilities	2	Extent Flexibility
49-3023	abilities	3	Control Precision
49-3023	abilities	4	Response Orientation
49-3023	abilities	5	Finger Dexterity
49-3023	abilities	6	Explosive Strength
49-3023	abilities	7	Arm-Hand Steadiness
49-3023	abilities	8	Multilimb Coordination
49-3023	technology	1	Computer aided manufacturing CAM software
49-3023	technology	2	Facilities management software
49-3023	technology	3	Data base reporting software
49-3023	technology	4	Information retrieval or search software
49-3023	technology	5	Video creation and editing software
49-3023	technology	6	Accounting software
49-3023	technology	7	Calendar and scheduling software
49-3031	knowledge	1	Mechanical
49-3031	knowledge	2	Transportation
49-3031	knowledge	3	Physics
49-3031	knowledge	4	Chemistry
49-3031	knowledge	5	Public Safety and Security
49-3031	knowledge	6	Education and Training
49-3031	knowledge	7	Design
49-3031	knowledge	8	Production and Processing
49-3031	skills	1	Repairing
49-3031	skills	2	Troubleshooting
49-3031	skills	3	Equipment Maintenance
49-3031	skills	4	Equipment Selection
49-3031	skills	5	Operations Monitoring
49-3031	skills	6	Quality Control Analysis
49-3031	skills	7	Operation and Control
49-3031	skills	8	Systems Analysis
49-3031	abilities	1	Hearing Sensitivity
49-3031	abilities	2	Extent Flexibility
49-3031	abilities	3	Manual Dexterity
49-3031	abilities	4	Multilimb Coordination
49-3031	abilities	5	Control Precision
49-3031	abilities	6	Arm-Hand Steadiness
49-3031	abilities	7	Finger Dexterity
49-3031	abilities	8	Sound Localization
49-3031	technology	1	Computer aided design CAD software
49-3031	technology	2	Materials requirements planning logistics and supply chain software
49-3031	technology	3	Computer aided manufacturing CAM software
49-3031	technology	4	Facilities management software
49-3031	technology	5	Inventory management software
49-3031	technology	6	Calendar and scheduling software
49-3041	knowledge	1	Mechanical
49-3041	knowledge	2	Transportation
49-3041	knowledge	3	Physics
49-3041	knowledge	4	Design
49-3041	knowledge	5	Engineering and Technology
49-3041	knowledge	6	Building and Construction
49-3041	knowledge	7	Telecommunications
49-3041	knowledge	8	Computers and Electronics
49-3041	skills	1	Repairing
49-3041	skills	2	Equipment Maintenance
49-3041	skills	3	Troubleshooting
49-3041	skills	4	Equipment Selection
49-3041	skills	5	Operation and Control
49-3041	skills	6	Quality Control Analysis
49-3041	skills	7	Operations Monitoring
49-3041	skills	8	Mathematics
49-3041	abilities	1	Multilimb Coordination
49-3041	abilities	2	Control Precision
49-3041	abilities	3	Manual Dexterity
49-3041	abilities	4	Static Strength
49-3041	abilities	5	Reaction Time
49-3041	abilities	6	Extent Flexibility
49-3041	abilities	7	Finger Dexterity
49-3041	abilities	8	Sound Localization
49-3041	technology	1	Facilities management software
49-3042	knowledge	1	Mechanical
49-3042	knowledge	2	Building and Construction
49-3042	knowledge	3	Transportation
49-3042	knowledge	4	Public Safety and Security
49-3042	knowledge	5	Engineering and Technology
49-3042	knowledge	6	Mathematics
49-3042	knowledge	7	Computers and Electronics
49-3042	knowledge	8	Customer and Personal Service
49-3042	skills	1	Repairing
49-3042	skills	2	Equipment Maintenance
49-3042	skills	3	Troubleshooting
49-3042	skills	4	Equipment Selection
49-3042	skills	5	Operation and Control
49-3042	skills	6	Operations Monitoring
49-3042	skills	7	Quality Control Analysis
49-3042	skills	8	Management of Material Resources
49-3042	abilities	1	Extent Flexibility
49-3042	abilities	2	Control Precision
49-3042	abilities	3	Manual Dexterity
49-3042	abilities	4	Reaction Time
49-3042	abilities	5	Multilimb Coordination
49-3042	abilities	6	Rate Control
49-3042	abilities	7	Finger Dexterity
49-3042	abilities	8	Response Orientation
49-3042	technology	1	Materials requirements planning logistics and supply chain software
49-3042	technology	2	Facilities management software
49-3043	knowledge	1	Mechanical
49-3043	knowledge	2	Building and Construction
49-3043	knowledge	3	Design
49-3043	knowledge	4	Transportation
49-3043	knowledge	5	Production and Processing
49-3043	knowledge	6	Engineering and Technology
49-3043	knowledge	7	Administration and Management
49-3043	knowledge	8	Public Safety and Security
49-3043	skills	1	Repairing
49-3043	skills	2	Equipment Maintenance
49-3043	skills	3	Troubleshooting
49-3043	skills	4	Installation
49-3043	skills	5	Equipment Selection
49-3043	skills	6	Operation and Control
49-3043	skills	7	Quality Control Analysis
49-3043	skills	8	Operations Monitoring
49-3043	abilities	1	Reaction Time
49-3043	abilities	2	Multilimb Coordination
49-3043	abilities	3	Control Precision
49-3043	abilities	4	Static Strength
49-3043	abilities	5	Manual Dexterity
49-3043	abilities	6	Sound Localization
49-3043	abilities	7	Arm-Hand Steadiness
49-3043	abilities	8	Gross Body Equilibrium
49-3043	technology	1	Document management software
49-3043	technology	2	Compiler and decompiler software
49-3043	technology	3	Inventory management software
49-3043	technology	4	Accounting software
49-3051	knowledge	1	Mechanical
49-3051	knowledge	2	Physics
49-3051	knowledge	3	Transportation
49-3051	knowledge	4	Engineering and Technology
49-3051	knowledge	5	Customer and Personal Service
49-3051	knowledge	6	Design
49-3051	knowledge	7	Computers and Electronics
49-3051	knowledge	8	Chemistry
49-3051	skills	1	Repairing
49-3051	skills	2	Equipment Maintenance
49-3051	skills	3	Troubleshooting
49-3051	skills	4	Operation and Control
49-3051	skills	5	Equipment Selection
49-3051	skills	6	Operations Monitoring
49-3051	skills	7	Quality Control Analysis
49-3051	skills	8	Complex Problem Solving
49-3051	abilities	1	Manual Dexterity
49-3051	abilities	2	Control Precision
49-3051	abilities	3	Arm-Hand Steadiness
49-3051	abilities	4	Extent Flexibility
49-3051	abilities	5	Hearing Sensitivity
49-3051	abilities	6	Multilimb Coordination
49-3051	abilities	7	Finger Dexterity
49-3051	abilities	8	Static Strength
49-3051	technology	1	Web page creation and editing software
49-3051	technology	2	Inventory management software
49-3052	knowledge	1	Mechanical
49-3052	knowledge	2	Sales and Marketing
49-3052	knowledge	3	Computers and Electronics
49-3052	knowledge	4	Education and Training
49-3052	knowledge	5	Mathematics
49-3052	knowledge	6	Customer and Personal Service
49-3052	knowledge	7	English Language
49-3052	skills	1	Repairing
49-3052	skills	2	Troubleshooting
49-3052	skills	3	Equipment Maintenance
49-3052	skills	4	Equipment Selection
49-3052	skills	5	Operation and Control
49-3052	skills	6	Quality Control Analysis
49-3052	skills	7	Operations Monitoring
49-3052	skills	8	Time Management
49-3052	abilities	1	Hearing Sensitivity
49-3052	abilities	2	Manual Dexterity
49-3052	abilities	3	Finger Dexterity
49-3052	abilities	4	Control Precision
49-3052	abilities	5	Arm-Hand Steadiness
49-3052	abilities	6	Extent Flexibility
49-3052	abilities	7	Response Orientation
49-3052	abilities	8	Static Strength
49-3052	technology	1	Web page creation and editing software
49-3052	technology	2	Point of sale POS software
49-3052	technology	3	Inventory management software
49-3053	knowledge	1	Mechanical
49-3053	knowledge	2	Transportation
49-3053	knowledge	3	Sales and Marketing
49-3053	knowledge	4	Physics
49-3053	knowledge	5	Engineering and Technology
49-3053	knowledge	6	Design
49-3053	knowledge	7	Production and Processing
49-3053	knowledge	8	Education and Training
49-3053	skills	1	Repairing
49-3053	skills	2	Equipment Maintenance
49-3053	skills	3	Troubleshooting
49-3053	skills	4	Equipment Selection
49-3053	skills	5	Operation and Control
49-3053	skills	6	Operations Monitoring
49-3053	skills	7	Quality Control Analysis
49-3053	skills	8	Complex Problem Solving
49-3053	abilities	1	Finger Dexterity
49-3053	abilities	2	Arm-Hand Steadiness
49-3053	abilities	3	Manual Dexterity
49-3053	abilities	4	Extent Flexibility
49-3053	abilities	5	Control Precision
49-3053	abilities	6	Static Strength
49-3053	abilities	7	Reaction Time
49-3053	abilities	8	Multilimb Coordination
49-3053	technology	1	Point of sale POS software
49-3091	knowledge	1	Mechanical
49-3091	knowledge	2	Sales and Marketing
49-3091	knowledge	3	Engineering and Technology
49-3091	knowledge	4	Design
49-3091	knowledge	5	Customer and Personal Service
49-3091	knowledge	6	Building and Construction
49-3091	knowledge	7	Production and Processing
49-3091	knowledge	8	Transportation
49-3091	skills	1	Repairing
49-3091	skills	2	Equipment Maintenance
49-3091	skills	3	Equipment Selection
49-3091	skills	4	Troubleshooting
49-3091	skills	5	Installation
49-3091	skills	6	Quality Control Analysis
49-3091	skills	7	Service Orientation
49-3091	skills	8	Operation and Control
49-3091	abilities	1	Manual Dexterity
49-3091	abilities	2	Finger Dexterity
49-3091	abilities	3	Arm-Hand Steadiness
49-3091	abilities	4	Visualization
49-3091	abilities	5	Extent Flexibility
49-3091	abilities	6	Static Strength
49-3091	abilities	7	Wrist-Finger Speed
49-3091	abilities	8	Control Precision
49-3091	technology	1	Point of sale POS software
49-3091	technology	2	Inventory management software
49-3092	knowledge	1	Mechanical
49-3092	knowledge	2	Building and Construction
49-3092	knowledge	3	Customer and Personal Service
49-3092	knowledge	4	Sales and Marketing
49-3092	knowledge	5	Production and Processing
49-3092	knowledge	6	Administration and Management
49-3092	knowledge	7	English Language
49-3092	skills	1	Repairing
49-3092	skills	2	Troubleshooting
49-3092	skills	3	Equipment Maintenance
49-3092	skills	4	Equipment Selection
49-3092	skills	5	Operation and Control
49-3092	skills	6	Quality Control Analysis
49-3092	skills	7	Operations Monitoring
49-3092	skills	8	Systems Evaluation
49-3092	abilities	1	Extent Flexibility
49-3092	abilities	2	Manual Dexterity
49-3092	abilities	3	Control Precision
49-3092	abilities	4	Static Strength
49-3092	abilities	5	Gross Body Equilibrium
49-3092	abilities	6	Finger Dexterity
49-3092	abilities	7	Multilimb Coordination
49-3092	abilities	8	Response Orientation
49-3092	technology	1	Web page creation and editing software
49-3092	technology	2	Point of sale POS software
49-3092	technology	3	Inventory management software
49-3093	knowledge	1	Mechanical
49-3093	knowledge	2	Sales and Marketing
49-3093	knowledge	3	Transportation
49-3093	knowledge	4	Production and Processing
49-3093	knowledge	5	Engineering and Technology
49-3093	knowledge	6	Administration and Management
49-3093	knowledge	7	Customer and Personal Service
49-3093	knowledge	8	Public Safety and Security
49-3093	skills	1	Repairing
49-3093	skills	2	Troubleshooting
49-3093	skills	3	Operation and Control
49-3093	skills	4	Quality Control Analysis
49-3093	skills	5	Operations Monitoring
49-3093	skills	6	Service Orientation
49-3093	skills	7	Time Management
49-3093	skills	8	Coordination
49-3093	abilities	1	Static Strength
49-3093	abilities	2	Trunk Strength
49-3093	abilities	3	Extent Flexibility
49-3093	abilities	4	Multilimb Coordination
49-3093	abilities	5	Manual Dexterity
49-3093	abilities	6	Speed of Limb Movement
49-3093	abilities	7	Response Orientation
49-3093	abilities	8	Rate Control
49-3093	technology	1	Accounting software
49-9011	knowledge	1	Building and Construction
49-9011	knowledge	2	Mechanical
49-9011	knowledge	3	Engineering and Technology
49-9011	knowledge	4	Design
49-9011	knowledge	5	Customer and Personal Service
49-9011	knowledge	6	Sales and Marketing
49-9011	knowledge	7	Public Safety and Security
49-9011	knowledge	8	Computers and Electronics
49-9011	skills	1	Installation
49-9011	skills	2	Repairing
49-9011	skills	3	Equipment Maintenance
49-9011	skills	4	Equipment Selection
49-9011	skills	5	Quality Control Analysis
49-9011	skills	6	Troubleshooting
49-9011	skills	7	Operation and Control
49-9011	skills	8	Operations Monitoring
49-9011	abilities	1	Manual Dexterity
49-9011	abilities	2	Extent Flexibility
49-9011	abilities	3	Static Strength
49-9011	abilities	4	Arm-Hand Steadiness
49-9011	abilities	5	Gross Body Equilibrium
49-9011	abilities	6	Trunk Strength
49-9011	abilities	7	Gross Body Coordination
49-9011	abilities	8	Stamina
49-9011	technology	1	Web page creation and editing software
49-9011	technology	2	Route navigation software
49-9012	knowledge	1	Mechanical
49-9012	knowledge	2	Engineering and Technology
49-9012	knowledge	3	Building and Construction
49-9012	knowledge	4	Design
49-9012	knowledge	5	Physics
49-9012	knowledge	6	Public Safety and Security
49-9012	knowledge	7	Chemistry
49-9012	knowledge	8	Production and Processing
49-9012	skills	1	Repairing
49-9012	skills	2	Equipment Maintenance
49-9012	skills	3	Equipment Selection
49-9012	skills	4	Troubleshooting
49-9012	skills	5	Operation and Control
49-9012	skills	6	Quality Control Analysis
49-9012	skills	7	Operations Monitoring
49-9012	skills	8	Coordination
49-9012	abilities	1	Glare Sensitivity
49-9012	abilities	2	Extent Flexibility
49-9012	abilities	3	Gross Body Equilibrium
49-9012	abilities	4	Multilimb Coordination
49-9012	abilities	5	Arm-Hand Steadiness
49-9012	abilities	6	Manual Dexterity
49-9012	abilities	7	Depth Perception
49-9012	abilities	8	Control Precision
49-9012	technology	1	Process mapping and design software
49-9012	technology	2	Cloud-based data access and sharing software
49-9012	technology	3	Computer aided design CAD software
49-9012	technology	4	Graphical user interface development software
49-9012	technology	5	Industrial control software
49-9012	technology	6	Development environment software
49-9021	knowledge	1	Building and Construction
49-9021	knowledge	2	Mechanical
49-9021	knowledge	3	Physics
49-9021	knowledge	4	Engineering and Technology
49-9021	knowledge	5	Design
49-9021	knowledge	6	Transportation
49-9021	knowledge	7	Chemistry
49-9021	knowledge	8	Customer and Personal Service
49-9021	skills	1	Installation
49-9021	skills	2	Repairing
49-9021	skills	3	Troubleshooting
49-9021	skills	4	Equipment Maintenance
49-9021	skills	5	Equipment Selection
49-9021	skills	6	Operations Monitoring
49-9021	skills	7	Quality Control Analysis
49-9021	skills	8	Operation and Control
49-9021	abilities	1	Extent Flexibility
49-9021	abilities	2	Visual Color Discrimination
49-9021	abilities	3	Static Strength
49-9021	abilities	4	Arm-Hand Steadiness
49-9021	abilities	5	Manual Dexterity
49-9021	abilities	6	Multilimb Coordination
49-9021	abilities	7	Finger Dexterity
49-9021	abilities	8	Gross Body Equilibrium
49-9021	technology	1	Document management software
49-9021	technology	2	Computer aided design CAD software
49-9021	technology	3	Facilities management software
49-9021	technology	4	Industrial control software
49-9021	technology	5	Customer relationship management CRM software
49-9031	knowledge	1	Mechanical
49-9031	knowledge	2	Sales and Marketing
49-9031	knowledge	3	Administrative
49-9031	knowledge	4	Customer and Personal Service
49-9031	knowledge	5	Engineering and Technology
49-9031	knowledge	6	Administration and Management
49-9031	knowledge	7	Computers and Electronics
49-9031	knowledge	8	Mathematics
49-9031	skills	1	Repairing
49-9031	skills	2	Equipment Maintenance
49-9031	skills	3	Installation
49-9031	skills	4	Troubleshooting
49-9031	skills	5	Equipment Selection
49-9031	skills	6	Quality Control Analysis
49-9031	skills	7	Operations Monitoring
49-9031	skills	8	Operation and Control
49-9031	abilities	1	Arm-Hand Steadiness
49-9031	abilities	2	Manual Dexterity
49-9031	abilities	3	Extent Flexibility
49-9031	abilities	4	Finger Dexterity
49-9031	abilities	5	Static Strength
49-9031	abilities	6	Stamina
49-9031	abilities	7	Multilimb Coordination
49-9031	abilities	8	Trunk Strength
49-9031	technology	1	Route navigation software
49-9041	knowledge	1	Mechanical
49-9041	knowledge	2	Design
49-9041	knowledge	3	Engineering and Technology
49-9041	knowledge	4	Production and Processing
49-9041	knowledge	5	Physics
49-9041	knowledge	6	Computers and Electronics
49-9041	knowledge	7	Public Safety and Security
49-9041	knowledge	8	Mathematics
49-9041	skills	1	Repairing
49-9041	skills	2	Equipment Maintenance
49-9041	skills	3	Troubleshooting
49-9041	skills	4	Operation and Control
49-9041	skills	5	Operations Monitoring
49-9041	skills	6	Equipment Selection
49-9041	skills	7	Installation
49-9041	skills	8	Quality Control Analysis
49-9041	abilities	1	Reaction Time
49-9041	abilities	2	Control Precision
49-9041	abilities	3	Manual Dexterity
49-9041	abilities	4	Multilimb Coordination
49-9041	abilities	5	Sound Localization
49-9041	abilities	6	Hearing Sensitivity
49-9041	abilities	7	Finger Dexterity
49-9041	abilities	8	Response Orientation
49-9041	technology	1	Computer aided manufacturing CAM software
49-9041	technology	2	Facilities management software
49-9041	technology	3	Industrial control software
49-9041	technology	4	Inventory management software
49-9041	technology	5	Computer aided design CAD software
49-9043	knowledge	1	Mechanical
49-9043	knowledge	2	Design
49-9043	knowledge	3	Building and Construction
49-9043	knowledge	4	Engineering and Technology
49-9043	knowledge	5	Physics
49-9043	knowledge	6	Production and Processing
49-9043	knowledge	7	Mathematics
49-9043	knowledge	8	Public Safety and Security
49-9043	skills	1	Repairing
49-9043	skills	2	Equipment Maintenance
49-9043	skills	3	Troubleshooting
49-9043	skills	4	Operation and Control
49-9043	skills	5	Installation
49-9043	skills	6	Operations Monitoring
49-9043	skills	7	Equipment Selection
49-9043	skills	8	Quality Control Analysis
49-9043	abilities	1	Arm-Hand Steadiness
49-9043	abilities	2	Extent Flexibility
49-9043	abilities	3	Static Strength
49-9043	abilities	4	Reaction Time
49-9043	abilities	5	Control Precision
49-9043	abilities	6	Rate Control
49-9043	abilities	7	Manual Dexterity
49-9043	abilities	8	Multilimb Coordination
49-9043	technology	1	Facilities management software
49-9043	technology	2	Calendar and scheduling software
49-9044	knowledge	1	Mechanical
49-9044	knowledge	2	Building and Construction
49-9044	knowledge	3	Design
49-9044	knowledge	4	Physics
49-9044	knowledge	5	Mathematics
49-9044	knowledge	6	Engineering and Technology
49-9044	knowledge	7	Chemistry
49-9044	knowledge	8	Public Safety and Security
49-9044	skills	1	Installation
49-9044	skills	2	Equipment Maintenance
49-9044	skills	3	Repairing
49-9044	skills	4	Troubleshooting
49-9044	skills	5	Operations Monitoring
49-9044	skills	6	Equipment Selection
49-9044	skills	7	Operation and Control
49-9044	skills	8	Quality Control Analysis
49-9044	abilities	1	Manual Dexterity
49-9044	abilities	2	Multilimb Coordination
49-9044	abilities	3	Extent Flexibility
49-9044	abilities	4	Control Precision
49-9044	abilities	5	Static Strength
49-9044	abilities	6	Finger Dexterity
49-9044	abilities	7	Arm-Hand Steadiness
49-9044	abilities	8	Rate Control
49-9044	technology	1	Computer aided design CAD software
49-9045	knowledge	1	Mechanical
49-9045	knowledge	2	Production and Processing
49-9045	knowledge	3	Public Safety and Security
49-9045	knowledge	4	Mathematics
49-9045	knowledge	5	English Language
49-9045	skills	1	Repairing
49-9045	skills	2	Equipment Maintenance
49-9045	skills	3	Equipment Selection
49-9045	skills	4	Troubleshooting
49-9045	skills	5	Operation and Control
49-9045	skills	6	Operations Monitoring
49-9045	skills	7	Quality Control Analysis
49-9045	skills	8	Time Management
49-9045	abilities	1	Gross Body Equilibrium
49-9045	abilities	2	Extent Flexibility
49-9045	abilities	3	Multilimb Coordination
49-9045	abilities	4	Arm-Hand Steadiness
49-9045	abilities	5	Control Precision
49-9045	abilities	6	Gross Body Coordination
49-9045	abilities	7	Reaction Time
49-9045	abilities	8	Manual Dexterity
49-9045	technology	1	Facilities management software
49-9045	technology	2	Time accounting software
49-9051	knowledge	1	Building and Construction
49-9051	knowledge	2	Transportation
49-9051	knowledge	3	Mechanical
49-9051	knowledge	4	Design
49-9051	knowledge	5	Public Safety and Security
49-9051	knowledge	6	Telecommunications
49-9051	knowledge	7	Engineering and Technology
49-9051	knowledge	8	Education and Training
49-9051	skills	1	Installation
49-9051	skills	2	Repairing
49-9051	skills	3	Troubleshooting
49-9051	skills	4	Equipment Maintenance
49-9051	skills	5	Operation and Control
49-9051	skills	6	Equipment Selection
49-9051	skills	7	Quality Control Analysis
49-9051	skills	8	Operations Monitoring
49-9051	abilities	1	Multilimb Coordination
49-9051	abilities	2	Arm-Hand Steadiness
49-9051	abilities	3	Gross Body Equilibrium
49-9051	abilities	4	Control Precision
49-9051	abilities	5	Response Orientation
49-9051	abilities	6	Spatial Orientation
49-9051	abilities	7	Stamina
49-9051	abilities	8	Rate Control
49-9051	technology	1	Video conferencing software
49-9051	technology	2	Computer aided design CAD software
49-9051	technology	3	Mobile location based services software
49-9051	technology	4	Geographic information system
49-9051	technology	5	Inventory management software
49-9052	knowledge	1	Telecommunications
49-9052	knowledge	2	Customer and Personal Service
49-9052	knowledge	3	Mechanical
49-9052	knowledge	4	Communications and Media
49-9052	knowledge	5	Building and Construction
49-9052	knowledge	6	Public Safety and Security
49-9052	knowledge	7	Transportation
49-9052	knowledge	8	Design
49-9052	skills	1	Equipment Maintenance
49-9052	skills	2	Repairing
49-9052	skills	3	Troubleshooting
49-9052	skills	4	Operation and Control
49-9052	skills	5	Operations Monitoring
49-9052	skills	6	Quality Control Analysis
49-9052	skills	7	Complex Problem Solving
49-9052	skills	8	Coordination
49-9052	abilities	1	Extent Flexibility
49-9052	abilities	2	Gross Body Equilibrium
49-9052	abilities	3	Multilimb Coordination
49-9052	abilities	4	Static Strength
49-9052	abilities	5	Gross Body Coordination
49-9052	abilities	6	Response Orientation
49-9052	abilities	7	Arm-Hand Steadiness
49-9052	abilities	8	Manual Dexterity
49-9052	technology	1	Cloud-based data access and sharing software
49-9052	technology	2	Computer aided design CAD software
49-9052	technology	3	Internet protocol IP multimedia subsystem software
49-9052	technology	4	Transaction security and virus protection software
49-9052	technology	5	Facilities management software
49-9052	technology	6	Customer relationship management CRM software
49-9061	knowledge	1	Mechanical
49-9061	knowledge	2	Engineering and Technology
49-9061	knowledge	3	Computers and Electronics
49-9061	knowledge	4	Sales and Marketing
49-9061	knowledge	5	Design
49-9061	knowledge	6	Customer and Personal Service
49-9061	knowledge	7	Administrative
49-9061	knowledge	8	English Language
49-9061	skills	1	Repairing
49-9061	skills	2	Troubleshooting
49-9061	skills	3	Equipment Maintenance
49-9061	skills	4	Equipment Selection
49-9061	skills	5	Quality Control Analysis
49-9061	skills	6	Operations Monitoring
49-9061	skills	7	Time Management
49-9061	skills	8	Critical Thinking
49-9061	abilities	1	Visualization
49-9061	abilities	2	Finger Dexterity
49-9061	abilities	3	Arm-Hand Steadiness
49-9061	abilities	4	Manual Dexterity
49-9061	abilities	5	Control Precision
49-9061	abilities	6	Visual Color Discrimination
49-9061	abilities	7	Depth Perception
49-9061	abilities	8	Near Vision
49-9061	technology	1	Industrial control software
49-9062	knowledge	1	Mechanical
49-9062	knowledge	2	Engineering and Technology
49-9062	knowledge	3	Computers and Electronics
49-9062	knowledge	4	Customer and Personal Service
49-9062	knowledge	5	Mathematics
49-9062	knowledge	6	English Language
49-9062	skills	1	Repairing
49-9062	skills	2	Equipment Maintenance
49-9062	skills	3	Troubleshooting
49-9062	skills	4	Equipment Selection
49-9062	skills	5	Installation
49-9062	skills	6	Quality Control Analysis
49-9062	skills	7	Operations Monitoring
49-9062	skills	8	Operation and Control
49-9062	abilities	1	Extent Flexibility
49-9062	abilities	2	Finger Dexterity
49-9062	abilities	3	Manual Dexterity
49-9062	abilities	4	Control Precision
49-9062	abilities	5	Arm-Hand Steadiness
49-9062	abilities	6	Hearing Sensitivity
49-9062	abilities	7	Multilimb Coordination
49-9062	abilities	8	Visual Color Discrimination
49-9062	technology	1	Customer relationship management CRM software
49-9062	technology	2	Facilities management software
49-9062	technology	3	Video conferencing software
49-9062	technology	4	Medical software
49-9063	knowledge	1	Fine Arts
49-9063	knowledge	2	Mechanical
49-9063	knowledge	3	Customer and Personal Service
49-9063	knowledge	4	Sales and Marketing
49-9063	knowledge	5	Engineering and Technology
49-9063	knowledge	6	Administrative
49-9063	knowledge	7	Administration and Management
49-9063	knowledge	8	English Language
49-9063	skills	1	Repairing
49-9063	skills	2	Troubleshooting
49-9063	skills	3	Equipment Maintenance
49-9063	skills	4	Equipment Selection
49-9063	skills	5	Quality Control Analysis
49-9063	skills	6	Operations Monitoring
49-9063	skills	7	Operation and Control
49-9063	skills	8	Service Orientation
49-9063	abilities	1	Hearing Sensitivity
49-9063	abilities	2	Manual Dexterity
49-9063	abilities	3	Auditory Attention
49-9063	abilities	4	Control Precision
49-9063	abilities	5	Arm-Hand Steadiness
49-9063	abilities	6	Finger Dexterity
49-9063	abilities	7	Multilimb Coordination
49-9063	abilities	8	Visualization
49-9064	knowledge	1	Mechanical
49-9064	knowledge	2	Customer and Personal Service
49-9064	knowledge	3	Engineering and Technology
49-9064	knowledge	4	Administration and Management
49-9064	knowledge	5	Sales and Marketing
49-9064	knowledge	6	Production and Processing
49-9064	knowledge	7	Economics and Accounting
49-9064	knowledge	8	Administrative
49-9064	skills	1	Repairing
49-9064	skills	2	Equipment Maintenance
49-9064	skills	3	Troubleshooting
49-9064	skills	4	Equipment Selection
49-9064	skills	5	Quality Control Analysis
49-9064	skills	6	Operations Monitoring
49-9064	skills	7	Operation and Control
49-9064	skills	8	Service Orientation
49-9064	abilities	1	Control Precision
49-9064	abilities	2	Finger Dexterity
49-9064	abilities	3	Arm-Hand Steadiness
49-9064	abilities	4	Manual Dexterity
49-9064	abilities	5	Visualization
49-9064	abilities	6	Near Vision
49-9064	abilities	7	Depth Perception
49-9064	abilities	8	Multilimb Coordination
49-9064	technology	1	Accounting software
49-9071	knowledge	1	Building and Construction
49-9071	knowledge	2	Mechanical
49-9071	knowledge	3	Production and Processing
49-9071	knowledge	4	Mathematics
49-9071	knowledge	5	Engineering and Technology
49-9071	knowledge	6	English Language
49-9071	knowledge	7	Public Safety and Security
49-9071	knowledge	8	Customer and Personal Service
49-9071	skills	1	Repairing
49-9071	skills	2	Equipment Maintenance
49-9071	skills	3	Installation
49-9071	skills	4	Troubleshooting
49-9071	skills	5	Equipment Selection
49-9071	skills	6	Operation and Control
49-9071	skills	7	Quality Control Analysis
49-9071	skills	8	Operations Monitoring
49-9071	abilities	1	Manual Dexterity
49-9071	abilities	2	Arm-Hand Steadiness
49-9071	abilities	3	Gross Body Equilibrium
49-9071	abilities	4	Gross Body Coordination
49-9071	abilities	5	Extent Flexibility
49-9071	abilities	6	Stamina
49-9071	abilities	7	Multilimb Coordination
49-9071	abilities	8	Control Precision
49-9071	technology	1	Web page creation and editing software
49-9071	technology	2	Computer aided design CAD software
49-9071	technology	3	Facilities management software
49-9071	technology	4	Instant messaging software
49-9071	technology	5	Desktop communications software
49-9071	technology	6	Video conferencing software
49-9071	technology	7	Industrial control software
49-9071	technology	8	Video creation and editing software
49-9081	knowledge	1	Mechanical
49-9081	knowledge	2	Building and Construction
49-9081	knowledge	3	Engineering and Technology
49-9081	knowledge	4	Computers and Electronics
49-9081	knowledge	5	Physics
49-9081	knowledge	6	Public Safety and Security
49-9081	knowledge	7	Telecommunications
49-9081	knowledge	8	Transportation
49-9081	skills	1	Repairing
49-9081	skills	2	Equipment Maintenance
49-9081	skills	3	Troubleshooting
49-9081	skills	4	Operations Monitoring
49-9081	skills	5	Equipment Selection
49-9081	skills	6	Operation and Control
49-9081	skills	7	Quality Control Analysis
49-9081	skills	8	Systems Evaluation
49-9081	abilities	1	Gross Body Equilibrium
49-9081	abilities	2	Dynamic Strength
49-9081	abilities	3	Manual Dexterity
49-9081	abilities	4	Stamina
49-9081	abilities	5	Extent Flexibility
49-9081	abilities	6	Finger Dexterity
49-9081	abilities	7	Gross Body Coordination
49-9081	abilities	8	Response Orientation
49-9081	technology	1	Facilities management software
49-9081	technology	2	Industrial control software
49-9091	knowledge	1	Mechanical
49-9091	knowledge	2	Computers and Electronics
49-9091	knowledge	3	Sales and Marketing
49-9091	knowledge	4	Engineering and Technology
49-9091	knowledge	5	Customer and Personal Service
49-9091	knowledge	6	Administrative
49-9091	knowledge	7	English Language
49-9091	skills	1	Repairing
49-9091	skills	2	Equipment Maintenance
49-9091	skills	3	Troubleshooting
49-9091	skills	4	Operation and Control
49-9091	skills	5	Equipment Selection
49-9091	skills	6	Quality Control Analysis
49-9091	skills	7	Operations Monitoring
49-9091	skills	8	Systems Analysis
49-9091	abilities	1	Manual Dexterity
49-9091	abilities	2	Multilimb Coordination
49-9091	abilities	3	Finger Dexterity
49-9091	abilities	4	Control Precision
49-9091	abilities	5	Arm-Hand Steadiness
49-9091	abilities	6	Extent Flexibility
49-9091	abilities	7	Static Strength
49-9091	abilities	8	Visualization
49-9091	technology	1	Inventory management software
49-9092	knowledge	1	Building and Construction
49-9092	knowledge	2	Mechanical
49-9092	knowledge	3	Physics
49-9092	knowledge	4	Medicine and Dentistry
49-9092	knowledge	5	Design
49-9092	knowledge	6	Public Safety and Security
49-9092	knowledge	7	Engineering and Technology
49-9092	knowledge	8	Mathematics
49-9092	skills	1	Repairing
49-9092	skills	2	Equipment Maintenance
49-9092	skills	3	Equipment Selection
49-9092	skills	4	Installation
49-9092	skills	5	Troubleshooting
49-9092	skills	6	Operations Monitoring
49-9092	skills	7	Operation and Control
49-9092	skills	8	Quality Control Analysis
49-9092	abilities	1	Multilimb Coordination
49-9092	abilities	2	Extent Flexibility
49-9092	abilities	3	Control Precision
49-9092	abilities	4	Arm-Hand Steadiness
49-9092	abilities	5	Spatial Orientation
49-9092	abilities	6	Manual Dexterity
49-9092	abilities	7	Gross Body Equilibrium
49-9092	abilities	8	Night Vision
49-9094	knowledge	1	Mechanical
49-9094	knowledge	2	Sales and Marketing
49-9094	knowledge	3	Public Safety and Security
49-9094	knowledge	4	Building and Construction
49-9094	knowledge	5	Customer and Personal Service
49-9094	knowledge	6	Law and Government
49-9094	knowledge	7	Engineering and Technology
49-9094	knowledge	8	Design
49-9094	skills	1	Repairing
49-9094	skills	2	Equipment Maintenance
49-9094	skills	3	Installation
49-9094	skills	4	Troubleshooting
49-9094	skills	5	Operation and Control
49-9094	skills	6	Equipment Selection
49-9094	skills	7	Quality Control Analysis
49-9094	skills	8	Operations Monitoring
49-9094	abilities	1	Control Precision
49-9094	abilities	2	Extent Flexibility
49-9094	abilities	3	Finger Dexterity
49-9094	abilities	4	Arm-Hand Steadiness
49-9094	abilities	5	Multilimb Coordination
49-9094	abilities	6	Reaction Time
49-9094	abilities	7	Wrist-Finger Speed
49-9094	abilities	8	Depth Perception
49-9094	technology	1	Accounting software
49-9094	technology	2	Map creation software
49-9094	technology	3	Inventory management software
49-9094	technology	4	Calendar and scheduling software
49-9095	knowledge	1	Building and Construction
49-9095	knowledge	2	Transportation
49-9095	knowledge	3	Design
49-9095	knowledge	4	Public Safety and Security
49-9095	knowledge	5	Engineering and Technology
49-9095	knowledge	6	Mechanical
49-9095	knowledge	7	Law and Government
49-9095	knowledge	8	Physics
49-9095	skills	1	Operation and Control
49-9095	skills	2	Repairing
49-9095	skills	3	Installation
49-9095	skills	4	Quality Control Analysis
49-9095	skills	5	Troubleshooting
49-9095	skills	6	Equipment Selection
49-9095	skills	7	Operations Monitoring
49-9095	skills	8	Equipment Maintenance
49-9095	abilities	1	Multilimb Coordination
49-9095	abilities	2	Reaction Time
49-9095	abilities	3	Control Precision
49-9095	abilities	4	Response Orientation
49-9095	abilities	5	Gross Body Equilibrium
49-9095	abilities	6	Speed of Limb Movement
49-9095	abilities	7	Stamina
49-9095	abilities	8	Extent Flexibility
49-9096	knowledge	1	Building and Construction
49-9096	knowledge	2	Mechanical
49-9096	knowledge	3	Production and Processing
49-9096	knowledge	4	Design
49-9096	knowledge	5	Public Safety and Security
49-9096	knowledge	6	Engineering and Technology
49-9096	knowledge	7	Sales and Marketing
49-9096	knowledge	8	Transportation
49-9096	skills	1	Equipment Selection
49-9096	skills	2	Repairing
49-9096	skills	3	Operation and Control
49-9096	skills	4	Equipment Maintenance
49-9096	skills	5	Troubleshooting
49-9096	skills	6	Operations Monitoring
49-9096	skills	7	Quality Control Analysis
49-9096	skills	8	Coordination
49-9096	abilities	1	Gross Body Equilibrium
49-9096	abilities	2	Depth Perception
49-9096	abilities	3	Gross Body Coordination
49-9096	abilities	4	Reaction Time
49-9096	abilities	5	Multilimb Coordination
49-9096	abilities	6	Extent Flexibility
49-9096	abilities	7	Static Strength
49-9096	abilities	8	Stamina
49-9096	technology	1	Computer aided design CAD software
49-9097	knowledge	1	Transportation
49-9097	knowledge	2	Mechanical
49-9097	knowledge	3	Building and Construction
49-9097	knowledge	4	Telecommunications
49-9097	knowledge	5	Public Safety and Security
49-9097	knowledge	6	Engineering and Technology
49-9097	knowledge	7	Design
49-9097	knowledge	8	Law and Government
49-9097	skills	1	Repairing
49-9097	skills	2	Equipment Maintenance
49-9097	skills	3	Troubleshooting
49-9097	skills	4	Equipment Selection
49-9097	skills	5	Installation
49-9097	skills	6	Quality Control Analysis
49-9097	skills	7	Operations Monitoring
49-9097	skills	8	Operation and Control
49-9097	abilities	1	Control Precision
49-9097	abilities	2	Reaction Time
49-9097	abilities	3	Multilimb Coordination
49-9097	abilities	4	Arm-Hand Steadiness
49-9097	abilities	5	Manual Dexterity
49-9097	abilities	6	Visual Color Discrimination
49-9097	abilities	7	Spatial Orientation
49-9097	abilities	8	Glare Sensitivity
49-9097	technology	1	Facilities management software
49-9097	technology	2	Industrial control software
49-9098	knowledge	1	Building and Construction
49-9098	knowledge	2	Mechanical
49-9098	knowledge	3	Design
49-9098	knowledge	4	Engineering and Technology
49-9098	knowledge	5	Physics
49-9098	knowledge	6	Public Safety and Security
49-9098	knowledge	7	Production and Processing
49-9098	knowledge	8	Customer and Personal Service
49-9098	skills	1	Repairing
49-9098	skills	2	Equipment Maintenance
49-9098	skills	3	Troubleshooting
49-9098	skills	4	Equipment Selection
49-9098	skills	5	Operation and Control
49-9098	skills	6	Quality Control Analysis
49-9098	skills	7	Operations Monitoring
49-9098	skills	8	Coordination
49-9098	abilities	1	Gross Body Equilibrium
49-9098	abilities	2	Manual Dexterity
49-9098	abilities	3	Stamina
49-9098	abilities	4	Multilimb Coordination
49-9098	abilities	5	Extent Flexibility
49-9098	abilities	6	Control Precision
49-9098	abilities	7	Static Strength
49-9098	abilities	8	Dynamic Strength
49-9098	technology	1	Facilities management software
49-9098	technology	2	Industrial control software
49-9098	technology	3	Computer aided design CAD software
49-9099	knowledge	1	Mechanical
49-9099	knowledge	2	Physics
49-9099	knowledge	3	Chemistry
49-9099	knowledge	4	Telecommunications
49-9099	knowledge	5	Design
49-9099	knowledge	6	Building and Construction
49-9099	knowledge	7	Production and Processing
49-9099	knowledge	8	Public Safety and Security
49-9099	skills	1	Installation
49-9099	skills	2	Troubleshooting
49-9099	skills	3	Repairing
49-9099	skills	4	Equipment Maintenance
49-9099	skills	5	Operations Monitoring
49-9099	skills	6	Operation and Control
49-9099	skills	7	Equipment Selection
49-9099	skills	8	Quality Control Analysis
49-9099	abilities	1	Extent Flexibility
49-9099	abilities	2	Rate Control
49-9099	abilities	3	Reaction Time
49-9099	abilities	4	Gross Body Equilibrium
49-9099	abilities	5	Multilimb Coordination
49-9099	abilities	6	Control Precision
49-9099	abilities	7	Response Orientation
49-9099	abilities	8	Arm-Hand Steadiness
49-9099	technology	1	Computer aided design CAD software
49-9099	technology	2	Industrial control software
49-9099	technology	3	Geographic information system
51-1011	knowledge	1	Production and Processing
51-1011	knowledge	2	Personnel and Human Resources
51-1011	knowledge	3	Administration and Management
51-1011	knowledge	4	Mechanical
51-1011	knowledge	5	Engineering and Technology
51-1011	knowledge	6	Building and Construction
51-1011	knowledge	7	Design
51-1011	knowledge	8	Administrative
51-1011	skills	1	Management of Personnel Resources
51-1011	skills	2	Operations Analysis
51-1011	skills	3	Time Management
51-1011	skills	4	Coordination
51-1011	skills	5	Quality Control Analysis
51-1011	skills	6	Social Perceptiveness
51-1011	skills	7	Operations Monitoring
51-1011	skills	8	Operation and Control
51-1011	abilities	1	Reaction Time
51-1011	abilities	2	Manual Dexterity
51-1011	abilities	3	Control Precision
51-1011	abilities	4	Arm-Hand Steadiness
51-1011	abilities	5	Problem Sensitivity
51-1011	abilities	6	Mathematical Reasoning
51-1011	abilities	7	Speech Recognition
51-1011	abilities	8	Multilimb Coordination
51-1011	technology	1	Time accounting software
51-1011	technology	2	Enterprise application integration software
51-1011	technology	3	Cloud-based data access and sharing software
51-1011	technology	4	Computer aided design CAD software
51-1011	technology	5	Materials requirements planning logistics and supply chain software
51-1011	technology	6	Computer aided manufacturing CAM software
51-1011	technology	7	Human resources software
51-1011	technology	8	Financial analysis software
51-2011	knowledge	1	Design
51-2011	knowledge	2	Mechanical
51-2011	knowledge	3	Production and Processing
51-2011	knowledge	4	Chemistry
51-2011	knowledge	5	Engineering and Technology
51-2011	knowledge	6	Education and Training
51-2011	knowledge	7	Mathematics
51-2011	knowledge	8	Public Safety and Security
51-2011	skills	1	Installation
51-2011	skills	2	Equipment Maintenance
51-2011	skills	3	Repairing
51-2011	skills	4	Equipment Selection
51-2011	skills	5	Quality Control Analysis
51-2011	skills	6	Troubleshooting
51-2011	skills	7	Operation and Control
51-2011	skills	8	Operations Monitoring
51-2011	abilities	1	Extent Flexibility
51-2011	abilities	2	Dynamic Strength
51-2011	abilities	3	Manual Dexterity
51-2011	abilities	4	Finger Dexterity
51-2011	abilities	5	Static Strength
51-2011	abilities	6	Gross Body Equilibrium
51-2011	abilities	7	Multilimb Coordination
51-2011	abilities	8	Control Precision
51-2011	technology	1	Industrial control software
51-2011	technology	2	Computer aided design CAD software
51-2021	knowledge	1	Design
51-2021	knowledge	2	Production and Processing
51-2021	knowledge	3	Mechanical
51-2021	knowledge	4	Physics
51-2021	knowledge	5	Education and Training
51-2021	knowledge	6	Administration and Management
51-2021	knowledge	7	Mathematics
51-2021	knowledge	8	Transportation
51-2021	skills	1	Operation and Control
51-2021	skills	2	Operations Monitoring
51-2021	skills	3	Monitoring
51-2021	skills	4	Coordination
51-2021	skills	5	Judgment and Decision Making
51-2021	skills	6	Social Perceptiveness
51-2021	skills	7	Reading Comprehension
51-2021	skills	8	Active Listening
51-2021	abilities	1	Arm-Hand Steadiness
51-2021	abilities	2	Manual Dexterity
51-2021	abilities	3	Control Precision
51-2021	abilities	4	Reaction Time
51-2021	abilities	5	Multilimb Coordination
51-2021	abilities	6	Finger Dexterity
51-2021	abilities	7	Depth Perception
51-2021	abilities	8	Hearing Sensitivity
51-2021	technology	1	Industrial control software
51-2022	knowledge	1	Production and Processing
51-2022	knowledge	2	Mechanical
51-2022	skills	1	Operation and Control
51-2022	skills	2	Operations Monitoring
51-2022	skills	3	Quality Control Analysis
51-2022	skills	4	Troubleshooting
51-2022	skills	5	Coordination
51-2022	skills	6	Judgment and Decision Making
51-2022	skills	7	Monitoring
51-2022	skills	8	Time Management
51-2022	abilities	1	Finger Dexterity
51-2022	abilities	2	Manual Dexterity
51-2022	abilities	3	Arm-Hand Steadiness
51-2022	abilities	4	Multilimb Coordination
51-2022	abilities	5	Static Strength
51-2022	abilities	6	Control Precision
51-2022	abilities	7	Visual Color Discrimination
51-2022	abilities	8	Near Vision
51-2022	technology	1	Network connectivity terminal emulation software
51-2022	technology	2	Industrial control software
51-2022	technology	3	Development environment software
51-2023	knowledge	1	Production and Processing
51-2023	knowledge	2	Mechanical
51-2023	knowledge	3	Engineering and Technology
51-2023	knowledge	4	Design
51-2023	knowledge	5	Computers and Electronics
51-2023	knowledge	6	Mathematics
51-2023	knowledge	7	English Language
51-2023	skills	1	Repairing
51-2023	skills	2	Equipment Maintenance
51-2023	skills	3	Troubleshooting
51-2023	skills	4	Quality Control Analysis
51-2023	skills	5	Operations Monitoring
51-2023	skills	6	Operation and Control
51-2023	skills	7	Time Management
51-2023	skills	8	Judgment and Decision Making
51-2023	abilities	1	Arm-Hand Steadiness
51-2023	abilities	2	Manual Dexterity
51-2023	abilities	3	Finger Dexterity
51-2023	abilities	4	Control Precision
51-2023	abilities	5	Hearing Sensitivity
51-2023	abilities	6	Multilimb Coordination
51-2023	abilities	7	Visual Color Discrimination
51-2023	abilities	8	Trunk Strength
51-2023	technology	1	Computer aided design CAD software
51-2023	technology	2	Time accounting software
51-2031	knowledge	1	Mechanical
51-2031	knowledge	2	Production and Processing
51-2031	knowledge	3	Design
51-2031	knowledge	4	Engineering and Technology
51-2031	knowledge	5	Public Safety and Security
51-2031	knowledge	6	Administration and Management
51-2031	knowledge	7	Customer and Personal Service
51-2031	knowledge	8	Mathematics
51-2031	skills	1	Repairing
51-2031	skills	2	Equipment Maintenance
51-2031	skills	3	Troubleshooting
51-2031	skills	4	Operations Monitoring
51-2031	skills	5	Equipment Selection
51-2031	skills	6	Quality Control Analysis
51-2031	skills	7	Operation and Control
51-2031	skills	8	Time Management
51-2031	abilities	1	Arm-Hand Steadiness
51-2031	abilities	2	Manual Dexterity
51-2031	abilities	3	Extent Flexibility
51-2031	abilities	4	Static Strength
51-2031	abilities	5	Stamina
51-2031	abilities	6	Finger Dexterity
51-2031	abilities	7	Multilimb Coordination
51-2031	abilities	8	Reaction Time
51-2031	technology	1	Computer aided design CAD software
51-2041	knowledge	1	Building and Construction
51-2041	knowledge	2	Mechanical
51-2041	knowledge	3	Design
51-2041	knowledge	4	Mathematics
51-2041	knowledge	5	Production and Processing
51-2041	knowledge	6	Engineering and Technology
51-2041	knowledge	7	Public Safety and Security
51-2041	knowledge	8	English Language
51-2041	skills	1	Operation and Control
51-2041	skills	2	Operations Monitoring
51-2041	skills	3	Social Perceptiveness
51-2041	skills	4	Reading Comprehension
51-2041	skills	5	Critical Thinking
51-2041	skills	6	Speaking
51-2041	skills	7	Monitoring
51-2041	skills	8	Time Management
51-2041	abilities	1	Multilimb Coordination
51-2041	abilities	2	Static Strength
51-2041	abilities	3	Control Precision
51-2041	abilities	4	Arm-Hand Steadiness
51-2041	abilities	5	Reaction Time
51-2041	abilities	6	Manual Dexterity
51-2041	abilities	7	Trunk Strength
51-2041	abilities	8	Depth Perception
51-2041	technology	1	Computer aided design CAD software
51-2051	knowledge	1	Production and Processing
51-2051	knowledge	2	Chemistry
51-2051	knowledge	3	Building and Construction
51-2051	knowledge	4	Administration and Management
51-2051	knowledge	5	Design
51-2051	knowledge	6	Education and Training
51-2051	knowledge	7	Mechanical
51-2051	knowledge	8	Engineering and Technology
51-2051	skills	1	Operation and Control
51-2051	skills	2	Operations Monitoring
51-2051	skills	3	Quality Control Analysis
51-2051	skills	4	Instructing
51-2051	skills	5	Learning Strategies
51-2051	skills	6	Monitoring
51-2051	skills	7	Complex Problem Solving
51-2051	skills	8	Time Management
51-2051	abilities	1	Multilimb Coordination
51-2051	abilities	2	Trunk Strength
51-2051	abilities	3	Extent Flexibility
51-2051	abilities	4	Stamina
51-2051	abilities	5	Gross Body Coordination
51-2051	abilities	6	Static Strength
51-2051	abilities	7	Rate Control
51-2051	abilities	8	Arm-Hand Steadiness
51-2061	knowledge	1	Mechanical
51-2061	knowledge	2	Engineering and Technology
51-2061	knowledge	3	Production and Processing
51-2061	knowledge	4	Mathematics
51-2061	knowledge	5	Education and Training
51-2061	skills	1	Repairing
51-2061	skills	2	Troubleshooting
51-2061	skills	3	Equipment Maintenance
51-2061	skills	4	Equipment Selection
51-2061	skills	5	Quality Control Analysis
51-2061	skills	6	Operation and Control
51-2061	skills	7	Operations Monitoring
51-2061	skills	8	Service Orientation
51-2061	abilities	1	Finger Dexterity
51-2061	abilities	2	Arm-Hand Steadiness
51-2061	abilities	3	Manual Dexterity
51-2061	abilities	4	Control Precision
51-2061	abilities	5	Depth Perception
51-2061	abilities	6	Hearing Sensitivity
51-2061	abilities	7	Multilimb Coordination
51-2061	abilities	8	Visual Color Discrimination
51-2061	technology	1	Point of sale POS software
51-2061	technology	2	Inventory management software
51-2092	knowledge	1	Production and Processing
51-2092	knowledge	2	Mechanical
51-2092	knowledge	3	Design
51-2092	knowledge	4	Engineering and Technology
51-2092	knowledge	5	Public Safety and Security
51-2092	knowledge	6	Education and Training
51-2092	knowledge	7	Computers and Electronics
51-2092	knowledge	8	Administration and Management
51-2092	skills	1	Quality Control Analysis
51-2092	skills	2	Operation and Control
51-2092	skills	3	Operations Monitoring
51-2092	skills	4	Instructing
51-2092	skills	5	Management of Personnel Resources
51-2092	skills	6	Time Management
51-2092	skills	7	Coordination
51-2092	skills	8	Social Perceptiveness
51-2092	abilities	1	Manual Dexterity
51-2092	abilities	2	Reaction Time
51-2092	abilities	3	Static Strength
51-2092	abilities	4	Rate Control
51-2092	abilities	5	Trunk Strength
51-2092	abilities	6	Extent Flexibility
51-2092	abilities	7	Finger Dexterity
51-2092	abilities	8	Control Precision
51-2092	technology	1	Computer aided design CAD software
51-3011	knowledge	1	Food Production
51-3011	knowledge	2	Production and Processing
51-3011	knowledge	3	Sales and Marketing
51-3011	knowledge	4	Customer and Personal Service
51-3011	knowledge	5	Design
51-3011	knowledge	6	Mathematics
51-3011	knowledge	7	Administration and Management
51-3011	knowledge	8	Public Safety and Security
51-3011	skills	1	Quality Control Analysis
51-3011	skills	2	Operations Monitoring
51-3011	skills	3	Monitoring
51-3011	skills	4	Time Management
51-3011	skills	5	Active Learning
51-3011	skills	6	Coordination
51-3011	skills	7	Judgment and Decision Making
51-3011	skills	8	Social Perceptiveness
51-3011	abilities	1	Control Precision
51-3011	abilities	2	Visual Color Discrimination
51-3011	abilities	3	Manual Dexterity
51-3011	abilities	4	Multilimb Coordination
51-3011	abilities	5	Arm-Hand Steadiness
51-3011	abilities	6	Trunk Strength
51-3011	abilities	7	Hearing Sensitivity
51-3011	abilities	8	Finger Dexterity
51-3011	technology	1	Materials requirements planning logistics and supply chain software
51-3011	technology	2	Time accounting software
51-3011	technology	3	Inventory management software
51-3011	technology	4	Desktop publishing software
51-3021	knowledge	1	Food Production
51-3021	knowledge	2	Sales and Marketing
51-3021	knowledge	3	Production and Processing
51-3021	knowledge	4	Customer and Personal Service
51-3021	knowledge	5	English Language
51-3021	skills	1	Quality Control Analysis
51-3021	skills	2	Negotiation
51-3021	skills	3	Service Orientation
51-3021	skills	4	Management of Personnel Resources
51-3021	skills	5	Persuasion
51-3021	skills	6	Operations Monitoring
51-3021	skills	7	Time Management
51-3021	skills	8	Social Perceptiveness
51-3021	abilities	1	Manual Dexterity
51-3021	abilities	2	Reaction Time
51-3021	abilities	3	Wrist-Finger Speed
51-3021	abilities	4	Static Strength
51-3021	abilities	5	Rate Control
51-3021	abilities	6	Stamina
51-3021	abilities	7	Extent Flexibility
51-3021	abilities	8	Control Precision
51-3021	technology	1	Accounting software
51-3022	knowledge	1	Food Production
51-3022	knowledge	2	Production and Processing
51-3022	knowledge	3	Transportation
51-3022	knowledge	4	Medicine and Dentistry
51-3022	knowledge	5	Personnel and Human Resources
51-3022	knowledge	6	Mechanical
51-3022	knowledge	7	Public Safety and Security
51-3022	knowledge	8	Chemistry
51-3022	skills	1	Management of Personnel Resources
51-3022	skills	2	Operations Monitoring
51-3022	skills	3	Service Orientation
51-3022	skills	4	Time Management
51-3022	skills	5	Instructing
51-3022	skills	6	Coordination
51-3022	skills	7	Judgment and Decision Making
51-3022	skills	8	Social Perceptiveness
51-3022	abilities	1	Rate Control
51-3022	abilities	2	Reaction Time
51-3022	abilities	3	Control Precision
51-3022	abilities	4	Arm-Hand Steadiness
51-3022	abilities	5	Trunk Strength
51-3022	abilities	6	Multilimb Coordination
51-3022	abilities	7	Dynamic Strength
51-3022	abilities	8	Wrist-Finger Speed
51-3022	technology	1	Point of sale POS software
51-3022	technology	2	Inventory management software
51-3023	knowledge	1	Food Production
51-3023	knowledge	2	Production and Processing
51-3023	knowledge	3	Law and Government
51-3023	knowledge	4	Customer and Personal Service
51-3023	knowledge	5	Administrative
51-3023	knowledge	6	Mathematics
51-3023	knowledge	7	English Language
51-3023	skills	1	Speaking
51-3023	skills	2	Active Listening
51-3023	abilities	1	Arm-Hand Steadiness
51-3023	abilities	2	Static Strength
51-3023	abilities	3	Extent Flexibility
51-3023	abilities	4	Dynamic Strength
51-3023	abilities	5	Reaction Time
51-3023	abilities	6	Manual Dexterity
51-3023	abilities	7	Trunk Strength
51-3023	abilities	8	Finger Dexterity
51-3023	technology	1	Inventory management software
51-3023	technology	2	Accounting software
51-3091	knowledge	1	Food Production
51-3091	knowledge	2	Production and Processing
51-3091	knowledge	3	Public Safety and Security
51-3091	knowledge	4	English Language
51-3091	skills	1	Operations Monitoring
51-3091	skills	2	Operation and Control
51-3091	skills	3	Quality Control Analysis
51-3091	skills	4	Monitoring
51-3091	skills	5	Coordination
51-3091	skills	6	Social Perceptiveness
51-3091	skills	7	Complex Problem Solving
51-3091	skills	8	Time Management
51-3091	abilities	1	Rate Control
51-3091	abilities	2	Extent Flexibility
51-3091	abilities	3	Reaction Time
51-3091	abilities	4	Stamina
51-3091	abilities	5	Hearing Sensitivity
51-3091	abilities	6	Multilimb Coordination
51-3091	abilities	7	Control Precision
51-3091	abilities	8	Trunk Strength
51-3092	knowledge	1	Food Production
51-3092	knowledge	2	Production and Processing
51-3092	knowledge	3	Public Safety and Security
51-3092	knowledge	4	Mechanical
51-3092	knowledge	5	Education and Training
51-3092	knowledge	6	Engineering and Technology
51-3092	knowledge	7	Administrative
51-3092	knowledge	8	Personnel and Human Resources
51-3092	skills	1	Operation and Control
51-3092	skills	2	Operations Monitoring
51-3092	skills	3	Quality Control Analysis
51-3092	skills	4	Mathematics
51-3092	skills	5	Coordination
51-3092	skills	6	Writing
51-3092	skills	7	Complex Problem Solving
51-3092	skills	8	Time Management
51-3092	abilities	1	Extent Flexibility
51-3092	abilities	2	Control Precision
51-3092	abilities	3	Hearing Sensitivity
51-3092	abilities	4	Auditory Attention
51-3092	abilities	5	Reaction Time
51-3092	abilities	6	Manual Dexterity
51-3092	abilities	7	Trunk Strength
51-3092	abilities	8	Arm-Hand Steadiness
51-3092	technology	1	Inventory management software
51-3093	knowledge	1	Food Production
51-3093	knowledge	2	Production and Processing
51-3093	knowledge	3	Mechanical
51-3093	knowledge	4	Administration and Management
51-3093	knowledge	5	Personnel and Human Resources
51-3093	knowledge	6	Education and Training
51-3093	knowledge	7	Computers and Electronics
51-3093	knowledge	8	Customer and Personal Service
51-3093	skills	1	Operations Monitoring
51-3093	skills	2	Operation and Control
51-3093	skills	3	Quality Control Analysis
51-3093	skills	4	Monitoring
51-3093	skills	5	Coordination
51-3093	skills	6	Complex Problem Solving
51-3093	skills	7	Reading Comprehension
51-3093	skills	8	Writing
51-3093	abilities	1	Reaction Time
51-3093	abilities	2	Rate Control
51-3093	abilities	3	Control Precision
51-3093	abilities	4	Static Strength
51-3093	abilities	5	Manual Dexterity
51-3093	abilities	6	Hearing Sensitivity
51-3093	abilities	7	Extent Flexibility
51-3093	abilities	8	Multilimb Coordination
51-4021	knowledge	1	Production and Processing
51-4021	knowledge	2	Mathematics
51-4021	knowledge	3	Mechanical
51-4021	knowledge	4	English Language
51-4021	knowledge	5	Administration and Management
51-4021	knowledge	6	Computers and Electronics
51-4021	skills	1	Operation and Control
51-4021	skills	2	Repairing
51-4021	skills	3	Troubleshooting
51-4021	skills	4	Operations Monitoring
51-4021	skills	5	Equipment Maintenance
51-4021	skills	6	Equipment Selection
51-4021	skills	7	Quality Control Analysis
51-4021	skills	8	Mathematics
51-4021	abilities	1	Reaction Time
51-4021	abilities	2	Rate Control
51-4021	abilities	3	Multilimb Coordination
51-4021	abilities	4	Control Precision
51-4021	abilities	5	Manual Dexterity
51-4021	abilities	6	Stamina
51-4021	abilities	7	Response Orientation
51-4021	abilities	8	Static Strength
51-4021	technology	1	Enterprise application integration software
51-4022	knowledge	1	Production and Processing
51-4022	knowledge	2	Mechanical
51-4022	knowledge	3	Engineering and Technology
51-4022	knowledge	4	Design
51-4022	knowledge	5	Education and Training
51-4022	knowledge	6	Mathematics
51-4022	knowledge	7	Transportation
51-4022	knowledge	8	Chemistry
51-4022	skills	1	Equipment Maintenance
51-4022	skills	2	Operation and Control
51-4022	skills	3	Troubleshooting
51-4022	skills	4	Repairing
51-4022	skills	5	Operations Monitoring
51-4022	skills	6	Quality Control Analysis
51-4022	skills	7	Time Management
51-4022	skills	8	Monitoring
51-4022	abilities	1	Rate Control
51-4022	abilities	2	Reaction Time
51-4022	abilities	3	Control Precision
51-4022	abilities	4	Multilimb Coordination
51-4022	abilities	5	Arm-Hand Steadiness
51-4022	abilities	6	Auditory Attention
51-4022	abilities	7	Static Strength
51-4022	abilities	8	Manual Dexterity
51-4022	technology	1	Industrial control software
51-4022	technology	2	Inventory management software
51-4023	knowledge	1	Mechanical
51-4023	knowledge	2	Production and Processing
51-4023	knowledge	3	Engineering and Technology
51-4023	knowledge	4	Education and Training
51-4023	knowledge	5	Administration and Management
51-4023	knowledge	6	Public Safety and Security
51-4023	knowledge	7	English Language
51-4023	knowledge	8	Computers and Electronics
51-4023	skills	1	Operation and Control
51-4023	skills	2	Operations Monitoring
51-4023	skills	3	Repairing
51-4023	skills	4	Equipment Maintenance
51-4023	skills	5	Quality Control Analysis
51-4023	skills	6	Troubleshooting
51-4023	skills	7	Equipment Selection
51-4023	skills	8	Monitoring
51-4023	abilities	1	Rate Control
51-4023	abilities	2	Reaction Time
51-4023	abilities	3	Control Precision
51-4023	abilities	4	Response Orientation
51-4023	abilities	5	Speed of Limb Movement
51-4023	abilities	6	Multilimb Coordination
51-4023	abilities	7	Static Strength
51-4023	abilities	8	Manual Dexterity
51-4031	knowledge	1	Mechanical
51-4031	knowledge	2	Production and Processing
51-4031	knowledge	3	Design
51-4031	knowledge	4	Mathematics
51-4031	knowledge	5	English Language
51-4031	skills	1	Operation and Control
51-4031	skills	2	Equipment Maintenance
51-4031	skills	3	Troubleshooting
51-4031	skills	4	Operations Monitoring
51-4031	skills	5	Quality Control Analysis
51-4031	skills	6	Repairing
51-4031	skills	7	Monitoring
51-4031	skills	8	Time Management
51-4031	abilities	1	Reaction Time
51-4031	abilities	2	Rate Control
51-4031	abilities	3	Control Precision
51-4031	abilities	4	Arm-Hand Steadiness
51-4031	abilities	5	Multilimb Coordination
51-4031	abilities	6	Static Strength
51-4031	abilities	7	Manual Dexterity
51-4031	abilities	8	Trunk Strength
51-4031	technology	1	Computer aided design CAD software
51-4031	technology	2	Computer aided manufacturing CAM software
51-4031	technology	3	Industrial control software
51-4031	technology	4	Inventory management software
51-4032	knowledge	1	Production and Processing
51-4032	knowledge	2	Mechanical
51-4032	knowledge	3	Mathematics
51-4032	knowledge	4	Engineering and Technology
51-4032	knowledge	5	Design
51-4032	knowledge	6	Physics
51-4032	knowledge	7	English Language
51-4032	knowledge	8	Education and Training
51-4032	skills	1	Operations Monitoring
51-4032	skills	2	Equipment Maintenance
51-4032	skills	3	Repairing
51-4032	skills	4	Operation and Control
51-4032	skills	5	Equipment Selection
51-4032	skills	6	Troubleshooting
51-4032	skills	7	Quality Control Analysis
51-4032	skills	8	Mathematics
51-4032	abilities	1	Rate Control
51-4032	abilities	2	Reaction Time
51-4032	abilities	3	Control Precision
51-4032	abilities	4	Static Strength
51-4032	abilities	5	Arm-Hand Steadiness
51-4032	abilities	6	Manual Dexterity
51-4032	abilities	7	Multilimb Coordination
51-4032	abilities	8	Finger Dexterity
51-4032	technology	1	Industrial control software
51-4032	technology	2	Inventory management software
51-4033	knowledge	1	Production and Processing
51-4033	knowledge	2	Mechanical
51-4033	knowledge	3	Mathematics
51-4033	knowledge	4	Administration and Management
51-4033	knowledge	5	Computers and Electronics
51-4033	knowledge	6	English Language
51-4033	skills	1	Operation and Control
51-4033	skills	2	Operations Monitoring
51-4033	skills	3	Quality Control Analysis
51-4033	skills	4	Equipment Maintenance
51-4033	skills	5	Equipment Selection
51-4033	skills	6	Troubleshooting
51-4033	skills	7	Repairing
51-4033	skills	8	Mathematics
51-4033	abilities	1	Reaction Time
51-4033	abilities	2	Control Precision
51-4033	abilities	3	Rate Control
51-4033	abilities	4	Manual Dexterity
51-4033	abilities	5	Multilimb Coordination
51-4033	abilities	6	Wrist-Finger Speed
51-4033	abilities	7	Static Strength
51-4033	abilities	8	Depth Perception
51-4033	technology	1	Computer aided design CAD software
51-4033	technology	2	Industrial control software
51-4033	technology	3	Inventory management software
51-4034	knowledge	1	Mechanical
51-4034	knowledge	2	Mathematics
51-4034	knowledge	3	Production and Processing
51-4034	knowledge	4	Engineering and Technology
51-4034	knowledge	5	Education and Training
51-4034	knowledge	6	Public Safety and Security
51-4034	knowledge	7	Computers and Electronics
51-4034	knowledge	8	English Language
51-4034	skills	1	Operation and Control
51-4034	skills	2	Operations Monitoring
51-4034	skills	3	Equipment Maintenance
51-4034	skills	4	Equipment Selection
51-4034	skills	5	Troubleshooting
51-4034	skills	6	Quality Control Analysis
51-4034	skills	7	Monitoring
51-4034	skills	8	Time Management
51-4034	abilities	1	Reaction Time
51-4034	abilities	2	Control Precision
51-4034	abilities	3	Rate Control
51-4034	abilities	4	Static Strength
51-4034	abilities	5	Arm-Hand Steadiness
51-4034	abilities	6	Manual Dexterity
51-4034	abilities	7	Trunk Strength
51-4034	abilities	8	Finger Dexterity
51-4034	technology	1	Industrial control software
51-4034	technology	2	Inventory management software
51-4034	technology	3	Object or component oriented development software
51-4035	knowledge	1	Mechanical
51-4035	knowledge	2	Production and Processing
51-4035	knowledge	3	Design
51-4035	knowledge	4	Engineering and Technology
51-4035	knowledge	5	Mathematics
51-4035	knowledge	6	Computers and Electronics
51-4035	knowledge	7	Education and Training
51-4035	knowledge	8	Public Safety and Security
51-4035	skills	1	Operations Monitoring
51-4035	skills	2	Operation and Control
51-4035	skills	3	Troubleshooting
51-4035	skills	4	Quality Control Analysis
51-4035	skills	5	Mathematics
51-4035	skills	6	Monitoring
51-4035	skills	7	Coordination
51-4035	skills	8	Critical Thinking
51-4035	abilities	1	Reaction Time
51-4035	abilities	2	Manual Dexterity
51-4035	abilities	3	Multilimb Coordination
51-4035	abilities	4	Control Precision
51-4035	abilities	5	Static Strength
51-4035	abilities	6	Arm-Hand Steadiness
51-4035	abilities	7	Rate Control
51-4035	abilities	8	Trunk Strength
51-4035	technology	1	Enterprise application integration software
51-4035	technology	2	Computer aided design CAD software
51-4035	technology	3	Computer aided design CAD and computer aided manufacturing CAM system
51-4035	technology	4	Materials requirements planning logistics and supply chain software
51-4035	technology	5	Computer aided manufacturing CAM software
51-4035	technology	6	Industrial control software
51-4035	technology	7	Object or component oriented development software
51-4041	knowledge	1	Mechanical
51-4041	knowledge	2	Design
51-4041	knowledge	3	Production and Processing
51-4041	knowledge	4	Mathematics
51-4041	knowledge	5	Engineering and Technology
51-4041	knowledge	6	English Language
51-4041	skills	1	Installation
51-4041	skills	2	Repairing
51-4041	skills	3	Equipment Maintenance
51-4041	skills	4	Operation and Control
51-4041	skills	5	Troubleshooting
51-4041	skills	6	Equipment Selection
51-4041	skills	7	Quality Control Analysis
51-4041	skills	8	Operations Monitoring
51-4041	abilities	1	Rate Control
51-4041	abilities	2	Manual Dexterity
51-4041	abilities	3	Control Precision
51-4041	abilities	4	Arm-Hand Steadiness
51-4041	abilities	5	Reaction Time
51-4041	abilities	6	Finger Dexterity
51-4041	abilities	7	Wrist-Finger Speed
51-4041	abilities	8	Multilimb Coordination
51-4041	technology	1	Computer aided manufacturing CAM software
51-4041	technology	2	Computer aided design CAD software
51-4041	technology	3	Procedure management software
51-4041	technology	4	Industrial control software
51-4041	technology	5	Object or component oriented development software
51-4051	knowledge	1	Production and Processing
51-4051	knowledge	2	Mechanical
51-4051	knowledge	3	Chemistry
51-4051	knowledge	4	Public Safety and Security
51-4051	knowledge	5	Sales and Marketing
51-4051	knowledge	6	Engineering and Technology
51-4051	knowledge	7	Administration and Management
51-4051	knowledge	8	Education and Training
51-4051	skills	1	Operation and Control
51-4051	skills	2	Operations Monitoring
51-4051	skills	3	Equipment Maintenance
51-4051	skills	4	Repairing
51-4051	skills	5	Equipment Selection
51-4051	skills	6	Troubleshooting
51-4051	skills	7	Quality Control Analysis
51-4051	skills	8	Monitoring
51-4051	abilities	1	Reaction Time
51-4051	abilities	2	Glare Sensitivity
51-4051	abilities	3	Control Precision
51-4051	abilities	4	Rate Control
51-4051	abilities	5	Manual Dexterity
51-4051	abilities	6	Response Orientation
51-4051	abilities	7	Extent Flexibility
51-4051	abilities	8	Static Strength
51-4051	technology	1	Industrial control software
51-4051	technology	2	Inventory management software
51-4052	knowledge	1	Production and Processing
51-4052	knowledge	2	Mechanical
51-4052	knowledge	3	Physics
51-4052	knowledge	4	Public Safety and Security
51-4052	knowledge	5	Education and Training
51-4052	knowledge	6	Administrative
51-4052	knowledge	7	Mathematics
51-4052	knowledge	8	English Language
51-4052	skills	1	Equipment Maintenance
51-4052	skills	2	Operation and Control
51-4052	skills	3	Operations Monitoring
51-4052	skills	4	Quality Control Analysis
51-4052	skills	5	Troubleshooting
51-4052	skills	6	Coordination
51-4052	skills	7	Time Management
51-4052	skills	8	Judgment and Decision Making
51-4052	abilities	1	Arm-Hand Steadiness
51-4052	abilities	2	Control Precision
51-4052	abilities	3	Reaction Time
51-4052	abilities	4	Rate Control
51-4052	abilities	5	Manual Dexterity
51-4052	abilities	6	Static Strength
51-4052	abilities	7	Extent Flexibility
51-4052	abilities	8	Multilimb Coordination
51-4052	technology	1	Industrial control software
51-4061	knowledge	1	Design
51-4061	knowledge	2	Engineering and Technology
51-4061	knowledge	3	Mechanical
51-4061	knowledge	4	Mathematics
51-4061	knowledge	5	Production and Processing
51-4061	knowledge	6	Computers and Electronics
51-4061	skills	1	Operation and Control
51-4061	skills	2	Equipment Selection
51-4061	skills	3	Repairing
51-4061	skills	4	Troubleshooting
51-4061	skills	5	Equipment Maintenance
51-4061	skills	6	Quality Control Analysis
51-4061	skills	7	Operations Monitoring
51-4061	skills	8	Operations Analysis
51-4061	abilities	1	Reaction Time
51-4061	abilities	2	Arm-Hand Steadiness
51-4061	abilities	3	Control Precision
51-4061	abilities	4	Rate Control
51-4061	abilities	5	Wrist-Finger Speed
51-4061	abilities	6	Manual Dexterity
51-4061	abilities	7	Multilimb Coordination
51-4061	abilities	8	Visualization
51-4061	technology	1	Computer aided manufacturing CAM software
51-4061	technology	2	Computer aided design CAD software
51-4062	knowledge	1	Production and Processing
51-4062	knowledge	2	Design
51-4062	knowledge	3	Mechanical
51-4062	knowledge	4	Engineering and Technology
51-4062	knowledge	5	Mathematics
51-4062	knowledge	6	Administrative
51-4062	knowledge	7	Administration and Management
51-4062	knowledge	8	Education and Training
51-4062	skills	1	Operation and Control
51-4062	skills	2	Operations Monitoring
51-4062	skills	3	Quality Control Analysis
51-4062	skills	4	Complex Problem Solving
51-4062	skills	5	Time Management
51-4062	skills	6	Monitoring
51-4062	skills	7	Judgment and Decision Making
51-4062	skills	8	Reading Comprehension
51-4062	abilities	1	Arm-Hand Steadiness
51-4062	abilities	2	Control Precision
51-4062	abilities	3	Reaction Time
51-4062	abilities	4	Manual Dexterity
51-4062	abilities	5	Multilimb Coordination
51-4062	abilities	6	Visualization
51-4062	abilities	7	Finger Dexterity
51-4062	abilities	8	Auditory Attention
51-4062	technology	1	Computer aided design CAD software
51-4062	technology	2	Computer aided manufacturing CAM software
51-4071	knowledge	1	Physics
51-4071	knowledge	2	Building and Construction
51-4071	knowledge	3	Mechanical
51-4071	knowledge	4	Chemistry
51-4071	knowledge	5	Design
51-4071	knowledge	6	Production and Processing
51-4071	knowledge	7	Engineering and Technology
51-4071	knowledge	8	Economics and Accounting
51-4071	skills	1	Operations Monitoring
51-4071	skills	2	Operation and Control
51-4071	skills	3	Time Management
51-4071	skills	4	Monitoring
51-4071	skills	5	Complex Problem Solving
51-4071	skills	6	Judgment and Decision Making
51-4071	skills	7	Critical Thinking
51-4071	skills	8	Active Listening
51-4071	abilities	1	Static Strength
51-4071	abilities	2	Trunk Strength
51-4071	abilities	3	Reaction Time
51-4071	abilities	4	Manual Dexterity
51-4071	abilities	5	Rate Control
51-4071	abilities	6	Dynamic Strength
51-4071	abilities	7	Stamina
51-4071	abilities	8	Multilimb Coordination
51-4071	technology	1	Computer aided design CAD software
51-4071	technology	2	Computer aided manufacturing CAM software
51-4071	technology	3	Industrial control software
51-4071	technology	4	Inventory management software
51-4072	knowledge	1	Production and Processing
51-4072	knowledge	2	Mechanical
51-4072	knowledge	3	Mathematics
51-4072	knowledge	4	Administration and Management
51-4072	knowledge	5	English Language
51-4072	skills	1	Repairing
51-4072	skills	2	Equipment Maintenance
51-4072	skills	3	Operation and Control
51-4072	skills	4	Troubleshooting
51-4072	skills	5	Operations Monitoring
51-4072	skills	6	Quality Control Analysis
51-4072	skills	7	Time Management
51-4072	skills	8	Monitoring
51-4072	abilities	1	Rate Control
51-4072	abilities	2	Arm-Hand Steadiness
51-4072	abilities	3	Reaction Time
51-4072	abilities	4	Manual Dexterity
51-4072	abilities	5	Multilimb Coordination
51-4072	abilities	6	Static Strength
51-4072	abilities	7	Dynamic Strength
51-4072	abilities	8	Stamina
51-4072	technology	1	Computer aided manufacturing CAM software
51-4072	technology	2	Industrial control software
51-4081	knowledge	1	Production and Processing
51-4081	knowledge	2	Mechanical
51-4081	knowledge	3	Design
51-4081	knowledge	4	Mathematics
51-4081	knowledge	5	Engineering and Technology
51-4081	knowledge	6	Education and Training
51-4081	knowledge	7	English Language
51-4081	knowledge	8	Computers and Electronics
51-4081	skills	1	Operations Monitoring
51-4081	skills	2	Equipment Maintenance
51-4081	skills	3	Repairing
51-4081	skills	4	Quality Control Analysis
51-4081	skills	5	Troubleshooting
51-4081	skills	6	Operation and Control
51-4081	skills	7	Instructing
51-4081	skills	8	Judgment and Decision Making
51-4081	abilities	1	Control Precision
51-4081	abilities	2	Arm-Hand Steadiness
51-4081	abilities	3	Manual Dexterity
51-4081	abilities	4	Rate Control
51-4081	abilities	5	Reaction Time
51-4081	abilities	6	Extent Flexibility
51-4081	abilities	7	Multilimb Coordination
51-4081	abilities	8	Static Strength
51-4081	technology	1	Computer aided design CAD software
51-4111	knowledge	1	Mechanical
51-4111	knowledge	2	Design
51-4111	knowledge	3	Production and Processing
51-4111	knowledge	4	Engineering and Technology
51-4111	knowledge	5	Mathematics
51-4111	knowledge	6	Education and Training
51-4111	knowledge	7	Computers and Electronics
51-4111	knowledge	8	English Language
51-4111	skills	1	Equipment Selection
51-4111	skills	2	Equipment Maintenance
51-4111	skills	3	Repairing
51-4111	skills	4	Operation and Control
51-4111	skills	5	Technology Design
51-4111	skills	6	Troubleshooting
51-4111	skills	7	Operations Analysis
51-4111	skills	8	Quality Control Analysis
51-4111	abilities	1	Visualization
51-4111	abilities	2	Control Precision
51-4111	abilities	3	Reaction Time
51-4111	abilities	4	Manual Dexterity
51-4111	abilities	5	Multilimb Coordination
51-4111	abilities	6	Rate Control
51-4111	abilities	7	Finger Dexterity
51-4111	abilities	8	Arm-Hand Steadiness
51-4111	technology	1	Computer aided design CAD software
51-4111	technology	2	Materials requirements planning logistics and supply chain software
51-4111	technology	3	Computer aided manufacturing CAM software
51-4111	technology	4	Inventory management software
51-4121	knowledge	1	Production and Processing
51-4121	knowledge	2	Mechanical
51-4121	knowledge	3	Design
51-4121	knowledge	4	Engineering and Technology
51-4121	knowledge	5	Mathematics
51-4121	knowledge	6	Public Safety and Security
51-4121	knowledge	7	Education and Training
51-4121	knowledge	8	English Language
51-4121	skills	1	Quality Control Analysis
51-4121	skills	2	Troubleshooting
51-4121	skills	3	Operation and Control
51-4121	skills	4	Operations Monitoring
51-4121	skills	5	Monitoring
51-4121	skills	6	Time Management
51-4121	skills	7	Judgment and Decision Making
51-4121	skills	8	Critical Thinking
51-4121	abilities	1	Arm-Hand Steadiness
51-4121	abilities	2	Rate Control
51-4121	abilities	3	Control Precision
51-4121	abilities	4	Response Orientation
51-4121	abilities	5	Reaction Time
51-4121	abilities	6	Manual Dexterity
51-4121	abilities	7	Finger Dexterity
51-4121	abilities	8	Depth Perception
51-4121	technology	1	Calendar and scheduling software
51-4121	technology	2	Computer aided design CAD software
51-4122	knowledge	1	Mechanical
51-4122	knowledge	2	Design
51-4122	knowledge	3	Production and Processing
51-4122	knowledge	4	Mathematics
51-4122	knowledge	5	Education and Training
51-4122	knowledge	6	English Language
51-4122	skills	1	Operation and Control
51-4122	skills	2	Operations Monitoring
51-4122	skills	3	Complex Problem Solving
51-4122	skills	4	Monitoring
51-4122	skills	5	Coordination
51-4122	skills	6	Critical Thinking
51-4122	skills	7	Speaking
51-4122	skills	8	Time Management
51-4122	abilities	1	Control Precision
51-4122	abilities	2	Rate Control
51-4122	abilities	3	Extent Flexibility
51-4122	abilities	4	Static Strength
51-4122	abilities	5	Reaction Time
51-4122	abilities	6	Manual Dexterity
51-4122	abilities	7	Multilimb Coordination
51-4122	abilities	8	Dynamic Strength
51-4122	technology	1	Industrial control software
51-4191	knowledge	1	Production and Processing
51-4191	knowledge	2	Chemistry
51-4191	knowledge	3	Engineering and Technology
51-4191	knowledge	4	Mechanical
51-4191	knowledge	5	Mathematics
51-4191	knowledge	6	Education and Training
51-4191	knowledge	7	Administration and Management
51-4191	knowledge	8	Customer and Personal Service
51-4191	skills	1	Operation and Control
51-4191	skills	2	Equipment Maintenance
51-4191	skills	3	Operations Monitoring
51-4191	skills	4	Repairing
51-4191	skills	5	Equipment Selection
51-4191	skills	6	Quality Control Analysis
51-4191	skills	7	Troubleshooting
51-4191	skills	8	Mathematics
51-4191	abilities	1	Reaction Time
51-4191	abilities	2	Stamina
51-4191	abilities	3	Multilimb Coordination
51-4191	abilities	4	Static Strength
51-4191	abilities	5	Rate Control
51-4191	abilities	6	Response Orientation
51-4191	abilities	7	Arm-Hand Steadiness
51-4191	abilities	8	Gross Body Coordination
51-4192	knowledge	1	Design
51-4192	knowledge	2	Building and Construction
51-4192	knowledge	3	Mechanical
51-4192	knowledge	4	Mathematics
51-4192	knowledge	5	Engineering and Technology
51-4192	knowledge	6	Production and Processing
51-4192	knowledge	7	Administration and Management
51-4192	knowledge	8	Computers and Electronics
51-4192	skills	1	Equipment Selection
51-4192	skills	2	Operation and Control
51-4192	skills	3	Quality Control Analysis
51-4192	skills	4	Mathematics
51-4192	skills	5	Operations Monitoring
51-4192	skills	6	Complex Problem Solving
51-4192	skills	7	Coordination
51-4192	skills	8	Judgment and Decision Making
51-4192	abilities	1	Arm-Hand Steadiness
51-4192	abilities	2	Manual Dexterity
51-4192	abilities	3	Visualization
51-4192	abilities	4	Extent Flexibility
51-4192	abilities	5	Multilimb Coordination
51-4192	abilities	6	Trunk Strength
51-4192	abilities	7	Auditory Attention
51-4192	abilities	8	Finger Dexterity
51-4192	technology	1	Computer aided design CAD software
51-4192	technology	2	Procedure management software
51-4192	technology	3	Inventory management software
51-4193	knowledge	1	Production and Processing
51-4193	knowledge	2	Chemistry
51-4193	knowledge	3	Physics
51-4193	knowledge	4	Transportation
51-4193	knowledge	5	Engineering and Technology
51-4193	knowledge	6	Mechanical
51-4193	knowledge	7	Design
51-4193	knowledge	8	Law and Government
51-4193	skills	1	Operation and Control
51-4193	skills	2	Operations Monitoring
51-4193	skills	3	Quality Control Analysis
51-4193	skills	4	Time Management
51-4193	skills	5	Coordination
51-4193	skills	6	Monitoring
51-4193	skills	7	Reading Comprehension
51-4193	skills	8	Judgment and Decision Making
51-4193	abilities	1	Control Precision
51-4193	abilities	2	Static Strength
51-4193	abilities	3	Extent Flexibility
51-4193	abilities	4	Multilimb Coordination
51-4193	abilities	5	Manual Dexterity
51-4193	abilities	6	Arm-Hand Steadiness
51-4193	abilities	7	Stamina
51-4193	abilities	8	Trunk Strength
51-4193	technology	1	Computer aided design CAD software
51-4193	technology	2	Procurement software
51-4193	technology	3	Compliance software
51-4194	knowledge	1	Mechanical
51-4194	knowledge	2	Production and Processing
51-4194	knowledge	3	Mathematics
51-4194	knowledge	4	Education and Training
51-4194	knowledge	5	English Language
51-4194	knowledge	6	Customer and Personal Service
51-4194	skills	1	Repairing
51-4194	skills	2	Equipment Maintenance
51-4194	skills	3	Operation and Control
51-4194	skills	4	Operations Monitoring
51-4194	skills	5	Equipment Selection
51-4194	skills	6	Quality Control Analysis
51-4194	skills	7	Troubleshooting
51-4194	skills	8	Mathematics
51-4194	abilities	1	Control Precision
51-4194	abilities	2	Arm-Hand Steadiness
51-4194	abilities	3	Manual Dexterity
51-4194	abilities	4	Rate Control
51-4194	abilities	5	Finger Dexterity
51-4194	abilities	6	Reaction Time
51-4194	abilities	7	Static Strength
51-4194	abilities	8	Wrist-Finger Speed
51-4194	technology	1	Computer aided manufacturing CAM software
51-4194	technology	2	Computer aided design CAD and computer aided manufacturing CAM system
51-5111	knowledge	1	Design
51-5111	knowledge	2	Computers and Electronics
51-5111	knowledge	3	Production and Processing
51-5111	knowledge	4	Communications and Media
51-5111	knowledge	5	Mathematics
51-5111	knowledge	6	Administrative
51-5111	knowledge	7	English Language
51-5111	knowledge	8	Customer and Personal Service
51-5111	skills	1	Operations Monitoring
51-5111	skills	2	Operation and Control
51-5111	skills	3	Quality Control Analysis
51-5111	skills	4	Persuasion
51-5111	skills	5	Time Management
51-5111	skills	6	Negotiation
51-5111	skills	7	Instructing
51-5111	skills	8	Coordination
51-5111	abilities	1	Visual Color Discrimination
51-5111	abilities	2	Control Precision
51-5111	abilities	3	Visualization
51-5111	abilities	4	Arm-Hand Steadiness
51-5111	abilities	5	Manual Dexterity
51-5111	abilities	6	Finger Dexterity
51-5111	abilities	7	Perceptual Speed
51-5111	abilities	8	Near Vision
51-5111	technology	1	Desktop publishing software
51-5111	technology	2	Document management software
51-5111	technology	3	Internet protocol IP multimedia subsystem software
51-5111	technology	4	Optical character reader OCR or scanning software
51-5111	technology	5	Video creation and editing software
51-5112	knowledge	1	Mechanical
51-5112	knowledge	2	Production and Processing
51-5112	knowledge	3	Computers and Electronics
51-5112	knowledge	4	Mathematics
51-5112	knowledge	5	Customer and Personal Service
51-5112	knowledge	6	English Language
51-5112	skills	1	Quality Control Analysis
51-5112	skills	2	Repairing
51-5112	skills	3	Equipment Maintenance
51-5112	skills	4	Troubleshooting
51-5112	skills	5	Operations Monitoring
51-5112	skills	6	Operation and Control
51-5112	skills	7	Equipment Selection
51-5112	skills	8	Time Management
51-5112	abilities	1	Control Precision
51-5112	abilities	2	Rate Control
51-5112	abilities	3	Static Strength
51-5112	abilities	4	Reaction Time
51-5112	abilities	5	Extent Flexibility
51-5112	abilities	6	Multilimb Coordination
51-5112	abilities	7	Manual Dexterity
51-5112	abilities	8	Response Orientation
51-5112	technology	1	Desktop publishing software
51-5112	technology	2	Document management software
51-5112	technology	3	Financial analysis software
51-5112	technology	4	Industrial control software
51-5112	technology	5	Inventory management software
51-5112	technology	6	Cloud-based data access and sharing software
51-5112	technology	7	Calendar and scheduling software
51-5113	knowledge	1	Production and Processing
51-5113	knowledge	2	Mechanical
51-5113	knowledge	3	Administration and Management
51-5113	knowledge	4	Administrative
51-5113	knowledge	5	Mathematics
51-5113	knowledge	6	Education and Training
51-5113	knowledge	7	Customer and Personal Service
51-5113	knowledge	8	English Language
51-5113	skills	1	Repairing
51-5113	skills	2	Equipment Maintenance
51-5113	skills	3	Operations Monitoring
51-5113	skills	4	Equipment Selection
51-5113	skills	5	Operation and Control
51-5113	skills	6	Quality Control Analysis
51-5113	skills	7	Troubleshooting
51-5113	skills	8	Instructing
51-5113	abilities	1	Rate Control
51-5113	abilities	2	Reaction Time
51-5113	abilities	3	Manual Dexterity
51-5113	abilities	4	Finger Dexterity
51-5113	abilities	5	Arm-Hand Steadiness
51-5113	abilities	6	Dynamic Strength
51-5113	abilities	7	Trunk Strength
51-5113	abilities	8	Extent Flexibility
51-5113	technology	1	Library software
51-5113	technology	2	Label making software
51-5113	technology	3	Desktop publishing software
51-5113	technology	4	Accounting software
51-6011	knowledge	1	Production and Processing
51-6011	knowledge	2	Public Safety and Security
51-6011	knowledge	3	Customer and Personal Service
51-6011	knowledge	4	Mathematics
51-6011	knowledge	5	Administration and Management
51-6011	knowledge	6	English Language
51-6011	skills	1	Operation and Control
51-6011	skills	2	Operations Monitoring
51-6011	skills	3	Time Management
51-6011	skills	4	Social Perceptiveness
51-6011	skills	5	Monitoring
51-6011	skills	6	Active Learning
51-6011	skills	7	Judgment and Decision Making
51-6011	skills	8	Active Listening
51-6011	abilities	1	Arm-Hand Steadiness
51-6011	abilities	2	Multilimb Coordination
51-6011	abilities	3	Control Precision
51-6011	abilities	4	Manual Dexterity
51-6011	abilities	5	Trunk Strength
51-6011	abilities	6	Finger Dexterity
51-6011	abilities	7	Visual Color Discrimination
51-6011	abilities	8	Selective Attention
51-6011	technology	1	Point of sale POS software
51-6021	knowledge	1	Production and Processing
51-6021	knowledge	2	Customer and Personal Service
51-6021	knowledge	3	Public Safety and Security
51-6021	knowledge	4	Education and Training
51-6021	knowledge	5	Administration and Management
51-6021	knowledge	6	English Language
51-6021	skills	1	Operation and Control
51-6021	skills	2	Operations Monitoring
51-6021	skills	3	Time Management
51-6021	skills	4	Critical Thinking
51-6021	abilities	1	Manual Dexterity
51-6021	abilities	2	Rate Control
51-6021	abilities	3	Reaction Time
51-6021	abilities	4	Dynamic Strength
51-6021	abilities	5	Extent Flexibility
51-6021	abilities	6	Multilimb Coordination
51-6021	abilities	7	Control Precision
51-6021	abilities	8	Arm-Hand Steadiness
51-6031	knowledge	1	Production and Processing
51-6031	knowledge	2	English Language
51-6031	skills	1	Operation and Control
51-6031	skills	2	Quality Control Analysis
51-6031	skills	3	Operations Monitoring
51-6031	skills	4	Monitoring
51-6031	skills	5	Time Management
51-6031	skills	6	Complex Problem Solving
51-6031	skills	7	Judgment and Decision Making
51-6031	skills	8	Coordination
51-6031	abilities	1	Rate Control
51-6031	abilities	2	Arm-Hand Steadiness
51-6031	abilities	3	Manual Dexterity
51-6031	abilities	4	Control Precision
51-6031	abilities	5	Reaction Time
51-6031	abilities	6	Multilimb Coordination
51-6031	abilities	7	Wrist-Finger Speed
51-6031	abilities	8	Finger Dexterity
51-6041	knowledge	1	Production and Processing
51-6041	knowledge	2	Mechanical
51-6041	knowledge	3	Sales and Marketing
51-6041	knowledge	4	Customer and Personal Service
51-6041	skills	1	Operations Monitoring
51-6041	skills	2	Quality Control Analysis
51-6041	skills	3	Service Orientation
51-6041	skills	4	Coordination
51-6041	skills	5	Social Perceptiveness
51-6041	skills	6	Monitoring
51-6041	skills	7	Time Management
51-6041	skills	8	Judgment and Decision Making
51-6041	abilities	1	Reaction Time
51-6041	abilities	2	Arm-Hand Steadiness
51-6041	abilities	3	Multilimb Coordination
51-6041	abilities	4	Finger Dexterity
51-6041	abilities	5	Control Precision
51-6041	abilities	6	Manual Dexterity
51-6041	abilities	7	Trunk Strength
51-6041	abilities	8	Visualization
51-6041	technology	1	Point of sale POS software
51-6041	technology	2	Inventory management software
51-6041	technology	3	Accounting software
51-6042	knowledge	1	Production and Processing
51-6042	knowledge	2	Mechanical
51-6042	knowledge	3	Design
51-6042	knowledge	4	Education and Training
51-6042	knowledge	5	Public Safety and Security
51-6042	knowledge	6	Mathematics
51-6042	knowledge	7	English Language
51-6042	skills	1	Equipment Maintenance
51-6042	skills	2	Repairing
51-6042	skills	3	Equipment Selection
51-6042	skills	4	Operation and Control
51-6042	skills	5	Troubleshooting
51-6042	skills	6	Operations Monitoring
51-6042	skills	7	Quality Control Analysis
51-6042	skills	8	Judgment and Decision Making
51-6042	abilities	1	Control Precision
51-6042	abilities	2	Rate Control
51-6042	abilities	3	Arm-Hand Steadiness
51-6042	abilities	4	Manual Dexterity
51-6042	abilities	5	Extent Flexibility
51-6042	abilities	6	Reaction Time
51-6042	abilities	7	Static Strength
51-6042	abilities	8	Trunk Strength
51-6042	technology	1	Document management software
51-6042	technology	2	Industrial control software
51-6042	technology	3	Inventory management software
51-6051	knowledge	1	Fine Arts
51-6051	knowledge	2	Design
51-6051	knowledge	3	Sales and Marketing
51-6051	knowledge	4	Production and Processing
51-6051	knowledge	5	Customer and Personal Service
51-6051	knowledge	6	Mathematics
51-6051	knowledge	7	Administration and Management
51-6051	knowledge	8	English Language
51-6051	skills	1	Operation and Control
51-6051	skills	2	Quality Control Analysis
51-6051	skills	3	Operations Monitoring
51-6051	skills	4	Time Management
51-6051	skills	5	Judgment and Decision Making
51-6051	skills	6	Complex Problem Solving
51-6051	skills	7	Active Learning
51-6051	skills	8	Social Perceptiveness
51-6051	abilities	1	Arm-Hand Steadiness
51-6051	abilities	2	Manual Dexterity
51-6051	abilities	3	Finger Dexterity
51-6051	abilities	4	Multilimb Coordination
51-6051	abilities	5	Control Precision
51-6051	abilities	6	Wrist-Finger Speed
51-6051	abilities	7	Rate Control
51-6051	abilities	8	Visualization
51-6051	technology	1	Optical character reader OCR or scanning software
51-6051	technology	2	Computer aided design CAD software
51-6052	knowledge	1	Economics and Accounting
51-6052	knowledge	2	Production and Processing
51-6052	knowledge	3	Design
51-6052	knowledge	4	Customer and Personal Service
51-6052	knowledge	5	Sales and Marketing
51-6052	knowledge	6	Personnel and Human Resources
51-6052	knowledge	7	Administration and Management
51-6052	knowledge	8	Administrative
51-6052	skills	1	Time Management
51-6052	skills	2	Operations Monitoring
51-6052	skills	3	Social Perceptiveness
51-6052	skills	4	Service Orientation
51-6052	skills	5	Active Learning
51-6052	skills	6	Coordination
51-6052	skills	7	Judgment and Decision Making
51-6052	skills	8	Critical Thinking
51-6052	abilities	1	Arm-Hand Steadiness
51-6052	abilities	2	Finger Dexterity
51-6052	abilities	3	Visualization
51-6052	abilities	4	Control Precision
51-6052	abilities	5	Rate Control
51-6052	abilities	6	Manual Dexterity
51-6052	abilities	7	Multilimb Coordination
51-6052	abilities	8	Visual Color Discrimination
51-6052	technology	1	Point of sale POS software
51-6052	technology	2	Inventory management software
51-6052	technology	3	Customer relationship management CRM software
51-6052	technology	4	Accounting software
51-6052	technology	5	Computer aided design CAD software
51-6061	knowledge	1	Production and Processing
51-6061	knowledge	2	Public Safety and Security
51-6061	knowledge	3	Education and Training
51-6061	skills	1	Operations Monitoring
51-6061	skills	2	Operation and Control
51-6061	skills	3	Equipment Maintenance
51-6061	skills	4	Repairing
51-6061	skills	5	Equipment Selection
51-6061	skills	6	Troubleshooting
51-6061	skills	7	Quality Control Analysis
51-6061	skills	8	Mathematics
51-6061	abilities	1	Rate Control
51-6061	abilities	2	Control Precision
51-6061	abilities	3	Arm-Hand Steadiness
51-6061	abilities	4	Reaction Time
51-6061	abilities	5	Static Strength
51-6061	abilities	6	Wrist-Finger Speed
51-6061	abilities	7	Manual Dexterity
51-6061	abilities	8	Visual Color Discrimination
51-6062	knowledge	1	Production and Processing
51-6062	knowledge	2	Mechanical
51-6062	knowledge	3	Mathematics
51-6062	knowledge	4	English Language
51-6062	skills	1	Repairing
51-6062	skills	2	Equipment Maintenance
51-6062	skills	3	Operations Monitoring
51-6062	skills	4	Operation and Control
51-6062	skills	5	Troubleshooting
51-6062	skills	6	Equipment Selection
51-6062	skills	7	Quality Control Analysis
51-6062	skills	8	Coordination
51-6062	abilities	1	Response Orientation
51-6062	abilities	2	Rate Control
51-6062	abilities	3	Reaction Time
51-6062	abilities	4	Static Strength
51-6062	abilities	5	Arm-Hand Steadiness
51-6062	abilities	6	Stamina
51-6062	abilities	7	Extent Flexibility
51-6062	abilities	8	Multilimb Coordination
51-6062	technology	1	Computer aided design CAD software
51-6062	technology	2	Industrial control software
51-6063	knowledge	1	Production and Processing
51-6063	knowledge	2	Mechanical
51-6063	knowledge	3	Public Safety and Security
51-6063	knowledge	4	Education and Training
51-6063	knowledge	5	English Language
51-6063	skills	1	Operations Monitoring
51-6063	skills	2	Operation and Control
51-6063	skills	3	Equipment Maintenance
51-6063	skills	4	Quality Control Analysis
51-6063	skills	5	Troubleshooting
51-6063	skills	6	Monitoring
51-6063	skills	7	Time Management
51-6063	skills	8	Active Listening
51-6063	abilities	1	Arm-Hand Steadiness
51-6063	abilities	2	Multilimb Coordination
51-6063	abilities	3	Control Precision
51-6063	abilities	4	Reaction Time
51-6063	abilities	5	Finger Dexterity
51-6063	abilities	6	Stamina
51-6063	abilities	7	Trunk Strength
51-6063	abilities	8	Extent Flexibility
51-6063	technology	1	Computer aided manufacturing CAM software
51-6064	knowledge	1	Production and Processing
51-6064	knowledge	2	Mechanical
51-6064	knowledge	3	Personnel and Human Resources
51-6064	knowledge	4	Public Safety and Security
51-6064	knowledge	5	Administration and Management
51-6064	knowledge	6	Mathematics
51-6064	knowledge	7	Customer and Personal Service
51-6064	knowledge	8	English Language
51-6064	skills	1	Operation and Control
51-6064	skills	2	Operations Monitoring
51-6064	skills	3	Equipment Maintenance
51-6064	skills	4	Troubleshooting
51-6064	skills	5	Repairing
51-6064	skills	6	Quality Control Analysis
51-6064	skills	7	Monitoring
51-6064	skills	8	Speaking
51-6064	abilities	1	Reaction Time
51-6064	abilities	2	Rate Control
51-6064	abilities	3	Wrist-Finger Speed
51-6064	abilities	4	Extent Flexibility
51-6064	abilities	5	Gross Body Coordination
51-6064	abilities	6	Control Precision
51-6064	abilities	7	Static Strength
51-6064	abilities	8	Arm-Hand Steadiness
51-6064	technology	1	Computer aided manufacturing CAM software
51-6091	knowledge	1	Production and Processing
51-6091	knowledge	2	Mechanical
51-6091	knowledge	3	Education and Training
51-6091	knowledge	4	Mathematics
51-6091	knowledge	5	Public Safety and Security
51-6091	knowledge	6	Administration and Management
51-6091	knowledge	7	Computers and Electronics
51-6091	knowledge	8	English Language
51-6091	skills	1	Operation and Control
51-6091	skills	2	Operations Monitoring
51-6091	skills	3	Repairing
51-6091	skills	4	Equipment Maintenance
51-6091	skills	5	Equipment Selection
51-6091	skills	6	Troubleshooting
51-6091	skills	7	Quality Control Analysis
51-6091	skills	8	Monitoring
51-6091	abilities	1	Control Precision
51-6091	abilities	2	Rate Control
51-6091	abilities	3	Reaction Time
51-6091	abilities	4	Response Orientation
51-6091	abilities	5	Multilimb Coordination
51-6091	abilities	6	Extent Flexibility
51-6091	abilities	7	Arm-Hand Steadiness
51-6091	abilities	8	Manual Dexterity
51-6091	technology	1	Data base management system software
51-6091	technology	2	Industrial control software
51-6092	knowledge	1	Design
51-6092	knowledge	2	Production and Processing
51-6092	knowledge	3	Mathematics
51-6092	knowledge	4	Engineering and Technology
51-6092	knowledge	5	Mechanical
51-6092	knowledge	6	Education and Training
51-6092	knowledge	7	English Language
51-6092	knowledge	8	Administrative
51-6092	skills	1	Operations Analysis
51-6092	skills	2	Quality Control Analysis
51-6092	skills	3	Mathematics
51-6092	skills	4	Operations Monitoring
51-6092	skills	5	Operation and Control
51-6092	skills	6	Critical Thinking
51-6092	skills	7	Learning Strategies
51-6092	skills	8	Time Management
51-6092	abilities	1	Visualization
51-6092	abilities	2	Mathematical Reasoning
51-6092	abilities	3	Originality
51-6092	abilities	4	Number Facility
51-6092	abilities	5	Finger Dexterity
51-6092	abilities	6	Manual Dexterity
51-6092	abilities	7	Multilimb Coordination
51-6092	abilities	8	Control Precision
51-6092	technology	1	Computer aided design CAD software
51-6093	knowledge	1	Design
51-6093	knowledge	2	Production and Processing
51-6093	knowledge	3	Mechanical
51-6093	knowledge	4	Education and Training
51-6093	knowledge	5	Mathematics
51-6093	knowledge	6	Customer and Personal Service
51-6093	skills	1	Equipment Selection
51-6093	skills	2	Repairing
51-6093	skills	3	Operation and Control
51-6093	skills	4	Quality Control Analysis
51-6093	skills	5	Operations Monitoring
51-6093	skills	6	Critical Thinking
51-6093	skills	7	Learning Strategies
51-6093	skills	8	Mathematics
51-6093	abilities	1	Manual Dexterity
51-6093	abilities	2	Multilimb Coordination
51-6093	abilities	3	Arm-Hand Steadiness
51-6093	abilities	4	Finger Dexterity
51-6093	abilities	5	Control Precision
51-6093	abilities	6	Visual Color Discrimination
51-6093	abilities	7	Extent Flexibility
51-6093	abilities	8	Dynamic Strength
51-6093	technology	1	Accounting software
51-6093	technology	2	Computer aided design CAD software
51-6093	technology	3	Process mapping and design software
51-7011	knowledge	1	Building and Construction
51-7011	knowledge	2	Design
51-7011	knowledge	3	Production and Processing
51-7011	knowledge	4	Mathematics
51-7011	knowledge	5	Mechanical
51-7011	knowledge	6	Engineering and Technology
51-7011	skills	1	Equipment Selection
51-7011	skills	2	Repairing
51-7011	skills	3	Equipment Maintenance
51-7011	skills	4	Quality Control Analysis
51-7011	skills	5	Operations Analysis
51-7011	skills	6	Troubleshooting
51-7011	skills	7	Operations Monitoring
51-7011	skills	8	Operation and Control
51-7011	abilities	1	Manual Dexterity
51-7011	abilities	2	Multilimb Coordination
51-7011	abilities	3	Control Precision
51-7011	abilities	4	Arm-Hand Steadiness
51-7011	abilities	5	Reaction Time
51-7011	abilities	6	Trunk Strength
51-7011	abilities	7	Finger Dexterity
51-7011	abilities	8	Response Orientation
51-7011	technology	1	Computer aided design CAD software
51-7011	technology	2	Facilities management software
51-7021	knowledge	1	Production and Processing
51-7021	knowledge	2	Design
51-7021	knowledge	3	Mechanical
51-7021	knowledge	4	Education and Training
51-7021	knowledge	5	Mathematics
51-7021	knowledge	6	Customer and Personal Service
51-7021	knowledge	7	English Language
51-7021	skills	1	Operation and Control
51-7021	skills	2	Quality Control Analysis
51-7021	skills	3	Troubleshooting
51-7021	skills	4	Operations Monitoring
51-7021	skills	5	Management of Personnel Resources
51-7021	skills	6	Service Orientation
51-7021	skills	7	Instructing
51-7021	skills	8	Time Management
51-7021	abilities	1	Visual Color Discrimination
51-7021	abilities	2	Dynamic Strength
51-7021	abilities	3	Static Strength
51-7021	abilities	4	Arm-Hand Steadiness
51-7021	abilities	5	Manual Dexterity
51-7021	abilities	6	Control Precision
51-7021	abilities	7	Stamina
51-7021	abilities	8	Wrist-Finger Speed
51-7021	technology	1	Accounting software
51-7031	knowledge	1	Design
51-7031	knowledge	2	Engineering and Technology
51-7031	knowledge	3	Building and Construction
51-7031	knowledge	4	Production and Processing
51-7031	knowledge	5	Mechanical
51-7031	knowledge	6	Mathematics
51-7031	knowledge	7	Public Safety and Security
51-7031	knowledge	8	Education and Training
51-7031	skills	1	Operations Analysis
51-7031	skills	2	Operations Monitoring
51-7031	skills	3	Operation and Control
51-7031	skills	4	Quality Control Analysis
51-7031	skills	5	Monitoring
51-7031	skills	6	Time Management
51-7031	skills	7	Reading Comprehension
51-7031	skills	8	Active Learning
51-7031	abilities	1	Control Precision
51-7031	abilities	2	Arm-Hand Steadiness
51-7031	abilities	3	Reaction Time
51-7031	abilities	4	Finger Dexterity
51-7031	abilities	5	Multilimb Coordination
51-7031	abilities	6	Manual Dexterity
51-7031	abilities	7	Wrist-Finger Speed
51-7031	abilities	8	Extent Flexibility
51-7031	technology	1	Computer aided design CAD software
51-7032	knowledge	1	Building and Construction
51-7032	knowledge	2	Design
51-7032	knowledge	3	Engineering and Technology
51-7032	knowledge	4	Mechanical
51-7032	knowledge	5	Mathematics
51-7032	knowledge	6	Production and Processing
51-7032	knowledge	7	Sales and Marketing
51-7032	knowledge	8	Transportation
51-7032	skills	1	Equipment Selection
51-7032	skills	2	Operation and Control
51-7032	skills	3	Equipment Maintenance
51-7032	skills	4	Operations Analysis
51-7032	skills	5	Quality Control Analysis
51-7032	skills	6	Operations Monitoring
51-7032	skills	7	Mathematics
51-7032	skills	8	Complex Problem Solving
51-7032	abilities	1	Reaction Time
51-7032	abilities	2	Manual Dexterity
51-7032	abilities	3	Control Precision
51-7032	abilities	4	Arm-Hand Steadiness
51-7032	abilities	5	Response Orientation
51-7032	abilities	6	Static Strength
51-7032	abilities	7	Rate Control
51-7032	abilities	8	Speed of Limb Movement
51-7032	technology	1	Computer aided design CAD software
51-7032	technology	2	Computer aided manufacturing CAM software
51-7041	knowledge	1	Mechanical
51-7041	knowledge	2	Production and Processing
51-7041	knowledge	3	Public Safety and Security
51-7041	knowledge	4	Mathematics
51-7041	skills	1	Equipment Maintenance
51-7041	skills	2	Troubleshooting
51-7041	skills	3	Repairing
51-7041	skills	4	Operation and Control
51-7041	skills	5	Quality Control Analysis
51-7041	skills	6	Operations Monitoring
51-7041	skills	7	Monitoring
51-7041	skills	8	Time Management
51-7041	abilities	1	Rate Control
51-7041	abilities	2	Reaction Time
51-7041	abilities	3	Stamina
51-7041	abilities	4	Control Precision
51-7041	abilities	5	Static Strength
51-7041	abilities	6	Manual Dexterity
51-7041	abilities	7	Multilimb Coordination
51-7041	abilities	8	Depth Perception
51-7041	technology	1	Document management software
51-7041	technology	2	Industrial control software
51-7041	technology	3	Inventory management software
51-7042	knowledge	1	Mechanical
51-7042	knowledge	2	Production and Processing
51-7042	knowledge	3	Mathematics
51-7042	knowledge	4	Public Safety and Security
51-7042	skills	1	Operation and Control
51-7042	skills	2	Equipment Maintenance
51-7042	skills	3	Repairing
51-7042	skills	4	Equipment Selection
51-7042	skills	5	Operations Monitoring
51-7042	skills	6	Troubleshooting
51-7042	skills	7	Quality Control Analysis
51-7042	skills	8	Monitoring
51-7042	abilities	1	Reaction Time
51-7042	abilities	2	Static Strength
51-7042	abilities	3	Rate Control
51-7042	abilities	4	Dynamic Strength
51-7042	abilities	5	Speed of Limb Movement
51-7042	abilities	6	Control Precision
51-7042	abilities	7	Manual Dexterity
51-7042	abilities	8	Extent Flexibility
51-7042	technology	1	Computer aided manufacturing CAM software
51-7042	technology	2	Desktop publishing software
51-7042	technology	3	Object or component oriented development software
51-7042	technology	4	Document management software
51-7042	technology	5	Computer aided design CAD software
51-7042	technology	6	Time accounting software
51-7042	technology	7	Industrial control software
51-7042	technology	8	Video creation and editing software
51-8011	knowledge	1	Physics
51-8011	knowledge	2	Mechanical
51-8011	knowledge	3	Chemistry
51-8011	knowledge	4	Engineering and Technology
51-8011	knowledge	5	Public Safety and Security
51-8011	knowledge	6	Design
51-8011	knowledge	7	Mathematics
51-8011	knowledge	8	Law and Government
51-8011	skills	1	Operation and Control
51-8011	skills	2	Operations Monitoring
51-8011	skills	3	Troubleshooting
51-8011	skills	4	Quality Control Analysis
51-8011	skills	5	Science
51-8011	skills	6	Monitoring
51-8011	skills	7	Complex Problem Solving
51-8011	skills	8	Reading Comprehension
51-8011	abilities	1	Perceptual Speed
51-8011	abilities	2	Reaction Time
51-8011	abilities	3	Response Orientation
51-8011	abilities	4	Hearing Sensitivity
51-8011	abilities	5	Information Ordering
51-8011	abilities	6	Auditory Attention
51-8011	abilities	7	Problem Sensitivity
51-8011	abilities	8	Written Comprehension
51-8011	technology	1	Business intelligence and data analysis software
51-8011	technology	2	Development environment software
51-8011	technology	3	Industrial control software
51-8011	technology	4	Calendar and scheduling software
51-8012	knowledge	1	Public Safety and Security
51-8012	knowledge	2	Engineering and Technology
51-8012	knowledge	3	Telecommunications
51-8012	knowledge	4	Mechanical
51-8012	knowledge	5	Physics
51-8012	knowledge	6	Design
51-8012	knowledge	7	Computers and Electronics
51-8012	knowledge	8	Law and Government
51-8012	skills	1	Operation and Control
51-8012	skills	2	Operations Monitoring
51-8012	skills	3	Troubleshooting
51-8012	skills	4	Quality Control Analysis
51-8012	skills	5	Monitoring
51-8012	skills	6	Management of Personnel Resources
51-8012	skills	7	Critical Thinking
51-8012	skills	8	Mathematics
51-8012	abilities	1	Inductive Reasoning
51-8012	abilities	2	Perceptual Speed
51-8012	abilities	3	Problem Sensitivity
51-8012	abilities	4	Speed of Closure
51-8012	abilities	5	Written Comprehension
51-8012	abilities	6	Visual Color Discrimination
51-8012	abilities	7	Flexibility of Closure
51-8012	abilities	8	Number Facility
51-8012	technology	1	Industrial control software
51-8012	technology	2	Geographic information system
51-8013	knowledge	1	Mechanical
51-8013	knowledge	2	Physics
51-8013	knowledge	3	Production and Processing
51-8013	knowledge	4	Public Safety and Security
51-8013	knowledge	5	Computers and Electronics
51-8013	knowledge	6	Mathematics
51-8013	knowledge	7	Education and Training
51-8013	knowledge	8	English Language
51-8013	skills	1	Operation and Control
51-8013	skills	2	Operations Monitoring
51-8013	skills	3	Repairing
51-8013	skills	4	Troubleshooting
51-8013	skills	5	Equipment Maintenance
51-8013	skills	6	Quality Control Analysis
51-8013	skills	7	Equipment Selection
51-8013	skills	8	Critical Thinking
51-8013	abilities	1	Response Orientation
51-8013	abilities	2	Rate Control
51-8013	abilities	3	Reaction Time
51-8013	abilities	4	Auditory Attention
51-8013	abilities	5	Depth Perception
51-8013	abilities	6	Control Precision
51-8013	abilities	7	Hearing Sensitivity
51-8013	abilities	8	Extent Flexibility
51-8013	technology	1	Facilities management software
51-8013	technology	2	Industrial control software
51-8021	knowledge	1	Mechanical
51-8021	knowledge	2	Chemistry
51-8021	knowledge	3	Physics
51-8021	knowledge	4	Building and Construction
51-8021	knowledge	5	Engineering and Technology
51-8021	knowledge	6	Production and Processing
51-8021	knowledge	7	Public Safety and Security
51-8021	knowledge	8	Design
51-8021	skills	1	Repairing
51-8021	skills	2	Equipment Maintenance
51-8021	skills	3	Operations Monitoring
51-8021	skills	4	Troubleshooting
51-8021	skills	5	Operation and Control
51-8021	skills	6	Equipment Selection
51-8021	skills	7	Quality Control Analysis
51-8021	skills	8	Systems Evaluation
51-8021	abilities	1	Reaction Time
51-8021	abilities	2	Multilimb Coordination
51-8021	abilities	3	Auditory Attention
51-8021	abilities	4	Control Precision
51-8021	abilities	5	Response Orientation
51-8021	abilities	6	Static Strength
51-8021	abilities	7	Manual Dexterity
51-8021	abilities	8	Hearing Sensitivity
51-8021	technology	1	Web platform development software
51-8021	technology	2	Facilities management software
51-8031	knowledge	1	Biology
51-8031	knowledge	2	Chemistry
51-8031	knowledge	3	Mechanical
51-8031	knowledge	4	Engineering and Technology
51-8031	knowledge	5	Production and Processing
51-8031	knowledge	6	Physics
51-8031	knowledge	7	Public Safety and Security
51-8031	knowledge	8	Mathematics
51-8031	skills	1	Repairing
51-8031	skills	2	Operation and Control
51-8031	skills	3	Equipment Maintenance
51-8031	skills	4	Operations Monitoring
51-8031	skills	5	Troubleshooting
51-8031	skills	6	Quality Control Analysis
51-8031	skills	7	Equipment Selection
51-8031	skills	8	Science
51-8031	abilities	1	Response Orientation
51-8031	abilities	2	Reaction Time
51-8031	abilities	3	Rate Control
51-8031	abilities	4	Depth Perception
51-8031	abilities	5	Multilimb Coordination
51-8031	abilities	6	Extent Flexibility
51-8031	abilities	7	Control Precision
51-8031	abilities	8	Perceptual Speed
51-8031	technology	1	Compliance software
51-8031	technology	2	Time accounting software
51-8031	technology	3	Industrial control software
51-8031	technology	4	Geographic information system
51-8031	technology	5	Document management software
51-8091	knowledge	1	Chemistry
51-8091	knowledge	2	Production and Processing
51-8091	knowledge	3	Mechanical
51-8091	knowledge	4	Public Safety and Security
51-8091	knowledge	5	English Language
51-8091	knowledge	6	Mathematics
51-8091	knowledge	7	Customer and Personal Service
51-8091	knowledge	8	Education and Training
51-8091	skills	1	Operation and Control
51-8091	skills	2	Operations Monitoring
51-8091	skills	3	Quality Control Analysis
51-8091	skills	4	Repairing
51-8091	skills	5	Equipment Maintenance
51-8091	skills	6	Science
51-8091	skills	7	Troubleshooting
51-8091	skills	8	Monitoring
51-8091	abilities	1	Reaction Time
51-8091	abilities	2	Hearing Sensitivity
51-8091	abilities	3	Control Precision
51-8091	abilities	4	Rate Control
51-8091	abilities	5	Wrist-Finger Speed
51-8091	abilities	6	Auditory Attention
51-8091	abilities	7	Arm-Hand Steadiness
51-8091	abilities	8	Gross Body Equilibrium
51-8091	technology	1	Network security or virtual private network VPN management software
51-8091	technology	2	Industrial control software
51-8092	knowledge	1	Mechanical
51-8092	knowledge	2	Public Safety and Security
51-8092	knowledge	3	Physics
51-8092	knowledge	4	Engineering and Technology
51-8092	knowledge	5	Geography
51-8092	knowledge	6	Production and Processing
51-8092	knowledge	7	Transportation
51-8092	knowledge	8	Telecommunications
51-8092	skills	1	Operations Monitoring
51-8092	skills	2	Operation and Control
51-8092	skills	3	Repairing
51-8092	skills	4	Equipment Maintenance
51-8092	skills	5	Troubleshooting
51-8092	skills	6	Quality Control Analysis
51-8092	skills	7	Mathematics
51-8092	skills	8	Monitoring
51-8092	abilities	1	Rate Control
51-8092	abilities	2	Reaction Time
51-8092	abilities	3	Auditory Attention
51-8092	abilities	4	Perceptual Speed
51-8092	abilities	5	Response Orientation
51-8092	abilities	6	Hearing Sensitivity
51-8092	abilities	7	Multilimb Coordination
51-8092	abilities	8	Depth Perception
51-8092	technology	1	Industrial control software
51-8092	technology	2	Calendar and scheduling software
51-8093	knowledge	1	Production and Processing
51-8093	knowledge	2	Mechanical
51-8093	knowledge	3	Chemistry
51-8093	knowledge	4	Public Safety and Security
51-8093	knowledge	5	Administration and Management
51-8093	knowledge	6	Engineering and Technology
51-8093	knowledge	7	Mathematics
51-8093	knowledge	8	Law and Government
51-8093	skills	1	Operation and Control
51-8093	skills	2	Operations Monitoring
51-8093	skills	3	Equipment Maintenance
51-8093	skills	4	Repairing
51-8093	skills	5	Troubleshooting
51-8093	skills	6	Equipment Selection
51-8093	skills	7	Quality Control Analysis
51-8093	skills	8	Monitoring
51-8093	abilities	1	Hearing Sensitivity
51-8093	abilities	2	Rate Control
51-8093	abilities	3	Reaction Time
51-8093	abilities	4	Gross Body Equilibrium
51-8093	abilities	5	Auditory Attention
51-8093	abilities	6	Perceptual Speed
51-8093	abilities	7	Extent Flexibility
51-8093	abilities	8	Flexibility of Closure
51-8093	technology	1	Industrial control software
51-8093	technology	2	Inventory management software
51-8099	knowledge	1	Production and Processing
51-8099	knowledge	2	Chemistry
51-8099	knowledge	3	Mechanical
51-8099	knowledge	4	Physics
51-8099	knowledge	5	Public Safety and Security
51-8099	knowledge	6	Transportation
51-8099	knowledge	7	Engineering and Technology
51-8099	knowledge	8	Computers and Electronics
51-8099	skills	1	Operation and Control
51-8099	skills	2	Equipment Maintenance
51-8099	skills	3	Repairing
51-8099	skills	4	Operations Monitoring
51-8099	skills	5	Quality Control Analysis
51-8099	skills	6	Troubleshooting
51-8099	skills	7	Science
51-8099	skills	8	Equipment Selection
51-8099	abilities	1	Reaction Time
51-8099	abilities	2	Explosive Strength
51-8099	abilities	3	Rate Control
51-8099	abilities	4	Sound Localization
51-8099	abilities	5	Control Precision
51-8099	abilities	6	Gross Body Equilibrium
51-8099	abilities	7	Extent Flexibility
51-8099	abilities	8	Multilimb Coordination
51-8099	technology	1	Business intelligence and data analysis software
51-8099	technology	2	Object or component oriented development software
51-8099	technology	3	Facilities management software
51-8099	technology	4	Industrial control software
51-8099	technology	5	Inventory management software
51-9011	knowledge	1	Chemistry
51-9011	knowledge	2	Production and Processing
51-9011	knowledge	3	Mechanical
51-9011	knowledge	4	Law and Government
51-9011	knowledge	5	Transportation
51-9011	knowledge	6	Design
51-9011	knowledge	7	Engineering and Technology
51-9011	knowledge	8	Public Safety and Security
51-9011	skills	1	Operation and Control
51-9011	skills	2	Operations Monitoring
51-9011	skills	3	Equipment Maintenance
51-9011	skills	4	Troubleshooting
51-9011	skills	5	Science
51-9011	skills	6	Quality Control Analysis
51-9011	skills	7	Monitoring
51-9011	skills	8	Mathematics
51-9011	abilities	1	Control Precision
51-9011	abilities	2	Rate Control
51-9011	abilities	3	Reaction Time
51-9011	abilities	4	Multilimb Coordination
51-9011	abilities	5	Response Orientation
51-9011	abilities	6	Static Strength
51-9011	abilities	7	Manual Dexterity
51-9011	abilities	8	Gross Body Equilibrium
51-9012	knowledge	1	Production and Processing
51-9012	knowledge	2	Mechanical
51-9012	knowledge	3	Chemistry
51-9012	knowledge	4	Public Safety and Security
51-9012	knowledge	5	Education and Training
51-9012	knowledge	6	Mathematics
51-9012	knowledge	7	Computers and Electronics
51-9012	knowledge	8	English Language
51-9012	skills	1	Repairing
51-9012	skills	2	Operations Monitoring
51-9012	skills	3	Equipment Maintenance
51-9012	skills	4	Operation and Control
51-9012	skills	5	Troubleshooting
51-9012	skills	6	Quality Control Analysis
51-9012	skills	7	Science
51-9012	skills	8	Management of Personnel Resources
51-9012	abilities	1	Reaction Time
51-9012	abilities	2	Gross Body Equilibrium
51-9012	abilities	3	Rate Control
51-9012	abilities	4	Static Strength
51-9012	abilities	5	Extent Flexibility
51-9012	abilities	6	Perceptual Speed
51-9012	abilities	7	Multilimb Coordination
51-9012	abilities	8	Arm-Hand Steadiness
51-9021	knowledge	1	Production and Processing
51-9021	knowledge	2	Mechanical
51-9021	knowledge	3	Public Safety and Security
51-9021	knowledge	4	Mathematics
51-9021	knowledge	5	Education and Training
51-9021	knowledge	6	English Language
51-9021	skills	1	Operation and Control
51-9021	skills	2	Operations Monitoring
51-9021	skills	3	Equipment Maintenance
51-9021	skills	4	Repairing
51-9021	skills	5	Equipment Selection
51-9021	skills	6	Troubleshooting
51-9021	skills	7	Quality Control Analysis
51-9021	skills	8	Systems Analysis
51-9021	abilities	1	Rate Control
51-9021	abilities	2	Reaction Time
51-9021	abilities	3	Multilimb Coordination
51-9021	abilities	4	Response Orientation
51-9021	abilities	5	Hearing Sensitivity
51-9021	abilities	6	Control Precision
51-9021	abilities	7	Manual Dexterity
51-9021	abilities	8	Static Strength
51-9022	knowledge	1	Mechanical
51-9022	knowledge	2	Production and Processing
51-9022	knowledge	3	Mathematics
51-9022	knowledge	4	Education and Training
51-9022	knowledge	5	English Language
51-9022	knowledge	6	Customer and Personal Service
51-9022	skills	1	Equipment Maintenance
51-9022	skills	2	Repairing
51-9022	skills	3	Quality Control Analysis
51-9022	skills	4	Operation and Control
51-9022	skills	5	Equipment Selection
51-9022	skills	6	Troubleshooting
51-9022	skills	7	Operations Monitoring
51-9022	skills	8	Time Management
51-9022	abilities	1	Arm-Hand Steadiness
51-9022	abilities	2	Control Precision
51-9022	abilities	3	Rate Control
51-9022	abilities	4	Manual Dexterity
51-9022	abilities	5	Finger Dexterity
51-9022	abilities	6	Multilimb Coordination
51-9022	abilities	7	Response Orientation
51-9022	abilities	8	Reaction Time
51-9023	knowledge	1	Production and Processing
51-9023	knowledge	2	Chemistry
51-9023	knowledge	3	Mechanical
51-9023	knowledge	4	Public Safety and Security
51-9023	knowledge	5	Mathematics
51-9023	knowledge	6	English Language
51-9023	skills	1	Repairing
51-9023	skills	2	Operation and Control
51-9023	skills	3	Equipment Maintenance
51-9023	skills	4	Troubleshooting
51-9023	skills	5	Operations Monitoring
51-9023	skills	6	Quality Control Analysis
51-9023	skills	7	Time Management
51-9023	skills	8	Systems Analysis
51-9023	abilities	1	Response Orientation
51-9023	abilities	2	Rate Control
51-9023	abilities	3	Reaction Time
51-9023	abilities	4	Static Strength
51-9023	abilities	5	Multilimb Coordination
51-9023	abilities	6	Wrist-Finger Speed
51-9023	abilities	7	Manual Dexterity
51-9023	abilities	8	Control Precision
51-9031	knowledge	1	Production and Processing
51-9031	skills	1	Time Management
51-9031	skills	2	Social Perceptiveness
51-9031	skills	3	Judgment and Decision Making
51-9031	skills	4	Monitoring
51-9031	skills	5	Speaking
51-9031	skills	6	Complex Problem Solving
51-9031	skills	7	Active Listening
51-9031	skills	8	Reading Comprehension
51-9031	abilities	1	Manual Dexterity
51-9031	abilities	2	Static Strength
51-9031	abilities	3	Reaction Time
51-9031	abilities	4	Multilimb Coordination
51-9031	abilities	5	Control Precision
51-9031	abilities	6	Arm-Hand Steadiness
51-9031	abilities	7	Trunk Strength
51-9031	abilities	8	Finger Dexterity
51-9032	knowledge	1	Production and Processing
51-9032	knowledge	2	Mechanical
51-9032	knowledge	3	Mathematics
51-9032	knowledge	4	Administration and Management
51-9032	knowledge	5	Education and Training
51-9032	knowledge	6	Customer and Personal Service
51-9032	knowledge	7	English Language
51-9032	skills	1	Operation and Control
51-9032	skills	2	Equipment Maintenance
51-9032	skills	3	Operations Monitoring
51-9032	skills	4	Quality Control Analysis
51-9032	skills	5	Repairing
51-9032	skills	6	Troubleshooting
51-9032	skills	7	Equipment Selection
51-9032	skills	8	Mathematics
51-9032	abilities	1	Control Precision
51-9032	abilities	2	Rate Control
51-9032	abilities	3	Reaction Time
51-9032	abilities	4	Finger Dexterity
51-9032	abilities	5	Response Orientation
51-9032	abilities	6	Arm-Hand Steadiness
51-9032	abilities	7	Manual Dexterity
51-9032	abilities	8	Multilimb Coordination
51-9041	knowledge	1	Food Production
51-9041	knowledge	2	Production and Processing
51-9041	knowledge	3	Mechanical
51-9041	knowledge	4	Chemistry
51-9041	knowledge	5	Engineering and Technology
51-9041	knowledge	6	Computers and Electronics
51-9041	knowledge	7	Public Safety and Security
51-9041	knowledge	8	Mathematics
51-9041	skills	1	Operation and Control
51-9041	skills	2	Operations Monitoring
51-9041	skills	3	Repairing
51-9041	skills	4	Troubleshooting
51-9041	skills	5	Equipment Maintenance
51-9041	skills	6	Quality Control Analysis
51-9041	skills	7	Monitoring
51-9041	skills	8	Social Perceptiveness
51-9041	abilities	1	Rate Control
51-9041	abilities	2	Reaction Time
51-9041	abilities	3	Stamina
51-9041	abilities	4	Response Orientation
51-9041	abilities	5	Static Strength
51-9041	abilities	6	Arm-Hand Steadiness
51-9041	abilities	7	Perceptual Speed
51-9041	abilities	8	Manual Dexterity
51-9041	technology	1	Materials requirements planning logistics and supply chain software
51-9051	knowledge	1	Mechanical
51-9051	knowledge	2	Production and Processing
51-9051	knowledge	3	Public Safety and Security
51-9051	knowledge	4	Computers and Electronics
51-9051	knowledge	5	Education and Training
51-9051	knowledge	6	Administration and Management
51-9051	knowledge	7	Mathematics
51-9051	knowledge	8	English Language
51-9051	skills	1	Operations Monitoring
51-9051	skills	2	Operation and Control
51-9051	skills	3	Quality Control Analysis
51-9051	skills	4	Monitoring
51-9051	skills	5	Reading Comprehension
51-9051	skills	6	Critical Thinking
51-9051	skills	7	Speaking
51-9051	skills	8	Active Listening
51-9051	abilities	1	Reaction Time
51-9051	abilities	2	Control Precision
51-9051	abilities	3	Gross Body Equilibrium
51-9051	abilities	4	Static Strength
51-9051	abilities	5	Extent Flexibility
51-9051	abilities	6	Multilimb Coordination
51-9051	abilities	7	Arm-Hand Steadiness
51-9051	abilities	8	Trunk Strength
51-9051	technology	1	Industrial control software
51-9051	technology	2	Inventory management software
51-9061	knowledge	1	Production and Processing
51-9061	knowledge	2	Mechanical
51-9061	knowledge	3	Engineering and Technology
51-9061	knowledge	4	Mathematics
51-9061	knowledge	5	Customer and Personal Service
51-9061	knowledge	6	English Language
51-9061	knowledge	7	Computers and Electronics
51-9061	knowledge	8	Administrative
51-9061	skills	1	Quality Control Analysis
51-9061	skills	2	Operation and Control
51-9061	skills	3	Operations Monitoring
51-9061	skills	4	Writing
51-9061	skills	5	Mathematics
51-9061	skills	6	Time Management
51-9061	skills	7	Judgment and Decision Making
51-9061	skills	8	Coordination
51-9061	abilities	1	Perceptual Speed
51-9061	abilities	2	Reaction Time
51-9061	abilities	3	Manual Dexterity
51-9061	abilities	4	Extent Flexibility
51-9061	abilities	5	Arm-Hand Steadiness
51-9061	abilities	6	Auditory Attention
51-9061	abilities	7	Finger Dexterity
51-9061	abilities	8	Visual Color Discrimination
51-9061	technology	1	Content workflow software
51-9061	technology	2	Program testing software
51-9061	technology	3	Data base management system software
51-9061	technology	4	Enterprise application integration software
51-9061	technology	5	Process mapping and design software
51-9061	technology	6	Cloud-based data access and sharing software
51-9061	technology	7	Object or component oriented development software
51-9061	technology	8	Computer aided design CAD software
51-9071	knowledge	1	Design
51-9071	knowledge	2	Production and Processing
51-9071	knowledge	3	Mechanical
51-9071	knowledge	4	Sales and Marketing
51-9071	knowledge	5	Chemistry
51-9071	knowledge	6	Customer and Personal Service
51-9071	knowledge	7	Mathematics
51-9071	knowledge	8	Administration and Management
51-9071	skills	1	Operations Analysis
51-9071	skills	2	Quality Control Analysis
51-9071	skills	3	Operations Monitoring
51-9071	skills	4	Mathematics
51-9071	skills	5	Persuasion
51-9071	skills	6	Time Management
51-9071	skills	7	Judgment and Decision Making
51-9071	skills	8	Complex Problem Solving
51-9071	abilities	1	Arm-Hand Steadiness
51-9071	abilities	2	Finger Dexterity
51-9071	abilities	3	Control Precision
51-9071	abilities	4	Manual Dexterity
51-9071	abilities	5	Visual Color Discrimination
51-9071	abilities	6	Visualization
51-9071	abilities	7	Near Vision
51-9071	abilities	8	Originality
51-9071	technology	1	Accounting software
51-9071	technology	2	Point of sale POS software
51-9071	technology	3	Inventory management software
51-9071	technology	4	Customer relationship management CRM software
51-9071	technology	5	Computer aided design CAD software
51-9081	knowledge	1	Medicine and Dentistry
51-9081	knowledge	2	Design
51-9081	knowledge	3	Production and Processing
51-9081	knowledge	4	Administration and Management
51-9081	knowledge	5	Mechanical
51-9081	knowledge	6	Chemistry
51-9081	knowledge	7	Engineering and Technology
51-9081	knowledge	8	Education and Training
51-9081	skills	1	Operations Monitoring
51-9081	skills	2	Operation and Control
51-9081	skills	3	Quality Control Analysis
51-9081	skills	4	Time Management
51-9081	skills	5	Learning Strategies
51-9081	skills	6	Instructing
51-9081	skills	7	Reading Comprehension
51-9081	skills	8	Active Learning
51-9081	abilities	1	Control Precision
51-9081	abilities	2	Finger Dexterity
51-9081	abilities	3	Arm-Hand Steadiness
51-9081	abilities	4	Visualization
51-9081	abilities	5	Manual Dexterity
51-9081	abilities	6	Hearing Sensitivity
51-9081	abilities	7	Multilimb Coordination
51-9081	abilities	8	Visual Color Discrimination
51-9081	technology	1	Accounting software
51-9081	technology	2	Computer aided manufacturing CAM software
51-9081	technology	3	Inventory management software
51-9081	technology	4	Calendar and scheduling software
51-9081	technology	5	Computer aided design CAD software
51-9082	knowledge	1	Production and Processing
51-9082	knowledge	2	Design
51-9082	knowledge	3	Mechanical
51-9082	knowledge	4	Building and Construction
51-9082	knowledge	5	Medicine and Dentistry
51-9082	knowledge	6	Physics
51-9082	knowledge	7	Chemistry
51-9082	knowledge	8	Engineering and Technology
51-9082	skills	1	Troubleshooting
51-9082	skills	2	Quality Control Analysis
51-9082	skills	3	Repairing
51-9082	skills	4	Equipment Maintenance
51-9082	skills	5	Equipment Selection
51-9082	skills	6	Operations Monitoring
51-9082	skills	7	Operation and Control
51-9082	skills	8	Social Perceptiveness
51-9082	abilities	1	Arm-Hand Steadiness
51-9082	abilities	2	Multilimb Coordination
51-9082	abilities	3	Manual Dexterity
51-9082	abilities	4	Visualization
51-9082	abilities	5	Finger Dexterity
51-9082	abilities	6	Control Precision
51-9082	abilities	7	Depth Perception
51-9082	abilities	8	Reaction Time
51-9082	technology	1	Computer aided design CAD software
51-9082	technology	2	Computer aided manufacturing CAM software
51-9082	technology	3	Medical software
51-9083	knowledge	1	Production and Processing
51-9083	knowledge	2	Mechanical
51-9083	knowledge	3	Engineering and Technology
51-9083	knowledge	4	Mathematics
51-9083	knowledge	5	Administration and Management
51-9083	knowledge	6	Computers and Electronics
51-9083	knowledge	7	Education and Training
51-9083	knowledge	8	Customer and Personal Service
51-9083	skills	1	Operation and Control
51-9083	skills	2	Repairing
51-9083	skills	3	Equipment Selection
51-9083	skills	4	Quality Control Analysis
51-9083	skills	5	Operations Monitoring
51-9083	skills	6	Time Management
51-9083	skills	7	Management of Personnel Resources
51-9083	skills	8	Service Orientation
51-9083	abilities	1	Rate Control
51-9083	abilities	2	Wrist-Finger Speed
51-9083	abilities	3	Control Precision
51-9083	abilities	4	Arm-Hand Steadiness
51-9083	abilities	5	Reaction Time
51-9083	abilities	6	Manual Dexterity
51-9083	abilities	7	Finger Dexterity
51-9083	abilities	8	Depth Perception
51-9083	technology	1	Medical software
51-9083	technology	2	Computer aided design CAD software
51-9111	knowledge	1	Production and Processing
51-9111	knowledge	2	Mechanical
51-9111	knowledge	3	Public Safety and Security
51-9111	knowledge	4	Personnel and Human Resources
51-9111	knowledge	5	Education and Training
51-9111	knowledge	6	Mathematics
51-9111	knowledge	7	Administration and Management
51-9111	knowledge	8	Customer and Personal Service
51-9111	skills	1	Equipment Maintenance
51-9111	skills	2	Operation and Control
51-9111	skills	3	Troubleshooting
51-9111	skills	4	Operations Monitoring
51-9111	skills	5	Quality Control Analysis
51-9111	skills	6	Coordination
51-9111	skills	7	Monitoring
51-9111	skills	8	Time Management
51-9111	abilities	1	Rate Control
51-9111	abilities	2	Reaction Time
51-9111	abilities	3	Multilimb Coordination
51-9111	abilities	4	Control Precision
51-9111	abilities	5	Response Orientation
51-9111	abilities	6	Static Strength
51-9111	abilities	7	Arm-Hand Steadiness
51-9111	abilities	8	Wrist-Finger Speed
51-9111	technology	1	Label making software
51-9123	knowledge	1	Production and Processing
51-9123	knowledge	2	Education and Training
51-9123	knowledge	3	Customer and Personal Service
51-9123	knowledge	4	English Language
51-9123	skills	1	Coordination
51-9123	skills	2	Social Perceptiveness
51-9123	skills	3	Monitoring
51-9123	skills	4	Time Management
51-9123	skills	5	Active Listening
51-9123	skills	6	Reading Comprehension
51-9123	skills	7	Judgment and Decision Making
51-9123	skills	8	Critical Thinking
51-9123	abilities	1	Arm-Hand Steadiness
51-9123	abilities	2	Visual Color Discrimination
51-9123	abilities	3	Manual Dexterity
51-9123	abilities	4	Finger Dexterity
51-9123	abilities	5	Multilimb Coordination
51-9123	abilities	6	Control Precision
51-9123	abilities	7	Trunk Strength
51-9123	abilities	8	Near Vision
51-9124	knowledge	1	Mechanical
51-9124	knowledge	2	Production and Processing
51-9124	knowledge	3	English Language
51-9124	skills	1	Repairing
51-9124	skills	2	Equipment Maintenance
51-9124	skills	3	Equipment Selection
51-9124	skills	4	Operations Monitoring
51-9124	skills	5	Operation and Control
51-9124	skills	6	Troubleshooting
51-9124	skills	7	Quality Control Analysis
51-9124	skills	8	Learning Strategies
51-9124	abilities	1	Control Precision
51-9124	abilities	2	Visual Color Discrimination
51-9124	abilities	3	Arm-Hand Steadiness
51-9124	abilities	4	Dynamic Strength
51-9124	abilities	5	Manual Dexterity
51-9124	abilities	6	Rate Control
51-9124	abilities	7	Stamina
51-9124	abilities	8	Extent Flexibility
51-9124	technology	1	Materials requirements planning logistics and supply chain software
51-9124	technology	2	Facilities management software
51-9124	technology	3	Time accounting software
51-9124	technology	4	Industrial control software
51-9124	technology	5	Inventory management software
51-9124	technology	6	Calendar and scheduling software
51-9141	knowledge	1	Production and Processing
51-9141	knowledge	2	Chemistry
51-9141	knowledge	3	Public Safety and Security
51-9141	knowledge	4	Computers and Electronics
51-9141	knowledge	5	Engineering and Technology
51-9141	knowledge	6	Education and Training
51-9141	knowledge	7	English Language
51-9141	knowledge	8	Mathematics
51-9141	skills	1	Equipment Maintenance
51-9141	skills	2	Operations Monitoring
51-9141	skills	3	Quality Control Analysis
51-9141	skills	4	Troubleshooting
51-9141	skills	5	Repairing
51-9141	skills	6	Operation and Control
51-9141	skills	7	Monitoring
51-9141	skills	8	Reading Comprehension
51-9141	abilities	1	Rate Control
51-9141	abilities	2	Arm-Hand Steadiness
51-9141	abilities	3	Multilimb Coordination
51-9141	abilities	4	Control Precision
51-9141	abilities	5	Static Strength
51-9141	abilities	6	Manual Dexterity
51-9141	abilities	7	Finger Dexterity
51-9141	abilities	8	Visual Color Discrimination
51-9141	technology	1	Industrial control software
51-9141	technology	2	Development environment software
51-9151	knowledge	1	Computers and Electronics
51-9151	knowledge	2	Production and Processing
51-9151	knowledge	3	Chemistry
51-9151	knowledge	4	Customer and Personal Service
51-9151	knowledge	5	Sales and Marketing
51-9151	knowledge	6	Mechanical
51-9151	knowledge	7	English Language
51-9151	skills	1	Equipment Maintenance
51-9151	skills	2	Equipment Selection
51-9151	skills	3	Quality Control Analysis
51-9151	skills	4	Operations Monitoring
51-9151	skills	5	Operation and Control
51-9151	skills	6	Troubleshooting
51-9151	skills	7	Service Orientation
51-9151	skills	8	Negotiation
51-9151	abilities	1	Visual Color Discrimination
51-9151	abilities	2	Control Precision
51-9151	abilities	3	Arm-Hand Steadiness
51-9151	abilities	4	Manual Dexterity
51-9151	abilities	5	Extent Flexibility
51-9151	abilities	6	Reaction Time
51-9151	abilities	7	Finger Dexterity
51-9151	abilities	8	Visualization
51-9151	technology	1	File versioning software
51-9151	technology	2	Application server software
51-9151	technology	3	Data base management system software
51-9151	technology	4	Web platform development software
51-9151	technology	5	Desktop publishing software
51-9151	technology	6	Object or component oriented development software
51-9161	knowledge	1	Production and Processing
51-9161	knowledge	2	Mechanical
51-9161	knowledge	3	Mathematics
51-9161	knowledge	4	Engineering and Technology
51-9161	knowledge	5	Design
51-9161	knowledge	6	Physics
51-9161	knowledge	7	Education and Training
51-9161	knowledge	8	Administration and Management
51-9161	skills	1	Operation and Control
51-9161	skills	2	Operations Monitoring
51-9161	skills	3	Repairing
51-9161	skills	4	Equipment Maintenance
51-9161	skills	5	Troubleshooting
51-9161	skills	6	Equipment Selection
51-9161	skills	7	Quality Control Analysis
51-9161	skills	8	Operations Analysis
51-9161	abilities	1	Reaction Time
51-9161	abilities	2	Rate Control
51-9161	abilities	3	Sound Localization
51-9161	abilities	4	Arm-Hand Steadiness
51-9161	abilities	5	Hearing Sensitivity
51-9161	abilities	6	Control Precision
51-9161	abilities	7	Response Orientation
51-9161	abilities	8	Wrist-Finger Speed
51-9161	technology	1	Computer aided design CAD software
51-9161	technology	2	Computer aided manufacturing CAM software
51-9161	technology	3	Desktop communications software
51-9161	technology	4	Video conferencing software
51-9161	technology	5	Industrial control software
51-9161	technology	6	Information retrieval or search software
51-9161	technology	7	Development environment software
51-9161	technology	8	Object or component oriented development software
51-9162	knowledge	1	Mechanical
51-9162	knowledge	2	Design
51-9162	knowledge	3	Production and Processing
51-9162	knowledge	4	Engineering and Technology
51-9162	knowledge	5	Computers and Electronics
51-9162	knowledge	6	Mathematics
51-9162	knowledge	7	Administration and Management
51-9162	knowledge	8	Administrative
51-9162	skills	1	Programming
51-9162	skills	2	Equipment Maintenance
51-9162	skills	3	Operations Analysis
51-9162	skills	4	Troubleshooting
51-9162	skills	5	Equipment Selection
51-9162	skills	6	Operations Monitoring
51-9162	skills	7	Operation and Control
51-9162	skills	8	Mathematics
51-9162	abilities	1	Reaction Time
51-9162	abilities	2	Perceptual Speed
51-9162	abilities	3	Mathematical Reasoning
51-9162	abilities	4	Control Precision
51-9162	abilities	5	Number Facility
51-9162	abilities	6	Multilimb Coordination
51-9162	abilities	7	Visualization
51-9162	abilities	8	Speed of Closure
51-9162	technology	1	Enterprise application integration software
51-9162	technology	2	Computer aided design CAD software
51-9162	technology	3	Computer aided manufacturing CAM software
51-9162	technology	4	Video conferencing software
51-9162	technology	5	Object or component oriented development software
51-9191	knowledge	1	Production and Processing
51-9191	knowledge	2	Mechanical
51-9191	knowledge	3	Public Safety and Security
51-9191	knowledge	4	Education and Training
51-9191	knowledge	5	Mathematics
51-9191	knowledge	6	Computers and Electronics
51-9191	knowledge	7	English Language
51-9191	knowledge	8	Administration and Management
51-9191	skills	1	Operation and Control
51-9191	skills	2	Repairing
51-9191	skills	3	Operations Monitoring
51-9191	skills	4	Equipment Maintenance
51-9191	skills	5	Troubleshooting
51-9191	skills	6	Quality Control Analysis
51-9191	skills	7	Systems Analysis
51-9191	skills	8	Mathematics
51-9191	abilities	1	Static Strength
51-9191	abilities	2	Rate Control
51-9191	abilities	3	Reaction Time
51-9191	abilities	4	Stamina
51-9191	abilities	5	Extent Flexibility
51-9191	abilities	6	Dynamic Strength
51-9191	abilities	7	Manual Dexterity
51-9191	abilities	8	Trunk Strength
51-9192	knowledge	1	Production and Processing
51-9192	knowledge	2	Psychology
51-9192	knowledge	3	Public Safety and Security
51-9192	knowledge	4	English Language
51-9192	skills	1	Operation and Control
51-9192	skills	2	Operations Monitoring
51-9192	skills	3	Quality Control Analysis
51-9192	skills	4	Time Management
51-9192	skills	5	Coordination
51-9192	skills	6	Social Perceptiveness
51-9192	skills	7	Monitoring
51-9192	skills	8	Judgment and Decision Making
51-9192	abilities	1	Stamina
51-9192	abilities	2	Extent Flexibility
51-9192	abilities	3	Gross Body Coordination
51-9192	abilities	4	Multilimb Coordination
51-9192	abilities	5	Control Precision
51-9192	abilities	6	Rate Control
51-9192	abilities	7	Trunk Strength
51-9192	abilities	8	Static Strength
51-9193	knowledge	1	Food Production
51-9193	knowledge	2	Production and Processing
51-9193	knowledge	3	Mechanical
51-9193	knowledge	4	Design
51-9193	knowledge	5	Physics
51-9193	knowledge	6	Chemistry
51-9193	knowledge	7	Engineering and Technology
51-9193	knowledge	8	Public Safety and Security
51-9193	skills	1	Operation and Control
51-9193	skills	2	Repairing
51-9193	skills	3	Equipment Maintenance
51-9193	skills	4	Operations Monitoring
51-9193	skills	5	Troubleshooting
51-9193	skills	6	Equipment Selection
51-9193	skills	7	Quality Control Analysis
51-9193	skills	8	Complex Problem Solving
51-9193	abilities	1	Rate Control
51-9193	abilities	2	Reaction Time
51-9193	abilities	3	Static Strength
51-9193	abilities	4	Stamina
51-9193	abilities	5	Extent Flexibility
51-9193	abilities	6	Wrist-Finger Speed
51-9193	abilities	7	Trunk Strength
51-9193	abilities	8	Multilimb Coordination
51-9194	knowledge	1	Production and Processing
51-9194	knowledge	2	Design
51-9194	knowledge	3	Mechanical
51-9194	knowledge	4	Engineering and Technology
51-9194	knowledge	5	Customer and Personal Service
51-9194	knowledge	6	Administration and Management
51-9194	knowledge	7	Computers and Electronics
51-9194	knowledge	8	Mathematics
51-9194	skills	1	Equipment Maintenance
51-9194	skills	2	Operation and Control
51-9194	skills	3	Quality Control Analysis
51-9194	skills	4	Troubleshooting
51-9194	skills	5	Operations Monitoring
51-9194	skills	6	Monitoring
51-9194	skills	7	Time Management
51-9194	skills	8	Reading Comprehension
51-9194	abilities	1	Control Precision
51-9194	abilities	2	Arm-Hand Steadiness
51-9194	abilities	3	Rate Control
51-9194	abilities	4	Manual Dexterity
51-9194	abilities	5	Multilimb Coordination
51-9194	abilities	6	Finger Dexterity
51-9194	abilities	7	Reaction Time
51-9194	abilities	8	Visualization
51-9194	technology	1	Computer aided design CAD and computer aided manufacturing CAM system
51-9194	technology	2	Computer aided manufacturing CAM software
51-9195	knowledge	1	Production and Processing
51-9195	knowledge	2	Mechanical
51-9195	knowledge	3	Engineering and Technology
51-9195	knowledge	4	Administration and Management
51-9195	knowledge	5	Mathematics
51-9195	knowledge	6	English Language
51-9195	skills	1	Repairing
51-9195	skills	2	Equipment Maintenance
51-9195	skills	3	Operations Monitoring
51-9195	skills	4	Operation and Control
51-9195	skills	5	Troubleshooting
51-9195	skills	6	Quality Control Analysis
51-9195	skills	7	Complex Problem Solving
51-9195	skills	8	Time Management
51-9195	abilities	1	Static Strength
51-9195	abilities	2	Trunk Strength
51-9195	abilities	3	Reaction Time
51-9195	abilities	4	Rate Control
51-9195	abilities	5	Dynamic Strength
51-9195	abilities	6	Stamina
51-9195	abilities	7	Multilimb Coordination
51-9195	abilities	8	Arm-Hand Steadiness
51-9195	technology	1	Computer aided design CAD software
51-9195	technology	2	Computer aided manufacturing CAM software
51-9195	technology	3	Time accounting software
51-9195	technology	4	Inventory management software
51-9196	knowledge	1	Production and Processing
51-9196	knowledge	2	Mechanical
51-9196	knowledge	3	Mathematics
51-9196	knowledge	4	Public Safety and Security
51-9196	knowledge	5	Customer and Personal Service
51-9196	knowledge	6	Education and Training
51-9196	knowledge	7	English Language
51-9196	skills	1	Equipment Maintenance
51-9196	skills	2	Operations Monitoring
51-9196	skills	3	Operation and Control
51-9196	skills	4	Quality Control Analysis
51-9196	skills	5	Troubleshooting
51-9196	skills	6	Time Management
51-9196	skills	7	Active Learning
51-9196	skills	8	Coordination
51-9196	abilities	1	Rate Control
51-9196	abilities	2	Reaction Time
51-9196	abilities	3	Extent Flexibility
51-9196	abilities	4	Control Precision
51-9196	abilities	5	Arm-Hand Steadiness
51-9196	abilities	6	Manual Dexterity
51-9196	abilities	7	Hearing Sensitivity
51-9196	abilities	8	Trunk Strength
51-9196	technology	1	Desktop publishing software
51-9196	technology	2	Document management software
51-9196	technology	3	Customer relationship management CRM software
51-9197	knowledge	1	Production and Processing
51-9197	knowledge	2	Mechanical
51-9197	knowledge	3	Engineering and Technology
51-9197	knowledge	4	Administration and Management
51-9197	knowledge	5	Public Safety and Security
51-9197	knowledge	6	Education and Training
51-9197	knowledge	7	English Language
51-9197	knowledge	8	Customer and Personal Service
51-9197	skills	1	Operation and Control
51-9197	skills	2	Operations Monitoring
51-9197	skills	3	Quality Control Analysis
51-9197	skills	4	Monitoring
51-9197	skills	5	Time Management
51-9197	skills	6	Judgment and Decision Making
51-9197	skills	7	Critical Thinking
51-9197	skills	8	Active Listening
51-9197	abilities	1	Rate Control
51-9197	abilities	2	Multilimb Coordination
51-9197	abilities	3	Manual Dexterity
51-9197	abilities	4	Extent Flexibility
51-9197	abilities	5	Control Precision
51-9197	abilities	6	Reaction Time
51-9197	abilities	7	Stamina
51-9197	abilities	8	Trunk Strength
51-9197	technology	1	Industrial control software
51-9198	knowledge	1	Mechanical
51-9198	knowledge	2	Production and Processing
51-9198	knowledge	3	Public Safety and Security
51-9198	knowledge	4	Mathematics
51-9198	knowledge	5	English Language
51-9198	skills	1	Operation and Control
51-9198	skills	2	Quality Control Analysis
51-9198	skills	3	Operations Monitoring
51-9198	skills	4	Monitoring
51-9198	skills	5	Coordination
51-9198	skills	6	Social Perceptiveness
51-9198	skills	7	Active Listening
51-9198	skills	8	Critical Thinking
51-9198	abilities	1	Static Strength
51-9198	abilities	2	Stamina
51-9198	abilities	3	Extent Flexibility
51-9198	abilities	4	Trunk Strength
51-9198	abilities	5	Multilimb Coordination
51-9198	abilities	6	Control Precision
51-9198	abilities	7	Dynamic Strength
51-9198	abilities	8	Reaction Time
51-9198	technology	1	Desktop publishing software
51-9198	technology	2	Document management software
51-9198	technology	3	Computer aided design CAD software
53-1041	knowledge	1	Transportation
53-1041	knowledge	2	Public Safety and Security
53-1041	knowledge	3	Geography
53-1041	knowledge	4	Telecommunications
53-1041	knowledge	5	Customer and Personal Service
53-1041	knowledge	6	Personnel and Human Resources
53-1041	knowledge	7	Administrative
53-1041	knowledge	8	Administration and Management
53-1041	skills	1	Management of Personnel Resources
53-1041	skills	2	Learning Strategies
53-1041	skills	3	Operation and Control
53-1041	skills	4	Time Management
53-1041	skills	5	Mathematics
53-1041	skills	6	Coordination
53-1041	skills	7	Monitoring
53-1041	skills	8	Systems Analysis
53-1041	abilities	1	Multilimb Coordination
53-1041	abilities	2	Static Strength
53-1041	abilities	3	Rate Control
53-1041	abilities	4	Reaction Time
53-1041	abilities	5	Extent Flexibility
53-1041	abilities	6	Depth Perception
53-1041	abilities	7	Gross Body Coordination
53-1041	abilities	8	Dynamic Strength
53-1041	technology	1	Web page creation and editing software
53-1041	technology	2	Materials requirements planning logistics and supply chain software
53-1041	technology	3	Inventory management software
53-1042	knowledge	1	Transportation
53-1042	knowledge	2	Administration and Management
53-1042	knowledge	3	Production and Processing
53-1042	knowledge	4	Public Safety and Security
53-1042	knowledge	5	Administrative
53-1042	knowledge	6	Customer and Personal Service
53-1042	knowledge	7	Personnel and Human Resources
53-1042	knowledge	8	Sales and Marketing
53-1042	skills	1	Management of Personnel Resources
53-1042	skills	2	Negotiation
53-1042	skills	3	Coordination
53-1042	skills	4	Persuasion
53-1042	skills	5	Instructing
53-1042	skills	6	Systems Evaluation
53-1042	skills	7	Complex Problem Solving
53-1042	skills	8	Time Management
53-1042	abilities	1	Manual Dexterity
53-1042	abilities	2	Time Sharing
53-1042	abilities	3	Auditory Attention
53-1042	abilities	4	Speech Recognition
53-1042	abilities	5	Speech Clarity
53-1042	abilities	6	Oral Expression
53-1042	abilities	7	Oral Comprehension
53-1042	abilities	8	Deductive Reasoning
53-1042	technology	1	Time accounting software
53-1042	technology	2	Inventory management software
53-1042	technology	3	Calendar and scheduling software
53-1043	knowledge	1	Transportation
53-1043	knowledge	2	Production and Processing
53-1043	knowledge	3	Personnel and Human Resources
53-1043	knowledge	4	Administration and Management
53-1043	knowledge	5	Psychology
53-1043	knowledge	6	Public Safety and Security
53-1043	knowledge	7	Geography
53-1043	knowledge	8	Economics and Accounting
53-1043	skills	1	Management of Personnel Resources
53-1043	skills	2	Time Management
53-1043	skills	3	Coordination
53-1043	skills	4	Management of Material Resources
53-1043	skills	5	Negotiation
53-1043	skills	6	Operations Analysis
53-1043	skills	7	Social Perceptiveness
53-1043	skills	8	Active Listening
53-1043	abilities	1	Number Facility
53-1043	abilities	2	Time Sharing
53-1043	abilities	3	Far Vision
53-1043	abilities	4	Depth Perception
53-1043	abilities	5	Oral Expression
53-1043	abilities	6	Oral Comprehension
53-1043	abilities	7	Mathematical Reasoning
53-1043	abilities	8	Speed of Closure
53-1043	technology	1	Bar coding software
53-1043	technology	2	Mobile location based services software
53-1043	technology	3	Materials requirements planning logistics and supply chain software
53-1043	technology	4	Map creation software
53-1043	technology	5	Accounting software
53-1043	technology	6	Calendar and scheduling software
53-1044	technology	1	Mobile location based services software
53-1044	technology	2	Point of sale POS software
53-1044	technology	3	Time accounting software
53-1044	technology	4	Inventory management software
53-1044	technology	5	Accounting software
53-1044	technology	6	Calendar and scheduling software
53-2011	knowledge	1	Transportation
53-2011	knowledge	2	Geography
53-2011	knowledge	3	Physics
53-2011	knowledge	4	Mechanical
53-2011	knowledge	5	Public Safety and Security
53-2011	knowledge	6	Law and Government
53-2011	knowledge	7	Engineering and Technology
53-2011	knowledge	8	Psychology
53-2011	skills	1	Operation and Control
53-2011	skills	2	Operations Monitoring
53-2011	skills	3	Troubleshooting
53-2011	skills	4	Monitoring
53-2011	skills	5	Science
53-2011	skills	6	Time Management
53-2011	skills	7	Judgment and Decision Making
53-2011	skills	8	Quality Control Analysis
53-2011	abilities	1	Response Orientation
53-2011	abilities	2	Peripheral Vision
53-2011	abilities	3	Spatial Orientation
53-2011	abilities	4	Rate Control
53-2011	abilities	5	Reaction Time
53-2011	abilities	6	Control Precision
53-2011	abilities	7	Glare Sensitivity
53-2011	abilities	8	Night Vision
53-2011	technology	1	Process mapping and design software
53-2011	technology	2	Route navigation software
53-2011	technology	3	Information retrieval or search software
53-2011	technology	4	Object or component oriented development software
53-2011	technology	5	Calendar and scheduling software
53-2012	knowledge	1	Transportation
53-2012	knowledge	2	Geography
53-2012	knowledge	3	Customer and Personal Service
53-2012	knowledge	4	Physics
53-2012	knowledge	5	Telecommunications
53-2012	knowledge	6	Public Safety and Security
53-2012	knowledge	7	Mechanical
53-2012	knowledge	8	Personnel and Human Resources
53-2012	skills	1	Operation and Control
53-2012	skills	2	Operations Monitoring
53-2012	skills	3	Troubleshooting
53-2012	skills	4	Science
53-2012	skills	5	Monitoring
53-2012	skills	6	Active Learning
53-2012	skills	7	Judgment and Decision Making
53-2012	skills	8	Critical Thinking
53-2012	abilities	1	Response Orientation
53-2012	abilities	2	Spatial Orientation
53-2012	abilities	3	Depth Perception
53-2012	abilities	4	Control Precision
53-2012	abilities	5	Reaction Time
53-2012	abilities	6	Rate Control
53-2012	abilities	7	Glare Sensitivity
53-2012	abilities	8	Multilimb Coordination
53-2012	technology	1	Flight control software
53-2012	technology	2	Aviation ground support software
53-2012	technology	3	Charting software
53-2012	technology	4	Route navigation software
53-2012	technology	5	Map creation software
53-2012	technology	6	Information retrieval or search software
53-2012	technology	7	Development environment software
53-2012	technology	8	Calendar and scheduling software
53-2021	knowledge	1	Transportation
53-2021	knowledge	2	Geography
53-2021	knowledge	3	Telecommunications
53-2021	knowledge	4	Public Safety and Security
53-2021	knowledge	5	Education and Training
53-2021	knowledge	6	Law and Government
53-2021	knowledge	7	English Language
53-2021	knowledge	8	Psychology
53-2021	skills	1	Judgment and Decision Making
53-2021	skills	2	Complex Problem Solving
53-2021	skills	3	Active Listening
53-2021	skills	4	Coordination
53-2021	skills	5	Speaking
53-2021	skills	6	Operations Analysis
53-2021	skills	7	Monitoring
53-2021	skills	8	Operations Monitoring
53-2021	abilities	1	Speed of Closure
53-2021	abilities	2	Time Sharing
53-2021	abilities	3	Selective Attention
53-2021	abilities	4	Flexibility of Closure
53-2021	abilities	5	Perceptual Speed
53-2021	abilities	6	Far Vision
53-2021	abilities	7	Problem Sensitivity
53-2021	abilities	8	Auditory Attention
53-2021	technology	1	Document management software
53-2021	technology	2	Flight control software
53-2021	technology	3	Expert system software
53-2021	technology	4	Web page creation and editing software
53-2022	knowledge	1	Transportation
53-2022	knowledge	2	Public Safety and Security
53-2022	knowledge	3	Telecommunications
53-2022	knowledge	4	Law and Government
53-2022	knowledge	5	Geography
53-2022	knowledge	6	Communications and Media
53-2022	knowledge	7	Education and Training
53-2022	knowledge	8	Administrative
53-2022	skills	1	Monitoring
53-2022	skills	2	Coordination
53-2022	skills	3	Operation and Control
53-2022	skills	4	Systems Evaluation
53-2022	skills	5	Operations Analysis
53-2022	skills	6	Operations Monitoring
53-2022	skills	7	Systems Analysis
53-2022	skills	8	Instructing
53-2022	abilities	1	Far Vision
53-2022	abilities	2	Deductive Reasoning
53-2022	abilities	3	Auditory Attention
53-2022	abilities	4	Problem Sensitivity
53-2022	abilities	5	Written Comprehension
53-2022	abilities	6	Depth Perception
53-2022	abilities	7	Perceptual Speed
53-2022	abilities	8	Speed of Closure
53-2022	technology	1	Enterprise application integration software
53-2022	technology	2	Cloud-based data access and sharing software
53-2022	technology	3	Accounting software
53-2022	technology	4	Internet protocol IP multimedia subsystem software
53-2022	technology	5	Expert system software
53-2022	technology	6	Application server software
53-2022	technology	7	Calendar and scheduling software
53-2031	knowledge	1	Public Safety and Security
53-2031	knowledge	2	Geography
53-2031	knowledge	3	Transportation
53-2031	knowledge	4	Foreign Language
53-2031	knowledge	5	Customer and Personal Service
53-2031	knowledge	6	Therapy and Counseling
53-2031	knowledge	7	Medicine and Dentistry
53-2031	knowledge	8	Psychology
53-2031	skills	1	Service Orientation
53-2031	skills	2	Social Perceptiveness
53-2031	skills	3	Speaking
53-2031	skills	4	Monitoring
53-2031	skills	5	Coordination
53-2031	skills	6	Active Listening
53-2031	skills	7	Negotiation
53-2031	skills	8	Persuasion
53-2031	abilities	1	Gross Body Equilibrium
53-2031	abilities	2	Extent Flexibility
53-2031	abilities	3	Gross Body Coordination
53-2031	abilities	4	Stamina
53-2031	abilities	5	Auditory Attention
53-2031	abilities	6	Static Strength
53-2031	abilities	7	Trunk Strength
53-2031	abilities	8	Hearing Sensitivity
53-2031	technology	1	Computer based training software
53-2031	technology	2	Calendar and scheduling software
53-3011	knowledge	1	Medicine and Dentistry
53-3011	knowledge	2	Transportation
53-3011	knowledge	3	Public Safety and Security
53-3011	knowledge	4	Telecommunications
53-3011	knowledge	5	Law and Government
53-3011	knowledge	6	Customer and Personal Service
53-3011	knowledge	7	Administration and Management
53-3011	knowledge	8	Communications and Media
53-3011	skills	1	Operation and Control
53-3011	skills	2	Service Orientation
53-3011	skills	3	Operations Monitoring
53-3011	skills	4	Instructing
53-3011	skills	5	Negotiation
53-3011	skills	6	Active Learning
53-3011	skills	7	Persuasion
53-3011	skills	8	Critical Thinking
53-3011	abilities	1	Spatial Orientation
53-3011	abilities	2	Response Orientation
53-3011	abilities	3	Reaction Time
53-3011	abilities	4	Static Strength
53-3011	abilities	5	Rate Control
53-3011	abilities	6	Speed of Limb Movement
53-3011	abilities	7	Gross Body Coordination
53-3011	abilities	8	Extent Flexibility
53-3011	technology	1	Helpdesk or call center software
53-3011	technology	2	Map creation software
53-3031	knowledge	1	Food Production
53-3031	knowledge	2	Transportation
53-3031	knowledge	3	Sales and Marketing
53-3031	knowledge	4	Customer and Personal Service
53-3031	knowledge	5	Public Safety and Security
53-3031	knowledge	6	Production and Processing
53-3031	knowledge	7	Administration and Management
53-3031	knowledge	8	English Language
53-3031	skills	1	Operation and Control
53-3031	skills	2	Service Orientation
53-3031	skills	3	Active Listening
53-3031	skills	4	Negotiation
53-3031	skills	5	Persuasion
53-3031	skills	6	Speaking
53-3031	skills	7	Mathematics
53-3031	skills	8	Operations Monitoring
53-3031	abilities	1	Spatial Orientation
53-3031	abilities	2	Static Strength
53-3031	abilities	3	Rate Control
53-3031	abilities	4	Trunk Strength
53-3031	abilities	5	Multilimb Coordination
53-3031	abilities	6	Control Precision
53-3031	abilities	7	Reaction Time
53-3031	abilities	8	Extent Flexibility
53-3031	technology	1	Communications server software
53-3031	technology	2	Map creation software
53-3031	technology	3	Inventory management software
53-3032	knowledge	1	Transportation
53-3032	knowledge	2	Public Safety and Security
53-3032	knowledge	3	Geography
53-3032	knowledge	4	Telecommunications
53-3032	knowledge	5	Law and Government
53-3032	knowledge	6	Mechanical
53-3032	knowledge	7	Customer and Personal Service
53-3032	knowledge	8	English Language
53-3032	skills	1	Operation and Control
53-3032	skills	2	Repairing
53-3032	skills	3	Operations Monitoring
53-3032	skills	4	Equipment Maintenance
53-3032	skills	5	Troubleshooting
53-3032	skills	6	Quality Control Analysis
53-3032	skills	7	Time Management
53-3032	skills	8	Monitoring
53-3032	abilities	1	Spatial Orientation
53-3032	abilities	2	Response Orientation
53-3032	abilities	3	Rate Control
53-3032	abilities	4	Reaction Time
53-3032	abilities	5	Night Vision
53-3032	abilities	6	Multilimb Coordination
53-3032	abilities	7	Peripheral Vision
53-3032	abilities	8	Glare Sensitivity
53-3032	technology	1	Route navigation software
53-3032	technology	2	Materials requirements planning logistics and supply chain software
53-3032	technology	3	Time accounting software
53-3032	technology	4	Desktop communications software
53-3032	technology	5	Video creation and editing software
53-3032	technology	6	Inventory management software
53-3033	knowledge	1	Transportation
53-3033	knowledge	2	English Language
53-3033	knowledge	3	Public Safety and Security
53-3033	knowledge	4	Customer and Personal Service
53-3033	knowledge	5	Administrative
53-3033	skills	1	Operation and Control
53-3033	skills	2	Operations Monitoring
53-3033	skills	3	Time Management
53-3033	skills	4	Monitoring
53-3033	skills	5	Service Orientation
53-3033	skills	6	Reading Comprehension
53-3033	skills	7	Social Perceptiveness
53-3033	skills	8	Speaking
53-3033	abilities	1	Spatial Orientation
53-3033	abilities	2	Multilimb Coordination
53-3033	abilities	3	Stamina
53-3033	abilities	4	Peripheral Vision
53-3033	abilities	5	Response Orientation
53-3033	abilities	6	Reaction Time
53-3033	abilities	7	Static Strength
53-3033	abilities	8	Rate Control
53-3033	technology	1	Route navigation software
53-3033	technology	2	Communications server software
53-3033	technology	3	Desktop communications software
53-3033	technology	4	Industrial control software
53-3033	technology	5	Inventory management software
53-3051	technology	1	Map creation software
53-3052	knowledge	1	Transportation
53-3052	knowledge	2	Public Safety and Security
53-3052	knowledge	3	Customer and Personal Service
53-3052	knowledge	4	Telecommunications
53-3052	knowledge	5	Law and Government
53-3052	knowledge	6	Administration and Management
53-3052	knowledge	7	English Language
53-3052	knowledge	8	Computers and Electronics
53-3052	skills	1	Operation and Control
53-3052	skills	2	Operations Monitoring
53-3052	skills	3	Service Orientation
53-3052	skills	4	Time Management
53-3052	skills	5	Social Perceptiveness
53-3052	skills	6	Persuasion
53-3052	skills	7	Monitoring
53-3052	skills	8	Critical Thinking
53-3052	abilities	1	Spatial Orientation
53-3052	abilities	2	Peripheral Vision
53-3052	abilities	3	Response Orientation
53-3052	abilities	4	Rate Control
53-3052	abilities	5	Reaction Time
53-3052	abilities	6	Night Vision
53-3052	abilities	7	Depth Perception
53-3052	abilities	8	Glare Sensitivity
53-3052	technology	1	Map creation software
53-3053	technology	1	Web page creation and editing software
53-3053	technology	2	Mobile location based services software
53-3053	technology	3	Map creation software
53-3054	technology	1	Web page creation and editing software
53-3054	technology	2	Mobile location based services software
53-4011	knowledge	1	Transportation
53-4011	knowledge	2	Public Safety and Security
53-4011	knowledge	3	Mechanical
53-4011	knowledge	4	Education and Training
53-4011	knowledge	5	Administration and Management
53-4011	knowledge	6	English Language
53-4011	knowledge	7	Customer and Personal Service
53-4011	skills	1	Operation and Control
53-4011	skills	2	Operations Monitoring
53-4011	skills	3	Troubleshooting
53-4011	skills	4	Quality Control Analysis
53-4011	skills	5	Monitoring
53-4011	skills	6	Active Listening
53-4011	skills	7	Judgment and Decision Making
53-4011	skills	8	Critical Thinking
53-4011	abilities	1	Response Orientation
53-4011	abilities	2	Reaction Time
53-4011	abilities	3	Rate Control
53-4011	abilities	4	Depth Perception
53-4011	abilities	5	Control Precision
53-4011	abilities	6	Spatial Orientation
53-4011	abilities	7	Glare Sensitivity
53-4011	abilities	8	Multilimb Coordination
53-4011	technology	1	Route navigation software
53-4011	technology	2	Expert system software
53-4011	technology	3	Time accounting software
53-4013	knowledge	1	Transportation
53-4013	knowledge	2	Public Safety and Security
53-4013	knowledge	3	Mechanical
53-4013	knowledge	4	Administrative
53-4013	knowledge	5	Administration and Management
53-4013	knowledge	6	Law and Government
53-4013	knowledge	7	Education and Training
53-4013	knowledge	8	Customer and Personal Service
53-4013	skills	1	Operation and Control
53-4013	skills	2	Repairing
53-4013	skills	3	Equipment Maintenance
53-4013	skills	4	Troubleshooting
53-4013	skills	5	Operations Monitoring
53-4013	skills	6	Equipment Selection
53-4013	skills	7	Quality Control Analysis
53-4013	skills	8	Monitoring
53-4013	abilities	1	Response Orientation
53-4013	abilities	2	Reaction Time
53-4013	abilities	3	Rate Control
53-4013	abilities	4	Peripheral Vision
53-4013	abilities	5	Spatial Orientation
53-4013	abilities	6	Control Precision
53-4013	abilities	7	Glare Sensitivity
53-4013	abilities	8	Gross Body Equilibrium
53-4013	technology	1	Expert system software
53-4013	technology	2	Facilities management software
53-4013	technology	3	Industrial control software
53-4013	technology	4	Inventory management software
53-4022	knowledge	1	Transportation
53-4022	knowledge	2	Mechanical
53-4022	knowledge	3	Public Safety and Security
53-4022	knowledge	4	Law and Government
53-4022	knowledge	5	Education and Training
53-4022	knowledge	6	English Language
53-4022	knowledge	7	Customer and Personal Service
53-4022	skills	1	Operation and Control
53-4022	skills	2	Operations Monitoring
53-4022	skills	3	Troubleshooting
53-4022	skills	4	Quality Control Analysis
53-4022	skills	5	Monitoring
53-4022	skills	6	Time Management
53-4022	skills	7	Judgment and Decision Making
53-4022	skills	8	Complex Problem Solving
53-4022	abilities	1	Reaction Time
53-4022	abilities	2	Response Orientation
53-4022	abilities	3	Glare Sensitivity
53-4022	abilities	4	Rate Control
53-4022	abilities	5	Multilimb Coordination
53-4022	abilities	6	Depth Perception
53-4022	abilities	7	Control Precision
53-4022	abilities	8	Peripheral Vision
53-4022	technology	1	Route navigation software
53-4022	technology	2	Expert system software
53-4022	technology	3	Time accounting software
53-4031	knowledge	1	Transportation
53-4031	knowledge	2	Public Safety and Security
53-4031	knowledge	3	Telecommunications
53-4031	knowledge	4	Law and Government
53-4031	knowledge	5	Mechanical
53-4031	knowledge	6	Education and Training
53-4031	knowledge	7	English Language
53-4031	knowledge	8	Computers and Electronics
53-4031	skills	1	Operation and Control
53-4031	skills	2	Operations Monitoring
53-4031	skills	3	Coordination
53-4031	skills	4	Quality Control Analysis
53-4031	skills	5	Monitoring
53-4031	skills	6	Time Management
53-4031	skills	7	Management of Personnel Resources
53-4031	skills	8	Systems Evaluation
53-4031	abilities	1	Reaction Time
53-4031	abilities	2	Rate Control
53-4031	abilities	3	Gross Body Equilibrium
53-4031	abilities	4	Speed of Limb Movement
53-4031	abilities	5	Spatial Orientation
53-4031	abilities	6	Depth Perception
53-4031	abilities	7	Response Orientation
53-4031	abilities	8	Auditory Attention
53-4031	technology	1	Materials requirements planning logistics and supply chain software
53-4031	technology	2	Expert system software
53-4031	technology	3	Industrial control software
53-4031	technology	4	Inventory management software
53-4041	knowledge	1	Transportation
53-4041	knowledge	2	Public Safety and Security
53-4041	knowledge	3	Telecommunications
53-4041	knowledge	4	Customer and Personal Service
53-4041	knowledge	5	Mechanical
53-4041	knowledge	6	Education and Training
53-4041	knowledge	7	English Language
53-4041	knowledge	8	Administration and Management
53-4041	skills	1	Operation and Control
53-4041	skills	2	Operations Monitoring
53-4041	skills	3	Troubleshooting
53-4041	skills	4	Service Orientation
53-4041	skills	5	Quality Control Analysis
53-4041	skills	6	Active Listening
53-4041	skills	7	Negotiation
53-4041	skills	8	Persuasion
53-4041	abilities	1	Rate Control
53-4041	abilities	2	Reaction Time
53-4041	abilities	3	Response Orientation
53-4041	abilities	4	Control Precision
53-4041	abilities	5	Multilimb Coordination
53-4041	abilities	6	Night Vision
53-4041	abilities	7	Auditory Attention
53-4041	abilities	8	Depth Perception
53-5011	knowledge	1	Transportation
53-5011	knowledge	2	Mechanical
53-5011	knowledge	3	Public Safety and Security
53-5011	knowledge	4	Education and Training
53-5011	knowledge	5	Administration and Management
53-5011	knowledge	6	Administrative
53-5011	knowledge	7	Mathematics
53-5011	knowledge	8	Customer and Personal Service
53-5011	skills	1	Repairing
53-5011	skills	2	Operation and Control
53-5011	skills	3	Operations Monitoring
53-5011	skills	4	Equipment Maintenance
53-5011	skills	5	Troubleshooting
53-5011	skills	6	Equipment Selection
53-5011	skills	7	Quality Control Analysis
53-5011	skills	8	Management of Personnel Resources
53-5011	abilities	1	Depth Perception
53-5011	abilities	2	Sound Localization
53-5011	abilities	3	Glare Sensitivity
53-5011	abilities	4	Control Precision
53-5011	abilities	5	Spatial Orientation
53-5011	abilities	6	Gross Body Equilibrium
53-5011	abilities	7	Multilimb Coordination
53-5011	abilities	8	Peripheral Vision
53-5011	technology	1	Facilities management software
53-5021	knowledge	1	Transportation
53-5021	knowledge	2	Geography
53-5021	knowledge	3	Public Safety and Security
53-5021	knowledge	4	Mechanical
53-5021	knowledge	5	Law and Government
53-5021	knowledge	6	Telecommunications
53-5021	knowledge	7	Physics
53-5021	knowledge	8	Psychology
53-5021	skills	1	Operation and Control
53-5021	skills	2	Equipment Maintenance
53-5021	skills	3	Repairing
53-5021	skills	4	Equipment Selection
53-5021	skills	5	Troubleshooting
53-5021	skills	6	Operations Monitoring
53-5021	skills	7	Management of Material Resources
53-5021	skills	8	Quality Control Analysis
53-5021	abilities	1	Spatial Orientation
53-5021	abilities	2	Glare Sensitivity
53-5021	abilities	3	Rate Control
53-5021	abilities	4	Gross Body Equilibrium
53-5021	abilities	5	Response Orientation
53-5021	abilities	6	Reaction Time
53-5021	abilities	7	Depth Perception
53-5021	abilities	8	Sound Localization
53-5021	technology	1	Computer aided design CAD software
53-5021	technology	2	Route navigation software
53-5021	technology	3	Materials requirements planning logistics and supply chain software
53-5021	technology	4	Facilities management software
53-5021	technology	5	Calendar and scheduling software
53-5022	knowledge	1	Transportation
53-5022	knowledge	2	Geography
53-5022	knowledge	3	Public Safety and Security
53-5022	knowledge	4	Mechanical
53-5022	knowledge	5	Customer and Personal Service
53-5022	knowledge	6	Education and Training
53-5022	knowledge	7	Telecommunications
53-5022	knowledge	8	Personnel and Human Resources
53-5022	skills	1	Operation and Control
53-5022	skills	2	Equipment Maintenance
53-5022	skills	3	Repairing
53-5022	skills	4	Operations Monitoring
53-5022	skills	5	Troubleshooting
53-5022	skills	6	Equipment Selection
53-5022	skills	7	Quality Control Analysis
53-5022	skills	8	Management of Personnel Resources
53-5022	abilities	1	Spatial Orientation
53-5022	abilities	2	Glare Sensitivity
53-5022	abilities	3	Control Precision
53-5022	abilities	4	Peripheral Vision
53-5022	abilities	5	Response Orientation
53-5022	abilities	6	Night Vision
53-5022	abilities	7	Rate Control
53-5022	abilities	8	Reaction Time
53-5022	technology	1	Mobile location based services software
53-5022	technology	2	Expert system software
53-5022	technology	3	Map creation software
53-5031	knowledge	1	Mechanical
53-5031	knowledge	2	Transportation
53-5031	knowledge	3	Engineering and Technology
53-5031	knowledge	4	Chemistry
53-5031	knowledge	5	Physics
53-5031	knowledge	6	Design
53-5031	knowledge	7	Public Safety and Security
53-5031	knowledge	8	Law and Government
53-5031	skills	1	Equipment Maintenance
53-5031	skills	2	Repairing
53-5031	skills	3	Troubleshooting
53-5031	skills	4	Operation and Control
53-5031	skills	5	Equipment Selection
53-5031	skills	6	Operations Monitoring
53-5031	skills	7	Quality Control Analysis
53-5031	skills	8	Science
53-5031	abilities	1	Control Precision
53-5031	abilities	2	Extent Flexibility
53-5031	abilities	3	Reaction Time
53-5031	abilities	4	Multilimb Coordination
53-5031	abilities	5	Response Orientation
53-5031	abilities	6	Rate Control
53-5031	abilities	7	Hearing Sensitivity
53-5031	abilities	8	Arm-Hand Steadiness
53-5031	technology	1	Customer relationship management CRM software
53-5031	technology	2	Helpdesk or call center software
53-5031	technology	3	Facilities management software
53-5031	technology	4	Enterprise application integration software
53-5031	technology	5	Industrial control software
53-5031	technology	6	Document management software
53-6011	knowledge	1	Telecommunications
53-6011	knowledge	2	Transportation
53-6011	knowledge	3	Public Safety and Security
53-6011	knowledge	4	Mechanical
53-6011	knowledge	5	Administrative
53-6011	knowledge	6	Education and Training
53-6011	knowledge	7	English Language
53-6011	knowledge	8	Administration and Management
53-6011	skills	1	Operation and Control
53-6011	skills	2	Operations Monitoring
53-6011	skills	3	Quality Control Analysis
53-6011	skills	4	Monitoring
53-6011	skills	5	Service Orientation
53-6011	skills	6	Instructing
53-6011	skills	7	Negotiation
53-6011	skills	8	Coordination
53-6011	abilities	1	Glare Sensitivity
53-6011	abilities	2	Sound Localization
53-6011	abilities	3	Reaction Time
53-6011	abilities	4	Rate Control
53-6011	abilities	5	Response Orientation
53-6011	abilities	6	Hearing Sensitivity
53-6011	abilities	7	Auditory Attention
53-6011	abilities	8	Control Precision
53-6011	technology	1	Network security or virtual private network VPN management software
53-6021	knowledge	1	Transportation
53-6021	knowledge	2	Customer and Personal Service
53-6021	knowledge	3	Public Safety and Security
53-6021	knowledge	4	English Language
53-6021	knowledge	5	Mathematics
53-6021	skills	1	Service Orientation
53-6021	skills	2	Operation and Control
53-6021	skills	3	Mathematics
53-6021	skills	4	Speaking
53-6021	skills	5	Social Perceptiveness
53-6021	skills	6	Active Listening
53-6021	skills	7	Coordination
53-6021	skills	8	Writing
53-6021	abilities	1	Spatial Orientation
53-6021	abilities	2	Night Vision
53-6021	abilities	3	Peripheral Vision
53-6021	abilities	4	Gross Body Coordination
53-6021	abilities	5	Reaction Time
53-6021	abilities	6	Stamina
53-6021	abilities	7	Extent Flexibility
53-6021	abilities	8	Depth Perception
53-6021	technology	1	Point of sale POS software
53-6031	knowledge	1	Mechanical
53-6031	knowledge	2	Sales and Marketing
53-6031	knowledge	3	Customer and Personal Service
53-6031	knowledge	4	Chemistry
53-6031	knowledge	5	Administration and Management
53-6031	knowledge	6	Engineering and Technology
53-6031	knowledge	7	Administrative
53-6031	knowledge	8	Personnel and Human Resources
53-6031	skills	1	Repairing
53-6031	skills	2	Equipment Maintenance
53-6031	skills	3	Operation and Control
53-6031	skills	4	Troubleshooting
53-6031	skills	5	Quality Control Analysis
53-6031	skills	6	Operations Monitoring
53-6031	skills	7	Service Orientation
53-6031	skills	8	Time Management
53-6031	abilities	1	Stamina
53-6031	abilities	2	Extent Flexibility
53-6031	abilities	3	Static Strength
53-6031	abilities	4	Reaction Time
53-6031	abilities	5	Trunk Strength
53-6031	abilities	6	Multilimb Coordination
53-6031	abilities	7	Control Precision
53-6031	abilities	8	Response Orientation
53-6031	technology	1	Point of sale POS software
53-6031	technology	2	Time accounting software
53-6031	technology	3	Inventory management software
53-6031	technology	4	Development environment software
53-6032	technology	1	Facilities management software
53-6032	technology	2	Information retrieval or search software
53-6032	technology	3	Inventory management software
53-6041	knowledge	1	Transportation
53-6041	knowledge	2	Building and Construction
53-6041	knowledge	3	Public Safety and Security
53-6041	knowledge	4	Engineering and Technology
53-6041	knowledge	5	Computers and Electronics
53-6041	knowledge	6	Design
53-6041	knowledge	7	Law and Government
53-6041	knowledge	8	Geography
53-6041	skills	1	Operations Analysis
53-6041	skills	2	Science
53-6041	skills	3	Operation and Control
53-6041	skills	4	Management of Personnel Resources
53-6041	skills	5	Systems Evaluation
53-6041	skills	6	Mathematics
53-6041	skills	7	Operations Monitoring
53-6041	skills	8	Systems Analysis
53-6041	abilities	1	Number Facility
53-6041	abilities	2	Mathematical Reasoning
53-6041	abilities	3	Visualization
53-6041	abilities	4	Inductive Reasoning
53-6041	abilities	5	Perceptual Speed
53-6041	abilities	6	Problem Sensitivity
53-6041	abilities	7	Far Vision
53-6041	abilities	8	Visual Color Discrimination
53-6041	technology	1	Business intelligence and data analysis software
53-6041	technology	2	Geographic information system
53-6041	technology	3	Customer relationship management CRM software
53-6041	technology	4	Object or component oriented development software
53-6041	technology	5	Computer aided design CAD software
53-6041	technology	6	Industrial control software
53-6051	knowledge	1	Transportation
53-6051	knowledge	2	Mechanical
53-6051	knowledge	3	Telecommunications
53-6051	knowledge	4	Law and Government
53-6051	knowledge	5	Public Safety and Security
53-6051	knowledge	6	Engineering and Technology
53-6051	knowledge	7	English Language
53-6051	knowledge	8	Production and Processing
53-6051	skills	1	Quality Control Analysis
53-6051	skills	2	Operations Monitoring
53-6051	skills	3	Management of Personnel Resources
53-6051	skills	4	Writing
53-6051	skills	5	Time Management
53-6051	skills	6	Reading Comprehension
53-6051	skills	7	Speaking
53-6051	skills	8	Monitoring
53-6051	abilities	1	Depth Perception
53-6051	abilities	2	Written Expression
53-6051	abilities	3	Written Comprehension
53-6051	abilities	4	Far Vision
53-6051	abilities	5	Control Precision
53-6051	abilities	6	Flexibility of Closure
53-6051	abilities	7	Speech Clarity
53-6051	abilities	8	Oral Expression
53-6051	technology	1	Document management software
53-6061	knowledge	1	Transportation
53-6061	knowledge	2	Public Safety and Security
53-6061	knowledge	3	Psychology
53-6061	knowledge	4	English Language
53-6061	knowledge	5	Customer and Personal Service
53-6061	skills	1	Service Orientation
53-6061	skills	2	Social Perceptiveness
53-6061	skills	3	Negotiation
53-6061	skills	4	Persuasion
53-6061	skills	5	Speaking
53-6061	skills	6	Active Listening
53-6061	skills	7	Monitoring
53-6061	skills	8	Operations Monitoring
53-6061	abilities	1	Trunk Strength
53-6061	abilities	2	Hearing Sensitivity
53-6061	abilities	3	Auditory Attention
53-6061	abilities	4	Speech Recognition
53-6061	abilities	5	Multilimb Coordination
53-6061	abilities	6	Speech Clarity
53-6061	abilities	7	Time Sharing
53-6061	abilities	8	Visual Color Discrimination
53-6061	technology	1	Time accounting software
53-6061	technology	2	Calendar and scheduling software
53-7011	knowledge	1	Mechanical
53-7011	knowledge	2	Transportation
53-7011	knowledge	3	Production and Processing
53-7011	knowledge	4	Public Safety and Security
53-7011	knowledge	5	English Language
53-7011	knowledge	6	Education and Training
53-7011	skills	1	Operation and Control
53-7011	skills	2	Operations Monitoring
53-7011	skills	3	Equipment Maintenance
53-7011	skills	4	Troubleshooting
53-7011	skills	5	Repairing
53-7011	skills	6	Quality Control Analysis
53-7011	skills	7	Systems Evaluation
53-7011	skills	8	Monitoring
53-7011	abilities	1	Control Precision
53-7011	abilities	2	Rate Control
53-7011	abilities	3	Multilimb Coordination
53-7011	abilities	4	Response Orientation
53-7011	abilities	5	Static Strength
53-7011	abilities	6	Glare Sensitivity
53-7011	abilities	7	Depth Perception
53-7011	abilities	8	Hearing Sensitivity
53-7011	technology	1	Materials requirements planning logistics and supply chain software
53-7011	technology	2	Industrial control software
53-7021	knowledge	1	Mechanical
53-7021	knowledge	2	Building and Construction
53-7021	knowledge	3	Transportation
53-7021	knowledge	4	Production and Processing
53-7021	knowledge	5	Public Safety and Security
53-7021	knowledge	6	Mathematics
53-7021	knowledge	7	Education and Training
53-7021	knowledge	8	English Language
53-7021	skills	1	Operation and Control
53-7021	skills	2	Repairing
53-7021	skills	3	Operations Monitoring
53-7021	skills	4	Equipment Maintenance
53-7021	skills	5	Troubleshooting
53-7021	skills	6	Quality Control Analysis
53-7021	skills	7	Mathematics
53-7021	skills	8	Time Management
53-7021	abilities	1	Rate Control
53-7021	abilities	2	Reaction Time
53-7021	abilities	3	Multilimb Coordination
53-7021	abilities	4	Depth Perception
53-7021	abilities	5	Control Precision
53-7021	abilities	6	Response Orientation
53-7021	abilities	7	Glare Sensitivity
53-7021	abilities	8	Spatial Orientation
53-7021	technology	1	Industrial control software
53-7021	technology	2	Inventory management software
53-7031	knowledge	1	Mechanical
53-7031	knowledge	2	Production and Processing
53-7031	knowledge	3	Public Safety and Security
53-7031	knowledge	4	Administration and Management
53-7031	knowledge	5	English Language
53-7031	knowledge	6	Mathematics
53-7031	knowledge	7	Education and Training
53-7031	skills	1	Operation and Control
53-7031	skills	2	Equipment Selection
53-7031	skills	3	Operations Monitoring
53-7031	skills	4	Troubleshooting
53-7031	skills	5	Repairing
53-7031	skills	6	Equipment Maintenance
53-7031	skills	7	Quality Control Analysis
53-7031	skills	8	Management of Personnel Resources
53-7031	abilities	1	Control Precision
53-7031	abilities	2	Multilimb Coordination
53-7031	abilities	3	Reaction Time
53-7031	abilities	4	Depth Perception
53-7031	abilities	5	Response Orientation
53-7031	abilities	6	Spatial Orientation
53-7031	abilities	7	Glare Sensitivity
53-7031	abilities	8	Rate Control
53-7031	technology	1	Mobile location based services software
53-7031	technology	2	Map creation software
53-7031	technology	3	Industrial control software
53-7041	knowledge	1	Mechanical
53-7041	knowledge	2	Transportation
53-7041	knowledge	3	Public Safety and Security
53-7041	knowledge	4	Customer and Personal Service
53-7041	knowledge	5	English Language
53-7041	skills	1	Repairing
53-7041	skills	2	Operation and Control
53-7041	skills	3	Operations Monitoring
53-7041	skills	4	Equipment Maintenance
53-7041	skills	5	Equipment Selection
53-7041	skills	6	Troubleshooting
53-7041	skills	7	Time Management
53-7041	skills	8	Management of Personnel Resources
53-7041	abilities	1	Reaction Time
53-7041	abilities	2	Depth Perception
53-7041	abilities	3	Rate Control
53-7041	abilities	4	Gross Body Equilibrium
53-7041	abilities	5	Sound Localization
53-7041	abilities	6	Multilimb Coordination
53-7041	abilities	7	Control Precision
53-7041	abilities	8	Response Orientation
53-7051	knowledge	1	Transportation
53-7051	knowledge	2	Production and Processing
53-7051	knowledge	3	Mathematics
53-7051	knowledge	4	English Language
53-7051	knowledge	5	Customer and Personal Service
53-7051	skills	1	Operation and Control
53-7051	skills	2	Equipment Maintenance
53-7051	skills	3	Troubleshooting
53-7051	skills	4	Operations Monitoring
53-7051	skills	5	Time Management
53-7051	skills	6	Coordination
53-7051	skills	7	Judgment and Decision Making
53-7051	skills	8	Social Perceptiveness
53-7051	abilities	1	Response Orientation
53-7051	abilities	2	Multilimb Coordination
53-7051	abilities	3	Control Precision
53-7051	abilities	4	Peripheral Vision
53-7051	abilities	5	Rate Control
53-7051	abilities	6	Spatial Orientation
53-7051	abilities	7	Reaction Time
53-7051	abilities	8	Depth Perception
53-7051	technology	1	Computer aided design CAD software
53-7051	technology	2	Materials requirements planning logistics and supply chain software
53-7051	technology	3	Inventory management software
53-7061	knowledge	1	Transportation
53-7061	knowledge	2	Production and Processing
53-7061	knowledge	3	Mechanical
53-7061	knowledge	4	Customer and Personal Service
53-7061	knowledge	5	Public Safety and Security
53-7061	knowledge	6	Administration and Management
53-7061	knowledge	7	English Language
53-7061	knowledge	8	Education and Training
53-7061	skills	1	Operation and Control
53-7061	skills	2	Quality Control Analysis
53-7061	skills	3	Operations Monitoring
53-7061	skills	4	Time Management
53-7061	skills	5	Monitoring
53-7061	skills	6	Speaking
53-7061	skills	7	Active Listening
53-7061	abilities	1	Extent Flexibility
53-7061	abilities	2	Stamina
53-7061	abilities	3	Gross Body Coordination
53-7061	abilities	4	Multilimb Coordination
53-7061	abilities	5	Manual Dexterity
53-7061	abilities	6	Trunk Strength
53-7061	abilities	7	Control Precision
53-7061	abilities	8	Finger Dexterity
53-7061	technology	1	Inventory management software
53-7061	technology	2	Calendar and scheduling software
53-7062	knowledge	1	Mathematics
53-7062	knowledge	2	English Language
53-7062	skills	1	Operation and Control
53-7062	skills	2	Operations Monitoring
53-7062	skills	3	Coordination
53-7062	skills	4	Time Management
53-7062	skills	5	Critical Thinking
53-7062	skills	6	Monitoring
53-7062	skills	7	Reading Comprehension
53-7062	skills	8	Judgment and Decision Making
53-7062	abilities	1	Static Strength
53-7062	abilities	2	Stamina
53-7062	abilities	3	Multilimb Coordination
53-7062	abilities	4	Dynamic Strength
53-7062	abilities	5	Trunk Strength
53-7062	abilities	6	Extent Flexibility
53-7062	abilities	7	Control Precision
53-7062	abilities	8	Rate Control
53-7062	technology	1	Computer aided design CAD software
53-7062	technology	2	Materials requirements planning logistics and supply chain software
53-7062	technology	3	Video conferencing software
53-7062	technology	4	Industrial control software
53-7062	technology	5	Inventory management software
53-7062	technology	6	Desktop publishing software
53-7063	knowledge	1	Production and Processing
53-7063	knowledge	2	Mechanical
53-7063	knowledge	3	Public Safety and Security
53-7063	knowledge	4	Mathematics
53-7063	knowledge	5	Administrative
53-7063	knowledge	6	Education and Training
53-7063	knowledge	7	Administration and Management
53-7063	knowledge	8	English Language
53-7063	skills	1	Operations Monitoring
53-7063	skills	2	Troubleshooting
53-7063	skills	3	Operation and Control
53-7063	skills	4	Quality Control Analysis
53-7063	skills	5	Monitoring
53-7063	skills	6	Time Management
53-7063	skills	7	Coordination
53-7063	skills	8	Social Perceptiveness
53-7063	abilities	1	Rate Control
53-7063	abilities	2	Reaction Time
53-7063	abilities	3	Arm-Hand Steadiness
53-7063	abilities	4	Control Precision
53-7063	abilities	5	Static Strength
53-7063	abilities	6	Wrist-Finger Speed
53-7063	abilities	7	Multilimb Coordination
53-7063	abilities	8	Manual Dexterity
53-7063	technology	1	Time accounting software
53-7063	technology	2	Industrial control software
53-7064	knowledge	1	Production and Processing
53-7064	knowledge	2	Mechanical
53-7064	knowledge	3	Administrative
53-7064	knowledge	4	Public Safety and Security
53-7064	knowledge	5	Customer and Personal Service
53-7064	knowledge	6	Mathematics
53-7064	knowledge	7	Computers and Electronics
53-7064	knowledge	8	English Language
53-7064	skills	1	Monitoring
53-7064	skills	2	Coordination
53-7064	skills	3	Critical Thinking
53-7064	skills	4	Active Listening
53-7064	skills	5	Reading Comprehension
53-7064	skills	6	Speaking
53-7064	abilities	1	Static Strength
53-7064	abilities	2	Trunk Strength
53-7064	abilities	3	Extent Flexibility
53-7064	abilities	4	Multilimb Coordination
53-7064	abilities	5	Dynamic Strength
53-7064	abilities	6	Stamina
53-7064	abilities	7	Manual Dexterity
53-7064	abilities	8	Depth Perception
53-7064	technology	1	Computer aided design CAD software
53-7064	technology	2	Inventory management software
53-7065	knowledge	1	Transportation
53-7065	knowledge	2	Public Safety and Security
53-7065	knowledge	3	Customer and Personal Service
53-7065	knowledge	4	Mathematics
53-7065	knowledge	5	English Language
53-7065	skills	1	Service Orientation
53-7065	skills	2	Social Perceptiveness
53-7065	skills	3	Active Listening
53-7065	skills	4	Coordination
53-7065	skills	5	Monitoring
53-7065	skills	6	Reading Comprehension
53-7065	skills	7	Time Management
53-7065	skills	8	Judgment and Decision Making
53-7065	abilities	1	Extent Flexibility
53-7065	abilities	2	Static Strength
53-7065	abilities	3	Dynamic Strength
53-7065	abilities	4	Trunk Strength
53-7065	abilities	5	Gross Body Coordination
53-7065	abilities	6	Gross Body Equilibrium
53-7065	abilities	7	Stamina
53-7065	abilities	8	Multilimb Coordination
53-7065	technology	1	Voice synthesizer and recognition software
53-7065	technology	2	Materials requirements planning logistics and supply chain software
53-7065	technology	3	Desktop communications software
53-7065	technology	4	Inventory management software
53-7065	technology	5	Calendar and scheduling software
53-7071	knowledge	1	Production and Processing
53-7071	knowledge	2	Mechanical
53-7071	knowledge	3	Chemistry
53-7071	knowledge	4	Physics
53-7071	knowledge	5	Public Safety and Security
53-7071	knowledge	6	Administration and Management
53-7071	knowledge	7	Engineering and Technology
53-7071	knowledge	8	Building and Construction
53-7071	skills	1	Operation and Control
53-7071	skills	2	Operations Monitoring
53-7071	skills	3	Equipment Maintenance
53-7071	skills	4	Repairing
53-7071	skills	5	Troubleshooting
53-7071	skills	6	Quality Control Analysis
53-7071	skills	7	Critical Thinking
53-7071	skills	8	Systems Analysis
53-7071	abilities	1	Manual Dexterity
53-7071	abilities	2	Multilimb Coordination
53-7071	abilities	3	Arm-Hand Steadiness
53-7071	abilities	4	Reaction Time
53-7071	abilities	5	Finger Dexterity
53-7071	abilities	6	Rate Control
53-7071	abilities	7	Control Precision
53-7071	abilities	8	Response Orientation
53-7071	technology	1	Facilities management software
53-7071	technology	2	Industrial control software
53-7072	knowledge	1	Production and Processing
53-7072	knowledge	2	Mechanical
53-7072	knowledge	3	Engineering and Technology
53-7072	knowledge	4	Administrative
53-7072	knowledge	5	Administration and Management
53-7072	knowledge	6	Computers and Electronics
53-7072	knowledge	7	Public Safety and Security
53-7072	knowledge	8	Mathematics
53-7072	skills	1	Operations Monitoring
53-7072	skills	2	Operation and Control
53-7072	skills	3	Equipment Maintenance
53-7072	skills	4	Repairing
53-7072	skills	5	Troubleshooting
53-7072	skills	6	Quality Control Analysis
53-7072	skills	7	Monitoring
53-7072	skills	8	Instructing
53-7072	abilities	1	Rate Control
53-7072	abilities	2	Dynamic Strength
53-7072	abilities	3	Reaction Time
53-7072	abilities	4	Gross Body Equilibrium
53-7072	abilities	5	Extent Flexibility
53-7072	abilities	6	Control Precision
53-7072	abilities	7	Static Strength
53-7072	abilities	8	Perceptual Speed
53-7072	technology	1	Facilities management software
53-7072	technology	2	Industrial control software
53-7073	knowledge	1	Mechanical
53-7073	knowledge	2	Chemistry
53-7073	knowledge	3	Production and Processing
53-7073	knowledge	4	Administrative
53-7073	knowledge	5	Mathematics
53-7073	knowledge	6	Public Safety and Security
53-7073	knowledge	7	Computers and Electronics
53-7073	knowledge	8	English Language
53-7073	skills	1	Operation and Control
53-7073	skills	2	Repairing
53-7073	skills	3	Operations Monitoring
53-7073	skills	4	Equipment Maintenance
53-7073	skills	5	Troubleshooting
53-7073	skills	6	Judgment and Decision Making
53-7073	skills	7	Monitoring
53-7073	skills	8	Complex Problem Solving
53-7073	abilities	1	Reaction Time
53-7073	abilities	2	Response Orientation
53-7073	abilities	3	Static Strength
53-7073	abilities	4	Multilimb Coordination
53-7073	abilities	5	Stamina
53-7073	abilities	6	Control Precision
53-7073	abilities	7	Gross Body Equilibrium
53-7073	abilities	8	Manual Dexterity
53-7073	technology	1	Industrial control software
53-7081	knowledge	1	Mechanical
53-7081	knowledge	2	Transportation
53-7081	knowledge	3	Public Safety and Security
53-7081	knowledge	4	English Language
53-7081	knowledge	5	Customer and Personal Service
53-7081	skills	1	Equipment Maintenance
53-7081	skills	2	Repairing
53-7081	skills	3	Operation and Control
53-7081	skills	4	Troubleshooting
53-7081	skills	5	Operations Monitoring
53-7081	skills	6	Coordination
53-7081	skills	7	Time Management
53-7081	skills	8	Speaking
53-7081	abilities	1	Glare Sensitivity
53-7081	abilities	2	Static Strength
53-7081	abilities	3	Reaction Time
53-7081	abilities	4	Multilimb Coordination
53-7081	abilities	5	Peripheral Vision
53-7081	abilities	6	Extent Flexibility
53-7081	abilities	7	Stamina
53-7081	abilities	8	Gross Body Coordination
53-7081	technology	1	Compliance software
53-7081	technology	2	Mobile location based services software
53-7081	technology	3	Materials requirements planning logistics and supply chain software
53-7081	technology	4	Facilities management software
53-7081	technology	5	Time accounting software
53-7081	technology	6	Map creation software
53-7081	technology	7	Cloud-based data access and sharing software
53-7121	knowledge	1	Transportation
53-7121	knowledge	2	Production and Processing
53-7121	knowledge	3	Mechanical
53-7121	knowledge	4	Public Safety and Security
53-7121	knowledge	5	English Language
53-7121	knowledge	6	Education and Training
53-7121	skills	1	Operation and Control
53-7121	skills	2	Operations Monitoring
53-7121	skills	3	Equipment Maintenance
53-7121	skills	4	Repairing
53-7121	skills	5	Troubleshooting
53-7121	skills	6	Quality Control Analysis
53-7121	skills	7	Management of Personnel Resources
53-7121	skills	8	Time Management
53-7121	abilities	1	Rate Control
53-7121	abilities	2	Reaction Time
53-7121	abilities	3	Multilimb Coordination
53-7121	abilities	4	Static Strength
53-7121	abilities	5	Control Precision
53-7121	abilities	6	Depth Perception
53-7121	abilities	7	Glare Sensitivity
53-7121	abilities	8	Manual Dexterity
53-7121	technology	1	Materials requirements planning logistics and supply chain software
