TOP Code - TOP Title,TOP CTE Flag,CIP Code - CIP Title,CIP CTE Flag,"Count of Colleges "
"0101.00 - Agriculture Technology and Sciences, General",CTE,"01.0000 - Agriculture, General",Both,15
"0101.00 - Agriculture Technology and Sciences, General",CTE,01.0102 - Agribusiness/Agricultural Business Operations,CTE,12
"0101.00 - Agriculture Technology and Sciences, General",CTE,32.0107 - Career Exploration/Awareness Skills,Noncredit CIP,0
"0101.00 - Agriculture Technology and Sciences, General",CTE,32.0111 - Workforce Development and Training,Noncredit CIP,0
0102.00 - Animal Science,CTE,01.0302 - Animal/Livestock Husbandry and Production,CTE,14
0102.00 - Animal Science,CTE,01.0505 - Animal Training,CTE,3
0102.00 - Animal Science,CTE,32.0107 - Career Exploration/Awareness Skills,Noncredit CIP,0
0102.00 - Animal Science,CTE,32.0111 - Workforce Development and Training,Noncredit CIP,0
0102.10 - Veterinary Technician (Licensed),CTE,"01.8201 - Veterinary Administrative Services, General",CTE,0
0102.10 - Veterinary Technician (Licensed),CTE,01.8202 - Veterinary Office Management/Administration,CTE,0
0102.10 - Veterinary Technician (Licensed),CTE,01.8203 - Veterinary Reception/Receptionist,CTE,0
0102.10 - Veterinary Technician (Licensed),CTE,01.8204 - Veterinary Administrative/Executive Assistant and Veterinary Secretary,CTE,0
0102.10 - Veterinary Technician (Licensed),CTE,01.8301 - Veterinary/Animal Health Technology/Technician and Veterinary Assistant,CTE,9
0102.10 - Veterinary Technician (Licensed),CTE,32.0107 - Career Exploration/Awareness Skills,Noncredit CIP,0
0102.10 - Veterinary Technician (Licensed),CTE,32.0111 - Workforce Development and Training,Noncredit CIP,0
0102.20 - Artificial Inseminator (Licensed),CTE,01.0302 - Animal/Livestock Husbandry and Production,CTE,0
0102.20 - Artificial Inseminator (Licensed),CTE,01.8301 - Veterinary/Animal Health Technology/Technician and Veterinary Assistant,CTE,1
0102.20 - Artificial Inseminator (Licensed),CTE,32.0107 - Career Exploration/Awareness Skills,Noncredit CIP,0
0102.20 - Artificial Inseminator (Licensed),CTE,32.0111 - Workforce Development and Training,Noncredit CIP,0
0102.30 - Dairy Science,CTE,01.0306 - Dairy Husbandry and Production,CTE,1
0102.30 - Dairy Science,CTE,32.0107 - Career Exploration/Awareness Skills,Noncredit CIP,0
0102.30 - Dairy Science,CTE,32.0111 - Workforce Development and Training,Noncredit CIP,0
0102.40 - Equine Science,CTE,01.0302 - Animal/Livestock Husbandry and Production,CTE,1
0102.40 - Equine Science,CTE,01.0307 - Horse Husbandry/Equine Science and Management,CTE,9
0102.40 - Equine Science,CTE,01.0509 - Farrier Science,CTE,0
0102.40 - Equine Science,CTE,32.0107 - Career Exploration/Awareness Skills,Noncredit CIP,0
0102.40 - Equine Science,CTE,32.0111 - Workforce Development and Training,Noncredit CIP,0
0103.00 - Plant Science,CTE,01.0304 - Crop Production,CTE,25
0103.00 - Plant Science,CTE,"01.1101 - Plant Sciences, General",Not CTE,6
0103.00 - Plant Science,CTE,32.0107 - Career Exploration/Awareness Skills,Noncredit CIP,0
0103.00 - Plant Science,CTE,32.0111 - Workforce Development and Training,Noncredit CIP,0
0103.10 - Agricultural Pest Control Adviser and Operator (Licensed),CTE,"01.0399 - Agricultural Production Operations, Other",Both,1
0103.10 - Agricultural Pest Control Adviser and Operator (Licensed),CTE,01.1105 - Plant Protection and Integrated Pest Management,Not CTE,12
0103.10 - Agricultural Pest Control Adviser and Operator (Licensed),CTE,32.0107 - Career Exploration/Awareness Skills,Noncredit CIP,0
0103.10 - Agricultural Pest Control Adviser and Operator (Licensed),CTE,32.0111 - Workforce Development and Training,Noncredit CIP,0
"0104.00 - Viticulture, Enology, and Wine Business",CTE,"01.0399 - Agricultural Production Operations, Other",Both,1
"0104.00 - Viticulture, Enology, and Wine Business",CTE,01.1003 - Brewing Science,Not CTE,0
"0104.00 - Viticulture, Enology, and Wine Business",CTE,01.1004 - Viticulture and Enology,Not CTE,11
"0104.00 - Viticulture, Enology, and Wine Business",CTE,01.1005 - Zymology/Fermentation Science,Not CTE,0
"0104.00 - Viticulture, Enology, and Wine Business",CTE,12.0510 - Wine Steward/Sommelier,CTE,1
"0104.00 - Viticulture, Enology, and Wine Business",CTE,32.0107 - Career Exploration/Awareness Skills,Noncredit CIP,0
"0104.00 - Viticulture, Enology, and Wine Business",CTE,32.0111 - Workforce Development and Training,Noncredit CIP,0
"0104.00 - Viticulture, Enology, and Wine Business",CTE,"52.1801 - Sales, Distribution, and Marketing Operations, General",Not CTE,1
0109.00 - Horticulture,CTE,"01.0601 - Applied Horticulture/Horticulture Operations, General",Not CTE,37
0109.00 - Horticulture,CTE,32.0107 - Career Exploration/Awareness Skills,Noncredit CIP,0
0109.00 - Horticulture,CTE,32.0111 - Workforce Development and Training,Noncredit CIP,0
0109.10 - Landscape Design and Maintenance,CTE,01.0207 - Irrigation Management Technology/Technician,CTE,2
0109.10 - Landscape Design and Maintenance,CTE,01.0605 - Landscaping and Groundskeeping,CTE,21
0109.10 - Landscape Design and Maintenance,CTE,32.0107 - Career Exploration/Awareness Skills,Noncredit CIP,0
0109.10 - Landscape Design and Maintenance,CTE,32.0111 - Workforce Development and Training,Noncredit CIP,0
0109.20 - Floriculture / Floristry,CTE,01.0608 - Floriculture/Floristry Operations and Management,CTE,8
0109.20 - Floriculture / Floristry,CTE,32.0107 - Career Exploration/Awareness Skills,Noncredit CIP,0
0109.20 - Floriculture / Floristry,CTE,32.0111 - Workforce Development and Training,Noncredit CIP,0
0109.20 - Floriculture / Floristry,CTE,36.0122 - Floral Design/Arrangement,Noncredit CIP,0
0109.30 - Nursery Technology,CTE,"01.0601 - Applied Horticulture/Horticulture Operations, General",Not CTE,1
0109.30 - Nursery Technology,CTE,01.0606 - Plant Nursery Operations and Management,CTE,11
0109.30 - Nursery Technology,CTE,32.0107 - Career Exploration/Awareness Skills,Noncredit CIP,0
0109.30 - Nursery Technology,CTE,32.0111 - Workforce Development and Training,Noncredit CIP,0
0109.40 - Turfgrass Technology,CTE,01.0607 - Turf and Turfgrass Management,Both,3
0109.40 - Turfgrass Technology,CTE,31.0302 - Golf Course Operation and Grounds Management,CTE,0
0109.40 - Turfgrass Technology,CTE,32.0107 - Career Exploration/Awareness Skills,Noncredit CIP,0
0109.40 - Turfgrass Technology,CTE,32.0111 - Workforce Development and Training,Noncredit CIP,0
"0112.00 - Agriculture Business, Sales and Service",CTE,01.0102 - Agribusiness/Agricultural Business Operations,CTE,21
"0112.00 - Agriculture Business, Sales and Service",CTE,01.0104 - Farm/Farm and Ranch Management,CTE,0
"0112.00 - Agriculture Business, Sales and Service",CTE,01.0105 - Agricultural/Farm Supplies Retailing and Wholesaling,CTE,0
"0112.00 - Agriculture Business, Sales and Service",CTE,01.0106 - Agricultural Business Technology/Technician,CTE,1
"0112.00 - Agriculture Business, Sales and Service",CTE,32.0107 - Career Exploration/Awareness Skills,Noncredit CIP,0
"0112.00 - Agriculture Business, Sales and Service",CTE,32.0111 - Workforce Development and Training,Noncredit CIP,0
0113.00 - Food Processing and Related Technologies,CTE,01.0401 - Agricultural and Food Products Processing,CTE,2
0113.00 - Food Processing and Related Technologies,CTE,01.1002 - Food Technology and Processing,Not CTE,6
0113.00 - Food Processing and Related Technologies,CTE,01.1003 - Brewing Science,Not CTE,2
0113.00 - Food Processing and Related Technologies,CTE,01.1005 - Zymology/Fermentation Science,Not CTE,0
0113.00 - Food Processing and Related Technologies,CTE,32.0107 - Career Exploration/Awareness Skills,Noncredit CIP,0
0113.00 - Food Processing and Related Technologies,CTE,32.0111 - Workforce Development and Training,Noncredit CIP,0
0114.00 - Forestry,CTE,"03.0501 - Forestry, General",CTE,8
0114.00 - Forestry,CTE,03.0509 - Wood Science and Wood Products/Pulp and Paper Technology/Technician,Not CTE,0
0114.00 - Forestry,CTE,03.0511 - Forest Technology/Technician,CTE,2
0114.00 - Forestry,CTE,"03.0599 - Forestry, Other",Both,0
0114.00 - Forestry,CTE,32.0107 - Career Exploration/Awareness Skills,Noncredit CIP,0
0114.00 - Forestry,CTE,32.0111 - Workforce Development and Training,Noncredit CIP,0
0115.00 - Natural Resources,CTE,01.0308 - Agroecology and Sustainable Agriculture,Both,2
0115.00 - Natural Resources,CTE,"03.0101 - Natural Resources/Conservation, General",Not CTE,16
0115.00 - Natural Resources,CTE,"03.9999 - Natural Resources and Conservation, Other",Both,1
0115.00 - Natural Resources,CTE,"13.0101 - Education, General",Not CTE,1
0115.00 - Natural Resources,CTE,32.0107 - Career Exploration/Awareness Skills,Noncredit CIP,0
0115.00 - Natural Resources,CTE,32.0111 - Workforce Development and Training,Noncredit CIP,0
0115.10 - Parks and Outdoor Recreation,CTE,"01.0399 - Agricultural Production Operations, Other",Both,1
0115.10 - Parks and Outdoor Recreation,CTE,"31.0301 - Parks, Recreation, and Leisure Facilities Management, General",CTE,4
0115.10 - Parks and Outdoor Recreation,CTE,32.0107 - Career Exploration/Awareness Skills,Noncredit CIP,0
0115.10 - Parks and Outdoor Recreation,CTE,32.0111 - Workforce Development and Training,Noncredit CIP,0
0115.20 - Wildlife and Fisheries,CTE,03.0208 - Environmental/Natural Resources Law Enforcement and Protective Services,CTE,0
0115.20 - Wildlife and Fisheries,CTE,"03.0601 - Wildlife, Fish and Wildlands Science and Management",CTE,2
0115.20 - Wildlife and Fisheries,CTE,32.0107 - Career Exploration/Awareness Skills,Noncredit CIP,0
0115.20 - Wildlife and Fisheries,CTE,32.0111 - Workforce Development and Training,Noncredit CIP,0
0116.00 - Agricultural Power Equipment Technology,CTE,"01.0201 - Agricultural Mechanization, General",CTE,4
0116.00 - Agricultural Power Equipment Technology,CTE,01.0204 - Agricultural Power Machinery Operation,CTE,0
0116.00 - Agricultural Power Equipment Technology,CTE,01.0205 - Agricultural Mechanics and Equipment/Machine Technology/Technician,CTE,10
0116.00 - Agricultural Power Equipment Technology,CTE,32.0107 - Career Exploration/Awareness Skills,Noncredit CIP,0
0116.00 - Agricultural Power Equipment Technology,CTE,32.0111 - Workforce Development and Training,Noncredit CIP,0
0199.00 - Other Agriculture and Natural Resources,CTE,"01.1399 - Agriculture/Veterinary Preparatory Programs, Other",Both,1
0199.00 - Other Agriculture and Natural Resources,CTE,"01.9999 - Agricultural/Animal/Plant/Veterinary Science and Related Fields, Other",Both,4
0199.00 - Other Agriculture and Natural Resources,CTE,32.0107 - Career Exploration/Awareness Skills,Noncredit CIP,0
0199.00 - Other Agriculture and Natural Resources,CTE,32.0111 - Workforce Development and Training,Noncredit CIP,0
0201.00 - Architecture and Architectural Technology,CTE,04.0200 - Pre-Architecture Studies,Not CTE,3
0201.00 - Architecture and Architectural Technology,CTE,04.0202 - Architectural Design,CTE,3
0201.00 - Architecture and Architectural Technology,CTE,04.0401 - Environmental Design/Architecture,CTE,2
0201.00 - Architecture and Architectural Technology,CTE,04.0901 - Architectural Technology/Technician,CTE,31
0201.00 - Architecture and Architectural Technology,CTE,04.0902 - Architectural and Building Sciences/Technology,CTE,1
0201.00 - Architecture and Architectural Technology,CTE,15.0101 - Architectural Engineering Technologies/Technicians,CTE,1
0201.00 - Architecture and Architectural Technology,CTE,32.0107 - Career Exploration/Awareness Skills,Noncredit CIP,0
0201.00 - Architecture and Architectural Technology,CTE,32.0111 - Workforce Development and Training,Noncredit CIP,0
0201.10 - Landscape Architecture (Transfer),Not CTE,04.0601 - Landscape Architecture,CTE,1
0299.00 - Other Architecture and Environmental Design,CTE,"04.0299 - Architecture, Other",Both,2
0299.00 - Other Architecture and Environmental Design,CTE,"04.9999 - Architecture and Related Services, Other",Both,1
0299.00 - Other Architecture and Environmental Design,CTE,32.0107 - Career Exploration/Awareness Skills,Noncredit CIP,0
0299.00 - Other Architecture and Environmental Design,CTE,32.0111 - Workforce Development and Training,Noncredit CIP,0
0301.00 - Environmental Science,Not CTE,03.0103 - Environmental Studies,Not CTE,1
0301.00 - Environmental Science,Not CTE,03.0104 - Environmental Science,Not CTE,47
0301.00 - Environmental Science,Not CTE,30.3501 - Climate Science,Not CTE,0
0301.00 - Environmental Science,Not CTE,30.4101 - Environmental Geosciences,Not CTE,0
0301.00 - Environmental Science,Not CTE,41.0303 - Chemical Process Technology,CTE,0
0302.00 - Environmental Studies,Not CTE,03.0103 - Environmental Studies,Not CTE,22
0302.00 - Environmental Studies,Not CTE,03.0209 - Energy and Environmental Policy,Not CTE,0
0302.00 - Environmental Studies,Not CTE,30.4401 - Geography and Environmental Studies,Not CTE,1
0303.00 - Environmental Technology,CTE,03.0104 - Environmental Science,Not CTE,1
0303.00 - Environmental Technology,CTE,15.0507 - Environmental/Environmental Engineering Technology/Technician,CTE,10
0303.00 - Environmental Technology,CTE,15.0508 - Hazardous Materials Management and Waste Technology/Technician,CTE,7
0303.00 - Environmental Technology,CTE,32.0107 - Career Exploration/Awareness Skills,Noncredit CIP,0
0303.00 - Environmental Technology,CTE,32.0111 - Workforce Development and Training,Noncredit CIP,0
"0399.00 - Environmental Sciences and Technologies, Other",Not CTE,"03.9999 - Natural Resources and Conservation, Other",Both,0
"0401.00 - Biology, General",Not CTE,"26.0101 - Biology/Biological Sciences, General",Not CTE,89
"0401.00 - Biology, General",Not CTE,"26.9999 - Biological and Biomedical Sciences, Other",Both,1
"0402.00 - Botany, General",Not CTE,26.0301 - Botany/Plant Biology,Not CTE,1
0403.00 - MicroBiology,Not CTE,"26.0499 - Cell/Cellular Biology and Anatomical Sciences, Other",Both,0
0403.00 - MicroBiology,Not CTE,"26.0502 - Microbiology, General",Not CTE,1
"0407.00 - Zoology, General",Not CTE,26.0701 - Zoology/Animal Biology,Not CTE,2
0408.00 - Natural History,Not CTE,26.1303 - Evolutionary Biology,Not CTE,1
0408.00 - Natural History,Not CTE,"30.9999 - Multi-/Interdisciplinary Studies, Other",Both,2
0410.00 - Anatomy and Physiology,Not CTE,"26.0499 - Cell/Cellular Biology and Anatomical Sciences, Other",Both,1
0410.00 - Anatomy and Physiology,Not CTE,"26.0901 - Physiology, General",Not CTE,3
0430.00 - Biotechnology and Biomedical Technology,CTE,15.0401 - Biomedical Technology/Technician,CTE,24
0430.00 - Biotechnology and Biomedical Technology,CTE,26.1104 - Computational Biology,Not CTE,3
0430.00 - Biotechnology and Biomedical Technology,CTE,"26.9999 - Biological and Biomedical Sciences, Other",Both,1
0430.00 - Biotechnology and Biomedical Technology,CTE,32.0107 - Career Exploration/Awareness Skills,Noncredit CIP,0
0430.00 - Biotechnology and Biomedical Technology,CTE,32.0111 - Workforce Development and Training,Noncredit CIP,0
0430.00 - Biotechnology and Biomedical Technology,CTE,41.0101 - Biology/Biotechnology Technology/Technician,CTE,16
0499.00 - Other Biological Sciences,Not CTE,"26.9999 - Biological and Biomedical Sciences, Other",Both,9
"0501.00 - Business and Commerce, General",CTE,30.7102 - Business Analytics,CTE,0
"0501.00 - Business and Commerce, General",CTE,32.0107 - Career Exploration/Awareness Skills,Noncredit CIP,0
"0501.00 - Business and Commerce, General",CTE,32.0111 - Workforce Development and Training,Noncredit CIP,0
"0501.00 - Business and Commerce, General",CTE,"52.0101 - Business/Commerce, General",Both,45
"0501.00 - Business and Commerce, General",CTE,"52.0201 - Business Administration and Management, General",CTE,16
"0501.00 - Business and Commerce, General",CTE,"52.0401 - Administrative Assistant and Secretarial Science, General",CTE,1
0502.00 - Accounting,CTE,"32.0101 - Basic Skills and Developmental/Remedial Education, General",Noncredit CIP,1
0502.00 - Accounting,CTE,32.0107 - Career Exploration/Awareness Skills,Noncredit CIP,0
0502.00 - Accounting,CTE,32.0111 - Workforce Development and Training,Noncredit CIP,0
0502.00 - Accounting,CTE,"52.0101 - Business/Commerce, General",Both,1
0502.00 - Accounting,CTE,"52.0299 - Business Administration, Management and Operations, Other",Both,1
0502.00 - Accounting,CTE,52.0301 - Accounting,CTE,55
0502.00 - Accounting,CTE,52.0302 - Accounting Technology/Technician and Bookkeeping,CTE,68
0502.10 - Tax Studies,CTE,32.0107 - Career Exploration/Awareness Skills,Noncredit CIP,0
0502.10 - Tax Studies,CTE,32.0111 - Workforce Development and Training,Noncredit CIP,0
0502.10 - Tax Studies,CTE,52.1601 - Taxation,CTE,20
0504.00 - Banking and Finance,CTE,32.0107 - Career Exploration/Awareness Skills,Noncredit CIP,0
0504.00 - Banking and Finance,CTE,32.0111 - Workforce Development and Training,Noncredit CIP,0
0504.00 - Banking and Finance,CTE,"52.0801 - Finance, General",CTE,0
0504.00 - Banking and Finance,CTE,52.0803 - Banking and Financial Support Services,CTE,18
0504.00 - Banking and Finance,CTE,52.0810 - Financial Risk Management,Not CTE,1
0505.00 - Business Administration,CTE,30.7102 - Business Analytics,CTE,0
0505.00 - Business Administration,CTE,32.0107 - Career Exploration/Awareness Skills,Noncredit CIP,0
0505.00 - Business Administration,CTE,32.0111 - Workforce Development and Training,Noncredit CIP,1
0505.00 - Business Administration,CTE,"52.0101 - Business/Commerce, General",Both,3
0505.00 - Business Administration,CTE,"52.0201 - Business Administration and Management, General",CTE,111
0505.00 - Business Administration,CTE,52.0211 - Project Management,CTE,0
0505.00 - Business Administration,CTE,"52.0299 - Business Administration, Management and Operations, Other",Both,1
0506.00 - Business Management,CTE,30.7102 - Business Analytics,CTE,2
0506.00 - Business Management,CTE,32.0107 - Career Exploration/Awareness Skills,Noncredit CIP,0
0506.00 - Business Management,CTE,32.0111 - Workforce Development and Training,Noncredit CIP,0
0506.00 - Business Management,CTE,51.0708 - Medical Transcription/Transcriptionist,CTE,1
0506.00 - Business Management,CTE,"52.0101 - Business/Commerce, General",Both,3
0506.00 - Business Management,CTE,"52.0201 - Business Administration and Management, General",CTE,72
0506.00 - Business Management,CTE,52.0211 - Project Management,CTE,0
0506.00 - Business Management,CTE,"52.0299 - Business Administration, Management and Operations, Other",Both,1
0506.00 - Business Management,CTE,52.0701 - Entrepreneurship/Entrepreneurial Studies,CTE,3
0506.00 - Business Management,CTE,52.0907 - Meeting and Event Planning,CTE,1
0506.00 - Business Management,CTE,"52.9999 - Business, Management, Marketing, and Related Support Services, Other",Both,2
0506.30 - Management Development and Supervision,CTE,32.0107 - Career Exploration/Awareness Skills,Noncredit CIP,0
0506.30 - Management Development and Supervision,CTE,32.0111 - Workforce Development and Training,Noncredit CIP,0
0506.30 - Management Development and Supervision,CTE,"52.0201 - Business Administration and Management, General",CTE,2
0506.30 - Management Development and Supervision,CTE,52.0204 - Office Management and Supervision,CTE,23
0506.30 - Management Development and Supervision,CTE,52.0205 - Operations Management and Supervision,CTE,3
0506.30 - Management Development and Supervision,CTE,"52.0401 - Administrative Assistant and Secretarial Science, General",CTE,1
0506.40 - Small Business and Entrepreneurship,CTE,32.0107 - Career Exploration/Awareness Skills,Noncredit CIP,0
0506.40 - Small Business and Entrepreneurship,CTE,32.0111 - Workforce Development and Training,Noncredit CIP,0
0506.40 - Small Business and Entrepreneurship,CTE,"52.0201 - Business Administration and Management, General",CTE,2
0506.40 - Small Business and Entrepreneurship,CTE,52.0212 - Retail Management,CTE,1
0506.40 - Small Business and Entrepreneurship,CTE,52.0302 - Accounting Technology/Technician and Bookkeeping,CTE,1
0506.40 - Small Business and Entrepreneurship,CTE,52.0701 - Entrepreneurship/Entrepreneurial Studies,CTE,28
0506.40 - Small Business and Entrepreneurship,CTE,52.0703 - Small Business Administration/Management,CTE,62
0506.40 - Small Business and Entrepreneurship,CTE,52.0704 - Social Entrepreneurship,Not CTE,2
0506.50 - Retail Store Operations and Management,CTE,32.0107 - Career Exploration/Awareness Skills,Noncredit CIP,0
0506.50 - Retail Store Operations and Management,CTE,32.0111 - Workforce Development and Training,Noncredit CIP,0
0506.50 - Retail Store Operations and Management,CTE,"52.0101 - Business/Commerce, General",Both,1
0506.50 - Retail Store Operations and Management,CTE,52.0212 - Retail Management,CTE,33
0506.50 - Retail Store Operations and Management,CTE,52.1803 - Retailing and Retail Operations,CTE,5
0508.00 - International Business and Trade,CTE,32.0107 - Career Exploration/Awareness Skills,Noncredit CIP,0
0508.00 - International Business and Trade,CTE,32.0111 - Workforce Development and Training,Noncredit CIP,0
0508.00 - International Business and Trade,CTE,52.1101 - International Business/Trade/Commerce,CTE,24
0509.00 - Marketing and Distribution,CTE,32.0107 - Career Exploration/Awareness Skills,Noncredit CIP,0
0509.00 - Marketing and Distribution,CTE,32.0111 - Workforce Development and Training,Noncredit CIP,0
0509.00 - Marketing and Distribution,CTE,"52.0201 - Business Administration and Management, General",CTE,1
0509.00 - Marketing and Distribution,CTE,52.1101 - International Business/Trade/Commerce,CTE,1
0509.00 - Marketing and Distribution,CTE,"52.1401 - Marketing/Marketing Management, General",CTE,18
0509.00 - Marketing and Distribution,CTE,52.1404 - Digital Marketing,CTE,9
0509.00 - Marketing and Distribution,CTE,"52.1801 - Sales, Distribution, and Marketing Operations, General",Not CTE,37
0509.00 - Marketing and Distribution,CTE,"52.9999 - Business, Management, Marketing, and Related Support Services, Other",Both,1
0509.10 - Advertising,CTE,"09.0900 - Public Relations, Advertising, and Applied Communication",Not CTE,1
0509.10 - Advertising,CTE,09.0903 - Advertising,Not CTE,6
0509.10 - Advertising,CTE,32.0107 - Career Exploration/Awareness Skills,Noncredit CIP,0
0509.10 - Advertising,CTE,32.0111 - Workforce Development and Training,Noncredit CIP,0
0509.20 - Purchasing,CTE,32.0107 - Career Exploration/Awareness Skills,Noncredit CIP,0
0509.20 - Purchasing,CTE,32.0111 - Workforce Development and Training,Noncredit CIP,0
0509.20 - Purchasing,CTE,"52.0202 - Purchasing, Procurement/Acquisitions and Contracts Management",CTE,0
0509.20 - Purchasing,CTE,52.1802 - Merchandising and Buying Operations,CTE,0
0509.40 - Sales and Salesmanship,CTE,32.0107 - Career Exploration/Awareness Skills,Noncredit CIP,0
0509.40 - Sales and Salesmanship,CTE,32.0111 - Workforce Development and Training,Noncredit CIP,0
0509.40 - Sales and Salesmanship,CTE,52.1804 - Selling Skills and Sales Operations,CTE,12
0509.60 - Display,CTE,32.0107 - Career Exploration/Awareness Skills,Noncredit CIP,0
0509.60 - Display,CTE,32.0111 - Workforce Development and Training,Noncredit CIP,0
0509.60 - Display,CTE,"52.1899 - General Merchandising, Sales, and Related Marketing Operations, Other",Both,1
0509.70 - E-Commerce (Business emphasis),CTE,32.0107 - Career Exploration/Awareness Skills,Noncredit CIP,0
0509.70 - E-Commerce (Business emphasis),CTE,32.0111 - Workforce Development and Training,Noncredit CIP,0
0509.70 - E-Commerce (Business emphasis),CTE,52.0208 - E-Commerce/Electronic Commerce,CTE,9
0509.70 - E-Commerce (Business emphasis),CTE,52.1404 - Digital Marketing,CTE,2
0510.00 - Logistics and Materials Transportation,CTE,32.0107 - Career Exploration/Awareness Skills,Noncredit CIP,0
0510.00 - Logistics and Materials Transportation,CTE,32.0111 - Workforce Development and Training,Noncredit CIP,0
0510.00 - Logistics and Materials Transportation,CTE,"49.9999 - Transportation and Materials Moving, Other",Both,1
0510.00 - Logistics and Materials Transportation,CTE,"52.0203 - Logistics, Materials, and Supply Chain Management",CTE,23
0510.00 - Logistics and Materials Transportation,CTE,"52.0409 - Parts, Warehousing, and Inventory Management Operations",CTE,0
0511.00 - Real Estate,CTE,10.0105 - Communications Technology/Technician,CTE,1
0511.00 - Real Estate,CTE,32.0107 - Career Exploration/Awareness Skills,Noncredit CIP,0
0511.00 - Real Estate,CTE,32.0111 - Workforce Development and Training,Noncredit CIP,0
0511.00 - Real Estate,CTE,52.1501 - Real Estate,CTE,56
0511.10 - Escrow,CTE,32.0107 - Career Exploration/Awareness Skills,Noncredit CIP,0
0511.10 - Escrow,CTE,32.0111 - Workforce Development and Training,Noncredit CIP,0
0511.10 - Escrow,CTE,52.1501 - Real Estate,CTE,2
0512.00 - Insurance,CTE,32.0107 - Career Exploration/Awareness Skills,Noncredit CIP,0
0512.00 - Insurance,CTE,32.0111 - Workforce Development and Training,Noncredit CIP,0
0512.00 - Insurance,CTE,52.0215 - Risk Management,Not CTE,1
0512.00 - Insurance,CTE,52.1701 - Insurance,CTE,3
0514.00 - Office Technology/Office Computer Applications,CTE,11.0103 - Information Technology,Not CTE,1
0514.00 - Office Technology/Office Computer Applications,CTE,"11.0601 - Data Entry/Microcomputer Applications, General",CTE,9
0514.00 - Office Technology/Office Computer Applications,CTE,"11.9999 - Computer and Information Sciences and Support Services, Other",Both,1
0514.00 - Office Technology/Office Computer Applications,CTE,22.0301 - Legal Administrative Assistant/Secretary,CTE,1
0514.00 - Office Technology/Office Computer Applications,CTE,32.0107 - Career Exploration/Awareness Skills,Noncredit CIP,0
0514.00 - Office Technology/Office Computer Applications,CTE,32.0111 - Workforce Development and Training,Noncredit CIP,0
0514.00 - Office Technology/Office Computer Applications,CTE,"52.0101 - Business/Commerce, General",Both,1
0514.00 - Office Technology/Office Computer Applications,CTE,"52.0201 - Business Administration and Management, General",CTE,1
0514.00 - Office Technology/Office Computer Applications,CTE,52.0204 - Office Management and Supervision,CTE,1
0514.00 - Office Technology/Office Computer Applications,CTE,"52.0401 - Administrative Assistant and Secretarial Science, General",CTE,76
0514.00 - Office Technology/Office Computer Applications,CTE,52.0407 - Business/Office Automation/Technology/Data Entry,CTE,13
0514.00 - Office Technology/Office Computer Applications,CTE,52.0408 - General Office Occupations and Clerical Services,CTE,20
0514.00 - Office Technology/Office Computer Applications,CTE,"52.9999 - Business, Management, Marketing, and Related Support Services, Other",Both,1
0514.10 - Legal Office Technology,CTE,22.0301 - Legal Administrative Assistant/Secretary,CTE,10
0514.10 - Legal Office Technology,CTE,32.0107 - Career Exploration/Awareness Skills,Noncredit CIP,0
0514.10 - Legal Office Technology,CTE,32.0111 - Workforce Development and Training,Noncredit CIP,0
0514.20 - Medical Office Technology,CTE,32.0107 - Career Exploration/Awareness Skills,Noncredit CIP,0
0514.20 - Medical Office Technology,CTE,32.0111 - Workforce Development and Training,Noncredit CIP,0
0514.20 - Medical Office Technology,CTE,51.0710 - Medical Office Assistant/Specialist,CTE,3
0514.20 - Medical Office Technology,CTE,51.0712 - Medical Reception/Receptionist,CTE,0
0514.20 - Medical Office Technology,CTE,51.0713 - Medical Insurance Coding Specialist/Coder,CTE,1
0514.20 - Medical Office Technology,CTE,51.0716 - Medical Administrative/Executive Assistant and Medical Secretary,CTE,16
0514.30 - Court Reporting,CTE,22.0303 - Court Reporting and Captioning/Court Reporter,CTE,4
0514.30 - Court Reporting,CTE,22.0305 - Scopist,CTE,2
0514.30 - Court Reporting,CTE,32.0107 - Career Exploration/Awareness Skills,Noncredit CIP,0
0514.30 - Court Reporting,CTE,32.0111 - Workforce Development and Training,Noncredit CIP,0
0514.40 - Office Management,CTE,32.0107 - Career Exploration/Awareness Skills,Noncredit CIP,0
0514.40 - Office Management,CTE,32.0111 - Workforce Development and Training,Noncredit CIP,0
0514.40 - Office Management,CTE,52.0204 - Office Management and Supervision,CTE,9
0514.40 - Office Management,CTE,"52.0401 - Administrative Assistant and Secretarial Science, General",CTE,2
0516.00 - Labor and Industrial Relations,CTE,32.0107 - Career Exploration/Awareness Skills,Noncredit CIP,0
0516.00 - Labor and Industrial Relations,CTE,32.0111 - Workforce Development and Training,Noncredit CIP,0
0516.00 - Labor and Industrial Relations,CTE,52.1002 - Labor and Industrial Relations,Not CTE,5
0518.00 - Customer Service,CTE,32.0107 - Career Exploration/Awareness Skills,Noncredit CIP,0
0518.00 - Customer Service,CTE,32.0111 - Workforce Development and Training,Noncredit CIP,0
0518.00 - Customer Service,CTE,52.0205 - Operations Management and Supervision,CTE,1
0518.00 - Customer Service,CTE,52.0411 - Customer Service Support/Call Center/Teleservice Operation,CTE,8
0599.00 - Other Business and Management,CTE,32.0107 - Career Exploration/Awareness Skills,Noncredit CIP,0
0599.00 - Other Business and Management,CTE,32.0111 - Workforce Development and Training,Noncredit CIP,0
0599.00 - Other Business and Management,CTE,"52.0299 - Business Administration, Management and Operations, Other",Both,7
0599.00 - Other Business and Management,CTE,"52.9999 - Business, Management, Marketing, and Related Support Services, Other",Both,11
"0601.00 - Media and Communications, General",Not CTE,"09.0100 - Communication, General",Not CTE,3
"0601.00 - Media and Communications, General",Not CTE,09.0102 - Mass Communication/Media Studies,Not CTE,1
"0601.00 - Media and Communications, General",Not CTE,09.0909 - Communication Management and Strategic Communications,Not CTE,1
"0601.00 - Media and Communications, General",Not CTE,"50.0101 - Visual and Performing Arts, General",Both,1
0602.00 - Journalism,CTE,09.0102 - Mass Communication/Media Studies,Not CTE,1
0602.00 - Journalism,CTE,09.0401 - Journalism,Not CTE,49
0602.00 - Journalism,CTE,09.0405 - Business and Economic Journalism,CTE,0
0602.00 - Journalism,CTE,09.0406 - Cultural Journalism,CTE,0
0602.00 - Journalism,CTE,09.0407 - Science/Health/Environmental Journalism,Not CTE,0
0602.00 - Journalism,CTE,32.0107 - Career Exploration/Awareness Skills,Noncredit CIP,0
0602.00 - Journalism,CTE,32.0111 - Workforce Development and Training,Noncredit CIP,0
0604.00 - Radio and Television,CTE,09.0701 - Radio and Television,Not CTE,13
0604.00 - Radio and Television,CTE,10.0202 - Radio and Television Broadcasting Technology/Technician,CTE,8
0604.00 - Radio and Television,CTE,32.0107 - Career Exploration/Awareness Skills,Noncredit CIP,0
0604.00 - Radio and Television,CTE,32.0111 - Workforce Development and Training,Noncredit CIP,0
0604.10 - Radio,CTE,09.0701 - Radio and Television,Not CTE,6
0604.10 - Radio,CTE,10.0202 - Radio and Television Broadcasting Technology/Technician,CTE,1
0604.10 - Radio,CTE,32.0107 - Career Exploration/Awareness Skills,Noncredit CIP,0
0604.10 - Radio,CTE,32.0111 - Workforce Development and Training,Noncredit CIP,0
0604.20 - Television (including combined TV/Film/Video),CTE,09.0701 - Radio and Television,Not CTE,46
0604.20 - Television (including combined TV/Film/Video),CTE,10.0202 - Radio and Television Broadcasting Technology/Technician,CTE,8
0604.20 - Television (including combined TV/Film/Video),CTE,32.0107 - Career Exploration/Awareness Skills,Noncredit CIP,0
0604.20 - Television (including combined TV/Film/Video),CTE,32.0111 - Workforce Development and Training,Noncredit CIP,0
0604.20 - Television (including combined TV/Film/Video),CTE,50.0601 - Film/Cinema/Media Studies,Not CTE,1
0604.30 - Broadcast Journalism,CTE,09.0402 - Broadcast Journalism,Not CTE,4
0604.30 - Broadcast Journalism,CTE,10.0202 - Radio and Television Broadcasting Technology/Technician,CTE,1
0604.30 - Broadcast Journalism,CTE,32.0107 - Career Exploration/Awareness Skills,Noncredit CIP,0
0604.30 - Broadcast Journalism,CTE,32.0111 - Workforce Development and Training,Noncredit CIP,0
0606.00 - Public Relations,CTE,"09.0900 - Public Relations, Advertising, and Applied Communication",Not CTE,9
0606.00 - Public Relations,CTE,09.0909 - Communication Management and Strategic Communications,Not CTE,1
0606.00 - Public Relations,CTE,32.0107 - Career Exploration/Awareness Skills,Noncredit CIP,0
0606.00 - Public Relations,CTE,32.0111 - Workforce Development and Training,Noncredit CIP,0
0607.00 - Technical Communication,CTE,"23.1303 - Professional, Technical, Business, and Scientific Writing",Not CTE,2
0607.00 - Technical Communication,CTE,32.0107 - Career Exploration/Awareness Skills,Noncredit CIP,0
0607.00 - Technical Communication,CTE,32.0111 - Workforce Development and Training,Noncredit CIP,0
0607.00 - Technical Communication,CTE,51.0712 - Medical Reception/Receptionist,CTE,1
0610.00 - Mass Communications,CTE,09.0102 - Mass Communication/Media Studies,Not CTE,5
0610.00 - Mass Communications,CTE,10.0105 - Communications Technology/Technician,CTE,0
0610.00 - Mass Communications,CTE,32.0107 - Career Exploration/Awareness Skills,Noncredit CIP,0
0610.00 - Mass Communications,CTE,32.0111 - Workforce Development and Training,Noncredit CIP,0
0612.00 - Film Studies,Not CTE,09.0102 - Mass Communication/Media Studies,Not CTE,1
0612.00 - Film Studies,Not CTE,50.0601 - Film/Cinema/Media Studies,Not CTE,17
0612.10 - Film History and Criticism,Not CTE,50.0601 - Film/Cinema/Media Studies,Not CTE,3
0612.20 - Film Production,CTE,32.0107 - Career Exploration/Awareness Skills,Noncredit CIP,0
0612.20 - Film Production,CTE,32.0111 - Workforce Development and Training,Noncredit CIP,0
0612.20 - Film Production,CTE,50.0504 - Playwriting and Screenwriting,Not CTE,1
0612.20 - Film Production,CTE,50.0602 - Cinematography and Film/Video Production,CTE,30
0612.20 - Film Production,CTE,"50.0699 - Film/Video and Photographic Arts, Other",Both,1
0614.00 - Digital Media,CTE,09.0702 - Digital Communication and Media/Multimedia,Not CTE,21
0614.00 - Digital Media,CTE,10.0303 - Prepress/Desktop Publishing and Digital Imaging Design,CTE,21
0614.00 - Digital Media,CTE,"10.0304 - Animation, Interactive Technology, Video Graphics, and Special Effects",CTE,1
0614.00 - Digital Media,CTE,"11.0801 - Web Page, Digital/Multimedia and Information Resources Design",CTE,1
0614.00 - Digital Media,CTE,32.0107 - Career Exploration/Awareness Skills,Noncredit CIP,0
0614.00 - Digital Media,CTE,32.0111 - Workforce Development and Training,Noncredit CIP,0
0614.00 - Digital Media,CTE,50.0102 - Digital Arts,Both,9
0614.00 - Digital Media,CTE,50.0411 - Game and Interactive Media Design,Not CTE,1
0614.10 - Multimedia,CTE,09.0702 - Digital Communication and Media/Multimedia,Not CTE,2
0614.10 - Multimedia,CTE,10.0303 - Prepress/Desktop Publishing and Digital Imaging Design,CTE,2
0614.10 - Multimedia,CTE,"10.0304 - Animation, Interactive Technology, Video Graphics, and Special Effects",CTE,22
0614.10 - Multimedia,CTE,11.0803 - Computer Graphics,Not CTE,1
0614.10 - Multimedia,CTE,32.0107 - Career Exploration/Awareness Skills,Noncredit CIP,0
0614.10 - Multimedia,CTE,32.0111 - Workforce Development and Training,Noncredit CIP,0
0614.10 - Multimedia,CTE,50.0102 - Digital Arts,Both,2
0614.20 - Electronic Game Design,CTE,"10.0304 - Animation, Interactive Technology, Video Graphics, and Special Effects",CTE,15
0614.20 - Electronic Game Design,CTE,11.0204 - Computer Game Programming,CTE,3
0614.20 - Electronic Game Design,CTE,32.0107 - Career Exploration/Awareness Skills,Noncredit CIP,0
0614.20 - Electronic Game Design,CTE,32.0111 - Workforce Development and Training,Noncredit CIP,0
0614.20 - Electronic Game Design,CTE,50.0411 - Game and Interactive Media Design,Not CTE,6
0614.30 - Website Design and Development,CTE,09.0702 - Digital Communication and Media/Multimedia,Not CTE,1
0614.30 - Website Design and Development,CTE,"11.0801 - Web Page, Digital/Multimedia and Information Resources Design",CTE,41
0614.30 - Website Design and Development,CTE,32.0107 - Career Exploration/Awareness Skills,Noncredit CIP,0
0614.30 - Website Design and Development,CTE,32.0111 - Workforce Development and Training,Noncredit CIP,0
0614.30 - Website Design and Development,CTE,50.0409 - Graphic Design,CTE,1
0614.40 - Animation,CTE,"10.0304 - Animation, Interactive Technology, Video Graphics, and Special Effects",CTE,33
0614.40 - Animation,CTE,32.0107 - Career Exploration/Awareness Skills,Noncredit CIP,0
0614.40 - Animation,CTE,32.0111 - Workforce Development and Training,Noncredit CIP,0
0614.50 - Desktop Publishing,CTE,10.0303 - Prepress/Desktop Publishing and Digital Imaging Design,CTE,7
0614.50 - Desktop Publishing,CTE,32.0107 - Career Exploration/Awareness Skills,Noncredit CIP,0
0614.50 - Desktop Publishing,CTE,32.0111 - Workforce Development and Training,Noncredit CIP,0
0614.60 - Computer Graphics and Digital Imagery,CTE,09.0702 - Digital Communication and Media/Multimedia,Not CTE,1
0614.60 - Computer Graphics and Digital Imagery,CTE,10.0303 - Prepress/Desktop Publishing and Digital Imaging Design,CTE,1
0614.60 - Computer Graphics and Digital Imagery,CTE,"10.0304 - Animation, Interactive Technology, Video Graphics, and Special Effects",CTE,1
0614.60 - Computer Graphics and Digital Imagery,CTE,11.0803 - Computer Graphics,Not CTE,15
0614.60 - Computer Graphics and Digital Imagery,CTE,"11.0899 - Computer Software and Media Applications, Other",Both,4
0614.60 - Computer Graphics and Digital Imagery,CTE,32.0107 - Career Exploration/Awareness Skills,Noncredit CIP,0
0614.60 - Computer Graphics and Digital Imagery,CTE,32.0111 - Workforce Development and Training,Noncredit CIP,0
0614.60 - Computer Graphics and Digital Imagery,CTE,50.0102 - Digital Arts,Both,1
0614.60 - Computer Graphics and Digital Imagery,CTE,50.0409 - Graphic Design,CTE,1
0699.00 - Other Media and Communications,CTE,"09.9999 - Communication, Journalism, and Related Programs, Other",Both,12
0699.00 - Other Media and Communications,CTE,32.0107 - Career Exploration/Awareness Skills,Noncredit CIP,0
0699.00 - Other Media and Communications,CTE,32.0111 - Workforce Development and Training,Noncredit CIP,0
"0701.00 - Information Technology, General",CTE,"11.0101 - Computer and Information Sciences, General",Not CTE,29
"0701.00 - Information Technology, General",CTE,11.0102 - Artificial Intelligence,Not CTE,0
"0701.00 - Information Technology, General",CTE,11.0103 - Information Technology,Not CTE,1
"0701.00 - Information Technology, General",CTE,"11.0199 - Computer and Information Sciences,  Other",Both,6
"0701.00 - Information Technology, General",CTE,"11.0201 - Computer Programming/Programmer, General",Not CTE,5
"0701.00 - Information Technology, General",CTE,"11.0299 - Computer Programming, Other",Both,1
"0701.00 - Information Technology, General",CTE,15.1202 - Computer/Computer Systems Technology/Technician,CTE,3
"0701.00 - Information Technology, General",CTE,32.0107 - Career Exploration/Awareness Skills,Noncredit CIP,0
"0701.00 - Information Technology, General",CTE,32.0111 - Workforce Development and Training,Noncredit CIP,0
"0701.00 - Information Technology, General",CTE,43.0301 - Homeland Security,CTE,1
0702.00 - Computer Information Systems,CTE,10.0105 - Communications Technology/Technician,CTE,1
0702.00 - Computer Information Systems,CTE,"11.0101 - Computer and Information Sciences, General",Not CTE,18
0702.00 - Computer Information Systems,CTE,11.0103 - Information Technology,Not CTE,48
0702.00 - Computer Information Systems,CTE,"11.0199 - Computer and Information Sciences,  Other",Both,1
0702.00 - Computer Information Systems,CTE,"11.0201 - Computer Programming/Programmer, General",Not CTE,1
0702.00 - Computer Information Systems,CTE,"11.0202 - Computer Programming, Specific Applications",CTE,1
0702.00 - Computer Information Systems,CTE,11.0501 - Computer Systems Analysis/Analyst,CTE,3
0702.00 - Computer Information Systems,CTE,11.0802 - Data Modeling/Warehousing and Database Administration,CTE,2
0702.00 - Computer Information Systems,CTE,11.1006 - Computer Support Specialist,CTE,1
0702.00 - Computer Information Systems,CTE,15.1202 - Computer/Computer Systems Technology/Technician,CTE,6
0702.00 - Computer Information Systems,CTE,"30.7001 - Data Science, General",Not CTE,4
0702.00 - Computer Information Systems,CTE,"30.7101 - Data Analytics, General",CTE,7
0702.00 - Computer Information Systems,CTE,30.7103 - Data Visualization,CTE,0
0702.00 - Computer Information Systems,CTE,32.0107 - Career Exploration/Awareness Skills,Noncredit CIP,0
0702.00 - Computer Information Systems,CTE,32.0111 - Workforce Development and Training,Noncredit CIP,0
0702.10 - Software Applications,CTE,"11.0101 - Computer and Information Sciences, General",Not CTE,2
0702.10 - Software Applications,CTE,11.0103 - Information Technology,Not CTE,1
0702.10 - Software Applications,CTE,"11.0201 - Computer Programming/Programmer, General",Not CTE,1
0702.10 - Software Applications,CTE,11.0301 - Data Processing and Data Processing Technology/Technician,CTE,5
0702.10 - Software Applications,CTE,"11.0601 - Data Entry/Microcomputer Applications, General",CTE,26
0702.10 - Software Applications,CTE,"11.0801 - Web Page, Digital/Multimedia and Information Resources Design",CTE,1
0702.10 - Software Applications,CTE,11.0802 - Data Modeling/Warehousing and Database Administration,CTE,1
0702.10 - Software Applications,CTE,"11.0899 - Computer Software and Media Applications, Other",Both,7
0702.10 - Software Applications,CTE,32.0107 - Career Exploration/Awareness Skills,Noncredit CIP,0
0702.10 - Software Applications,CTE,32.0111 - Workforce Development and Training,Noncredit CIP,0
0706.00 - Computer Science (Transfer),Not CTE,"11.0101 - Computer and Information Sciences, General",Not CTE,11
0706.00 - Computer Science (Transfer),Not CTE,11.0103 - Information Technology,Not CTE,2
0706.00 - Computer Science (Transfer),Not CTE,11.0701 - Computer Science,Not CTE,68
0706.00 - Computer Science (Transfer),Not CTE,30.3001 - Computational Science,Not CTE,4
0706.00 - Computer Science (Transfer),Not CTE,"30.7001 - Data Science, General",Not CTE,2
0706.00 - Computer Science (Transfer),Not CTE,"30.7101 - Data Analytics, General",CTE,1
0706.00 - Computer Science (Transfer),Not CTE,30.7103 - Data Visualization,CTE,0
0707.00 - Computer Software Development,CTE,"11.0101 - Computer and Information Sciences, General",Not CTE,1
0707.00 - Computer Software Development,CTE,11.0102 - Artificial Intelligence,Not CTE,2
0707.00 - Computer Software Development,CTE,"11.0201 - Computer Programming/Programmer, General",Not CTE,23
0707.00 - Computer Software Development,CTE,"11.0299 - Computer Programming, Other",Both,1
0707.00 - Computer Software Development,CTE,11.0501 - Computer Systems Analysis/Analyst,CTE,1
0707.00 - Computer Software Development,CTE,15.1204 - Computer Software Technology/Technician,CTE,2
0707.00 - Computer Software Development,CTE,"30.7001 - Data Science, General",Not CTE,2
0707.00 - Computer Software Development,CTE,"30.7101 - Data Analytics, General",CTE,1
0707.00 - Computer Software Development,CTE,32.0107 - Career Exploration/Awareness Skills,Noncredit CIP,0
0707.00 - Computer Software Development,CTE,32.0111 - Workforce Development and Training,Noncredit CIP,0
0707.10 - Computer Programming,CTE,"11.0101 - Computer and Information Sciences, General",Not CTE,1
0707.10 - Computer Programming,CTE,"11.0201 - Computer Programming/Programmer, General",Not CTE,47
0707.10 - Computer Programming,CTE,"11.0202 - Computer Programming, Specific Applications",CTE,2
0707.10 - Computer Programming,CTE,"11.0203 - Computer Programming, Vendor/Product Certification",CTE,0
0707.10 - Computer Programming,CTE,11.0204 - Computer Game Programming,CTE,0
0707.10 - Computer Programming,CTE,"11.0205 - Computer Programming, Specific Platforms",CTE,1
0707.10 - Computer Programming,CTE,"11.0299 - Computer Programming, Other",Both,3
0707.10 - Computer Programming,CTE,11.0501 - Computer Systems Analysis/Analyst,CTE,0
0707.10 - Computer Programming,CTE,"11.0601 - Data Entry/Microcomputer Applications, General",CTE,1
0707.10 - Computer Programming,CTE,11.0701 - Computer Science,Not CTE,3
0707.10 - Computer Programming,CTE,"11.0899 - Computer Software and Media Applications, Other",Both,1
0707.10 - Computer Programming,CTE,"11.9999 - Computer and Information Sciences and Support Services, Other",Both,1
0707.10 - Computer Programming,CTE,"30.7001 - Data Science, General",Not CTE,0
0707.10 - Computer Programming,CTE,"30.7101 - Data Analytics, General",CTE,1
0707.10 - Computer Programming,CTE,30.7103 - Data Visualization,CTE,0
0707.10 - Computer Programming,CTE,32.0107 - Career Exploration/Awareness Skills,Noncredit CIP,0
0707.10 - Computer Programming,CTE,32.0111 - Workforce Development and Training,Noncredit CIP,0
0707.20 - Database Design and Administration,CTE,11.0802 - Data Modeling/Warehousing and Database Administration,CTE,12
0707.20 - Database Design and Administration,CTE,11.1006 - Computer Support Specialist,CTE,1
0707.20 - Database Design and Administration,CTE,"30.7001 - Data Science, General",Not CTE,2
0707.20 - Database Design and Administration,CTE,"30.7101 - Data Analytics, General",CTE,2
0707.20 - Database Design and Administration,CTE,32.0107 - Career Exploration/Awareness Skills,Noncredit CIP,0
0707.20 - Database Design and Administration,CTE,32.0111 - Workforce Development and Training,Noncredit CIP,0
0707.30 - Computer Systems Analysis,CTE,"11.0101 - Computer and Information Sciences, General",Not CTE,1
0707.30 - Computer Systems Analysis,CTE,11.0103 - Information Technology,Not CTE,1
0707.30 - Computer Systems Analysis,CTE,11.0501 - Computer Systems Analysis/Analyst,CTE,17
0707.30 - Computer Systems Analysis,CTE,11.1003 - Computer and Information Systems Security/Auditing/Information Assurance,CTE,1
0707.30 - Computer Systems Analysis,CTE,32.0107 - Career Exploration/Awareness Skills,Noncredit CIP,0
0707.30 - Computer Systems Analysis,CTE,32.0111 - Workforce Development and Training,Noncredit CIP,0
0708.00 - Computer Infrastructure and Support,CTE,"11.0101 - Computer and Information Sciences, General",Not CTE,1
0708.00 - Computer Infrastructure and Support,CTE,"11.0199 - Computer and Information Sciences,  Other",Both,2
0708.00 - Computer Infrastructure and Support,CTE,"11.0299 - Computer Programming, Other",Both,1
0708.00 - Computer Infrastructure and Support,CTE,11.0901 - Computer Systems Networking and Telecommunications,Not CTE,6
0708.00 - Computer Infrastructure and Support,CTE,11.0902 - Cloud Computing,CTE,5
0708.00 - Computer Infrastructure and Support,CTE,11.1001 - Network and System Administration/Administrator,CTE,13
0708.00 - Computer Infrastructure and Support,CTE,"11.1002 - System, Networking, and LAN/WAN Management/Manager",CTE,1
0708.00 - Computer Infrastructure and Support,CTE,11.1003 - Computer and Information Systems Security/Auditing/Information Assurance,CTE,37
0708.00 - Computer Infrastructure and Support,CTE,11.1006 - Computer Support Specialist,CTE,9
0708.00 - Computer Infrastructure and Support,CTE,"11.9999 - Computer and Information Sciences and Support Services, Other",Both,1
0708.00 - Computer Infrastructure and Support,CTE,29.0207 - Cyber/Electronic Operations and Warfare,Not CTE,1
0708.00 - Computer Infrastructure and Support,CTE,32.0107 - Career Exploration/Awareness Skills,Noncredit CIP,0
0708.00 - Computer Infrastructure and Support,CTE,32.0111 - Workforce Development and Training,Noncredit CIP,0
0708.10 - Computer Networking,CTE,11.0103 - Information Technology,Not CTE,1
0708.10 - Computer Networking,CTE,"11.0201 - Computer Programming/Programmer, General",Not CTE,2
0708.10 - Computer Networking,CTE,11.0901 - Computer Systems Networking and Telecommunications,Not CTE,45
0708.10 - Computer Networking,CTE,11.0902 - Cloud Computing,CTE,1
0708.10 - Computer Networking,CTE,11.1001 - Network and System Administration/Administrator,CTE,15
0708.10 - Computer Networking,CTE,"11.1002 - System, Networking, and LAN/WAN Management/Manager",CTE,4
0708.10 - Computer Networking,CTE,11.1003 - Computer and Information Systems Security/Auditing/Information Assurance,CTE,8
0708.10 - Computer Networking,CTE,11.1006 - Computer Support Specialist,CTE,1
0708.10 - Computer Networking,CTE,32.0107 - Career Exploration/Awareness Skills,Noncredit CIP,0
0708.10 - Computer Networking,CTE,32.0111 - Workforce Development and Training,Noncredit CIP,0
0708.10 - Computer Networking,CTE,"47.0101 - Electrical/Electronics Equipment Installation and Repair Technology/Technician, General",CTE,1
0708.20 - Computer Support,CTE,11.1001 - Network and System Administration/Administrator,CTE,4
0708.20 - Computer Support,CTE,11.1003 - Computer and Information Systems Security/Auditing/Information Assurance,CTE,5
0708.20 - Computer Support,CTE,11.1006 - Computer Support Specialist,CTE,24
0708.20 - Computer Support,CTE,15.1203 - Computer Hardware Technology/Technician,CTE,1
0708.20 - Computer Support,CTE,32.0107 - Career Exploration/Awareness Skills,Noncredit CIP,0
0708.20 - Computer Support,CTE,32.0111 - Workforce Development and Training,Noncredit CIP,0
0709.00 - World Wide Web Administration,CTE,11.0103 - Information Technology,Not CTE,1
0709.00 - World Wide Web Administration,CTE,"11.0201 - Computer Programming/Programmer, General",Not CTE,1
0709.00 - World Wide Web Administration,CTE,"11.0801 - Web Page, Digital/Multimedia and Information Resources Design",CTE,1
0709.00 - World Wide Web Administration,CTE,11.1003 - Computer and Information Systems Security/Auditing/Information Assurance,CTE,0
0709.00 - World Wide Web Administration,CTE,11.1004 - Web/Multimedia Management and Webmaster,CTE,14
0709.00 - World Wide Web Administration,CTE,32.0107 - Career Exploration/Awareness Skills,Noncredit CIP,0
0709.00 - World Wide Web Administration,CTE,32.0111 - Workforce Development and Training,Noncredit CIP,0
0709.00 - World Wide Web Administration,CTE,50.0102 - Digital Arts,Both,1
0709.10 - E-Commerce (Technology emphasis),CTE,"11.0801 - Web Page, Digital/Multimedia and Information Resources Design",CTE,2
0709.10 - E-Commerce (Technology emphasis),CTE,32.0107 - Career Exploration/Awareness Skills,Noncredit CIP,0
0709.10 - E-Commerce (Technology emphasis),CTE,32.0111 - Workforce Development and Training,Noncredit CIP,0
0709.10 - E-Commerce (Technology emphasis),CTE,52.0208 - E-Commerce/Electronic Commerce,CTE,2
0799.00 - Other Information Technology,CTE,11.0102 - Artificial Intelligence,Not CTE,1
0799.00 - Other Information Technology,CTE,"11.0899 - Computer Software and Media Applications, Other",Both,4
0799.00 - Other Information Technology,CTE,"11.0999 - Computer Systems Networking and Telecommunications, Other",Both,0
0799.00 - Other Information Technology,CTE,"11.9999 - Computer and Information Sciences and Support Services, Other",Both,7
0799.00 - Other Information Technology,CTE,32.0107 - Career Exploration/Awareness Skills,Noncredit CIP,0
0799.00 - Other Information Technology,CTE,32.0111 - Workforce Development and Training,Noncredit CIP,0
"0801.00 - Education, General",Not CTE,"13.0101 - Education, General",Not CTE,6
"0801.00 - Education, General",Not CTE,"13.0401 - Educational Leadership and Administration, General",Not CTE,1
"0801.00 - Education, General",Not CTE,13.1202 - Elementary Education and Teaching,CTE,5
"0801.00 - Education, General",Not CTE,13.1205 - Secondary Education and Teaching,CTE,1
"0801.00 - Education, General",Not CTE,"13.1206 - Teacher Education, Multiple Levels",CTE,1
"0801.00 - Education, General",Not CTE,13.1207 - Montessori Teacher Education,CTE,0
"0801.00 - Education, General",Not CTE,13.1208 - Waldorf/Steiner Teacher Education,CTE,0
"0801.00 - Education, General",Not CTE,13.1209 - Kindergarten/Preschool Education and Teaching,CTE,0
0802.00 - Educational Aide (Teacher Assistant),CTE,"13.0101 - Education, General",Not CTE,1
0802.00 - Educational Aide (Teacher Assistant),CTE,13.1210 - Early Childhood Education and Teaching,CTE,1
0802.00 - Educational Aide (Teacher Assistant),CTE,13.1501 - Teacher Assistant/Aide,CTE,31
0802.00 - Educational Aide (Teacher Assistant),CTE,"13.1599 - Teaching Assistants/Aides, Other",Both,0
0802.00 - Educational Aide (Teacher Assistant),CTE,"13.9999 - Education, Other",Both,1
0802.00 - Educational Aide (Teacher Assistant),CTE,32.0107 - Career Exploration/Awareness Skills,Noncredit CIP,0
0802.00 - Educational Aide (Teacher Assistant),CTE,32.0111 - Workforce Development and Training,Noncredit CIP,0
"0802.10 - Educational Aide (Teacher Assistant), Bilingual",CTE,13.0201 - Bilingual and Multilingual Education,Not CTE,0
"0802.10 - Educational Aide (Teacher Assistant), Bilingual",CTE,13.1501 - Teacher Assistant/Aide,CTE,3
"0802.10 - Educational Aide (Teacher Assistant), Bilingual",CTE,32.0107 - Career Exploration/Awareness Skills,Noncredit CIP,0
"0802.10 - Educational Aide (Teacher Assistant), Bilingual",CTE,32.0111 - Workforce Development and Training,Noncredit CIP,0
0809.00 - Special Education,CTE,"13.1001 - Special Education and Teaching, General",Not CTE,8
0809.00 - Special Education,CTE,13.1017 - Education/Teaching of Individuals in Elementary Special Education Programs,Not CTE,0
0809.00 - Special Education,CTE,32.0107 - Career Exploration/Awareness Skills,Noncredit CIP,0
0809.00 - Special Education,CTE,32.0111 - Workforce Development and Training,Noncredit CIP,0
0835.00 - Physical Education,Not CTE,"31.0501 - Sports, Kinesiology, and Physical Education/Fitness, General",Not CTE,36
0835.00 - Physical Education,Not CTE,31.0505 - Exercise Science and Kinesiology,Not CTE,1
0835.00 - Physical Education,Not CTE,51.0913 - Athletic Training/Trainer,CTE,1
0835.10 - Physical Fitness and Body Movement,Not CTE,"31.0501 - Sports, Kinesiology, and Physical Education/Fitness, General",Not CTE,3
0835.10 - Physical Fitness and Body Movement,Not CTE,34.0102 - Birthing and Parenting Knowledge and Skills,Noncredit CIP,0
0835.10 - Physical Fitness and Body Movement,Not CTE,34.0103 - Personal Health Improvement and Maintenance,Noncredit CIP,0
0835.10 - Physical Fitness and Body Movement,Not CTE,34.0104 - Addiction Prevention and Treatment,Noncredit CIP,0
0835.10 - Physical Fitness and Body Movement,Not CTE,34.0105 - Meditation/Mind-Body Wellness,Noncredit CIP,0
0835.20 - Fitness Trainer,CTE,31.0504 - Sport and Fitness Administration/Management,CTE,2
0835.20 - Fitness Trainer,CTE,31.0507 - Physical Fitness Technician,CTE,45
0835.20 - Fitness Trainer,CTE,"31.9999 - Parks, Recreation, Leisure, Fitness, and Kinesiology, Other",Both,1
0835.20 - Fitness Trainer,CTE,32.0107 - Career Exploration/Awareness Skills,Noncredit CIP,0
0835.20 - Fitness Trainer,CTE,32.0111 - Workforce Development and Training,Noncredit CIP,0
0835.20 - Fitness Trainer,CTE,34.0102 - Birthing and Parenting Knowledge and Skills,Noncredit CIP,0
0835.20 - Fitness Trainer,CTE,34.0103 - Personal Health Improvement and Maintenance,Noncredit CIP,0
0835.20 - Fitness Trainer,CTE,34.0104 - Addiction Prevention and Treatment,Noncredit CIP,0
0835.20 - Fitness Trainer,CTE,34.0105 - Meditation/Mind-Body Wellness,Noncredit CIP,0
0835.20 - Fitness Trainer,CTE,51.0913 - Athletic Training/Trainer,CTE,1
0835.50 - Intercollegiate Athletics,Not CTE,"31.0501 - Sports, Kinesiology, and Physical Education/Fitness, General",Not CTE,3
0835.50 - Intercollegiate Athletics,Not CTE,34.0102 - Birthing and Parenting Knowledge and Skills,Noncredit CIP,0
0835.50 - Intercollegiate Athletics,Not CTE,34.0103 - Personal Health Improvement and Maintenance,Noncredit CIP,0
0835.50 - Intercollegiate Athletics,Not CTE,34.0104 - Addiction Prevention and Treatment,Noncredit CIP,0
0835.50 - Intercollegiate Athletics,Not CTE,34.0105 - Meditation/Mind-Body Wellness,Noncredit CIP,0
0835.60 - Coaching,CTE,31.0504 - Sport and Fitness Administration/Management,CTE,13
0835.60 - Coaching,CTE,31.0505 - Exercise Science and Kinesiology,Not CTE,1
0835.60 - Coaching,CTE,32.0107 - Career Exploration/Awareness Skills,Noncredit CIP,0
0835.60 - Coaching,CTE,32.0111 - Workforce Development and Training,Noncredit CIP,0
0835.60 - Coaching,CTE,34.0102 - Birthing and Parenting Knowledge and Skills,Noncredit CIP,0
0835.60 - Coaching,CTE,34.0103 - Personal Health Improvement and Maintenance,Noncredit CIP,0
0835.60 - Coaching,CTE,34.0104 - Addiction Prevention and Treatment,Noncredit CIP,0
0835.60 - Coaching,CTE,34.0105 - Meditation/Mind-Body Wellness,Noncredit CIP,0
0835.70 - Aquatics and Lifesaving,CTE,"31.0101 - Parks, Recreation, and Leisure Studies",Not CTE,2
0835.70 - Aquatics and Lifesaving,CTE,"31.9999 - Parks, Recreation, Leisure, Fitness, and Kinesiology, Other",Both,5
0835.70 - Aquatics and Lifesaving,CTE,32.0107 - Career Exploration/Awareness Skills,Noncredit CIP,0
0835.70 - Aquatics and Lifesaving,CTE,32.0111 - Workforce Development and Training,Noncredit CIP,0
0835.70 - Aquatics and Lifesaving,CTE,34.0102 - Birthing and Parenting Knowledge and Skills,Noncredit CIP,0
0835.70 - Aquatics and Lifesaving,CTE,34.0103 - Personal Health Improvement and Maintenance,Noncredit CIP,0
0835.70 - Aquatics and Lifesaving,CTE,34.0104 - Addiction Prevention and Treatment,Noncredit CIP,0
0835.70 - Aquatics and Lifesaving,CTE,34.0105 - Meditation/Mind-Body Wellness,Noncredit CIP,0
0835.80 - Adapted Physical Education,Not CTE,"31.0501 - Sports, Kinesiology, and Physical Education/Fitness, General",Not CTE,0
0835.80 - Adapted Physical Education,Not CTE,34.0102 - Birthing and Parenting Knowledge and Skills,Noncredit CIP,0
0835.80 - Adapted Physical Education,Not CTE,34.0103 - Personal Health Improvement and Maintenance,Noncredit CIP,0
0835.80 - Adapted Physical Education,Not CTE,34.0104 - Addiction Prevention and Treatment,Noncredit CIP,0
0835.80 - Adapted Physical Education,Not CTE,34.0105 - Meditation/Mind-Body Wellness,Noncredit CIP,0
0835.80 - Adapted Physical Education,Not CTE,51.2309 - Therapeutic Recreation/Recreational Therapy,CTE,0
0836.00 - Recreation,Not CTE,"31.0101 - Parks, Recreation, and Leisure Studies",Not CTE,7
0836.00 - Recreation,Not CTE,34.0102 - Birthing and Parenting Knowledge and Skills,Noncredit CIP,0
0836.00 - Recreation,Not CTE,34.0103 - Personal Health Improvement and Maintenance,Noncredit CIP,0
0836.00 - Recreation,Not CTE,34.0104 - Addiction Prevention and Treatment,Noncredit CIP,0
0836.00 - Recreation,Not CTE,34.0105 - Meditation/Mind-Body Wellness,Noncredit CIP,0
0836.10 - Recreation Assistant,CTE,"31.0101 - Parks, Recreation, and Leisure Studies",Not CTE,5
0836.10 - Recreation Assistant,CTE,"31.0301 - Parks, Recreation, and Leisure Facilities Management, General",CTE,2
0836.10 - Recreation Assistant,CTE,32.0107 - Career Exploration/Awareness Skills,Noncredit CIP,0
0836.10 - Recreation Assistant,CTE,32.0111 - Workforce Development and Training,Noncredit CIP,0
0836.10 - Recreation Assistant,CTE,34.0102 - Birthing and Parenting Knowledge and Skills,Noncredit CIP,0
0836.10 - Recreation Assistant,CTE,34.0103 - Personal Health Improvement and Maintenance,Noncredit CIP,0
0836.10 - Recreation Assistant,CTE,34.0104 - Addiction Prevention and Treatment,Noncredit CIP,0
0836.10 - Recreation Assistant,CTE,34.0105 - Meditation/Mind-Body Wellness,Noncredit CIP,0
0837.00 - Health Education,Not CTE,"31.0501 - Sports, Kinesiology, and Physical Education/Fitness, General",Not CTE,6
0837.00 - Health Education,Not CTE,34.0102 - Birthing and Parenting Knowledge and Skills,Noncredit CIP,0
0837.00 - Health Education,Not CTE,34.0103 - Personal Health Improvement and Maintenance,Noncredit CIP,0
0837.00 - Health Education,Not CTE,34.0104 - Addiction Prevention and Treatment,Noncredit CIP,0
0837.00 - Health Education,Not CTE,34.0105 - Meditation/Mind-Body Wellness,Noncredit CIP,0
0837.00 - Health Education,Not CTE,"51.0001 - Health and Wellness, General",CTE,6
0839.00 - Industrial Arts,Not CTE,13.1309 - Technology Teacher Education/Industrial Arts Teacher Education,CTE,2
0839.00 - Industrial Arts,Not CTE,34.0102 - Birthing and Parenting Knowledge and Skills,Noncredit CIP,0
0839.00 - Industrial Arts,Not CTE,34.0103 - Personal Health Improvement and Maintenance,Noncredit CIP,0
0839.00 - Industrial Arts,Not CTE,34.0104 - Addiction Prevention and Treatment,Noncredit CIP,0
0839.00 - Industrial Arts,Not CTE,34.0105 - Meditation/Mind-Body Wellness,Noncredit CIP,0
0850.00 - Sign Language,Not CTE,16.1601 - American Sign Language (ASL),Not CTE,40
0850.00 - Sign Language,Not CTE,16.1603 - Sign Language Interpretation and Translation,CTE,1
0850.00 - Sign Language,Not CTE,34.0102 - Birthing and Parenting Knowledge and Skills,Noncredit CIP,0
0850.00 - Sign Language,Not CTE,34.0103 - Personal Health Improvement and Maintenance,Noncredit CIP,0
0850.00 - Sign Language,Not CTE,34.0104 - Addiction Prevention and Treatment,Noncredit CIP,0
0850.00 - Sign Language,Not CTE,34.0105 - Meditation/Mind-Body Wellness,Noncredit CIP,0
0850.10 - Sign Language Interpreting,CTE,16.1601 - American Sign Language (ASL),Not CTE,2
0850.10 - Sign Language Interpreting,CTE,16.1603 - Sign Language Interpretation and Translation,CTE,20
0850.10 - Sign Language Interpreting,CTE,22.0304 - Court Interpreter,CTE,0
0850.10 - Sign Language Interpreting,CTE,32.0107 - Career Exploration/Awareness Skills,Noncredit CIP,0
0850.10 - Sign Language Interpreting,CTE,32.0111 - Workforce Development and Training,Noncredit CIP,0
0850.10 - Sign Language Interpreting,CTE,34.0102 - Birthing and Parenting Knowledge and Skills,Noncredit CIP,0
0850.10 - Sign Language Interpreting,CTE,34.0103 - Personal Health Improvement and Maintenance,Noncredit CIP,0
0850.10 - Sign Language Interpreting,CTE,34.0104 - Addiction Prevention and Treatment,Noncredit CIP,0
0850.10 - Sign Language Interpreting,CTE,34.0105 - Meditation/Mind-Body Wellness,Noncredit CIP,0
0860.00 - Educational Technology,CTE,"13.0101 - Education, General",Not CTE,1
0860.00 - Educational Technology,CTE,13.0413 - Education Entrepreneurship,CTE,1
0860.00 - Educational Technology,CTE,13.0501 - Educational/Instructional Technology,Not CTE,6
0860.00 - Educational Technology,CTE,32.0107 - Career Exploration/Awareness Skills,Noncredit CIP,0
0860.00 - Educational Technology,CTE,32.0111 - Workforce Development and Training,Noncredit CIP,0
0860.00 - Educational Technology,CTE,34.0102 - Birthing and Parenting Knowledge and Skills,Noncredit CIP,0
0860.00 - Educational Technology,CTE,34.0103 - Personal Health Improvement and Maintenance,Noncredit CIP,0
0860.00 - Educational Technology,CTE,34.0104 - Addiction Prevention and Treatment,Noncredit CIP,0
0860.00 - Educational Technology,CTE,34.0105 - Meditation/Mind-Body Wellness,Noncredit CIP,0
0899.00 - Other Education,CTE,"13.9999 - Education, Other",Both,12
0899.00 - Other Education,CTE,32.0107 - Career Exploration/Awareness Skills,Noncredit CIP,0
0899.00 - Other Education,CTE,32.0111 - Workforce Development and Training,Noncredit CIP,0
0899.00 - Other Education,CTE,34.0102 - Birthing and Parenting Knowledge and Skills,Noncredit CIP,0
0899.00 - Other Education,CTE,34.0103 - Personal Health Improvement and Maintenance,Noncredit CIP,0
0899.00 - Other Education,CTE,34.0104 - Addiction Prevention and Treatment,Noncredit CIP,0
0899.00 - Other Education,CTE,34.0105 - Meditation/Mind-Body Wellness,Noncredit CIP,0
0899.00 - Other Education,CTE,"45.9999 - Social Sciences, Other",Both,1
"0901.00 - Engineering, General (requires Calculus) (Transfer)",Not CTE,"14.0101 - Engineering, General",CTE,45
"0901.00 - Engineering, General (requires Calculus) (Transfer)",Not CTE,14.0102 - Pre-Engineering,Not CTE,34
"0901.00 - Engineering, General (requires Calculus) (Transfer)",Not CTE,14.1301 - Engineering Science,Not CTE,0
"0901.00 - Engineering, General (requires Calculus) (Transfer)",Not CTE,"15.0000 - Engineering Technologies/Technicians, General",CTE,1
"0901.00 - Engineering, General (requires Calculus) (Transfer)",Not CTE,15.0201 - Civil Engineering Technologies/Technicians,CTE,1
"0924.00 - Engineering Technology, General (requires Trigonometry)",CTE,"14.0101 - Engineering, General",CTE,1
"0924.00 - Engineering Technology, General (requires Trigonometry)",CTE,14.0103 - Applied Engineering,CTE,1
"0924.00 - Engineering Technology, General (requires Trigonometry)",CTE,"15.0000 - Engineering Technologies/Technicians, General",CTE,17
"0924.00 - Engineering Technology, General (requires Trigonometry)",CTE,15.0001 - Applied Engineering Technologies/Technicians,CTE,1
"0924.00 - Engineering Technology, General (requires Trigonometry)",CTE,15.0201 - Civil Engineering Technologies/Technicians,CTE,2
"0924.00 - Engineering Technology, General (requires Trigonometry)",CTE,"15.0399 - Electrical/Electronic Engineering Technologies/Technicians, Other",Both,1
"0924.00 - Engineering Technology, General (requires Trigonometry)",CTE,15.0507 - Environmental/Environmental Engineering Technology/Technician,CTE,1
"0924.00 - Engineering Technology, General (requires Trigonometry)",CTE,15.0805 - Mechanical/Mechanical Engineering Technology/Technician,CTE,1
"0924.00 - Engineering Technology, General (requires Trigonometry)",CTE,15.1302 - CAD/CADD Drafting and/or Design Technology/Technician,CTE,1
"0924.00 - Engineering Technology, General (requires Trigonometry)",CTE,32.0107 - Career Exploration/Awareness Skills,Noncredit CIP,0
"0924.00 - Engineering Technology, General (requires Trigonometry)",CTE,32.0111 - Workforce Development and Training,Noncredit CIP,0
0934.00 - Electronics and Electric Technology,CTE,14.4701 - Electrical and Computer Engineering,CTE,3
0934.00 - Electronics and Electric Technology,CTE,"15.0303 - Electrical, Electronic, and Communications Engineering Technology/Technician",CTE,9
0934.00 - Electronics and Electric Technology,CTE,15.0305 - Telecommunications Technology/Technician,CTE,1
0934.00 - Electronics and Electric Technology,CTE,"15.0399 - Electrical/Electronic Engineering Technologies/Technicians, Other",Both,9
0934.00 - Electronics and Electric Technology,CTE,15.1203 - Computer Hardware Technology/Technician,CTE,1
0934.00 - Electronics and Electric Technology,CTE,15.1702 - Power Plant Technology/Technician,CTE,0
0934.00 - Electronics and Electric Technology,CTE,15.1703 - Solar Energy Technology/Technician,CTE,0
0934.00 - Electronics and Electric Technology,CTE,32.0107 - Career Exploration/Awareness Skills,Noncredit CIP,0
0934.00 - Electronics and Electric Technology,CTE,32.0111 - Workforce Development and Training,Noncredit CIP,0
0934.00 - Electronics and Electric Technology,CTE,"46.0301 - Electrical and Power Transmission Installation/Installer, General",CTE,1
0934.00 - Electronics and Electric Technology,CTE,"47.0101 - Electrical/Electronics Equipment Installation and Repair Technology/Technician, General",CTE,22
0934.10 - Computer Electronics,CTE,"15.0303 - Electrical, Electronic, and Communications Engineering Technology/Technician",CTE,1
0934.10 - Computer Electronics,CTE,15.0306 - Integrated Circuit Design Technology/Technician,CTE,0
0934.10 - Computer Electronics,CTE,15.1201 - Computer Engineering Technology/Technician,CTE,3
0934.10 - Computer Electronics,CTE,15.1203 - Computer Hardware Technology/Technician,CTE,1
0934.10 - Computer Electronics,CTE,32.0107 - Career Exploration/Awareness Skills,Noncredit CIP,0
0934.10 - Computer Electronics,CTE,32.0111 - Workforce Development and Training,Noncredit CIP,0
0934.10 - Computer Electronics,CTE,47.0104 - Computer Installation and Repair Technology/Technician,CTE,6
0934.20 - Industrial Electronics,CTE,15.0612 - Industrial Technology/Technician,CTE,4
0934.20 - Industrial Electronics,CTE,"15.9999 - Engineering/Engineering-Related Technologies/Technicians, Other",Both,1
0934.20 - Industrial Electronics,CTE,32.0107 - Career Exploration/Awareness Skills,Noncredit CIP,0
0934.20 - Industrial Electronics,CTE,32.0111 - Workforce Development and Training,Noncredit CIP,0
0934.20 - Industrial Electronics,CTE,47.0105 - Industrial Electronics Technology/Technician,CTE,9
0934.30 - Telecommunications Technology,CTE,15.0305 - Telecommunications Technology/Technician,CTE,8
0934.30 - Telecommunications Technology,CTE,32.0107 - Career Exploration/Awareness Skills,Noncredit CIP,0
0934.30 - Telecommunications Technology,CTE,32.0111 - Workforce Development and Training,Noncredit CIP,0
0934.30 - Telecommunications Technology,CTE,47.0103 - Communications Systems Installation and Repair Technology/Technician,CTE,2
0934.40 - Electrical Systems and Power Transmission,CTE,32.0107 - Career Exploration/Awareness Skills,Noncredit CIP,0
0934.40 - Electrical Systems and Power Transmission,CTE,32.0111 - Workforce Development and Training,Noncredit CIP,0
0934.40 - Electrical Systems and Power Transmission,CTE,"46.0301 - Electrical and Power Transmission Installation/Installer, General",CTE,7
0934.40 - Electrical Systems and Power Transmission,CTE,"47.0101 - Electrical/Electronics Equipment Installation and Repair Technology/Technician, General",CTE,1
0934.60 - Biomedical Instrumentation,CTE,15.0401 - Biomedical Technology/Technician,CTE,3
0934.60 - Biomedical Instrumentation,CTE,32.0107 - Career Exploration/Awareness Skills,Noncredit CIP,0
0934.60 - Biomedical Instrumentation,CTE,32.0111 - Workforce Development and Training,Noncredit CIP,0
0934.70 - Electron Microscopy,CTE,15.0404 - Instrumentation Technology/Technician,CTE,1
0934.70 - Electron Microscopy,CTE,"15.0499 - Electromechanical Technologies/Technicians, Other",Both,0
0934.70 - Electron Microscopy,CTE,32.0107 - Career Exploration/Awareness Skills,Noncredit CIP,0
0934.70 - Electron Microscopy,CTE,32.0111 - Workforce Development and Training,Noncredit CIP,0
0934.80 - Laser and Optical Technology,CTE,15.0304 - Laser and Optical Technology/Technician,CTE,2
0934.80 - Laser and Optical Technology,CTE,32.0107 - Career Exploration/Awareness Skills,Noncredit CIP,0
0934.80 - Laser and Optical Technology,CTE,32.0111 - Workforce Development and Training,Noncredit CIP,0
0935.00 - Electro-Mechanical Technology,CTE,15.0403 - Electromechanical/Electromechanical Engineering Technology/Technician,CTE,9
0935.00 - Electro-Mechanical Technology,CTE,"15.0407 - Mechatronics, Robotics, and Automation Engineering Technology/Technician",CTE,4
0935.00 - Electro-Mechanical Technology,CTE,"15.0499 - Electromechanical Technologies/Technicians, Other",Both,1
0935.00 - Electro-Mechanical Technology,CTE,32.0107 - Career Exploration/Awareness Skills,Noncredit CIP,0
0935.00 - Electro-Mechanical Technology,CTE,32.0111 - Workforce Development and Training,Noncredit CIP,0
0935.00 - Electro-Mechanical Technology,CTE,47.0105 - Industrial Electronics Technology/Technician,CTE,0
0935.00 - Electro-Mechanical Technology,CTE,47.0303 - Industrial Mechanics and Maintenance Technology/Technician,CTE,1
0935.10 - Appliance Repair,CTE,32.0107 - Career Exploration/Awareness Skills,Noncredit CIP,0
0935.10 - Appliance Repair,CTE,32.0111 - Workforce Development and Training,Noncredit CIP,0
0935.10 - Appliance Repair,CTE,47.0106 - Appliance Installation and Repair Technology/Technician,CTE,0
0936.00 - Printing and Lithography,CTE,"10.0305 - Graphic and Printing Equipment Operator, General Production",CTE,5
0936.00 - Printing and Lithography,CTE,10.0306 - Platemaker/Imager,CTE,0
0936.00 - Printing and Lithography,CTE,10.0307 - Printing Press Operator,CTE,0
0936.00 - Printing and Lithography,CTE,10.0308 - Computer Typography and Composition Equipment Operator,CTE,0
0936.00 - Printing and Lithography,CTE,32.0107 - Career Exploration/Awareness Skills,Noncredit CIP,0
0936.00 - Printing and Lithography,CTE,32.0111 - Workforce Development and Training,Noncredit CIP,0
0943.00 - Instrumentation Technology,CTE,15.0404 - Instrumentation Technology/Technician,CTE,4
0943.00 - Instrumentation Technology,CTE,32.0107 - Career Exploration/Awareness Skills,Noncredit CIP,0
0943.00 - Instrumentation Technology,CTE,32.0111 - Workforce Development and Training,Noncredit CIP,0
0943.30 - Vacuum Technology,CTE,32.0107 - Career Exploration/Awareness Skills,Noncredit CIP,0
0943.30 - Vacuum Technology,CTE,32.0111 - Workforce Development and Training,Noncredit CIP,0
0945.00 - Industrial Systems Technology and Maintenance,CTE,15.0404 - Instrumentation Technology/Technician,CTE,1
0945.00 - Industrial Systems Technology and Maintenance,CTE,15.0612 - Industrial Technology/Technician,CTE,2
0945.00 - Industrial Systems Technology and Maintenance,CTE,15.0805 - Mechanical/Mechanical Engineering Technology/Technician,CTE,5
0945.00 - Industrial Systems Technology and Maintenance,CTE,15.1701 - Energy Systems Technology/Technician,CTE,1
0945.00 - Industrial Systems Technology and Maintenance,CTE,32.0107 - Career Exploration/Awareness Skills,Noncredit CIP,0
0945.00 - Industrial Systems Technology and Maintenance,CTE,32.0111 - Workforce Development and Training,Noncredit CIP,0
0945.00 - Industrial Systems Technology and Maintenance,CTE,46.0401 - Building/Property Maintenance,CTE,2
0945.00 - Industrial Systems Technology and Maintenance,CTE,47.0303 - Industrial Mechanics and Maintenance Technology/Technician,CTE,17
0946.00 - Environmental Control Technology (HVAC),CTE,"15.0501 - Heating, Ventilation, Air Conditioning and Refrigeration Engineering Technology/Technician",CTE,25
0946.00 - Environmental Control Technology (HVAC),CTE,15.1701 - Energy Systems Technology/Technician,CTE,1
0946.00 - Environmental Control Technology (HVAC),CTE,32.0107 - Career Exploration/Awareness Skills,Noncredit CIP,0
0946.00 - Environmental Control Technology (HVAC),CTE,32.0111 - Workforce Development and Training,Noncredit CIP,0
0946.00 - Environmental Control Technology (HVAC),CTE,46.0414 - Insulator,CTE,0
0946.00 - Environmental Control Technology (HVAC),CTE,"47.0201 - Heating, Air Conditioning, Ventilation and Refrigeration Maintenance Technology/Technician",CTE,8
0946.10 - Energy Systems Technology,CTE,"14.4801 - Energy Systems Engineering, General",CTE,0
0946.10 - Energy Systems Technology,CTE,"15.0501 - Heating, Ventilation, Air Conditioning and Refrigeration Engineering Technology/Technician",CTE,1
0946.10 - Energy Systems Technology,CTE,15.0507 - Environmental/Environmental Engineering Technology/Technician,CTE,1
0946.10 - Energy Systems Technology,CTE,15.1401 - Nuclear Engineering Technology/Technician,CTE,0
0946.10 - Energy Systems Technology,CTE,15.1701 - Energy Systems Technology/Technician,CTE,14
0946.10 - Energy Systems Technology,CTE,15.1703 - Solar Energy Technology/Technician,CTE,3
0946.10 - Energy Systems Technology,CTE,15.1704 - Wind Energy Technology/Technician,CTE,0
0946.10 - Energy Systems Technology,CTE,15.1705 - Hydroelectric Energy Technology/Technician,CTE,0
0946.10 - Energy Systems Technology,CTE,32.0107 - Career Exploration/Awareness Skills,Noncredit CIP,0
0946.10 - Energy Systems Technology,CTE,32.0111 - Workforce Development and Training,Noncredit CIP,0
0946.10 - Energy Systems Technology,CTE,41.0204 - Industrial Radiologic Technology/Technician,CTE,0
0946.10 - Energy Systems Technology,CTE,41.0205 - Nuclear/Nuclear Power Technology/Technician,CTE,0
0946.10 - Energy Systems Technology,CTE,"41.0299 - Nuclear and Industrial Radiologic Technologies/Technicians, Other",Both,0
0946.10 - Energy Systems Technology,CTE,"46.0301 - Electrical and Power Transmission Installation/Installer, General",CTE,1
0946.10 - Energy Systems Technology,CTE,47.0303 - Industrial Mechanics and Maintenance Technology/Technician,CTE,0
0946.10 - Energy Systems Technology,CTE,47.0701 - Energy Systems Installation and Repair Technology/Technician,CTE,1
0946.10 - Energy Systems Technology,CTE,47.0703 - Solar Energy System Installation and Repair Technology/Technician,CTE,1
0946.10 - Energy Systems Technology,CTE,47.0704 - Wind Energy System Installation and Repair Technology/Technician,CTE,0
0946.10 - Energy Systems Technology,CTE,47.0705 - Hydroelectric Energy System Installation and Repair Technology/Technician,CTE,0
0946.10 - Energy Systems Technology,CTE,47.0706 - Geothermal Energy System Installation and Repair Technology/Technician,CTE,0
0947.00 - Diesel Technology,CTE,32.0107 - Career Exploration/Awareness Skills,Noncredit CIP,0
0947.00 - Diesel Technology,CTE,32.0111 - Workforce Development and Training,Noncredit CIP,0
0947.00 - Diesel Technology,CTE,47.0302 - Heavy Equipment Maintenance Technology/Technician,CTE,1
0947.00 - Diesel Technology,CTE,47.0603 - Autobody/Collision and Repair Technology/Technician,CTE,1
0947.00 - Diesel Technology,CTE,47.0605 - Diesel Mechanics Technology/Technician,CTE,18
0947.00 - Diesel Technology,CTE,49.0202 - Construction/Heavy Equipment/Earthmoving Equipment Operation,CTE,0
0947.20 - Heavy Equipment Maintenance,CTE,"01.0201 - Agricultural Mechanization, General",CTE,0
0947.20 - Heavy Equipment Maintenance,CTE,01.0204 - Agricultural Power Machinery Operation,CTE,0
0947.20 - Heavy Equipment Maintenance,CTE,32.0107 - Career Exploration/Awareness Skills,Noncredit CIP,0
0947.20 - Heavy Equipment Maintenance,CTE,32.0111 - Workforce Development and Training,Noncredit CIP,0
0947.20 - Heavy Equipment Maintenance,CTE,47.0302 - Heavy Equipment Maintenance Technology/Technician,CTE,3
0947.30 - Heavy Equipment Operation,CTE,"01.0201 - Agricultural Mechanization, General",CTE,0
0947.30 - Heavy Equipment Operation,CTE,01.0204 - Agricultural Power Machinery Operation,CTE,0
0947.30 - Heavy Equipment Operation,CTE,32.0107 - Career Exploration/Awareness Skills,Noncredit CIP,0
0947.30 - Heavy Equipment Operation,CTE,32.0111 - Workforce Development and Training,Noncredit CIP,0
0947.30 - Heavy Equipment Operation,CTE,49.0202 - Construction/Heavy Equipment/Earthmoving Equipment Operation,CTE,3
0947.40 - Railroad and Light Rail Operations,CTE,32.0107 - Career Exploration/Awareness Skills,Noncredit CIP,0
0947.40 - Railroad and Light Rail Operations,CTE,32.0111 - Workforce Development and Training,Noncredit CIP,0
0947.40 - Railroad and Light Rail Operations,CTE,49.0208 - Railroad and Railway Transportation,CTE,2
0947.40 - Railroad and Light Rail Operations,CTE,"49.0299 - Ground Transportation, Other",Both,1
0947.50 - Truck and Bus Driving,CTE,32.0107 - Career Exploration/Awareness Skills,Noncredit CIP,0
0947.50 - Truck and Bus Driving,CTE,32.0111 - Workforce Development and Training,Noncredit CIP,0
0947.50 - Truck and Bus Driving,CTE,49.0205 - Truck and Bus Driver/Commercial Vehicle Operator and Instructor,CTE,12
0948.00 - Automotive Technology,CTE,15.0803 - Automotive Engineering Technology/Technician,CTE,1
0948.00 - Automotive Technology,CTE,15.0807 - Motorsports Engineering Technology/Technician,CTE,2
0948.00 - Automotive Technology,CTE,32.0107 - Career Exploration/Awareness Skills,Noncredit CIP,0
0948.00 - Automotive Technology,CTE,32.0111 - Workforce Development and Training,Noncredit CIP,0
0948.00 - Automotive Technology,CTE,47.0604 - Automobile/Automotive Mechanics Technology/Technician,CTE,66
0948.00 - Automotive Technology,CTE,47.0612 - Vehicle Emissions Inspection and Maintenance Technology/Technician,CTE,1
0948.00 - Automotive Technology,CTE,47.0617 - High Performance and Custom Engine Technician/Mechanic,CTE,1
"0948.30 - Motorcycle, Outboard and Small Engine Repair",CTE,32.0107 - Career Exploration/Awareness Skills,Noncredit CIP,0
"0948.30 - Motorcycle, Outboard and Small Engine Repair",CTE,32.0111 - Workforce Development and Training,Noncredit CIP,0
"0948.30 - Motorcycle, Outboard and Small Engine Repair",CTE,47.0606 - Small Engine Mechanics and Repair Technology/Technician,CTE,3
"0948.30 - Motorcycle, Outboard and Small Engine Repair",CTE,47.0611 - Motorcycle Maintenance and Repair Technology/Technician,CTE,0
"0948.30 - Motorcycle, Outboard and Small Engine Repair",CTE,47.0616 - Marine Maintenance/Fitter and Ship Repair Technology/Technician,CTE,0
0948.40 - Alternative Fuels and Advanced Transportation Technology,CTE,32.0107 - Career Exploration/Awareness Skills,Noncredit CIP,0
0948.40 - Alternative Fuels and Advanced Transportation Technology,CTE,32.0111 - Workforce Development and Training,Noncredit CIP,0
0948.40 - Alternative Fuels and Advanced Transportation Technology,CTE,47.0604 - Automobile/Automotive Mechanics Technology/Technician,CTE,1
0948.40 - Alternative Fuels and Advanced Transportation Technology,CTE,47.0614 - Alternative Fuel Vehicle Technology/Technician,CTE,21
0948.50 - Recreational Vehicle Service,CTE,32.0107 - Career Exploration/Awareness Skills,Noncredit CIP,0
0948.50 - Recreational Vehicle Service,CTE,32.0111 - Workforce Development and Training,Noncredit CIP,0
0948.50 - Recreational Vehicle Service,CTE,47.0618 - Recreation Vehicle (RV) Service Technician,CTE,0
0949.00 - Automotive Collision Repair,CTE,32.0107 - Career Exploration/Awareness Skills,Noncredit CIP,0
0949.00 - Automotive Collision Repair,CTE,32.0111 - Workforce Development and Training,Noncredit CIP,0
0949.00 - Automotive Collision Repair,CTE,47.0603 - Autobody/Collision and Repair Technology/Technician,CTE,16
0949.10 - Upholstery Repair - Automotive,CTE,32.0107 - Career Exploration/Awareness Skills,Noncredit CIP,0
0949.10 - Upholstery Repair - Automotive,CTE,32.0111 - Workforce Development and Training,Noncredit CIP,0
0949.10 - Upholstery Repair - Automotive,CTE,48.0303 - Upholstery/Upholsterer,CTE,2
0950.00 - Aeronautical and Aviation Technology,CTE,"14.0299 - Aerospace, Aeronautical, and Astronautical/Space Engineering, Other",Both,1
0950.00 - Aeronautical and Aviation Technology,CTE,15.0801 - Aeronautical/Aerospace Engineering Technology/Technician,CTE,3
0950.00 - Aeronautical and Aviation Technology,CTE,32.0107 - Career Exploration/Awareness Skills,Noncredit CIP,0
0950.00 - Aeronautical and Aviation Technology,CTE,32.0111 - Workforce Development and Training,Noncredit CIP,0
0950.00 - Aeronautical and Aviation Technology,CTE,47.0607 - Airframe Mechanics and Aircraft Maintenance Technology/Technician,CTE,13
0950.10 - Aviation Airframe Mechanics,CTE,32.0107 - Career Exploration/Awareness Skills,Noncredit CIP,0
0950.10 - Aviation Airframe Mechanics,CTE,32.0111 - Workforce Development and Training,Noncredit CIP,0
0950.10 - Aviation Airframe Mechanics,CTE,47.0607 - Airframe Mechanics and Aircraft Maintenance Technology/Technician,CTE,12
0950.20 - Aviation Powerplant Mechanics,CTE,32.0107 - Career Exploration/Awareness Skills,Noncredit CIP,0
0950.20 - Aviation Powerplant Mechanics,CTE,32.0111 - Workforce Development and Training,Noncredit CIP,0
0950.20 - Aviation Powerplant Mechanics,CTE,47.0607 - Airframe Mechanics and Aircraft Maintenance Technology/Technician,CTE,1
0950.20 - Aviation Powerplant Mechanics,CTE,47.0608 - Aircraft Powerplant Technology/Technician,CTE,11
0950.40 - Aircraft Electronics (Avionics),CTE,15.0801 - Aeronautical/Aerospace Engineering Technology/Technician,CTE,0
0950.40 - Aircraft Electronics (Avionics),CTE,32.0107 - Career Exploration/Awareness Skills,Noncredit CIP,0
0950.40 - Aircraft Electronics (Avionics),CTE,32.0111 - Workforce Development and Training,Noncredit CIP,0
0950.40 - Aircraft Electronics (Avionics),CTE,47.0609 - Avionics Maintenance Technology/Technician,CTE,3
0950.50 - Aircraft Fabrication,CTE,"15.0699 - Industrial Production Technologies/Technicians, Other",Both,1
0950.50 - Aircraft Fabrication,CTE,32.0107 - Career Exploration/Awareness Skills,Noncredit CIP,0
0950.50 - Aircraft Fabrication,CTE,32.0111 - Workforce Development and Training,Noncredit CIP,0
0950.50 - Aircraft Fabrication,CTE,47.0607 - Airframe Mechanics and Aircraft Maintenance Technology/Technician,CTE,1
0952.00 - Construction Crafts Technology,CTE,15.1703 - Solar Energy Technology/Technician,CTE,1
0952.00 - Construction Crafts Technology,CTE,32.0107 - Career Exploration/Awareness Skills,Noncredit CIP,0
0952.00 - Construction Crafts Technology,CTE,32.0111 - Workforce Development and Training,Noncredit CIP,0
0952.00 - Construction Crafts Technology,CTE,46.0401 - Building/Property Maintenance,CTE,1
0952.00 - Construction Crafts Technology,CTE,46.0415 - Building Construction Technology/Technician,CTE,35
0952.00 - Construction Crafts Technology,CTE,48.0509 - Ironworking/Ironworker,CTE,0
0952.00 - Construction Crafts Technology,CTE,"52.2001 - Construction Management, General",CTE,1
0952.00 - Construction Crafts Technology,CTE,52.2002 - Construction Project Management,CTE,1
0952.10 - Carpentry,CTE,32.0107 - Career Exploration/Awareness Skills,Noncredit CIP,0
0952.10 - Carpentry,CTE,32.0111 - Workforce Development and Training,Noncredit CIP,0
0952.10 - Carpentry,CTE,46.0201 - Carpentry/Carpenter,CTE,9
0952.20 - Electrical,CTE,32.0107 - Career Exploration/Awareness Skills,Noncredit CIP,0
0952.20 - Electrical,CTE,32.0111 - Workforce Development and Training,Noncredit CIP,0
0952.20 - Electrical,CTE,46.0302 - Electrician,CTE,20
0952.20 - Electrical,CTE,46.0303 - Lineworker,CTE,0
0952.20 - Electrical,CTE,"47.0101 - Electrical/Electronics Equipment Installation and Repair Technology/Technician, General",CTE,1
"0952.30 - Plumbing, Pipefitting and Steamfitting",CTE,32.0107 - Career Exploration/Awareness Skills,Noncredit CIP,0
"0952.30 - Plumbing, Pipefitting and Steamfitting",CTE,32.0111 - Workforce Development and Training,Noncredit CIP,0
"0952.30 - Plumbing, Pipefitting and Steamfitting",CTE,46.0502 - Pipefitting/Pipefitter and Sprinkler Fitter,CTE,5
"0952.30 - Plumbing, Pipefitting and Steamfitting",CTE,46.0503 - Plumbing Technology/Plumber,CTE,8
0952.40 - Glazing,CTE,32.0107 - Career Exploration/Awareness Skills,Noncredit CIP,0
0952.40 - Glazing,CTE,32.0111 - Workforce Development and Training,Noncredit CIP,0
0952.40 - Glazing,CTE,46.0406 - Glazier,CTE,0
0952.50 - Mill and Cabinet Work,CTE,32.0107 - Career Exploration/Awareness Skills,Noncredit CIP,0
0952.50 - Mill and Cabinet Work,CTE,32.0111 - Workforce Development and Training,Noncredit CIP,0
0952.50 - Mill and Cabinet Work,CTE,"48.0701 - Woodworking, General",CTE,0
0952.50 - Mill and Cabinet Work,CTE,48.0703 - Cabinetmaking and Millwork,CTE,7
"0952.60 - Masonry, Tile, Cement, Lath and Plaster",CTE,32.0107 - Career Exploration/Awareness Skills,Noncredit CIP,0
"0952.60 - Masonry, Tile, Cement, Lath and Plaster",CTE,32.0111 - Workforce Development and Training,Noncredit CIP,0
"0952.60 - Masonry, Tile, Cement, Lath and Plaster",CTE,46.0101 - Mason/Masonry,CTE,2
"0952.60 - Masonry, Tile, Cement, Lath and Plaster",CTE,46.0402 - Concrete Finishing/Concrete Finisher,CTE,0
"0952.60 - Masonry, Tile, Cement, Lath and Plaster",CTE,"46.0413 - Carpet, Floor, and Tile Worker",CTE,0
"0952.70 - Painting, Decorating, and Flooring",CTE,32.0107 - Career Exploration/Awareness Skills,Noncredit CIP,0
"0952.70 - Painting, Decorating, and Flooring",CTE,32.0111 - Workforce Development and Training,Noncredit CIP,0
"0952.70 - Painting, Decorating, and Flooring",CTE,46.0408 - Painting/Painter and Wall Coverer,CTE,1
"0952.70 - Painting, Decorating, and Flooring",CTE,"46.0413 - Carpet, Floor, and Tile Worker",CTE,1
0952.80 - Drywall and Insulation,CTE,32.0107 - Career Exploration/Awareness Skills,Noncredit CIP,0
0952.80 - Drywall and Insulation,CTE,32.0111 - Workforce Development and Training,Noncredit CIP,0
0952.80 - Drywall and Insulation,CTE,46.0404 - Drywall Installation/Drywaller,CTE,4
0952.90 - Roofing,CTE,32.0107 - Career Exploration/Awareness Skills,Noncredit CIP,0
0952.90 - Roofing,CTE,32.0111 - Workforce Development and Training,Noncredit CIP,0
0952.90 - Roofing,CTE,46.0410 - Roofer,CTE,1
0953.00 - Drafting Technology,CTE,"15.1301 - Drafting and Design Technology/Technician, General",CTE,36
0953.00 - Drafting Technology,CTE,15.1302 - CAD/CADD Drafting and/or Design Technology/Technician,CTE,5
0953.00 - Drafting Technology,CTE,15.1306 - Mechanical Drafting and Mechanical Drafting CAD/CADD,CTE,1
0953.00 - Drafting Technology,CTE,32.0107 - Career Exploration/Awareness Skills,Noncredit CIP,0
0953.00 - Drafting Technology,CTE,32.0111 - Workforce Development and Training,Noncredit CIP,0
0953.00 - Drafting Technology,CTE,50.0404 - Industrial and Product Design,CTE,1
0953.10 - Architectural Drafting,CTE,15.1303 - Architectural Drafting and Architectural CAD/CADD,CTE,15
0953.10 - Architectural Drafting,CTE,32.0107 - Career Exploration/Awareness Skills,Noncredit CIP,0
0953.10 - Architectural Drafting,CTE,32.0111 - Workforce Development and Training,Noncredit CIP,0
0953.20 - Civil Drafting,CTE,15.1304 - Civil Drafting and Civil Engineering CAD/CADD,CTE,3
0953.20 - Civil Drafting,CTE,32.0107 - Career Exploration/Awareness Skills,Noncredit CIP,0
0953.20 - Civil Drafting,CTE,32.0111 - Workforce Development and Training,Noncredit CIP,0
"0953.30 - Electrical, Electronic and Electro-Mechanical Drafting",CTE,15.1305 - Electrical/Electronics Drafting and Electrical/Electronics CAD/CADD,CTE,3
"0953.30 - Electrical, Electronic and Electro-Mechanical Drafting",CTE,32.0107 - Career Exploration/Awareness Skills,Noncredit CIP,0
"0953.30 - Electrical, Electronic and Electro-Mechanical Drafting",CTE,32.0111 - Workforce Development and Training,Noncredit CIP,0
0953.40 - Mechanical Drafting,CTE,15.1306 - Mechanical Drafting and Mechanical Drafting CAD/CADD,CTE,17
0953.40 - Mechanical Drafting,CTE,32.0107 - Career Exploration/Awareness Skills,Noncredit CIP,0
0953.40 - Mechanical Drafting,CTE,32.0111 - Workforce Development and Training,Noncredit CIP,0
0953.60 - Technical Illustration,CTE,32.0107 - Career Exploration/Awareness Skills,Noncredit CIP,0
0953.60 - Technical Illustration,CTE,32.0111 - Workforce Development and Training,Noncredit CIP,0
0953.60 - Technical Illustration,CTE,50.0410 - Illustration,CTE,1
0954.00 - Chemical Technology,CTE,32.0107 - Career Exploration/Awareness Skills,Noncredit CIP,0
0954.00 - Chemical Technology,CTE,32.0111 - Workforce Development and Training,Noncredit CIP,0
0954.00 - Chemical Technology,CTE,41.0301 - Chemical Technology/Technician,CTE,5
0954.00 - Chemical Technology,CTE,41.0303 - Chemical Process Technology,CTE,0
0954.20 - Plastics and Composites,CTE,15.0607 - Plastics and Polymer Engineering Technology/Technician,CTE,2
0954.20 - Plastics and Composites,CTE,15.0617 - Composite Materials Technology/Technician,CTE,0
0954.20 - Plastics and Composites,CTE,32.0107 - Career Exploration/Awareness Skills,Noncredit CIP,0
0954.20 - Plastics and Composites,CTE,32.0111 - Workforce Development and Training,Noncredit CIP,0
0954.30 - Petroleum Technology,CTE,15.0903 - Petroleum Technology/Technician,CTE,0
0954.30 - Petroleum Technology,CTE,32.0107 - Career Exploration/Awareness Skills,Noncredit CIP,0
0954.30 - Petroleum Technology,CTE,32.0111 - Workforce Development and Training,Noncredit CIP,0
0955.00 - Laboratory Science Technology,CTE,32.0107 - Career Exploration/Awareness Skills,Noncredit CIP,0
0955.00 - Laboratory Science Technology,CTE,32.0111 - Workforce Development and Training,Noncredit CIP,0
0955.00 - Laboratory Science Technology,CTE,41.0101 - Biology/Biotechnology Technology/Technician,CTE,1
0955.00 - Laboratory Science Technology,CTE,41.0301 - Chemical Technology/Technician,CTE,6
0955.00 - Laboratory Science Technology,CTE,41.0303 - Chemical Process Technology,CTE,0
0956.00 - Manufacturing and Industrial Technology,CTE,15.0405 - Robotics Technology/Technician,CTE,4
0956.00 - Manufacturing and Industrial Technology,CTE,"15.0407 - Mechatronics, Robotics, and Automation Engineering Technology/Technician",CTE,1
0956.00 - Manufacturing and Industrial Technology,CTE,15.0611 - Metallurgical Technology/Technician,CTE,0
0956.00 - Manufacturing and Industrial Technology,CTE,15.0612 - Industrial Technology/Technician,CTE,5
0956.00 - Manufacturing and Industrial Technology,CTE,15.0613 - Manufacturing Engineering Technology/Technician,CTE,26
0956.00 - Manufacturing and Industrial Technology,CTE,15.0803 - Automotive Engineering Technology/Technician,CTE,0
0956.00 - Manufacturing and Industrial Technology,CTE,15.0805 - Mechanical/Mechanical Engineering Technology/Technician,CTE,2
0956.00 - Manufacturing and Industrial Technology,CTE,15.1307 - 3-D Modeling and Design Technology/Technician,CTE,2
0956.00 - Manufacturing and Industrial Technology,CTE,32.0107 - Career Exploration/Awareness Skills,Noncredit CIP,0
0956.00 - Manufacturing and Industrial Technology,CTE,32.0111 - Workforce Development and Training,Noncredit CIP,0
0956.00 - Manufacturing and Industrial Technology,CTE,41.0303 - Chemical Process Technology,CTE,1
0956.00 - Manufacturing and Industrial Technology,CTE,47.0303 - Industrial Mechanics and Maintenance Technology/Technician,CTE,2
0956.00 - Manufacturing and Industrial Technology,CTE,48.0801 - Boilermaking/Boilermaker,CTE,0
0956.00 - Manufacturing and Industrial Technology,CTE,50.0404 - Industrial and Product Design,CTE,0
0956.30 - Machining and Machine Tools,CTE,15.0613 - Manufacturing Engineering Technology/Technician,CTE,1
0956.30 - Machining and Machine Tools,CTE,32.0107 - Career Exploration/Awareness Skills,Noncredit CIP,0
0956.30 - Machining and Machine Tools,CTE,32.0111 - Workforce Development and Training,Noncredit CIP,0
0956.30 - Machining and Machine Tools,CTE,48.0501 - Machine Tool Technology/Machinist,CTE,23
0956.30 - Machining and Machine Tools,CTE,48.0503 - Machine Shop Technology/Assistant,CTE,0
0956.30 - Machining and Machine Tools,CTE,48.0507 - Tool and Die Technology/Technician,CTE,0
0956.30 - Machining and Machine Tools,CTE,48.0510 - Computer Numerically Controlled (CNC) Machinist Technology/CNC Machinist,CTE,0
0956.40 - Sheet Metal and Structural Metal,CTE,32.0107 - Career Exploration/Awareness Skills,Noncredit CIP,0
0956.40 - Sheet Metal and Structural Metal,CTE,32.0111 - Workforce Development and Training,Noncredit CIP,0
0956.40 - Sheet Metal and Structural Metal,CTE,46.0411 - Metal Building Assembly/Assembler,CTE,0
0956.40 - Sheet Metal and Structural Metal,CTE,48.0506 - Sheet Metal Technology/Sheetworking,CTE,6
0956.50 - Welding Technology,CTE,15.0614 - Welding Engineering Technology/Technician,CTE,5
0956.50 - Welding Technology,CTE,32.0107 - Career Exploration/Awareness Skills,Noncredit CIP,0
0956.50 - Welding Technology,CTE,32.0111 - Workforce Development and Training,Noncredit CIP,0
0956.50 - Welding Technology,CTE,48.0506 - Sheet Metal Technology/Sheetworking,CTE,1
0956.50 - Welding Technology,CTE,48.0508 - Welding Technology/Welder,CTE,56
0956.70 - Industrial and Occupational Safety and Health,CTE,15.0703 - Industrial Safety Technology/Technician,CTE,10
0956.70 - Industrial and Occupational Safety and Health,CTE,15.0705 - Process Safety Technology/Technician,CTE,0
0956.70 - Industrial and Occupational Safety and Health,CTE,32.0107 - Career Exploration/Awareness Skills,Noncredit CIP,0
0956.70 - Industrial and Occupational Safety and Health,CTE,32.0111 - Workforce Development and Training,Noncredit CIP,0
0956.70 - Industrial and Occupational Safety and Health,CTE,"49.0299 - Ground Transportation, Other",Both,1
0956.70 - Industrial and Occupational Safety and Health,CTE,"52.2001 - Construction Management, General",CTE,1
0956.80 - Industrial Quality Control,CTE,15.0702 - Quality Control Technology/Technician,CTE,5
0956.80 - Industrial Quality Control,CTE,32.0107 - Career Exploration/Awareness Skills,Noncredit CIP,0
0956.80 - Industrial Quality Control,CTE,32.0111 - Workforce Development and Training,Noncredit CIP,0
0956.90 - Digital Fabrication Technician,CTE,15.0613 - Manufacturing Engineering Technology/Technician,CTE,1
0956.90 - Digital Fabrication Technician,CTE,32.0107 - Career Exploration/Awareness Skills,Noncredit CIP,0
0956.90 - Digital Fabrication Technician,CTE,32.0111 - Workforce Development and Training,Noncredit CIP,0
0957.00 - Civil and Construction Management Technology,CTE,32.0107 - Career Exploration/Awareness Skills,Noncredit CIP,0
0957.00 - Civil and Construction Management Technology,CTE,32.0111 - Workforce Development and Training,Noncredit CIP,0
0957.00 - Civil and Construction Management Technology,CTE,46.0401 - Building/Property Maintenance,CTE,0
0957.00 - Civil and Construction Management Technology,CTE,46.0412 - Building/Construction Site Management/Manager,CTE,20
0957.00 - Civil and Construction Management Technology,CTE,46.0415 - Building Construction Technology/Technician,CTE,2
0957.00 - Civil and Construction Management Technology,CTE,"46.0499 - Building/Construction Finishing, Management, and Inspection, Other",Both,1
0957.00 - Civil and Construction Management Technology,CTE,"52.2001 - Construction Management, General",CTE,9
0957.00 - Civil and Construction Management Technology,CTE,52.2002 - Construction Project Management,CTE,2
0957.20 - Construction Inspection,CTE,32.0107 - Career Exploration/Awareness Skills,Noncredit CIP,0
0957.20 - Construction Inspection,CTE,32.0111 - Workforce Development and Training,Noncredit CIP,0
0957.20 - Construction Inspection,CTE,46.0403 - Building/Home/Construction Inspection/Inspector,CTE,14
0957.20 - Construction Inspection,CTE,46.0415 - Building Construction Technology/Technician,CTE,1
0957.20 - Construction Inspection,CTE,"46.0499 - Building/Construction Finishing, Management, and Inspection, Other",Both,0
0957.30 - Surveying,CTE,15.1102 - Surveying Technology/Surveying,CTE,6
0957.30 - Surveying,CTE,15.1304 - Civil Drafting and Civil Engineering CAD/CADD,CTE,1
0957.30 - Surveying,CTE,"15.9999 - Engineering/Engineering-Related Technologies/Technicians, Other",Both,1
0957.30 - Surveying,CTE,"19.9999 - Family and Consumer Sciences/Human Sciences, Other",Both,1
0957.30 - Surveying,CTE,32.0107 - Career Exploration/Awareness Skills,Noncredit CIP,0
0957.30 - Surveying,CTE,32.0111 - Workforce Development and Training,Noncredit CIP,0
0958.00 - Water and Wastewater Technology,CTE,15.0506 - Water Quality and Wastewater Treatment Management and Recycling Technology/Technician,CTE,18
0958.00 - Water and Wastewater Technology,CTE,32.0107 - Career Exploration/Awareness Skills,Noncredit CIP,0
0958.00 - Water and Wastewater Technology,CTE,32.0111 - Workforce Development and Training,Noncredit CIP,0
0959.00 - Marine Technology,CTE,15.0806 - Marine Engineering Technology/Technician,CTE,1
0959.00 - Marine Technology,CTE,32.0107 - Career Exploration/Awareness Skills,Noncredit CIP,0
0959.00 - Marine Technology,CTE,32.0111 - Workforce Development and Training,Noncredit CIP,0
0959.00 - Marine Technology,CTE,47.0616 - Marine Maintenance/Fitter and Ship Repair Technology/Technician,CTE,0
0959.00 - Marine Technology,CTE,49.0303 - Commercial Fishing,CTE,0
0959.00 - Marine Technology,CTE,49.0309 - Marine Science/Merchant Marine Officer,CTE,0
0959.00 - Marine Technology,CTE,"49.0399 - Marine Transportation, Other",Both,2
0959.10 - Diving and Underwater Safety,CTE,32.0107 - Career Exploration/Awareness Skills,Noncredit CIP,0
0959.10 - Diving and Underwater Safety,CTE,32.0111 - Workforce Development and Training,Noncredit CIP,0
0959.10 - Diving and Underwater Safety,CTE,"49.0304 - Diver, Professional and Instructor",CTE,0
0961.00 - Optics,CTE,32.0107 - Career Exploration/Awareness Skills,Noncredit CIP,0
0961.00 - Optics,CTE,32.0111 - Workforce Development and Training,Noncredit CIP,0
0961.00 - Optics,CTE,51.1006 - Ophthalmic Laboratory Technology/Technician,CTE,0
0961.00 - Optics,CTE,51.1801 - Opticianry/Ophthalmic Dispensing Optician,CTE,0
0962.00 - Musical Instrument Repair,CTE,32.0107 - Career Exploration/Awareness Skills,Noncredit CIP,0
0962.00 - Musical Instrument Repair,CTE,32.0111 - Workforce Development and Training,Noncredit CIP,0
0962.00 - Musical Instrument Repair,CTE,47.0404 - Musical Instrument Fabrication and Repair,CTE,2
0999.00 - Other Engineering and Related Industrial Technologies,CTE,"15.0699 - Industrial Production Technologies/Technicians, Other",Both,1
0999.00 - Other Engineering and Related Industrial Technologies,CTE,"15.1301 - Drafting and Design Technology/Technician, General",CTE,1
0999.00 - Other Engineering and Related Industrial Technologies,CTE,"15.9999 - Engineering/Engineering-Related Technologies/Technicians, Other",Both,3
0999.00 - Other Engineering and Related Industrial Technologies,CTE,32.0107 - Career Exploration/Awareness Skills,Noncredit CIP,0
0999.00 - Other Engineering and Related Industrial Technologies,CTE,32.0111 - Workforce Development and Training,Noncredit CIP,0
"1001.00 - Fine Arts, General",Not CTE,30.1401 - Museology/Museum Studies,Not CTE,1
"1001.00 - Fine Arts, General",Not CTE,"50.0101 - Visual and Performing Arts, General",Both,71
"1001.00 - Fine Arts, General",Not CTE,"50.0701 - Art/Art Studies, General",Not CTE,2
"1001.00 - Fine Arts, General",Not CTE,"50.0702 - Fine/Studio Arts, General",CTE,1
"1001.00 - Fine Arts, General",Not CTE,"50.0703 - Art History, Criticism and Conservation",Not CTE,5
"1001.00 - Fine Arts, General",Not CTE,50.0705 - Drawing,CTE,1
1002.00 - Art,Not CTE,"50.0701 - Art/Art Studies, General",Not CTE,73
1002.00 - Art,Not CTE,"50.0702 - Fine/Studio Arts, General",CTE,36
1002.00 - Art,Not CTE,"50.0703 - Art History, Criticism and Conservation",Not CTE,4
1002.00 - Art,Not CTE,50.0709 - Sculpture,CTE,1
1002.10 - Painting and Drawing,Not CTE,"50.0701 - Art/Art Studies, General",Not CTE,2
1002.10 - Painting and Drawing,Not CTE,50.0705 - Drawing,CTE,15
1002.20 - Sculpture,Not CTE,50.0709 - Sculpture,CTE,10
1002.30 - Ceramics,Not CTE,"50.0701 - Art/Art Studies, General",Not CTE,1
1002.30 - Ceramics,Not CTE,50.0711 - Ceramic Arts and Ceramics,CTE,20
1004.00 - Music,Not CTE,50.0509 - Musical Theatre,Not CTE,6
1004.00 - Music,Not CTE,"50.0901 - Music, General",Not CTE,79
1004.00 - Music,Not CTE,"50.0903 - Music Performance, General",CTE,9
1004.00 - Music,Not CTE,50.0904 - Music Theory and Composition,Not CTE,2
1005.00 - Commercial Music,CTE,10.0203 - Recording Arts Technology/Technician,CTE,38
1005.00 - Commercial Music,CTE,15.0307 - Audio Engineering Technology/Technician,CTE,3
1005.00 - Commercial Music,CTE,32.0107 - Career Exploration/Awareness Skills,Noncredit CIP,0
1005.00 - Commercial Music,CTE,32.0111 - Workforce Development and Training,Noncredit CIP,0
1005.00 - Commercial Music,CTE,50.0904 - Music Theory and Composition,Not CTE,10
1005.00 - Commercial Music,CTE,50.0913 - Music Technology,Both,20
1005.00 - Commercial Music,CTE,50.0917 - Sound Arts,Not CTE,3
1005.00 - Commercial Music,CTE,50.1003 - Music Management,CTE,4
1006.00 - Technical Theater,CTE,32.0107 - Career Exploration/Awareness Skills,Noncredit CIP,0
1006.00 - Technical Theater,CTE,32.0111 - Workforce Development and Training,Noncredit CIP,0
1006.00 - Technical Theater,CTE,50.0502 - Technical Theatre/Theatre Design and Technology,CTE,49
1006.00 - Technical Theater,CTE,50.0507 - Directing and Theatrical Production,CTE,2
1006.00 - Technical Theater,CTE,50.0509 - Musical Theatre,Not CTE,0
1006.00 - Technical Theater,CTE,50.0512 - Theatre and Dance,Not CTE,1
1007.00 - Dramatic Arts,Not CTE,"50.0101 - Visual and Performing Arts, General",Both,1
1007.00 - Dramatic Arts,Not CTE,"50.0501 - Drama and Dramatics/Theatre Arts, General",Not CTE,68
1007.00 - Dramatic Arts,Not CTE,50.0502 - Technical Theatre/Theatre Design and Technology,CTE,1
1007.00 - Dramatic Arts,Not CTE,50.0509 - Musical Theatre,Not CTE,1
1007.00 - Dramatic Arts,Not CTE,50.0512 - Theatre and Dance,Not CTE,4
1007.00 - Dramatic Arts,Not CTE,50.1101 - Community/Environmental/Socially-Engaged Art,Not CTE,0
1008.00 - Dance,Not CTE,"50.0301 - Dance, General",Both,51
1008.00 - Dance,Not CTE,"50.0399 - Dance, Other",Both,2
1008.10 - Commercial Dance,CTE,32.0107 - Career Exploration/Awareness Skills,Noncredit CIP,0
1008.10 - Commercial Dance,CTE,32.0111 - Workforce Development and Training,Noncredit CIP,0
1008.10 - Commercial Dance,CTE,"50.0301 - Dance, General",Both,1
1008.10 - Commercial Dance,CTE,"50.0399 - Dance, Other",Both,12
1009.00 - Applied Design,CTE,32.0107 - Career Exploration/Awareness Skills,Noncredit CIP,0
1009.00 - Applied Design,CTE,32.0111 - Workforce Development and Training,Noncredit CIP,0
1009.00 - Applied Design,CTE,"50.0401 - Design and Visual Communications, General",Not CTE,4
1009.10 - Jewelry,Not CTE,47.0408 - Watchmaking and Jewelrymaking,CTE,0
1009.10 - Jewelry,Not CTE,50.0713 - Jewelry Arts,CTE,4
1011.00 - Photography,Not CTE,50.0605 - Photography,Both,26
1012.00 - Applied Photography,CTE,10.0201 - Photographic and Film/Video Technology/Technician,CTE,32
1012.00 - Applied Photography,CTE,32.0107 - Career Exploration/Awareness Skills,Noncredit CIP,0
1012.00 - Applied Photography,CTE,32.0111 - Workforce Development and Training,Noncredit CIP,0
1012.00 - Applied Photography,CTE,50.0102 - Digital Arts,Both,1
1012.00 - Applied Photography,CTE,50.0406 - Commercial Photography,CTE,24
1012.00 - Applied Photography,CTE,50.0605 - Photography,Both,2
1013.00 - Commercial Art,CTE,32.0107 - Career Exploration/Awareness Skills,Noncredit CIP,0
1013.00 - Commercial Art,CTE,32.0111 - Workforce Development and Training,Noncredit CIP,0
1013.00 - Commercial Art,CTE,50.0402 - Commercial and Advertising Art,CTE,11
1030.00 - Graphic Art and Design,CTE,32.0107 - Career Exploration/Awareness Skills,Noncredit CIP,0
1030.00 - Graphic Art and Design,CTE,32.0111 - Workforce Development and Training,Noncredit CIP,0
1030.00 - Graphic Art and Design,CTE,"50.0401 - Design and Visual Communications, General",Not CTE,1
1030.00 - Graphic Art and Design,CTE,50.0409 - Graphic Design,CTE,54
1099.00 - Other Fine and Applied Arts,CTE,30.1401 - Museology/Museum Studies,Not CTE,1
1099.00 - Other Fine and Applied Arts,CTE,32.0107 - Career Exploration/Awareness Skills,Noncredit CIP,0
1099.00 - Other Fine and Applied Arts,CTE,32.0111 - Workforce Development and Training,Noncredit CIP,0
1099.00 - Other Fine and Applied Arts,CTE,"50.0702 - Fine/Studio Arts, General",CTE,1
1099.00 - Other Fine and Applied Arts,CTE,50.1101 - Community/Environmental/Socially-Engaged Art,Not CTE,2
1099.00 - Other Fine and Applied Arts,CTE,"50.9999 - Visual and Performing Arts, Other",Both,11
"1101.00 - Foreign Languages, General",Not CTE,"16.0101 - Foreign Languages and Literatures, General",Not CTE,18
"1101.00 - Foreign Languages, General",Not CTE,30.4501 - History and Language/Literature,Not CTE,1
1102.00 - French,Not CTE,16.0103 - Language Interpretation and Translation,CTE,1
1102.00 - French,Not CTE,16.0901 - French Language and Literature,Not CTE,29
1103.00 - German,Not CTE,16.0501 - German Language and Literature,Not CTE,11
1104.00 - Italian,Not CTE,16.0902 - Italian Language and Literature,Not CTE,12
1105.00 - Spanish,Not CTE,"16.0101 - Foreign Languages and Literatures, General",Not CTE,1
1105.00 - Spanish,Not CTE,16.0905 - Spanish Language and Literature,Not CTE,83
1106.00 - Russian,Not CTE,16.0402 - Russian Language and Literature,Not CTE,6
1107.00 - Chinese,Not CTE,16.0301 - Chinese Language and Literature,Not CTE,11
1108.00 - Japanese,Not CTE,16.0302 - Japanese Language and Literature,Not CTE,21
1109.00 - Latin,Not CTE,16.1203 - Latin Language and Literature,Not CTE,0
1110.00 - Greek,Not CTE,16.0601 - Modern Greek Language and Literature,Not CTE,0
1111.00 - Hebrew,Not CTE,16.1102 - Hebrew Language and Literature,Not CTE,0
1112.00 - Arabic,Not CTE,16.1101 - Arabic Language and Literature,Not CTE,3
1116.00 - African Languages (Non-Semitic),Not CTE,"16.0201 - African Languages, Literatures, and Linguistics",Not CTE,0
"1117.00 - Asian, South Asian, and Pacific Islands (Chinese and Japanese excluded)",Not CTE,"16.0399 - East Asian Languages, Literatures, and Linguistics, Other",Both,0
1117.10 - Filipino (Tagalog),Not CTE,16.1404 - Filipino/Tagalog Language and Literature,Not CTE,0
1117.20 - Vietnamese,Not CTE,16.1408 - Vietnamese Language and Literature,Not CTE,3
1117.30 - Korean,Not CTE,16.0303 - Korean Language and Literature,Not CTE,3
1119.00 - Portuguese,Not CTE,16.0904 - Portuguese Language and Literature,Not CTE,0
1199.00 - Other Foreign Languages,Not CTE,"16.9999 - Foreign Languages, Literatures, and Linguistics, Other",Both,4
"1201.00 - Health Occupations, General",CTE,"31.0501 - Sports, Kinesiology, and Physical Education/Fitness, General",Not CTE,1
"1201.00 - Health Occupations, General",CTE,32.0107 - Career Exploration/Awareness Skills,Noncredit CIP,0
"1201.00 - Health Occupations, General",CTE,32.0111 - Workforce Development and Training,Noncredit CIP,0
"1201.00 - Health Occupations, General",CTE,"51.0000 - Health Services/Allied Health/Health Sciences, General",Not CTE,56
"1201.00 - Health Occupations, General",CTE,"51.0001 - Health and Wellness, General",CTE,16
"1201.00 - Health Occupations, General",CTE,"51.0899 - Allied Health and Medical Assisting Services, Other",Both,1
"1201.00 - Health Occupations, General",CTE,"51.2299 - Public Health, Other",Both,3
1202.00 - Hospital and Health Care Administration,CTE,32.0107 - Career Exploration/Awareness Skills,Noncredit CIP,0
1202.00 - Hospital and Health Care Administration,CTE,32.0111 - Workforce Development and Training,Noncredit CIP,0
1202.00 - Hospital and Health Care Administration,CTE,51.0701 - Health/Health Care Administration/Management,CTE,1
1202.00 - Hospital and Health Care Administration,CTE,51.0702 - Hospital and Health Care Facilities Administration/Management,CTE,2
1202.00 - Hospital and Health Care Administration,CTE,51.0706 - Health Information/Medical Records Administration/Administrator,CTE,0
1202.00 - Hospital and Health Care Administration,CTE,51.0708 - Medical Transcription/Transcriptionist,CTE,1
1202.00 - Hospital and Health Care Administration,CTE,51.3202 - Health Professions Education,Not CTE,0
1205.00 - Medical Laboratory Technology,CTE,32.0107 - Career Exploration/Awareness Skills,Noncredit CIP,0
1205.00 - Medical Laboratory Technology,CTE,32.0111 - Workforce Development and Training,Noncredit CIP,0
1205.00 - Medical Laboratory Technology,CTE,51.1004 - Clinical/Medical Laboratory Technician,CTE,10
1205.10 - Phlebotomy,CTE,32.0107 - Career Exploration/Awareness Skills,Noncredit CIP,0
1205.10 - Phlebotomy,CTE,32.0111 - Workforce Development and Training,Noncredit CIP,0
1205.10 - Phlebotomy,CTE,51.1009 - Phlebotomy Technician/Phlebotomist,CTE,8
1206.00 - Physicians Assistant,CTE,32.0107 - Career Exploration/Awareness Skills,Noncredit CIP,0
1206.00 - Physicians Assistant,CTE,32.0111 - Workforce Development and Training,Noncredit CIP,0
1206.00 - Physicians Assistant,CTE,51.0912 - Physician Associate/Assistant,CTE,0
1206.00 - Physicians Assistant,CTE,51.1111 - Pre-Physician Assistant,CTE,0
1208.00 - Medical Assisting,CTE,32.0107 - Career Exploration/Awareness Skills,Noncredit CIP,0
1208.00 - Medical Assisting,CTE,32.0111 - Workforce Development and Training,Noncredit CIP,0
1208.00 - Medical Assisting,CTE,51.0710 - Medical Office Assistant/Specialist,CTE,8
1208.00 - Medical Assisting,CTE,51.0714 - Medical Insurance Specialist/Medical Biller,CTE,0
1208.00 - Medical Assisting,CTE,51.0801 - Medical/Clinical Assistant,CTE,35
1208.10 - Clinical Medical Assisting,CTE,32.0107 - Career Exploration/Awareness Skills,Noncredit CIP,0
1208.10 - Clinical Medical Assisting,CTE,32.0111 - Workforce Development and Training,Noncredit CIP,0
1208.10 - Clinical Medical Assisting,CTE,51.0801 - Medical/Clinical Assistant,CTE,10
1208.20 - Administrative Medical Assisting,CTE,32.0107 - Career Exploration/Awareness Skills,Noncredit CIP,0
1208.20 - Administrative Medical Assisting,CTE,32.0111 - Workforce Development and Training,Noncredit CIP,0
1208.20 - Administrative Medical Assisting,CTE,51.0710 - Medical Office Assistant/Specialist,CTE,13
1208.20 - Administrative Medical Assisting,CTE,51.0712 - Medical Reception/Receptionist,CTE,3
1208.20 - Administrative Medical Assisting,CTE,51.0714 - Medical Insurance Specialist/Medical Biller,CTE,1
1208.20 - Administrative Medical Assisting,CTE,51.0716 - Medical Administrative/Executive Assistant and Medical Secretary,CTE,5
1208.20 - Administrative Medical Assisting,CTE,51.0801 - Medical/Clinical Assistant,CTE,7
1208.30 - Health Facility Unit Coordinator,CTE,32.0107 - Career Exploration/Awareness Skills,Noncredit CIP,0
1208.30 - Health Facility Unit Coordinator,CTE,32.0111 - Workforce Development and Training,Noncredit CIP,0
1208.30 - Health Facility Unit Coordinator,CTE,51.0703 - Health Unit Coordinator/Ward Clerk,CTE,1
1208.30 - Health Facility Unit Coordinator,CTE,51.0704 - Health Unit Manager/Ward Supervisor,CTE,0
1208.30 - Health Facility Unit Coordinator,CTE,51.0711 - Medical/Health Management and Clinical Assistant/Specialist,CTE,0
1209.00 - Hospital Central Service Technician,CTE,32.0107 - Career Exploration/Awareness Skills,Noncredit CIP,0
1209.00 - Hospital Central Service Technician,CTE,32.0111 - Workforce Development and Training,Noncredit CIP,0
1209.00 - Hospital Central Service Technician,CTE,"51.0799 - Health and Medical Administrative Services, Other",Both,2
1209.00 - Hospital Central Service Technician,CTE,51.1012 - Sterile Processing Technology/Technician,CTE,0
1210.00 - Respiratory Care/Therapy,CTE,32.0107 - Career Exploration/Awareness Skills,Noncredit CIP,0
1210.00 - Respiratory Care/Therapy,CTE,32.0111 - Workforce Development and Training,Noncredit CIP,0
1210.00 - Respiratory Care/Therapy,CTE,51.0812 - Respiratory Therapy Technician/Assistant,CTE,3
1210.00 - Respiratory Care/Therapy,CTE,51.0908 - Respiratory Care Therapy/Therapist,CTE,15
1211.00 - Polysomnography,CTE,32.0107 - Career Exploration/Awareness Skills,Noncredit CIP,0
1211.00 - Polysomnography,CTE,32.0111 - Workforce Development and Training,Noncredit CIP,0
1211.00 - Polysomnography,CTE,51.0917 - Polysomnography,CTE,1
1212.00 - Electro-Neurodiagnostic Technology,CTE,32.0107 - Career Exploration/Awareness Skills,Noncredit CIP,0
1212.00 - Electro-Neurodiagnostic Technology,CTE,32.0111 - Workforce Development and Training,Noncredit CIP,0
1212.00 - Electro-Neurodiagnostic Technology,CTE,51.0903 - Electroneurodiagnostic/Electroencephalographic Technology/Technologist,CTE,2
1213.00 - Cardiovascular Technician,CTE,32.0107 - Career Exploration/Awareness Skills,Noncredit CIP,0
1213.00 - Cardiovascular Technician,CTE,32.0111 - Workforce Development and Training,Noncredit CIP,0
1213.00 - Cardiovascular Technician,CTE,51.0901 - Cardiovascular Technology/Technologist,CTE,3
1214.00 - Orthopedic Assistant,CTE,32.0107 - Career Exploration/Awareness Skills,Noncredit CIP,0
1214.00 - Orthopedic Assistant,CTE,32.0111 - Workforce Development and Training,Noncredit CIP,0
1214.00 - Orthopedic Assistant,CTE,51.0806 - Physical Therapy Assistant,CTE,0
1214.00 - Orthopedic Assistant,CTE,"51.1099 - Clinical/Medical Laboratory Science and Allied Professions, Other",Both,3
1215.00 - Electrocardiography,CTE,32.0107 - Career Exploration/Awareness Skills,Noncredit CIP,0
1215.00 - Electrocardiography,CTE,32.0111 - Workforce Development and Training,Noncredit CIP,0
1215.00 - Electrocardiography,CTE,51.0902 - Electrocardiograph Technology/Technician,CTE,4
1217.00 - Surgical Technician,CTE,32.0107 - Career Exploration/Awareness Skills,Noncredit CIP,0
1217.00 - Surgical Technician,CTE,32.0111 - Workforce Development and Training,Noncredit CIP,0
1217.00 - Surgical Technician,CTE,51.0909 - Surgical Technology/Technologist,CTE,4
1218.00 - Occupational Therapy Technology,CTE,32.0107 - Career Exploration/Awareness Skills,Noncredit CIP,0
1218.00 - Occupational Therapy Technology,CTE,32.0111 - Workforce Development and Training,Noncredit CIP,0
1218.00 - Occupational Therapy Technology,CTE,51.0803 - Occupational Therapist Assistant,CTE,5
1218.00 - Occupational Therapy Technology,CTE,51.2604 - Rehabilitation Aide,CTE,0
1219.00 - Optical Technology,CTE,32.0107 - Career Exploration/Awareness Skills,Noncredit CIP,0
1219.00 - Optical Technology,CTE,32.0111 - Workforce Development and Training,Noncredit CIP,0
1219.00 - Optical Technology,CTE,51.1801 - Opticianry/Ophthalmic Dispensing Optician,CTE,0
1219.00 - Optical Technology,CTE,51.1802 - Optometric Technician/Assistant,CTE,4
1220.00 - Speech/Language Pathology and Audiology,CTE,32.0107 - Career Exploration/Awareness Skills,Noncredit CIP,0
1220.00 - Speech/Language Pathology and Audiology,CTE,32.0111 - Workforce Development and Training,Noncredit CIP,0
1220.00 - Speech/Language Pathology and Audiology,CTE,51.0204 - Audiology/Audiologist and Speech-Language Pathology/Pathologist,CTE,7
1221.00 - Pharmacy Technology,CTE,32.0107 - Career Exploration/Awareness Skills,Noncredit CIP,0
1221.00 - Pharmacy Technology,CTE,32.0111 - Workforce Development and Training,Noncredit CIP,0
1221.00 - Pharmacy Technology,CTE,51.0805 - Pharmacy Technician/Assistant,CTE,16
1222.00 - Physical Therapist Assistant,CTE,32.0107 - Career Exploration/Awareness Skills,Noncredit CIP,0
1222.00 - Physical Therapist Assistant,CTE,32.0111 - Workforce Development and Training,Noncredit CIP,0
1222.00 - Physical Therapist Assistant,CTE,51.0806 - Physical Therapy Assistant,CTE,10
1222.00 - Physical Therapist Assistant,CTE,51.2605 - Physical Therapy Technician/Aide,CTE,2
1223.00 - Health Information Technology,CTE,32.0107 - Career Exploration/Awareness Skills,Noncredit CIP,0
1223.00 - Health Information Technology,CTE,32.0111 - Workforce Development and Training,Noncredit CIP,0
1223.00 - Health Information Technology,CTE,51.0701 - Health/Health Care Administration/Management,CTE,1
1223.00 - Health Information Technology,CTE,51.0706 - Health Information/Medical Records Administration/Administrator,CTE,1
1223.00 - Health Information Technology,CTE,51.0707 - Health Information/Medical Records Technology/Technician,CTE,7
1223.00 - Health Information Technology,CTE,51.0709 - Medical Office Computer Specialist/Assistant,CTE,0
1223.00 - Health Information Technology,CTE,51.0713 - Medical Insurance Coding Specialist/Coder,CTE,1
1223.10 - Health Information Coding,CTE,32.0107 - Career Exploration/Awareness Skills,Noncredit CIP,0
1223.10 - Health Information Coding,CTE,32.0111 - Workforce Development and Training,Noncredit CIP,0
1223.10 - Health Information Coding,CTE,"51.0000 - Health Services/Allied Health/Health Sciences, General",Not CTE,1
1223.10 - Health Information Coding,CTE,51.0707 - Health Information/Medical Records Technology/Technician,CTE,1
1223.10 - Health Information Coding,CTE,51.0713 - Medical Insurance Coding Specialist/Coder,CTE,9
1223.10 - Health Information Coding,CTE,51.0714 - Medical Insurance Specialist/Medical Biller,CTE,1
1224.00 - School Health Clerk,CTE,32.0107 - Career Exploration/Awareness Skills,Noncredit CIP,0
1224.00 - School Health Clerk,CTE,32.0111 - Workforce Development and Training,Noncredit CIP,0
1224.00 - School Health Clerk,CTE,"51.2299 - Public Health, Other",Both,0
1224.00 - School Health Clerk,CTE,51.3902 - Nursing Assistant/Aide and Patient Care Assistant/Aide,CTE,0
1225.00 - Radiologic Technology,CTE,32.0107 - Career Exploration/Awareness Skills,Noncredit CIP,0
1225.00 - Radiologic Technology,CTE,32.0111 - Workforce Development and Training,Noncredit CIP,0
1225.00 - Radiologic Technology,CTE,51.0905 - Nuclear Medical Technology/Technologist,CTE,0
1225.00 - Radiologic Technology,CTE,51.0907 - Medical Radiologic Technology/Science - Radiation Therapist,CTE,0
1225.00 - Radiologic Technology,CTE,51.0911 - Radiologic Technology/Science - Radiographer,CTE,22
1226.00 - Radiation Therapy Technician,CTE,32.0107 - Career Exploration/Awareness Skills,Noncredit CIP,0
1226.00 - Radiation Therapy Technician,CTE,32.0111 - Workforce Development and Training,Noncredit CIP,0
1226.00 - Radiation Therapy Technician,CTE,51.0907 - Medical Radiologic Technology/Science - Radiation Therapist,CTE,0
1227.00 - Diagnostic Medical Sonography,CTE,32.0107 - Career Exploration/Awareness Skills,Noncredit CIP,0
1227.00 - Diagnostic Medical Sonography,CTE,32.0111 - Workforce Development and Training,Noncredit CIP,0
1227.00 - Diagnostic Medical Sonography,CTE,51.0910 - Diagnostic Medical Sonography/Sonographer and Ultrasound Technician,CTE,8
1227.00 - Diagnostic Medical Sonography,CTE,51.0920 - Magnetic Resonance Imaging (MRI) Technology/Technician,CTE,0
1228.00 - Athletic Training and Sports Medicine,CTE,32.0107 - Career Exploration/Awareness Skills,Noncredit CIP,0
1228.00 - Athletic Training and Sports Medicine,CTE,32.0111 - Workforce Development and Training,Noncredit CIP,0
1228.00 - Athletic Training and Sports Medicine,CTE,42.2815 - Performance and Sport Psychology,Not CTE,0
1228.00 - Athletic Training and Sports Medicine,CTE,51.0913 - Athletic Training/Trainer,CTE,22
1230.00 - Nursing,CTE,32.0107 - Career Exploration/Awareness Skills,Noncredit CIP,0
1230.00 - Nursing,CTE,32.0111 - Workforce Development and Training,Noncredit CIP,0
1230.00 - Nursing,CTE,51.3801 - Registered Nursing/Registered Nurse,CTE,5
1230.00 - Nursing,CTE,51.3901 - Licensed Practical/Vocational Nurse Training,CTE,0
1230.00 - Nursing,CTE,51.3902 - Nursing Assistant/Aide and Patient Care Assistant/Aide,CTE,1
1230.10 - Registered Nursing,CTE,32.0107 - Career Exploration/Awareness Skills,Noncredit CIP,0
1230.10 - Registered Nursing,CTE,32.0111 - Workforce Development and Training,Noncredit CIP,0
1230.10 - Registered Nursing,CTE,51.3801 - Registered Nursing/Registered Nurse,CTE,68
1230.20 - Licensed Vocational Nursing,CTE,32.0107 - Career Exploration/Awareness Skills,Noncredit CIP,0
1230.20 - Licensed Vocational Nursing,CTE,32.0111 - Workforce Development and Training,Noncredit CIP,0
1230.20 - Licensed Vocational Nursing,CTE,51.3901 - Licensed Practical/Vocational Nurse Training,CTE,38
1230.30 - Certified Nurse Assistant,CTE,32.0107 - Career Exploration/Awareness Skills,Noncredit CIP,0
1230.30 - Certified Nurse Assistant,CTE,32.0111 - Workforce Development and Training,Noncredit CIP,0
1230.30 - Certified Nurse Assistant,CTE,51.3902 - Nursing Assistant/Aide and Patient Care Assistant/Aide,CTE,21
1230.80 - Home Health Aide,CTE,32.0107 - Career Exploration/Awareness Skills,Noncredit CIP,0
1230.80 - Home Health Aide,CTE,32.0111 - Workforce Development and Training,Noncredit CIP,0
1230.80 - Home Health Aide,CTE,51.2601 - Health Aide,CTE,0
1230.80 - Home Health Aide,CTE,51.2602 - Home Health Aide/Home Attendant,CTE,10
1239.00 - Psychiatric Technician,CTE,32.0107 - Career Exploration/Awareness Skills,Noncredit CIP,0
1239.00 - Psychiatric Technician,CTE,32.0111 - Workforce Development and Training,Noncredit CIP,0
1239.00 - Psychiatric Technician,CTE,51.1502 - Psychiatric/Mental Health Services Technician,CTE,9
1240.00 - Dental Occupations,CTE,32.0107 - Career Exploration/Awareness Skills,Noncredit CIP,0
1240.00 - Dental Occupations,CTE,32.0111 - Workforce Development and Training,Noncredit CIP,0
1240.00 - Dental Occupations,CTE,51.0601 - Dental Assisting/Assistant,CTE,0
1240.00 - Dental Occupations,CTE,51.0602 - Dental Hygiene/Hygienist,CTE,1
1240.00 - Dental Occupations,CTE,"51.0699 - Dental Services and Allied Professions, Other",Both,3
1240.10 - Dental Assistant,CTE,32.0107 - Career Exploration/Awareness Skills,Noncredit CIP,0
1240.10 - Dental Assistant,CTE,32.0111 - Workforce Development and Training,Noncredit CIP,0
1240.10 - Dental Assistant,CTE,51.0601 - Dental Assisting/Assistant,CTE,23
1240.20 - Dental Hygienist,CTE,32.0107 - Career Exploration/Awareness Skills,Noncredit CIP,0
1240.20 - Dental Hygienist,CTE,32.0111 - Workforce Development and Training,Noncredit CIP,0
1240.20 - Dental Hygienist,CTE,51.0602 - Dental Hygiene/Hygienist,CTE,15
1240.30 - Dental Laboratory Technician,CTE,32.0107 - Career Exploration/Awareness Skills,Noncredit CIP,0
1240.30 - Dental Laboratory Technician,CTE,32.0111 - Workforce Development and Training,Noncredit CIP,0
1240.30 - Dental Laboratory Technician,CTE,51.0603 - Dental Laboratory Technology/Technician,CTE,1
1250.00 - Emergency Medical Services,CTE,32.0107 - Career Exploration/Awareness Skills,Noncredit CIP,0
1250.00 - Emergency Medical Services,CTE,32.0111 - Workforce Development and Training,Noncredit CIP,0
1250.00 - Emergency Medical Services,CTE,51.0904 - Emergency Medical Technology/Technician (EMT Paramedic),CTE,30
1251.00 - Paramedic,CTE,32.0107 - Career Exploration/Awareness Skills,Noncredit CIP,0
1251.00 - Paramedic,CTE,32.0111 - Workforce Development and Training,Noncredit CIP,0
1251.00 - Paramedic,CTE,51.0904 - Emergency Medical Technology/Technician (EMT Paramedic),CTE,29
1255.00 - Mortuary Science,CTE,"12.0301 - Funeral Service and Mortuary Science, General",CTE,3
1255.00 - Mortuary Science,CTE,32.0107 - Career Exploration/Awareness Skills,Noncredit CIP,0
1255.00 - Mortuary Science,CTE,32.0111 - Workforce Development and Training,Noncredit CIP,0
"1260.00 - Health Professions, Transfer Core Curriculum",CTE,"26.0101 - Biology/Biological Sciences, General",Not CTE,1
"1260.00 - Health Professions, Transfer Core Curriculum",CTE,32.0107 - Career Exploration/Awareness Skills,Noncredit CIP,0
"1260.00 - Health Professions, Transfer Core Curriculum",CTE,32.0111 - Workforce Development and Training,Noncredit CIP,0
"1260.00 - Health Professions, Transfer Core Curriculum",CTE,"51.0000 - Health Services/Allied Health/Health Sciences, General",Not CTE,28
"1260.00 - Health Professions, Transfer Core Curriculum",CTE,"51.0001 - Health and Wellness, General",CTE,0
"1260.00 - Health Professions, Transfer Core Curriculum",CTE,"51.1099 - Clinical/Medical Laboratory Science and Allied Professions, Other",Both,1
"1260.00 - Health Professions, Transfer Core Curriculum",CTE,51.2208 - Community Health and Preventive Medicine,CTE,1
"1260.00 - Health Professions, Transfer Core Curriculum",CTE,"51.2299 - Public Health, Other",Both,1
1261.00 - Community Health Care Worker,CTE,32.0107 - Career Exploration/Awareness Skills,Noncredit CIP,0
1261.00 - Community Health Care Worker,CTE,32.0111 - Workforce Development and Training,Noncredit CIP,0
1261.00 - Community Health Care Worker,CTE,"51.0000 - Health Services/Allied Health/Health Sciences, General",Not CTE,1
1261.00 - Community Health Care Worker,CTE,51.2208 - Community Health and Preventive Medicine,CTE,27
1262.00 - Massage Therapy,CTE,32.0107 - Career Exploration/Awareness Skills,Noncredit CIP,0
1262.00 - Massage Therapy,CTE,32.0111 - Workforce Development and Training,Noncredit CIP,0
1262.00 - Massage Therapy,CTE,51.3501 - Massage Therapy/Therapeutic Massage,CTE,0
1262.00 - Massage Therapy,CTE,51.3502 - Asian Bodywork Therapy,CTE,0
1270.00 - Kinesiology,Not CTE,26.0908 - Exercise Physiology and Kinesiology,Not CTE,10
1270.00 - Kinesiology,Not CTE,"31.0501 - Sports, Kinesiology, and Physical Education/Fitness, General",Not CTE,1
1270.00 - Kinesiology,Not CTE,31.0505 - Exercise Science and Kinesiology,Not CTE,88
1270.00 - Kinesiology,Not CTE,42.2815 - Performance and Sport Psychology,Not CTE,2
1270.00 - Kinesiology,Not CTE,51.0913 - Athletic Training/Trainer,CTE,1
1299.00 - Other Health Occupations,CTE,32.0107 - Career Exploration/Awareness Skills,Noncredit CIP,0
1299.00 - Other Health Occupations,CTE,32.0111 - Workforce Development and Training,Noncredit CIP,0
1299.00 - Other Health Occupations,CTE,34.0102 - Birthing and Parenting Knowledge and Skills,Noncredit CIP,0
1299.00 - Other Health Occupations,CTE,34.0103 - Personal Health Improvement and Maintenance,Noncredit CIP,0
1299.00 - Other Health Occupations,CTE,34.0104 - Addiction Prevention and Treatment,Noncredit CIP,0
1299.00 - Other Health Occupations,CTE,34.0105 - Meditation/Mind-Body Wellness,Noncredit CIP,0
1299.00 - Other Health Occupations,CTE,"51.0000 - Health Services/Allied Health/Health Sciences, General",Not CTE,1
1299.00 - Other Health Occupations,CTE,"51.0799 - Health and Medical Administrative Services, Other",Both,1
1299.00 - Other Health Occupations,CTE,"51.0899 - Allied Health and Medical Assisting Services, Other",Both,4
1299.00 - Other Health Occupations,CTE,"51.0999 - Allied Health Diagnostic, Intervention, and Treatment Professions, Other",Both,0
1299.00 - Other Health Occupations,CTE,51.1009 - Phlebotomy Technician/Phlebotomist,CTE,1
1299.00 - Other Health Occupations,CTE,51.2602 - Home Health Aide/Home Attendant,CTE,2
1299.00 - Other Health Occupations,CTE,"51.9999 - Health Professions and Related Clinical Sciences, Other",Both,11
"1301.00 - Family and Consumer Sciences, General",Not CTE,"19.0101 - Family and Consumer Sciences/Human Sciences, General",Not CTE,6
"1301.00 - Family and Consumer Sciences, General",Not CTE,32.0107 - Career Exploration/Awareness Skills,Noncredit CIP,0
"1301.00 - Family and Consumer Sciences, General",Not CTE,32.0111 - Workforce Development and Training,Noncredit CIP,0
"1301.00 - Family and Consumer Sciences, General",Not CTE,36.0105 - Home Maintenance and Improvement,Noncredit CIP,0
"1301.00 - Family and Consumer Sciences, General",Not CTE,36.0112 - Cooking and Other Domestic Skills,Noncredit CIP,0
"1301.00 - Family and Consumer Sciences, General",Not CTE,36.0123 - Master Gardener/Gardening,Noncredit CIP,0
1301.10 - Consumer Services,CTE,19.0201 - Business Family and Consumer Sciences/Human Sciences,Not CTE,0
1301.10 - Consumer Services,CTE,19.0403 - Consumer Services and Advocacy,Not CTE,2
1301.10 - Consumer Services,CTE,32.0107 - Career Exploration/Awareness Skills,Noncredit CIP,0
1301.10 - Consumer Services,CTE,32.0111 - Workforce Development and Training,Noncredit CIP,0
1301.10 - Consumer Services,CTE,36.0105 - Home Maintenance and Improvement,Noncredit CIP,0
1301.10 - Consumer Services,CTE,36.0112 - Cooking and Other Domestic Skills,Noncredit CIP,0
1301.10 - Consumer Services,CTE,36.0123 - Master Gardener/Gardening,Noncredit CIP,0
1302.00 - Interior Design and Merchandising,CTE,24.0102 - General Studies,Not CTE,1
1302.00 - Interior Design and Merchandising,CTE,32.0107 - Career Exploration/Awareness Skills,Noncredit CIP,0
1302.00 - Interior Design and Merchandising,CTE,32.0111 - Workforce Development and Training,Noncredit CIP,0
1302.00 - Interior Design and Merchandising,CTE,36.0105 - Home Maintenance and Improvement,Noncredit CIP,0
1302.00 - Interior Design and Merchandising,CTE,36.0112 - Cooking and Other Domestic Skills,Noncredit CIP,0
1302.00 - Interior Design and Merchandising,CTE,36.0123 - Master Gardener/Gardening,Noncredit CIP,0
1302.00 - Interior Design and Merchandising,CTE,50.0408 - Interior Design,CTE,20
1303.00 - Fashion,CTE,"19.0901 - Apparel and Textiles, General",Not CTE,9
1303.00 - Fashion,CTE,19.0906 - Fashion and Fabric Consultant,CTE,1
1303.00 - Fashion,CTE,32.0107 - Career Exploration/Awareness Skills,Noncredit CIP,0
1303.00 - Fashion,CTE,32.0111 - Workforce Development and Training,Noncredit CIP,0
1303.00 - Fashion,CTE,36.0105 - Home Maintenance and Improvement,Noncredit CIP,0
1303.00 - Fashion,CTE,36.0112 - Cooking and Other Domestic Skills,Noncredit CIP,0
1303.00 - Fashion,CTE,36.0123 - Master Gardener/Gardening,Noncredit CIP,0
1303.00 - Fashion,CTE,50.0407 - Fashion/Apparel Design,CTE,2
1303.00 - Fashion,CTE,50.0510 - Costume Design,CTE,2
1303.10 - Fashion Design,CTE,"19.0901 - Apparel and Textiles, General",Not CTE,1
1303.10 - Fashion Design,CTE,19.0905 - Apparel and Textile Marketing Management,Not CTE,1
1303.10 - Fashion Design,CTE,19.0906 - Fashion and Fabric Consultant,CTE,0
1303.10 - Fashion Design,CTE,32.0107 - Career Exploration/Awareness Skills,Noncredit CIP,0
1303.10 - Fashion Design,CTE,32.0111 - Workforce Development and Training,Noncredit CIP,0
1303.10 - Fashion Design,CTE,36.0105 - Home Maintenance and Improvement,Noncredit CIP,0
1303.10 - Fashion Design,CTE,36.0112 - Cooking and Other Domestic Skills,Noncredit CIP,0
1303.10 - Fashion Design,CTE,36.0123 - Master Gardener/Gardening,Noncredit CIP,0
1303.10 - Fashion Design,CTE,50.0407 - Fashion/Apparel Design,CTE,16
1303.10 - Fashion Design,CTE,50.0510 - Costume Design,CTE,2
1303.20 - Fashion Merchandising,CTE,19.0902 - Apparel and Textile Manufacture,Not CTE,1
1303.20 - Fashion Merchandising,CTE,19.0905 - Apparel and Textile Marketing Management,Not CTE,12
1303.20 - Fashion Merchandising,CTE,19.0906 - Fashion and Fabric Consultant,CTE,0
1303.20 - Fashion Merchandising,CTE,32.0107 - Career Exploration/Awareness Skills,Noncredit CIP,0
1303.20 - Fashion Merchandising,CTE,32.0111 - Workforce Development and Training,Noncredit CIP,0
1303.20 - Fashion Merchandising,CTE,36.0105 - Home Maintenance and Improvement,Noncredit CIP,0
1303.20 - Fashion Merchandising,CTE,36.0112 - Cooking and Other Domestic Skills,Noncredit CIP,0
1303.20 - Fashion Merchandising,CTE,36.0123 - Master Gardener/Gardening,Noncredit CIP,0
1303.20 - Fashion Merchandising,CTE,52.0212 - Retail Management,CTE,1
1303.20 - Fashion Merchandising,CTE,52.1902 - Fashion Merchandising,CTE,7
1303.20 - Fashion Merchandising,CTE,52.1904 - Apparel and Accessories Marketing Operations,CTE,0
1303.30 - Fashion Production,CTE,"19.0901 - Apparel and Textiles, General",Not CTE,1
1303.30 - Fashion Production,CTE,19.0902 - Apparel and Textile Manufacture,Not CTE,4
1303.30 - Fashion Production,CTE,32.0107 - Career Exploration/Awareness Skills,Noncredit CIP,0
1303.30 - Fashion Production,CTE,32.0111 - Workforce Development and Training,Noncredit CIP,0
1303.30 - Fashion Production,CTE,36.0105 - Home Maintenance and Improvement,Noncredit CIP,0
1303.30 - Fashion Production,CTE,36.0112 - Cooking and Other Domestic Skills,Noncredit CIP,0
1303.30 - Fashion Production,CTE,36.0123 - Master Gardener/Gardening,Noncredit CIP,0
1303.30 - Fashion Production,CTE,50.0407 - Fashion/Apparel Design,CTE,1
1305.00 - Child Development/Early Care and Education,CTE,13.0501 - Educational/Instructional Technology,Not CTE,1
1305.00 - Child Development/Early Care and Education,CTE,13.1015 - Education/Teaching of Individuals in Early Childhood Special Education Programs,Not CTE,1
1305.00 - Child Development/Early Care and Education,CTE,13.1210 - Early Childhood Education and Teaching,CTE,52
1305.00 - Child Development/Early Care and Education,CTE,"19.0701 - Human Development and Family Studies, General",Not CTE,1
1305.00 - Child Development/Early Care and Education,CTE,19.0706 - Child Development,Not CTE,33
1305.00 - Child Development/Early Care and Education,CTE,19.0708 - Child Care and Support Services Management,Both,1
1305.00 - Child Development/Early Care and Education,CTE,19.0709 - Child Care Provider/Assistant,CTE,67
1305.00 - Child Development/Early Care and Education,CTE,19.0711 - Early Childhood and Family Studies,Not CTE,5
1305.00 - Child Development/Early Care and Education,CTE,32.0107 - Career Exploration/Awareness Skills,Noncredit CIP,0
1305.00 - Child Development/Early Care and Education,CTE,32.0111 - Workforce Development and Training,Noncredit CIP,0
1305.00 - Child Development/Early Care and Education,CTE,34.0102 - Birthing and Parenting Knowledge and Skills,Noncredit CIP,0
1305.00 - Child Development/Early Care and Education,CTE,36.0105 - Home Maintenance and Improvement,Noncredit CIP,0
1305.00 - Child Development/Early Care and Education,CTE,36.0112 - Cooking and Other Domestic Skills,Noncredit CIP,0
1305.00 - Child Development/Early Care and Education,CTE,36.0123 - Master Gardener/Gardening,Noncredit CIP,0
1305.00 - Child Development/Early Care and Education,CTE,51.2317 - Play Therapy/Therapist,CTE,0
1305.10 - Child and Adolescent Development,CTE,"13.0101 - Education, General",Not CTE,1
1305.10 - Child and Adolescent Development,CTE,13.1210 - Early Childhood Education and Teaching,CTE,0
1305.10 - Child and Adolescent Development,CTE,"19.0701 - Human Development and Family Studies, General",Not CTE,1
1305.10 - Child and Adolescent Development,CTE,19.0706 - Child Development,Not CTE,34
1305.10 - Child and Adolescent Development,CTE,19.0709 - Child Care Provider/Assistant,CTE,1
1305.10 - Child and Adolescent Development,CTE,32.0107 - Career Exploration/Awareness Skills,Noncredit CIP,0
1305.10 - Child and Adolescent Development,CTE,32.0111 - Workforce Development and Training,Noncredit CIP,0
1305.10 - Child and Adolescent Development,CTE,"42.9999 - Psychology, Other",Both,1
1305.20 - Children with Special Needs,CTE,"13.1001 - Special Education and Teaching, General",Not CTE,4
1305.20 - Children with Special Needs,CTE,13.1013 - Education/Teaching of Individuals with Autism,Not CTE,0
1305.20 - Children with Special Needs,CTE,13.1015 - Education/Teaching of Individuals in Early Childhood Special Education Programs,Not CTE,24
1305.20 - Children with Special Needs,CTE,"13.1099 - Special Education and Teaching, Other",Both,1
1305.20 - Children with Special Needs,CTE,19.0709 - Child Care Provider/Assistant,CTE,1
1305.20 - Children with Special Needs,CTE,32.0107 - Career Exploration/Awareness Skills,Noncredit CIP,0
1305.20 - Children with Special Needs,CTE,32.0111 - Workforce Development and Training,Noncredit CIP,0
1305.20 - Children with Special Needs,CTE,34.0102 - Birthing and Parenting Knowledge and Skills,Noncredit CIP,0
1305.20 - Children with Special Needs,CTE,36.0105 - Home Maintenance and Improvement,Noncredit CIP,0
1305.20 - Children with Special Needs,CTE,36.0112 - Cooking and Other Domestic Skills,Noncredit CIP,0
1305.20 - Children with Special Needs,CTE,36.0123 - Master Gardener/Gardening,Noncredit CIP,0
1305.20 - Children with Special Needs,CTE,51.1510 - Infant/Toddler Mental Health Services,CTE,0
1305.40 - Preschool Age Children,CTE,13.1210 - Early Childhood Education and Teaching,CTE,5
1305.40 - Preschool Age Children,CTE,19.0706 - Child Development,Not CTE,1
1305.40 - Preschool Age Children,CTE,19.0709 - Child Care Provider/Assistant,CTE,11
1305.40 - Preschool Age Children,CTE,32.0107 - Career Exploration/Awareness Skills,Noncredit CIP,0
1305.40 - Preschool Age Children,CTE,32.0111 - Workforce Development and Training,Noncredit CIP,0
1305.40 - Preschool Age Children,CTE,34.0102 - Birthing and Parenting Knowledge and Skills,Noncredit CIP,0
1305.40 - Preschool Age Children,CTE,36.0105 - Home Maintenance and Improvement,Noncredit CIP,0
1305.40 - Preschool Age Children,CTE,36.0112 - Cooking and Other Domestic Skills,Noncredit CIP,0
1305.40 - Preschool Age Children,CTE,36.0123 - Master Gardener/Gardening,Noncredit CIP,0
1305.50 - The School Age Child,CTE,13.1210 - Early Childhood Education and Teaching,CTE,2
1305.50 - The School Age Child,CTE,19.0706 - Child Development,Not CTE,2
1305.50 - The School Age Child,CTE,19.0709 - Child Care Provider/Assistant,CTE,13
1305.50 - The School Age Child,CTE,32.0107 - Career Exploration/Awareness Skills,Noncredit CIP,0
1305.50 - The School Age Child,CTE,32.0111 - Workforce Development and Training,Noncredit CIP,0
1305.50 - The School Age Child,CTE,34.0102 - Birthing and Parenting Knowledge and Skills,Noncredit CIP,0
1305.50 - The School Age Child,CTE,36.0105 - Home Maintenance and Improvement,Noncredit CIP,0
1305.50 - The School Age Child,CTE,36.0112 - Cooking and Other Domestic Skills,Noncredit CIP,0
1305.50 - The School Age Child,CTE,36.0123 - Master Gardener/Gardening,Noncredit CIP,0
1305.60 - Parenting and Family Education,CTE,"19.0101 - Family and Consumer Sciences/Human Sciences, General",Not CTE,1
1305.60 - Parenting and Family Education,CTE,19.0707 - Family and Community Services,Not CTE,3
1305.60 - Parenting and Family Education,CTE,19.0712 - Parent Education Services,CTE,1
1305.60 - Parenting and Family Education,CTE,32.0107 - Career Exploration/Awareness Skills,Noncredit CIP,0
1305.60 - Parenting and Family Education,CTE,32.0111 - Workforce Development and Training,Noncredit CIP,0
1305.60 - Parenting and Family Education,CTE,34.0102 - Birthing and Parenting Knowledge and Skills,Noncredit CIP,0
1305.60 - Parenting and Family Education,CTE,36.0105 - Home Maintenance and Improvement,Noncredit CIP,0
1305.60 - Parenting and Family Education,CTE,36.0112 - Cooking and Other Domestic Skills,Noncredit CIP,0
1305.60 - Parenting and Family Education,CTE,36.0123 - Master Gardener/Gardening,Noncredit CIP,0
1305.70 - Foster and Kinship Care,CTE,19.0707 - Family and Community Services,Not CTE,2
1305.70 - Foster and Kinship Care,CTE,32.0107 - Career Exploration/Awareness Skills,Noncredit CIP,0
1305.70 - Foster and Kinship Care,CTE,32.0111 - Workforce Development and Training,Noncredit CIP,0
1305.70 - Foster and Kinship Care,CTE,34.0102 - Birthing and Parenting Knowledge and Skills,Noncredit CIP,0
1305.70 - Foster and Kinship Care,CTE,36.0105 - Home Maintenance and Improvement,Noncredit CIP,0
1305.70 - Foster and Kinship Care,CTE,36.0112 - Cooking and Other Domestic Skills,Noncredit CIP,0
1305.70 - Foster and Kinship Care,CTE,36.0123 - Master Gardener/Gardening,Noncredit CIP,0
1305.80 - Child Development Administration and Management,CTE,"13.0401 - Educational Leadership and Administration, General",Not CTE,5
1305.80 - Child Development Administration and Management,CTE,13.0414 - Early Childhood Program Administration,Not CTE,6
1305.80 - Child Development Administration and Management,CTE,13.1202 - Elementary Education and Teaching,CTE,1
1305.80 - Child Development Administration and Management,CTE,13.1210 - Early Childhood Education and Teaching,CTE,1
1305.80 - Child Development Administration and Management,CTE,19.0706 - Child Development,Not CTE,2
1305.80 - Child Development Administration and Management,CTE,19.0708 - Child Care and Support Services Management,Both,24
1305.80 - Child Development Administration and Management,CTE,32.0107 - Career Exploration/Awareness Skills,Noncredit CIP,0
1305.80 - Child Development Administration and Management,CTE,32.0111 - Workforce Development and Training,Noncredit CIP,0
1305.80 - Child Development Administration and Management,CTE,34.0102 - Birthing and Parenting Knowledge and Skills,Noncredit CIP,0
1305.80 - Child Development Administration and Management,CTE,36.0105 - Home Maintenance and Improvement,Noncredit CIP,0
1305.80 - Child Development Administration and Management,CTE,36.0112 - Cooking and Other Domestic Skills,Noncredit CIP,0
1305.80 - Child Development Administration and Management,CTE,36.0123 - Master Gardener/Gardening,Noncredit CIP,0
1305.90 - Infants and Toddlers,CTE,13.1210 - Early Childhood Education and Teaching,CTE,6
1305.90 - Infants and Toddlers,CTE,19.0706 - Child Development,Not CTE,5
1305.90 - Infants and Toddlers,CTE,19.0709 - Child Care Provider/Assistant,CTE,23
1305.90 - Infants and Toddlers,CTE,32.0107 - Career Exploration/Awareness Skills,Noncredit CIP,0
1305.90 - Infants and Toddlers,CTE,32.0111 - Workforce Development and Training,Noncredit CIP,0
1305.90 - Infants and Toddlers,CTE,34.0102 - Birthing and Parenting Knowledge and Skills,Noncredit CIP,0
1305.90 - Infants and Toddlers,CTE,36.0105 - Home Maintenance and Improvement,Noncredit CIP,0
1305.90 - Infants and Toddlers,CTE,36.0112 - Cooking and Other Domestic Skills,Noncredit CIP,0
1305.90 - Infants and Toddlers,CTE,36.0123 - Master Gardener/Gardening,Noncredit CIP,0
"1306.00 - Nutrition, Foods, and Culinary Arts",CTE,"12.0500 - Cooking and Related Culinary Arts, General",CTE,4
"1306.00 - Nutrition, Foods, and Culinary Arts",CTE,12.0510 - Wine Steward/Sommelier,CTE,1
"1306.00 - Nutrition, Foods, and Culinary Arts",CTE,"12.0599 - Culinary Arts and Related Services, Other",Both,3
"1306.00 - Nutrition, Foods, and Culinary Arts",CTE,"19.0501 - Foods, Nutrition, and Wellness Studies, General",Not CTE,64
"1306.00 - Nutrition, Foods, and Culinary Arts",CTE,19.0504 - Human Nutrition,Not CTE,6
"1306.00 - Nutrition, Foods, and Culinary Arts",CTE,32.0107 - Career Exploration/Awareness Skills,Noncredit CIP,0
"1306.00 - Nutrition, Foods, and Culinary Arts",CTE,32.0111 - Workforce Development and Training,Noncredit CIP,0
"1306.00 - Nutrition, Foods, and Culinary Arts",CTE,34.0102 - Birthing and Parenting Knowledge and Skills,Noncredit CIP,0
"1306.00 - Nutrition, Foods, and Culinary Arts",CTE,36.0105 - Home Maintenance and Improvement,Noncredit CIP,0
"1306.00 - Nutrition, Foods, and Culinary Arts",CTE,36.0112 - Cooking and Other Domestic Skills,Noncredit CIP,0
"1306.00 - Nutrition, Foods, and Culinary Arts",CTE,36.0123 - Master Gardener/Gardening,Noncredit CIP,0
"1306.00 - Nutrition, Foods, and Culinary Arts",CTE,51.3101 - Dietetics/Dietitian,CTE,0
"1306.00 - Nutrition, Foods, and Culinary Arts",CTE,51.3102 - Clinical Nutrition/Nutritionist,CTE,0
"1306.00 - Nutrition, Foods, and Culinary Arts",CTE,51.3103 - Dietetic Technician,CTE,1
1306.20 - Dietetic Services and Management,CTE,19.0505 - Foodservice Systems Administration/Management,Both,12
1306.20 - Dietetic Services and Management,CTE,32.0107 - Career Exploration/Awareness Skills,Noncredit CIP,0
1306.20 - Dietetic Services and Management,CTE,32.0111 - Workforce Development and Training,Noncredit CIP,0
1306.20 - Dietetic Services and Management,CTE,34.0102 - Birthing and Parenting Knowledge and Skills,Noncredit CIP,0
1306.20 - Dietetic Services and Management,CTE,36.0105 - Home Maintenance and Improvement,Noncredit CIP,0
1306.20 - Dietetic Services and Management,CTE,36.0112 - Cooking and Other Domestic Skills,Noncredit CIP,0
1306.20 - Dietetic Services and Management,CTE,36.0123 - Master Gardener/Gardening,Noncredit CIP,0
1306.20 - Dietetic Services and Management,CTE,51.3103 - Dietetic Technician,CTE,4
1306.20 - Dietetic Services and Management,CTE,51.3104 - Dietitian Assistant,CTE,2
1306.30 - Culinary Arts,CTE,"12.0500 - Cooking and Related Culinary Arts, General",CTE,43
1306.30 - Culinary Arts,CTE,12.0501 - Baking and Pastry Arts/Baker/Pastry Chef,CTE,23
1306.30 - Culinary Arts,CTE,12.0503 - Culinary Arts/Chef Training,CTE,12
1306.30 - Culinary Arts,CTE,"12.0504 - Restaurant, Culinary, and Catering Management/Manager",CTE,1
1306.30 - Culinary Arts,CTE,12.0505 - Food Preparation/Professional Cooking/Kitchen Assistant,CTE,1
1306.30 - Culinary Arts,CTE,"12.0599 - Culinary Arts and Related Services, Other",Both,1
1306.30 - Culinary Arts,CTE,19.0505 - Foodservice Systems Administration/Management,Both,0
1306.30 - Culinary Arts,CTE,32.0107 - Career Exploration/Awareness Skills,Noncredit CIP,0
1306.30 - Culinary Arts,CTE,32.0111 - Workforce Development and Training,Noncredit CIP,0
1306.30 - Culinary Arts,CTE,34.0102 - Birthing and Parenting Knowledge and Skills,Noncredit CIP,0
1306.30 - Culinary Arts,CTE,36.0105 - Home Maintenance and Improvement,Noncredit CIP,0
1306.30 - Culinary Arts,CTE,36.0112 - Cooking and Other Domestic Skills,Noncredit CIP,0
1306.30 - Culinary Arts,CTE,36.0123 - Master Gardener/Gardening,Noncredit CIP,0
1306.30 - Culinary Arts,CTE,52.0905 - Restaurant/Food Services Management,CTE,1
1306.60 - Dietetic Technology,CTE,"19.0501 - Foods, Nutrition, and Wellness Studies, General",Not CTE,1
1306.60 - Dietetic Technology,CTE,32.0107 - Career Exploration/Awareness Skills,Noncredit CIP,0
1306.60 - Dietetic Technology,CTE,32.0111 - Workforce Development and Training,Noncredit CIP,0
1306.60 - Dietetic Technology,CTE,34.0102 - Birthing and Parenting Knowledge and Skills,Noncredit CIP,0
1306.60 - Dietetic Technology,CTE,36.0105 - Home Maintenance and Improvement,Noncredit CIP,0
1306.60 - Dietetic Technology,CTE,36.0112 - Cooking and Other Domestic Skills,Noncredit CIP,0
1306.60 - Dietetic Technology,CTE,36.0123 - Master Gardener/Gardening,Noncredit CIP,0
1306.60 - Dietetic Technology,CTE,51.3103 - Dietetic Technician,CTE,4
1306.60 - Dietetic Technology,CTE,51.3104 - Dietitian Assistant,CTE,0
1307.00 - Hospitality,CTE,"12.0504 - Restaurant, Culinary, and Catering Management/Manager",CTE,3
1307.00 - Hospitality,CTE,12.0510 - Wine Steward/Sommelier,CTE,1
1307.00 - Hospitality,CTE,32.0107 - Career Exploration/Awareness Skills,Noncredit CIP,0
1307.00 - Hospitality,CTE,32.0111 - Workforce Development and Training,Noncredit CIP,0
1307.00 - Hospitality,CTE,34.0102 - Birthing and Parenting Knowledge and Skills,Noncredit CIP,0
1307.00 - Hospitality,CTE,36.0105 - Home Maintenance and Improvement,Noncredit CIP,0
1307.00 - Hospitality,CTE,36.0112 - Cooking and Other Domestic Skills,Noncredit CIP,0
1307.00 - Hospitality,CTE,36.0123 - Master Gardener/Gardening,Noncredit CIP,0
1307.00 - Hospitality,CTE,"52.0901 - Hospitality Administration/Management, General",CTE,42
1307.00 - Hospitality,CTE,52.0904 - Hotel/Motel Administration/Management,CTE,1
1307.00 - Hospitality,CTE,52.0907 - Meeting and Event Planning,CTE,3
1307.00 - Hospitality,CTE,"52.0909 - Hotel, Motel, and Restaurant Management",CTE,4
1307.00 - Hospitality,CTE,52.1905 - Tourism and Travel Services Marketing Operations,CTE,2
1307.10 - Restaurant and Food Services and Management,CTE,"12.0504 - Restaurant, Culinary, and Catering Management/Manager",CTE,21
1307.10 - Restaurant and Food Services and Management,CTE,"12.0507 - Food Service, Waiter/Waitress, and Dining Room Management/Manager",CTE,1
1307.10 - Restaurant and Food Services and Management,CTE,19.0505 - Foodservice Systems Administration/Management,Both,3
1307.10 - Restaurant and Food Services and Management,CTE,32.0107 - Career Exploration/Awareness Skills,Noncredit CIP,0
1307.10 - Restaurant and Food Services and Management,CTE,32.0111 - Workforce Development and Training,Noncredit CIP,0
1307.10 - Restaurant and Food Services and Management,CTE,34.0102 - Birthing and Parenting Knowledge and Skills,Noncredit CIP,0
1307.10 - Restaurant and Food Services and Management,CTE,36.0105 - Home Maintenance and Improvement,Noncredit CIP,0
1307.10 - Restaurant and Food Services and Management,CTE,36.0112 - Cooking and Other Domestic Skills,Noncredit CIP,0
1307.10 - Restaurant and Food Services and Management,CTE,36.0123 - Master Gardener/Gardening,Noncredit CIP,0
1307.10 - Restaurant and Food Services and Management,CTE,"52.0901 - Hospitality Administration/Management, General",CTE,1
1307.10 - Restaurant and Food Services and Management,CTE,52.0905 - Restaurant/Food Services Management,CTE,1
1307.10 - Restaurant and Food Services and Management,CTE,52.0910 - Brewery/Brewpub Operations/Management,CTE,0
1307.20 - Lodging Management,CTE,32.0107 - Career Exploration/Awareness Skills,Noncredit CIP,0
1307.20 - Lodging Management,CTE,32.0111 - Workforce Development and Training,Noncredit CIP,0
1307.20 - Lodging Management,CTE,34.0102 - Birthing and Parenting Knowledge and Skills,Noncredit CIP,0
1307.20 - Lodging Management,CTE,36.0105 - Home Maintenance and Improvement,Noncredit CIP,0
1307.20 - Lodging Management,CTE,36.0112 - Cooking and Other Domestic Skills,Noncredit CIP,0
1307.20 - Lodging Management,CTE,36.0123 - Master Gardener/Gardening,Noncredit CIP,0
1307.20 - Lodging Management,CTE,52.0904 - Hotel/Motel Administration/Management,CTE,6
1307.30 - Resort and Club Management,CTE,"12.0601 - Casino Operations and Services, General",Not CTE,0
1307.30 - Resort and Club Management,CTE,31.0302 - Golf Course Operation and Grounds Management,CTE,1
1307.30 - Resort and Club Management,CTE,32.0107 - Career Exploration/Awareness Skills,Noncredit CIP,0
1307.30 - Resort and Club Management,CTE,32.0111 - Workforce Development and Training,Noncredit CIP,0
1307.30 - Resort and Club Management,CTE,34.0102 - Birthing and Parenting Knowledge and Skills,Noncredit CIP,0
1307.30 - Resort and Club Management,CTE,36.0105 - Home Maintenance and Improvement,Noncredit CIP,0
1307.30 - Resort and Club Management,CTE,36.0112 - Cooking and Other Domestic Skills,Noncredit CIP,0
1307.30 - Resort and Club Management,CTE,36.0123 - Master Gardener/Gardening,Noncredit CIP,0
1307.30 - Resort and Club Management,CTE,52.0906 - Resort Management,CTE,0
1307.30 - Resort and Club Management,CTE,52.0908 - Casino Management,CTE,0
1308.00 - Family Studies,CTE,"19.0101 - Family and Consumer Sciences/Human Sciences, General",Not CTE,1
1308.00 - Family Studies,CTE,"19.0401 - Family Resource Management Studies, General",Not CTE,0
1308.00 - Family Studies,CTE,"19.0499 - Family and Consumer Economics and Related Services, Other",Both,1
1308.00 - Family Studies,CTE,"19.0701 - Human Development and Family Studies, General",Not CTE,4
1308.00 - Family Studies,CTE,32.0107 - Career Exploration/Awareness Skills,Noncredit CIP,0
1308.00 - Family Studies,CTE,32.0111 - Workforce Development and Training,Noncredit CIP,0
1308.00 - Family Studies,CTE,34.0102 - Birthing and Parenting Knowledge and Skills,Noncredit CIP,0
1308.00 - Family Studies,CTE,36.0105 - Home Maintenance and Improvement,Noncredit CIP,0
1308.00 - Family Studies,CTE,36.0112 - Cooking and Other Domestic Skills,Noncredit CIP,0
1308.00 - Family Studies,CTE,36.0123 - Master Gardener/Gardening,Noncredit CIP,0
1309.00 - Gerontology,CTE,"19.0499 - Family and Consumer Economics and Related Services, Other",Both,0
1309.00 - Gerontology,CTE,19.0702 - Adult Development and Aging,Not CTE,7
1309.00 - Gerontology,CTE,30.1101 - Gerontology,Not CTE,6
1309.00 - Gerontology,CTE,32.0107 - Career Exploration/Awareness Skills,Noncredit CIP,0
1309.00 - Gerontology,CTE,32.0111 - Workforce Development and Training,Noncredit CIP,0
1309.00 - Gerontology,CTE,36.0105 - Home Maintenance and Improvement,Noncredit CIP,0
1309.00 - Gerontology,CTE,36.0112 - Cooking and Other Domestic Skills,Noncredit CIP,0
1309.00 - Gerontology,CTE,36.0123 - Master Gardener/Gardening,Noncredit CIP,0
1399.00 - Other Family and Consumer Sciences,CTE,"19.9999 - Family and Consumer Sciences/Human Sciences, Other",Both,0
1399.00 - Other Family and Consumer Sciences,CTE,32.0107 - Career Exploration/Awareness Skills,Noncredit CIP,0
1399.00 - Other Family and Consumer Sciences,CTE,32.0111 - Workforce Development and Training,Noncredit CIP,0
1399.00 - Other Family and Consumer Sciences,CTE,36.0105 - Home Maintenance and Improvement,Noncredit CIP,0
1399.00 - Other Family and Consumer Sciences,CTE,36.0112 - Cooking and Other Domestic Skills,Noncredit CIP,0
1399.00 - Other Family and Consumer Sciences,CTE,36.0123 - Master Gardener/Gardening,Noncredit CIP,0
"1401.00 - Law, General",Not CTE,22.0000 - Legal Studies,Not CTE,55
1402.00 - Paralegal,CTE,22.0302 - Legal Assistant/Paralegal,CTE,36
1402.00 - Paralegal,CTE,32.0107 - Career Exploration/Awareness Skills,Noncredit CIP,0
1402.00 - Paralegal,CTE,32.0111 - Workforce Development and Training,Noncredit CIP,0
1499.00 - Other Law,Not CTE,"22.0399 - Legal Support Services, Other",Both,0
1499.00 - Other Law,Not CTE,"22.9999 - Legal Professions and Studies, Other",Both,0
1501.00 - English,Not CTE,"23.0101 - English Language and Literature, General",Not CTE,93
1501.00 - English,Not CTE,"32.0101 - Basic Skills and Developmental/Remedial Education, General",Noncredit CIP,0
1501.00 - English,Not CTE,32.0104 - Developmental/Remedial Mathematics,Noncredit CIP,0
1501.00 - English,Not CTE,32.0105 - Job-Seeking/Changing Skills,Noncredit CIP,0
1501.00 - English,Not CTE,32.0107 - Career Exploration/Awareness Skills,Noncredit CIP,0
1501.00 - English,Not CTE,32.0108 - Developmental/Remedial English,Noncredit CIP,3
1501.00 - English,Not CTE,32.0109 - Second Language Learning,Noncredit CIP,0
1501.00 - English,Not CTE,32.0110 - Basic Computer Skills,Noncredit CIP,0
1501.00 - English,Not CTE,32.0111 - Workforce Development and Training,Noncredit CIP,0
1501.00 - English,Not CTE,32.0112 - Accent Reduction/Modification,Noncredit CIP,0
1501.00 - English,Not CTE,"32.0199 - Basic Skills and Developmental/Remedial Education, Other",Noncredit CIP,0
1501.00 - English,Not CTE,"32.0201 - Exam Preparation and Test-Taking Skills, General",Noncredit CIP,0
1501.00 - English,Not CTE,32.0202 - High School Equivalent Exam Preparation,Noncredit CIP,0
1501.00 - English,Not CTE,32.0203 - Undergraduate Entrance/Placement Examination Preparation,Noncredit CIP,0
1501.00 - English,Not CTE,32.0204 - Graduate/Professional School Entrance Examination Preparation,Noncredit CIP,0
1501.00 - English,Not CTE,32.0205 - Professional Certification/Licensure Examination Preparation,Noncredit CIP,0
1501.00 - English,Not CTE,"32.0299 - General Exam Preparation and Test-Taking Skills, Other",Noncredit CIP,0
1501.10 - Linguistics,Not CTE,16.0102 - Linguistics,Not CTE,3
1501.10 - Linguistics,Not CTE,"32.0101 - Basic Skills and Developmental/Remedial Education, General",Noncredit CIP,0
1501.10 - Linguistics,Not CTE,32.0104 - Developmental/Remedial Mathematics,Noncredit CIP,0
1501.10 - Linguistics,Not CTE,32.0105 - Job-Seeking/Changing Skills,Noncredit CIP,0
1501.10 - Linguistics,Not CTE,32.0107 - Career Exploration/Awareness Skills,Noncredit CIP,0
1501.10 - Linguistics,Not CTE,32.0108 - Developmental/Remedial English,Noncredit CIP,0
1501.10 - Linguistics,Not CTE,32.0109 - Second Language Learning,Noncredit CIP,0
1501.10 - Linguistics,Not CTE,32.0110 - Basic Computer Skills,Noncredit CIP,0
1501.10 - Linguistics,Not CTE,32.0111 - Workforce Development and Training,Noncredit CIP,0
1501.10 - Linguistics,Not CTE,32.0112 - Accent Reduction/Modification,Noncredit CIP,0
1501.10 - Linguistics,Not CTE,"32.0199 - Basic Skills and Developmental/Remedial Education, Other",Noncredit CIP,0
1501.10 - Linguistics,Not CTE,"32.0201 - Exam Preparation and Test-Taking Skills, General",Noncredit CIP,0
1501.10 - Linguistics,Not CTE,32.0202 - High School Equivalent Exam Preparation,Noncredit CIP,0
1501.10 - Linguistics,Not CTE,32.0203 - Undergraduate Entrance/Placement Examination Preparation,Noncredit CIP,0
1501.10 - Linguistics,Not CTE,32.0204 - Graduate/Professional School Entrance Examination Preparation,Noncredit CIP,0
1501.10 - Linguistics,Not CTE,32.0205 - Professional Certification/Licensure Examination Preparation,Noncredit CIP,0
1501.10 - Linguistics,Not CTE,"32.0299 - General Exam Preparation and Test-Taking Skills, Other",Noncredit CIP,0
1502.00 - Language Arts,Not CTE,"23.9999 - English Language and Literature/Letters, Other",Both,4
1502.00 - Language Arts,Not CTE,"32.0101 - Basic Skills and Developmental/Remedial Education, General",Noncredit CIP,0
1502.00 - Language Arts,Not CTE,32.0104 - Developmental/Remedial Mathematics,Noncredit CIP,0
1502.00 - Language Arts,Not CTE,32.0105 - Job-Seeking/Changing Skills,Noncredit CIP,0
1502.00 - Language Arts,Not CTE,32.0107 - Career Exploration/Awareness Skills,Noncredit CIP,0
1502.00 - Language Arts,Not CTE,32.0108 - Developmental/Remedial English,Noncredit CIP,0
1502.00 - Language Arts,Not CTE,32.0109 - Second Language Learning,Noncredit CIP,0
1502.00 - Language Arts,Not CTE,32.0110 - Basic Computer Skills,Noncredit CIP,0
1502.00 - Language Arts,Not CTE,32.0111 - Workforce Development and Training,Noncredit CIP,0
1502.00 - Language Arts,Not CTE,32.0112 - Accent Reduction/Modification,Noncredit CIP,0
1502.00 - Language Arts,Not CTE,"32.0199 - Basic Skills and Developmental/Remedial Education, Other",Noncredit CIP,0
1502.00 - Language Arts,Not CTE,"32.0201 - Exam Preparation and Test-Taking Skills, General",Noncredit CIP,0
1502.00 - Language Arts,Not CTE,32.0202 - High School Equivalent Exam Preparation,Noncredit CIP,0
1502.00 - Language Arts,Not CTE,32.0203 - Undergraduate Entrance/Placement Examination Preparation,Noncredit CIP,0
1502.00 - Language Arts,Not CTE,32.0204 - Graduate/Professional School Entrance Examination Preparation,Noncredit CIP,0
1502.00 - Language Arts,Not CTE,32.0205 - Professional Certification/Licensure Examination Preparation,Noncredit CIP,0
1502.00 - Language Arts,Not CTE,"32.0299 - General Exam Preparation and Test-Taking Skills, Other",Noncredit CIP,0
1503.00 - Comparative Literature,Not CTE,16.0104 - Comparative Literature,Not CTE,0
1503.00 - Comparative Literature,Not CTE,"32.0101 - Basic Skills and Developmental/Remedial Education, General",Noncredit CIP,0
1503.00 - Comparative Literature,Not CTE,32.0104 - Developmental/Remedial Mathematics,Noncredit CIP,0
1503.00 - Comparative Literature,Not CTE,32.0105 - Job-Seeking/Changing Skills,Noncredit CIP,0
1503.00 - Comparative Literature,Not CTE,32.0107 - Career Exploration/Awareness Skills,Noncredit CIP,0
1503.00 - Comparative Literature,Not CTE,32.0108 - Developmental/Remedial English,Noncredit CIP,0
1503.00 - Comparative Literature,Not CTE,32.0109 - Second Language Learning,Noncredit CIP,0
1503.00 - Comparative Literature,Not CTE,32.0110 - Basic Computer Skills,Noncredit CIP,0
1503.00 - Comparative Literature,Not CTE,32.0111 - Workforce Development and Training,Noncredit CIP,0
1503.00 - Comparative Literature,Not CTE,32.0112 - Accent Reduction/Modification,Noncredit CIP,0
1503.00 - Comparative Literature,Not CTE,"32.0199 - Basic Skills and Developmental/Remedial Education, Other",Noncredit CIP,0
1503.00 - Comparative Literature,Not CTE,"32.0201 - Exam Preparation and Test-Taking Skills, General",Noncredit CIP,0
1503.00 - Comparative Literature,Not CTE,32.0202 - High School Equivalent Exam Preparation,Noncredit CIP,0
1503.00 - Comparative Literature,Not CTE,32.0203 - Undergraduate Entrance/Placement Examination Preparation,Noncredit CIP,0
1503.00 - Comparative Literature,Not CTE,32.0204 - Graduate/Professional School Entrance Examination Preparation,Noncredit CIP,0
1503.00 - Comparative Literature,Not CTE,32.0205 - Professional Certification/Licensure Examination Preparation,Noncredit CIP,0
1503.00 - Comparative Literature,Not CTE,"32.0299 - General Exam Preparation and Test-Taking Skills, Other",Noncredit CIP,0
1504.00 - Classics,Not CTE,"16.1200 - Classics and Classical Languages, Literatures, and Linguistics, General",Not CTE,0
1504.00 - Classics,Not CTE,"32.0101 - Basic Skills and Developmental/Remedial Education, General",Noncredit CIP,0
1504.00 - Classics,Not CTE,32.0104 - Developmental/Remedial Mathematics,Noncredit CIP,0
1504.00 - Classics,Not CTE,32.0105 - Job-Seeking/Changing Skills,Noncredit CIP,0
1504.00 - Classics,Not CTE,32.0107 - Career Exploration/Awareness Skills,Noncredit CIP,0
1504.00 - Classics,Not CTE,32.0108 - Developmental/Remedial English,Noncredit CIP,0
1504.00 - Classics,Not CTE,32.0109 - Second Language Learning,Noncredit CIP,0
1504.00 - Classics,Not CTE,32.0110 - Basic Computer Skills,Noncredit CIP,0
1504.00 - Classics,Not CTE,32.0111 - Workforce Development and Training,Noncredit CIP,0
1504.00 - Classics,Not CTE,32.0112 - Accent Reduction/Modification,Noncredit CIP,0
1504.00 - Classics,Not CTE,"32.0199 - Basic Skills and Developmental/Remedial Education, Other",Noncredit CIP,0
1504.00 - Classics,Not CTE,"32.0201 - Exam Preparation and Test-Taking Skills, General",Noncredit CIP,0
1504.00 - Classics,Not CTE,32.0202 - High School Equivalent Exam Preparation,Noncredit CIP,0
1504.00 - Classics,Not CTE,32.0203 - Undergraduate Entrance/Placement Examination Preparation,Noncredit CIP,0
1504.00 - Classics,Not CTE,32.0204 - Graduate/Professional School Entrance Examination Preparation,Noncredit CIP,0
1504.00 - Classics,Not CTE,32.0205 - Professional Certification/Licensure Examination Preparation,Noncredit CIP,0
1504.00 - Classics,Not CTE,"32.0299 - General Exam Preparation and Test-Taking Skills, Other",Noncredit CIP,0
1506.00 - Speech Communication,Not CTE,"09.0100 - Communication, General",Not CTE,2
1506.00 - Speech Communication,Not CTE,09.0101 - Speech Communication and Rhetoric,Not CTE,108
1506.00 - Speech Communication,Not CTE,"32.0101 - Basic Skills and Developmental/Remedial Education, General",Noncredit CIP,0
1506.00 - Speech Communication,Not CTE,32.0104 - Developmental/Remedial Mathematics,Noncredit CIP,0
1506.00 - Speech Communication,Not CTE,32.0105 - Job-Seeking/Changing Skills,Noncredit CIP,0
1506.00 - Speech Communication,Not CTE,32.0107 - Career Exploration/Awareness Skills,Noncredit CIP,0
1506.00 - Speech Communication,Not CTE,32.0108 - Developmental/Remedial English,Noncredit CIP,0
1506.00 - Speech Communication,Not CTE,32.0109 - Second Language Learning,Noncredit CIP,0
1506.00 - Speech Communication,Not CTE,32.0110 - Basic Computer Skills,Noncredit CIP,0
1506.00 - Speech Communication,Not CTE,32.0111 - Workforce Development and Training,Noncredit CIP,0
1506.00 - Speech Communication,Not CTE,32.0112 - Accent Reduction/Modification,Noncredit CIP,0
1506.00 - Speech Communication,Not CTE,"32.0199 - Basic Skills and Developmental/Remedial Education, Other",Noncredit CIP,0
1506.00 - Speech Communication,Not CTE,"32.0201 - Exam Preparation and Test-Taking Skills, General",Noncredit CIP,0
1506.00 - Speech Communication,Not CTE,32.0202 - High School Equivalent Exam Preparation,Noncredit CIP,0
1506.00 - Speech Communication,Not CTE,32.0203 - Undergraduate Entrance/Placement Examination Preparation,Noncredit CIP,0
1506.00 - Speech Communication,Not CTE,32.0204 - Graduate/Professional School Entrance Examination Preparation,Noncredit CIP,0
1506.00 - Speech Communication,Not CTE,32.0205 - Professional Certification/Licensure Examination Preparation,Noncredit CIP,0
1506.00 - Speech Communication,Not CTE,"32.0299 - General Exam Preparation and Test-Taking Skills, Other",Noncredit CIP,0
1507.00 - Creative Writing,Not CTE,16.0102 - Linguistics,Not CTE,1
1507.00 - Creative Writing,Not CTE,23.1302 - Creative Writing,Not CTE,22
1507.00 - Creative Writing,Not CTE,"32.0101 - Basic Skills and Developmental/Remedial Education, General",Noncredit CIP,0
1507.00 - Creative Writing,Not CTE,32.0104 - Developmental/Remedial Mathematics,Noncredit CIP,0
1507.00 - Creative Writing,Not CTE,32.0105 - Job-Seeking/Changing Skills,Noncredit CIP,0
1507.00 - Creative Writing,Not CTE,32.0107 - Career Exploration/Awareness Skills,Noncredit CIP,0
1507.00 - Creative Writing,Not CTE,32.0108 - Developmental/Remedial English,Noncredit CIP,0
1507.00 - Creative Writing,Not CTE,32.0109 - Second Language Learning,Noncredit CIP,0
1507.00 - Creative Writing,Not CTE,32.0110 - Basic Computer Skills,Noncredit CIP,0
1507.00 - Creative Writing,Not CTE,32.0111 - Workforce Development and Training,Noncredit CIP,0
1507.00 - Creative Writing,Not CTE,32.0112 - Accent Reduction/Modification,Noncredit CIP,0
1507.00 - Creative Writing,Not CTE,"32.0199 - Basic Skills and Developmental/Remedial Education, Other",Noncredit CIP,0
1507.00 - Creative Writing,Not CTE,"32.0201 - Exam Preparation and Test-Taking Skills, General",Noncredit CIP,0
1507.00 - Creative Writing,Not CTE,32.0202 - High School Equivalent Exam Preparation,Noncredit CIP,0
1507.00 - Creative Writing,Not CTE,32.0203 - Undergraduate Entrance/Placement Examination Preparation,Noncredit CIP,0
1507.00 - Creative Writing,Not CTE,32.0204 - Graduate/Professional School Entrance Examination Preparation,Noncredit CIP,0
1507.00 - Creative Writing,Not CTE,32.0205 - Professional Certification/Licensure Examination Preparation,Noncredit CIP,0
1507.00 - Creative Writing,Not CTE,"32.0299 - General Exam Preparation and Test-Taking Skills, Other",Noncredit CIP,0
1507.00 - Creative Writing,Not CTE,50.0504 - Playwriting and Screenwriting,Not CTE,0
1509.00 - Philosophy,Not CTE,"32.0101 - Basic Skills and Developmental/Remedial Education, General",Noncredit CIP,0
1509.00 - Philosophy,Not CTE,32.0104 - Developmental/Remedial Mathematics,Noncredit CIP,0
1509.00 - Philosophy,Not CTE,32.0105 - Job-Seeking/Changing Skills,Noncredit CIP,0
1509.00 - Philosophy,Not CTE,32.0107 - Career Exploration/Awareness Skills,Noncredit CIP,0
1509.00 - Philosophy,Not CTE,32.0108 - Developmental/Remedial English,Noncredit CIP,0
1509.00 - Philosophy,Not CTE,32.0109 - Second Language Learning,Noncredit CIP,0
1509.00 - Philosophy,Not CTE,32.0110 - Basic Computer Skills,Noncredit CIP,0
1509.00 - Philosophy,Not CTE,32.0111 - Workforce Development and Training,Noncredit CIP,0
1509.00 - Philosophy,Not CTE,32.0112 - Accent Reduction/Modification,Noncredit CIP,0
1509.00 - Philosophy,Not CTE,"32.0199 - Basic Skills and Developmental/Remedial Education, Other",Noncredit CIP,0
1509.00 - Philosophy,Not CTE,"32.0201 - Exam Preparation and Test-Taking Skills, General",Noncredit CIP,0
1509.00 - Philosophy,Not CTE,32.0202 - High School Equivalent Exam Preparation,Noncredit CIP,0
1509.00 - Philosophy,Not CTE,32.0203 - Undergraduate Entrance/Placement Examination Preparation,Noncredit CIP,0
1509.00 - Philosophy,Not CTE,32.0204 - Graduate/Professional School Entrance Examination Preparation,Noncredit CIP,0
1509.00 - Philosophy,Not CTE,32.0205 - Professional Certification/Licensure Examination Preparation,Noncredit CIP,0
1509.00 - Philosophy,Not CTE,"32.0299 - General Exam Preparation and Test-Taking Skills, Other",Noncredit CIP,0
1509.00 - Philosophy,Not CTE,38.0101 - Philosophy,Not CTE,70
1510.00 - Religious Studies,Not CTE,"32.0101 - Basic Skills and Developmental/Remedial Education, General",Noncredit CIP,0
1510.00 - Religious Studies,Not CTE,32.0104 - Developmental/Remedial Mathematics,Noncredit CIP,0
1510.00 - Religious Studies,Not CTE,32.0105 - Job-Seeking/Changing Skills,Noncredit CIP,0
1510.00 - Religious Studies,Not CTE,32.0107 - Career Exploration/Awareness Skills,Noncredit CIP,0
1510.00 - Religious Studies,Not CTE,32.0108 - Developmental/Remedial English,Noncredit CIP,0
1510.00 - Religious Studies,Not CTE,32.0109 - Second Language Learning,Noncredit CIP,0
1510.00 - Religious Studies,Not CTE,32.0110 - Basic Computer Skills,Noncredit CIP,0
1510.00 - Religious Studies,Not CTE,32.0111 - Workforce Development and Training,Noncredit CIP,0
1510.00 - Religious Studies,Not CTE,32.0112 - Accent Reduction/Modification,Noncredit CIP,0
1510.00 - Religious Studies,Not CTE,"32.0199 - Basic Skills and Developmental/Remedial Education, Other",Noncredit CIP,0
1510.00 - Religious Studies,Not CTE,"32.0201 - Exam Preparation and Test-Taking Skills, General",Noncredit CIP,0
1510.00 - Religious Studies,Not CTE,32.0202 - High School Equivalent Exam Preparation,Noncredit CIP,0
1510.00 - Religious Studies,Not CTE,32.0203 - Undergraduate Entrance/Placement Examination Preparation,Noncredit CIP,0
1510.00 - Religious Studies,Not CTE,32.0204 - Graduate/Professional School Entrance Examination Preparation,Noncredit CIP,0
1510.00 - Religious Studies,Not CTE,32.0205 - Professional Certification/Licensure Examination Preparation,Noncredit CIP,0
1510.00 - Religious Studies,Not CTE,"32.0299 - General Exam Preparation and Test-Taking Skills, Other",Noncredit CIP,0
1510.00 - Religious Studies,Not CTE,38.0201 - Religion/Religious Studies,Not CTE,8
1520.00 - Reading,Not CTE,"23.0101 - English Language and Literature, General",Not CTE,3
1520.00 - Reading,Not CTE,"32.0101 - Basic Skills and Developmental/Remedial Education, General",Noncredit CIP,1
1520.00 - Reading,Not CTE,32.0104 - Developmental/Remedial Mathematics,Noncredit CIP,0
1520.00 - Reading,Not CTE,32.0105 - Job-Seeking/Changing Skills,Noncredit CIP,0
1520.00 - Reading,Not CTE,32.0107 - Career Exploration/Awareness Skills,Noncredit CIP,0
1520.00 - Reading,Not CTE,32.0108 - Developmental/Remedial English,Noncredit CIP,0
1520.00 - Reading,Not CTE,32.0109 - Second Language Learning,Noncredit CIP,0
1520.00 - Reading,Not CTE,32.0110 - Basic Computer Skills,Noncredit CIP,0
1520.00 - Reading,Not CTE,32.0111 - Workforce Development and Training,Noncredit CIP,0
1520.00 - Reading,Not CTE,32.0112 - Accent Reduction/Modification,Noncredit CIP,0
1520.00 - Reading,Not CTE,"32.0199 - Basic Skills and Developmental/Remedial Education, Other",Noncredit CIP,0
1520.00 - Reading,Not CTE,"32.0201 - Exam Preparation and Test-Taking Skills, General",Noncredit CIP,0
1520.00 - Reading,Not CTE,32.0202 - High School Equivalent Exam Preparation,Noncredit CIP,0
1520.00 - Reading,Not CTE,32.0203 - Undergraduate Entrance/Placement Examination Preparation,Noncredit CIP,0
1520.00 - Reading,Not CTE,32.0204 - Graduate/Professional School Entrance Examination Preparation,Noncredit CIP,0
1520.00 - Reading,Not CTE,32.0205 - Professional Certification/Licensure Examination Preparation,Noncredit CIP,0
1520.00 - Reading,Not CTE,"32.0299 - General Exam Preparation and Test-Taking Skills, Other",Noncredit CIP,0
1599.00 - Other Humanities,Not CTE,"24.0199 - Liberal Arts and Sciences, General Studies and Humanities, Other",Both,4
1599.00 - Other Humanities,Not CTE,"32.0101 - Basic Skills and Developmental/Remedial Education, General",Noncredit CIP,0
1599.00 - Other Humanities,Not CTE,32.0104 - Developmental/Remedial Mathematics,Noncredit CIP,0
1599.00 - Other Humanities,Not CTE,32.0105 - Job-Seeking/Changing Skills,Noncredit CIP,0
1599.00 - Other Humanities,Not CTE,32.0107 - Career Exploration/Awareness Skills,Noncredit CIP,0
1599.00 - Other Humanities,Not CTE,32.0108 - Developmental/Remedial English,Noncredit CIP,0
1599.00 - Other Humanities,Not CTE,32.0109 - Second Language Learning,Noncredit CIP,0
1599.00 - Other Humanities,Not CTE,32.0110 - Basic Computer Skills,Noncredit CIP,0
1599.00 - Other Humanities,Not CTE,32.0111 - Workforce Development and Training,Noncredit CIP,0
1599.00 - Other Humanities,Not CTE,32.0112 - Accent Reduction/Modification,Noncredit CIP,0
1599.00 - Other Humanities,Not CTE,"32.0199 - Basic Skills and Developmental/Remedial Education, Other",Noncredit CIP,0
1599.00 - Other Humanities,Not CTE,"32.0201 - Exam Preparation and Test-Taking Skills, General",Noncredit CIP,0
1599.00 - Other Humanities,Not CTE,32.0202 - High School Equivalent Exam Preparation,Noncredit CIP,0
1599.00 - Other Humanities,Not CTE,32.0203 - Undergraduate Entrance/Placement Examination Preparation,Noncredit CIP,0
1599.00 - Other Humanities,Not CTE,32.0204 - Graduate/Professional School Entrance Examination Preparation,Noncredit CIP,0
1599.00 - Other Humanities,Not CTE,32.0205 - Professional Certification/Licensure Examination Preparation,Noncredit CIP,0
1599.00 - Other Humanities,Not CTE,"32.0299 - General Exam Preparation and Test-Taking Skills, Other",Noncredit CIP,0
"1601.00 - Library Science, General",Not CTE,25.0101 - Library and Information Science,Not CTE,2
"1601.00 - Library Science, General",Not CTE,"32.0101 - Basic Skills and Developmental/Remedial Education, General",Noncredit CIP,0
"1601.00 - Library Science, General",Not CTE,32.0104 - Developmental/Remedial Mathematics,Noncredit CIP,0
"1601.00 - Library Science, General",Not CTE,32.0105 - Job-Seeking/Changing Skills,Noncredit CIP,0
"1601.00 - Library Science, General",Not CTE,32.0107 - Career Exploration/Awareness Skills,Noncredit CIP,0
"1601.00 - Library Science, General",Not CTE,32.0108 - Developmental/Remedial English,Noncredit CIP,0
"1601.00 - Library Science, General",Not CTE,32.0109 - Second Language Learning,Noncredit CIP,0
"1601.00 - Library Science, General",Not CTE,32.0110 - Basic Computer Skills,Noncredit CIP,0
"1601.00 - Library Science, General",Not CTE,32.0111 - Workforce Development and Training,Noncredit CIP,0
"1601.00 - Library Science, General",Not CTE,32.0112 - Accent Reduction/Modification,Noncredit CIP,0
"1601.00 - Library Science, General",Not CTE,"32.0199 - Basic Skills and Developmental/Remedial Education, Other",Noncredit CIP,0
"1601.00 - Library Science, General",Not CTE,"32.0201 - Exam Preparation and Test-Taking Skills, General",Noncredit CIP,0
"1601.00 - Library Science, General",Not CTE,32.0202 - High School Equivalent Exam Preparation,Noncredit CIP,0
"1601.00 - Library Science, General",Not CTE,32.0203 - Undergraduate Entrance/Placement Examination Preparation,Noncredit CIP,0
"1601.00 - Library Science, General",Not CTE,32.0204 - Graduate/Professional School Entrance Examination Preparation,Noncredit CIP,0
"1601.00 - Library Science, General",Not CTE,32.0205 - Professional Certification/Licensure Examination Preparation,Noncredit CIP,0
"1601.00 - Library Science, General",Not CTE,"32.0299 - General Exam Preparation and Test-Taking Skills, Other",Noncredit CIP,0
1602.00 - Library Technician (Aide),CTE,25.0301 - Library and Archives Assisting,CTE,11
1602.00 - Library Technician (Aide),CTE,"32.0101 - Basic Skills and Developmental/Remedial Education, General",Noncredit CIP,0
1602.00 - Library Technician (Aide),CTE,32.0104 - Developmental/Remedial Mathematics,Noncredit CIP,0
1602.00 - Library Technician (Aide),CTE,32.0105 - Job-Seeking/Changing Skills,Noncredit CIP,0
1602.00 - Library Technician (Aide),CTE,32.0107 - Career Exploration/Awareness Skills,Noncredit CIP,0
1602.00 - Library Technician (Aide),CTE,32.0108 - Developmental/Remedial English,Noncredit CIP,0
1602.00 - Library Technician (Aide),CTE,32.0109 - Second Language Learning,Noncredit CIP,0
1602.00 - Library Technician (Aide),CTE,32.0110 - Basic Computer Skills,Noncredit CIP,0
1602.00 - Library Technician (Aide),CTE,32.0111 - Workforce Development and Training,Noncredit CIP,0
1602.00 - Library Technician (Aide),CTE,32.0112 - Accent Reduction/Modification,Noncredit CIP,0
1602.00 - Library Technician (Aide),CTE,"32.0199 - Basic Skills and Developmental/Remedial Education, Other",Noncredit CIP,0
1602.00 - Library Technician (Aide),CTE,"32.0201 - Exam Preparation and Test-Taking Skills, General",Noncredit CIP,0
1602.00 - Library Technician (Aide),CTE,32.0202 - High School Equivalent Exam Preparation,Noncredit CIP,0
1602.00 - Library Technician (Aide),CTE,32.0203 - Undergraduate Entrance/Placement Examination Preparation,Noncredit CIP,0
1602.00 - Library Technician (Aide),CTE,32.0204 - Graduate/Professional School Entrance Examination Preparation,Noncredit CIP,0
1602.00 - Library Technician (Aide),CTE,32.0205 - Professional Certification/Licensure Examination Preparation,Noncredit CIP,0
1602.00 - Library Technician (Aide),CTE,"32.0299 - General Exam Preparation and Test-Taking Skills, Other",Noncredit CIP,0
1699.00 - Other Library Science,Not CTE,"25.9999 - Library Science, Other",Both,0
1699.00 - Other Library Science,Not CTE,"32.0101 - Basic Skills and Developmental/Remedial Education, General",Noncredit CIP,0
1699.00 - Other Library Science,Not CTE,32.0104 - Developmental/Remedial Mathematics,Noncredit CIP,0
1699.00 - Other Library Science,Not CTE,32.0105 - Job-Seeking/Changing Skills,Noncredit CIP,0
1699.00 - Other Library Science,Not CTE,32.0107 - Career Exploration/Awareness Skills,Noncredit CIP,0
1699.00 - Other Library Science,Not CTE,32.0108 - Developmental/Remedial English,Noncredit CIP,0
1699.00 - Other Library Science,Not CTE,32.0109 - Second Language Learning,Noncredit CIP,0
1699.00 - Other Library Science,Not CTE,32.0110 - Basic Computer Skills,Noncredit CIP,0
1699.00 - Other Library Science,Not CTE,32.0111 - Workforce Development and Training,Noncredit CIP,0
1699.00 - Other Library Science,Not CTE,32.0112 - Accent Reduction/Modification,Noncredit CIP,0
1699.00 - Other Library Science,Not CTE,"32.0199 - Basic Skills and Developmental/Remedial Education, Other",Noncredit CIP,0
1699.00 - Other Library Science,Not CTE,"32.0201 - Exam Preparation and Test-Taking Skills, General",Noncredit CIP,0
1699.00 - Other Library Science,Not CTE,32.0202 - High School Equivalent Exam Preparation,Noncredit CIP,0
1699.00 - Other Library Science,Not CTE,32.0203 - Undergraduate Entrance/Placement Examination Preparation,Noncredit CIP,0
1699.00 - Other Library Science,Not CTE,32.0204 - Graduate/Professional School Entrance Examination Preparation,Noncredit CIP,0
1699.00 - Other Library Science,Not CTE,32.0205 - Professional Certification/Licensure Examination Preparation,Noncredit CIP,0
1699.00 - Other Library Science,Not CTE,"32.0299 - General Exam Preparation and Test-Taking Skills, Other",Noncredit CIP,0
"1701.00 - Mathematics, General",Not CTE,"27.0101 - Mathematics, General",Not CTE,91
"1701.00 - Mathematics, General",Not CTE,"32.0101 - Basic Skills and Developmental/Remedial Education, General",Noncredit CIP,0
"1701.00 - Mathematics, General",Not CTE,32.0104 - Developmental/Remedial Mathematics,Noncredit CIP,0
"1701.00 - Mathematics, General",Not CTE,32.0105 - Job-Seeking/Changing Skills,Noncredit CIP,0
"1701.00 - Mathematics, General",Not CTE,32.0107 - Career Exploration/Awareness Skills,Noncredit CIP,0
"1701.00 - Mathematics, General",Not CTE,32.0108 - Developmental/Remedial English,Noncredit CIP,0
"1701.00 - Mathematics, General",Not CTE,32.0109 - Second Language Learning,Noncredit CIP,0
"1701.00 - Mathematics, General",Not CTE,32.0110 - Basic Computer Skills,Noncredit CIP,0
"1701.00 - Mathematics, General",Not CTE,32.0111 - Workforce Development and Training,Noncredit CIP,0
"1701.00 - Mathematics, General",Not CTE,32.0112 - Accent Reduction/Modification,Noncredit CIP,0
"1701.00 - Mathematics, General",Not CTE,"32.0199 - Basic Skills and Developmental/Remedial Education, Other",Noncredit CIP,0
"1701.00 - Mathematics, General",Not CTE,"32.0201 - Exam Preparation and Test-Taking Skills, General",Noncredit CIP,0
"1701.00 - Mathematics, General",Not CTE,32.0202 - High School Equivalent Exam Preparation,Noncredit CIP,0
"1701.00 - Mathematics, General",Not CTE,32.0203 - Undergraduate Entrance/Placement Examination Preparation,Noncredit CIP,0
"1701.00 - Mathematics, General",Not CTE,32.0204 - Graduate/Professional School Entrance Examination Preparation,Noncredit CIP,0
"1701.00 - Mathematics, General",Not CTE,32.0205 - Professional Certification/Licensure Examination Preparation,Noncredit CIP,0
"1701.00 - Mathematics, General",Not CTE,"32.0299 - General Exam Preparation and Test-Taking Skills, Other",Noncredit CIP,0
1702.00 - Mathematics Skills,Not CTE,"27.0101 - Mathematics, General",Not CTE,2
1702.00 - Mathematics Skills,Not CTE,"27.0199 - Mathematics, Other",Both,4
1702.00 - Mathematics Skills,Not CTE,"27.0301 - Applied Mathematics, General",Not CTE,12
1702.00 - Mathematics Skills,Not CTE,"32.0101 - Basic Skills and Developmental/Remedial Education, General",Noncredit CIP,1
1702.00 - Mathematics Skills,Not CTE,32.0104 - Developmental/Remedial Mathematics,Noncredit CIP,0
1702.00 - Mathematics Skills,Not CTE,32.0105 - Job-Seeking/Changing Skills,Noncredit CIP,0
1702.00 - Mathematics Skills,Not CTE,32.0107 - Career Exploration/Awareness Skills,Noncredit CIP,0
1702.00 - Mathematics Skills,Not CTE,32.0108 - Developmental/Remedial English,Noncredit CIP,0
1702.00 - Mathematics Skills,Not CTE,32.0109 - Second Language Learning,Noncredit CIP,0
1702.00 - Mathematics Skills,Not CTE,32.0110 - Basic Computer Skills,Noncredit CIP,0
1702.00 - Mathematics Skills,Not CTE,32.0111 - Workforce Development and Training,Noncredit CIP,0
1702.00 - Mathematics Skills,Not CTE,32.0112 - Accent Reduction/Modification,Noncredit CIP,0
1702.00 - Mathematics Skills,Not CTE,"32.0199 - Basic Skills and Developmental/Remedial Education, Other",Noncredit CIP,0
1702.00 - Mathematics Skills,Not CTE,"32.0201 - Exam Preparation and Test-Taking Skills, General",Noncredit CIP,0
1702.00 - Mathematics Skills,Not CTE,32.0202 - High School Equivalent Exam Preparation,Noncredit CIP,0
1702.00 - Mathematics Skills,Not CTE,32.0203 - Undergraduate Entrance/Placement Examination Preparation,Noncredit CIP,0
1702.00 - Mathematics Skills,Not CTE,32.0204 - Graduate/Professional School Entrance Examination Preparation,Noncredit CIP,0
1702.00 - Mathematics Skills,Not CTE,32.0205 - Professional Certification/Licensure Examination Preparation,Noncredit CIP,0
1702.00 - Mathematics Skills,Not CTE,"32.0299 - General Exam Preparation and Test-Taking Skills, Other",Noncredit CIP,0
1799.00 - Other Mathematics,Not CTE,"27.0199 - Mathematics, Other",Both,0
1799.00 - Other Mathematics,Not CTE,"27.9999 - Mathematics and Statistics, Other",Both,1
1801.00 - Military Science,Not CTE,"28.0599 - Military Science and Operational Studies, Other",Noncredit CIP,0
1899.00 - Other Military Studies,Not CTE,"28.9999 - Military Science, Leadership and Operational Art, Other",Noncredit CIP,0
1899.00 - Other Military Studies,Not CTE,"29.0399 - Military Applied Sciences, Other",Both,0
"1901.00 - Physical Sciences, General",Not CTE,"40.0101 - Physical Sciences, General",Not CTE,10
"1902.00 - Physics, General",Not CTE,"40.0101 - Physical Sciences, General",Not CTE,2
"1902.00 - Physics, General",Not CTE,"40.0801 - Physics, General",Not CTE,75
"1905.00 - Chemistry, General",Not CTE,"40.0501 - Chemistry, General",Not CTE,61
1911.00 - Astronomy,Not CTE,40.0201 - Astronomy,Not CTE,12
1914.00 - Geology,Not CTE,"40.0601 - Geology/Earth Science, General",Not CTE,57
1919.00 - Oceangraphy,Not CTE,"40.0607 - Oceanography, Chemical and Physical",Not CTE,4
1920.00 - Ocean Technology,CTE,30.3201 - Marine Sciences,Not CTE,1
1920.00 - Ocean Technology,CTE,32.0107 - Career Exploration/Awareness Skills,Noncredit CIP,0
1920.00 - Ocean Technology,CTE,32.0111 - Workforce Development and Training,Noncredit CIP,0
1920.00 - Ocean Technology,CTE,"41.9999 - Science Technologies/Technicians, Other",Both,1
1930.00 - Earth Science,Not CTE,30.3801 - Earth Systems Science,Not CTE,0
1930.00 - Earth Science,Not CTE,"40.0601 - Geology/Earth Science, General",Not CTE,7
1999.00 - Other Physical Sciences,Not CTE,"40.9999 - Physical Sciences, Other",Both,1
"2001.00 - Psychology, General",Not CTE,"42.0101 - Psychology, General",Not CTE,96
"2001.00 - Psychology, General",Not CTE,42.2710 - Developmental and Adolescent Psychology,Not CTE,0
"2001.00 - Psychology, General",Not CTE,42.2815 - Performance and Sport Psychology,Not CTE,0
2003.00 - Behavioral Science,Not CTE,30.1701 - Behavioral Sciences,Not CTE,6
2099.00 - Other Psychology,Not CTE,"42.0101 - Psychology, General",Not CTE,1
2099.00 - Other Psychology,Not CTE,"42.9999 - Psychology, Other",Both,2
"2101.00 - Community Services, General",Not CTE,44.0201 - Community Organization and Advocacy,Both,0
2102.00 - Public Administration,CTE,32.0107 - Career Exploration/Awareness Skills,Noncredit CIP,0
2102.00 - Public Administration,CTE,32.0111 - Workforce Development and Training,Noncredit CIP,0
2102.00 - Public Administration,CTE,44.0401 - Public Administration,Both,3
2102.00 - Public Administration,CTE,44.0402 - Public Works Management,Not CTE,1
2102.10 - Public Works,CTE,15.0201 - Civil Engineering Technologies/Technicians,CTE,2
2102.10 - Public Works,CTE,32.0107 - Career Exploration/Awareness Skills,Noncredit CIP,0
2102.10 - Public Works,CTE,32.0111 - Workforce Development and Training,Noncredit CIP,0
2102.10 - Public Works,CTE,44.0402 - Public Works Management,Not CTE,1
2102.10 - Public Works,CTE,46.0403 - Building/Home/Construction Inspection/Inspector,CTE,1
2102.10 - Public Works,CTE,"46.0499 - Building/Construction Finishing, Management, and Inspection, Other",Both,2
2102.10 - Public Works,CTE,49.0207 - Flagging and Traffic Control,CTE,0
2104.00 - Human Services,CTE,19.0710 - Developmental Services Worker,CTE,0
2104.00 - Human Services,CTE,32.0107 - Career Exploration/Awareness Skills,Noncredit CIP,0
2104.00 - Human Services,CTE,32.0111 - Workforce Development and Training,Noncredit CIP,0
2104.00 - Human Services,CTE,"44.0000 - Human Services, General",Both,53
2104.00 - Human Services,CTE,44.0701 - Social Work,Not CTE,11
2104.00 - Human Services,CTE,51.1501 - Substance Abuse/Addiction Counseling,CTE,1
2104.00 - Human Services,CTE,51.1513 - Trauma Counseling,Not CTE,0
2104.00 - Human Services,CTE,"51.2300 - Rehabilitation and Therapeutic Professions, General",CTE,0
2104.40 - Alcohol and Controlled Substances,CTE,32.0107 - Career Exploration/Awareness Skills,Noncredit CIP,0
2104.40 - Alcohol and Controlled Substances,CTE,32.0111 - Workforce Development and Training,Noncredit CIP,0
2104.40 - Alcohol and Controlled Substances,CTE,"42.9999 - Psychology, Other",Both,1
2104.40 - Alcohol and Controlled Substances,CTE,44.0701 - Social Work,Not CTE,1
2104.40 - Alcohol and Controlled Substances,CTE,51.1501 - Substance Abuse/Addiction Counseling,CTE,44
2104.50 - Disability Services,CTE,32.0107 - Career Exploration/Awareness Skills,Noncredit CIP,0
2104.50 - Disability Services,CTE,32.0111 - Workforce Development and Training,Noncredit CIP,0
2104.50 - Disability Services,CTE,44.0701 - Social Work,Not CTE,0
2104.50 - Disability Services,CTE,"44.9999 - Public Administration and Social Service Professions, Other",Both,2
2104.50 - Disability Services,CTE,"51.2300 - Rehabilitation and Therapeutic Professions, General",CTE,0
2105.00 - Administration of Justice,CTE,32.0107 - Career Exploration/Awareness Skills,Noncredit CIP,0
2105.00 - Administration of Justice,CTE,32.0111 - Workforce Development and Training,Noncredit CIP,0
2105.00 - Administration of Justice,CTE,"43.0100 - Criminal Justice and Corrections, General",Not CTE,24
2105.00 - Administration of Justice,CTE,43.0102 - Corrections,CTE,2
2105.00 - Administration of Justice,CTE,43.0103 - Criminal Justice/Law Enforcement Administration,CTE,32
2105.00 - Administration of Justice,CTE,43.0104 - Criminal Justice/Safety Studies,Not CTE,13
2105.00 - Administration of Justice,CTE,43.0107 - Criminal Justice/Police Science,CTE,61
2105.00 - Administration of Justice,CTE,"43.0199 - Corrections and Criminal Justice, Other",Both,1
2105.00 - Administration of Justice,CTE,43.0301 - Homeland Security,CTE,0
2105.10 - Corrections,CTE,32.0107 - Career Exploration/Awareness Skills,Noncredit CIP,0
2105.10 - Corrections,CTE,32.0111 - Workforce Development and Training,Noncredit CIP,0
2105.10 - Corrections,CTE,43.0102 - Corrections,CTE,27
2105.10 - Corrections,CTE,43.0110 - Juvenile Corrections,CTE,0
2105.10 - Corrections,CTE,43.0113 - Corrections Administration,CTE,0
2105.10 - Corrections,CTE,43.0403 - Cyber/Computer Forensics and Counterterrorism,CTE,0
2105.20 - Probation and Parole,CTE,32.0107 - Career Exploration/Awareness Skills,Noncredit CIP,0
2105.20 - Probation and Parole,CTE,32.0111 - Workforce Development and Training,Noncredit CIP,0
2105.20 - Probation and Parole,CTE,"43.0199 - Corrections and Criminal Justice, Other",Both,4
2105.30 - Industrial and Transportation Security,CTE,32.0107 - Career Exploration/Awareness Skills,Noncredit CIP,0
2105.30 - Industrial and Transportation Security,CTE,32.0111 - Workforce Development and Training,Noncredit CIP,0
2105.30 - Industrial and Transportation Security,CTE,43.0109 - Security and Loss Prevention Services,CTE,1
2105.30 - Industrial and Transportation Security,CTE,43.0301 - Homeland Security,CTE,6
2105.30 - Industrial and Transportation Security,CTE,"43.0401 - Security Science and Technology, General",Not CTE,0
"2105.40 - Forensics, Evidence, and Investigation",CTE,32.0107 - Career Exploration/Awareness Skills,Noncredit CIP,0
"2105.40 - Forensics, Evidence, and Investigation",CTE,32.0111 - Workforce Development and Training,Noncredit CIP,0
"2105.40 - Forensics, Evidence, and Investigation",CTE,43.0107 - Criminal Justice/Police Science,CTE,1
"2105.40 - Forensics, Evidence, and Investigation",CTE,43.0114 - Law Enforcement Investigation and Interviewing,CTE,1
"2105.40 - Forensics, Evidence, and Investigation",CTE,43.0115 - Law Enforcement Record-Keeping and Evidence Management,CTE,0
"2105.40 - Forensics, Evidence, and Investigation",CTE,43.0116 - Cyber/Computer Forensics and Counterterrorism,CIP No Longer in Use,0
"2105.40 - Forensics, Evidence, and Investigation",CTE,43.0402 - Criminalistics and Criminal Science,Not CTE,4
"2105.40 - Forensics, Evidence, and Investigation",CTE,43.0405 - Financial Forensics and Fraud Investigation,CTE,0
"2105.40 - Forensics, Evidence, and Investigation",CTE,43.0406 - Forensic Science and Technology,Not CTE,11
2105.50 - Police Academy,CTE,32.0107 - Career Exploration/Awareness Skills,Noncredit CIP,0
2105.50 - Police Academy,CTE,32.0111 - Workforce Development and Training,Noncredit CIP,0
2105.50 - Police Academy,CTE,43.0107 - Criminal Justice/Police Science,CTE,24
2105.50 - Police Academy,CTE,43.0119 - Critical Incident Response/Special Police Operations,CTE,1
2105.60 - Modern Policing,CTE,32.0107 - Career Exploration/Awareness Skills,Noncredit CIP,0
2105.60 - Modern Policing,CTE,32.0111 - Workforce Development and Training,Noncredit CIP,0
2105.60 - Modern Policing,CTE,43.0107 - Criminal Justice/Police Science,CTE,12
2133.00 - Fire Technology,CTE,32.0107 - Career Exploration/Awareness Skills,Noncredit CIP,0
2133.00 - Fire Technology,CTE,32.0111 - Workforce Development and Training,Noncredit CIP,0
2133.00 - Fire Technology,CTE,43.0201 - Fire Prevention and Safety Technology/Technician,CTE,38
2133.00 - Fire Technology,CTE,43.0202 - Fire Services Administration,CTE,6
2133.00 - Fire Technology,CTE,43.0203 - Fire Science/Fire-fighting,CTE,21
2133.00 - Fire Technology,CTE,43.0204 - Fire Systems Technology,CTE,3
2133.00 - Fire Technology,CTE,43.0205 - Fire/Arson Investigation and Prevention,CTE,0
2133.00 - Fire Technology,CTE,43.0206 - Wildland/Forest Firefighting and Investigation,CTE,1
2133.10 - Wildland Fire Technology,CTE,32.0107 - Career Exploration/Awareness Skills,Noncredit CIP,0
2133.10 - Wildland Fire Technology,CTE,32.0111 - Workforce Development and Training,Noncredit CIP,0
2133.10 - Wildland Fire Technology,CTE,43.0203 - Fire Science/Fire-fighting,CTE,1
2133.10 - Wildland Fire Technology,CTE,43.0206 - Wildland/Forest Firefighting and Investigation,CTE,13
2133.50 - Fire Academy,CTE,32.0107 - Career Exploration/Awareness Skills,Noncredit CIP,0
2133.50 - Fire Academy,CTE,32.0111 - Workforce Development and Training,Noncredit CIP,0
2133.50 - Fire Academy,CTE,43.0203 - Fire Science/Fire-fighting,CTE,30
2133.50 - Fire Academy,CTE,43.0205 - Fire/Arson Investigation and Prevention,CTE,1
2140.00 - Legal and Community Interpretation,CTE,16.0103 - Language Interpretation and Translation,CTE,13
2140.00 - Legal and Community Interpretation,CTE,22.0304 - Court Interpreter,CTE,0
2140.00 - Legal and Community Interpretation,CTE,32.0107 - Career Exploration/Awareness Skills,Noncredit CIP,0
2140.00 - Legal and Community Interpretation,CTE,32.0111 - Workforce Development and Training,Noncredit CIP,0
2199.00 - Other Public and Protective Services,CTE,32.0107 - Career Exploration/Awareness Skills,Noncredit CIP,0
2199.00 - Other Public and Protective Services,CTE,32.0111 - Workforce Development and Training,Noncredit CIP,0
2199.00 - Other Public and Protective Services,CTE,43.0109 - Security and Loss Prevention Services,CTE,0
2199.00 - Other Public and Protective Services,CTE,"43.9999 - Homeland Security, Law Enforcement, Firefighting and Related Protective Services, Other",Both,5
2199.00 - Other Public and Protective Services,CTE,"44.9999 - Public Administration and Social Service Professions, Other",Both,4
"2201.00 - Social Sciences, General",Not CTE,"45.0101 - Social Sciences, General",Not CTE,30
"2201.00 - Social Sciences, General",Not CTE,"45.1101 - Sociology, General",Not CTE,1
2201.10 - Women's Studies,Not CTE,05.0207 - Women's Studies,Not CTE,19
2201.10 - Women's Studies,Not CTE,"45.0101 - Social Sciences, General",Not CTE,1
2201.20 - American Studies,Not CTE,05.0102 - American/United States Studies/Civilization,Not CTE,4
2201.20 - American Studies,Not CTE,"33.0101 - Citizenship Activities, General",Noncredit CIP,0
2201.20 - American Studies,Not CTE,33.0102 - American Citizenship Education,Noncredit CIP,0
2201.20 - American Studies,Not CTE,33.0103 - Community Awareness,Noncredit CIP,0
2201.20 - American Studies,Not CTE,33.0104 - Community Involvement,Noncredit CIP,0
2201.20 - American Studies,Not CTE,33.0105 - Canadian Citizenship Education,Noncredit CIP,0
2201.20 - American Studies,Not CTE,33.0106 - Personal Emergency Preparedness,Noncredit CIP,0
2201.20 - American Studies,Not CTE,"33.0199 - Citizenship Activities, Other",Noncredit CIP,0
2201.30 - Social Justice Studies: General,Not CTE,"05.0199 - Area Studies, Other",Both,2
2201.30 - Social Justice Studies: General,Not CTE,05.0200 - Ethnic Studies,Not CTE,1
2201.30 - Social Justice Studies: General,Not CTE,05.0207 - Women's Studies,Not CTE,2
2201.30 - Social Justice Studies: General,Not CTE,"05.0299 - Ethnic, Cultural Minority, Gender, and Group Studies, Other",Both,29
2201.30 - Social Justice Studies: General,Not CTE,"33.0101 - Citizenship Activities, General",Noncredit CIP,0
2201.30 - Social Justice Studies: General,Not CTE,33.0102 - American Citizenship Education,Noncredit CIP,0
2201.30 - Social Justice Studies: General,Not CTE,33.0103 - Community Awareness,Noncredit CIP,0
2201.30 - Social Justice Studies: General,Not CTE,33.0104 - Community Involvement,Noncredit CIP,0
2201.30 - Social Justice Studies: General,Not CTE,33.0105 - Canadian Citizenship Education,Noncredit CIP,0
2201.30 - Social Justice Studies: General,Not CTE,33.0106 - Personal Emergency Preparedness,Noncredit CIP,0
2201.30 - Social Justice Studies: General,Not CTE,"33.0199 - Citizenship Activities, Other",Noncredit CIP,0
2201.30 - Social Justice Studies: General,Not CTE,"45.0101 - Social Sciences, General",Not CTE,4
2201.40 - Social Justice Studies: LGTBQ,Not CTE,05.0208 - Gay/Lesbian Studies,Not CTE,12
2201.40 - Social Justice Studies: LGTBQ,Not CTE,"33.0101 - Citizenship Activities, General",Noncredit CIP,0
2201.40 - Social Justice Studies: LGTBQ,Not CTE,33.0102 - American Citizenship Education,Noncredit CIP,0
2201.40 - Social Justice Studies: LGTBQ,Not CTE,33.0103 - Community Awareness,Noncredit CIP,0
2201.40 - Social Justice Studies: LGTBQ,Not CTE,33.0104 - Community Involvement,Noncredit CIP,0
2201.40 - Social Justice Studies: LGTBQ,Not CTE,33.0105 - Canadian Citizenship Education,Noncredit CIP,0
2201.40 - Social Justice Studies: LGTBQ,Not CTE,33.0106 - Personal Emergency Preparedness,Noncredit CIP,0
2201.40 - Social Justice Studies: LGTBQ,Not CTE,"33.0199 - Citizenship Activities, Other",Noncredit CIP,0
2201.40 - Social Justice Studies: LGTBQ,Not CTE,"45.0101 - Social Sciences, General",Not CTE,1
2201.40 - Social Justice Studies: LGTBQ,Not CTE,"45.1101 - Sociology, General",Not CTE,1
2201.50 - Social Justice Studies: Ethnic Studies,Not CTE,05.0200 - Ethnic Studies,Not CTE,15
2201.50 - Social Justice Studies: Ethnic Studies,Not CTE,"33.0101 - Citizenship Activities, General",Noncredit CIP,0
2201.50 - Social Justice Studies: Ethnic Studies,Not CTE,33.0102 - American Citizenship Education,Noncredit CIP,0
2201.50 - Social Justice Studies: Ethnic Studies,Not CTE,33.0103 - Community Awareness,Noncredit CIP,0
2201.50 - Social Justice Studies: Ethnic Studies,Not CTE,33.0104 - Community Involvement,Noncredit CIP,0
2201.50 - Social Justice Studies: Ethnic Studies,Not CTE,33.0105 - Canadian Citizenship Education,Noncredit CIP,0
2201.50 - Social Justice Studies: Ethnic Studies,Not CTE,33.0106 - Personal Emergency Preparedness,Noncredit CIP,0
2201.50 - Social Justice Studies: Ethnic Studies,Not CTE,"33.0199 - Citizenship Activities, Other",Noncredit CIP,0
2201.60 - Social Justice Studies: Chicano Studies,Not CTE,05.0200 - Ethnic Studies,Not CTE,2
2201.60 - Social Justice Studies: Chicano Studies,Not CTE,"05.0203 - Hispanic-American, Puerto Rican, and Mexican-American/Chicano Studies",Not CTE,15
2201.60 - Social Justice Studies: Chicano Studies,Not CTE,"33.0101 - Citizenship Activities, General",Noncredit CIP,0
2201.60 - Social Justice Studies: Chicano Studies,Not CTE,33.0102 - American Citizenship Education,Noncredit CIP,0
2201.60 - Social Justice Studies: Chicano Studies,Not CTE,33.0103 - Community Awareness,Noncredit CIP,0
2201.60 - Social Justice Studies: Chicano Studies,Not CTE,33.0104 - Community Involvement,Noncredit CIP,0
2201.60 - Social Justice Studies: Chicano Studies,Not CTE,33.0105 - Canadian Citizenship Education,Noncredit CIP,0
2201.60 - Social Justice Studies: Chicano Studies,Not CTE,33.0106 - Personal Emergency Preparedness,Noncredit CIP,0
2201.60 - Social Justice Studies: Chicano Studies,Not CTE,"33.0199 - Citizenship Activities, Other",Noncredit CIP,0
2201.70 - Social Justice Studies: Gender Studies,Not CTE,05.0207 - Women's Studies,Not CTE,13
2201.70 - Social Justice Studies: Gender Studies,Not CTE,"33.0101 - Citizenship Activities, General",Noncredit CIP,0
2201.70 - Social Justice Studies: Gender Studies,Not CTE,33.0102 - American Citizenship Education,Noncredit CIP,0
2201.70 - Social Justice Studies: Gender Studies,Not CTE,33.0103 - Community Awareness,Noncredit CIP,0
2201.70 - Social Justice Studies: Gender Studies,Not CTE,33.0104 - Community Involvement,Noncredit CIP,0
2201.70 - Social Justice Studies: Gender Studies,Not CTE,33.0105 - Canadian Citizenship Education,Noncredit CIP,0
2201.70 - Social Justice Studies: Gender Studies,Not CTE,33.0106 - Personal Emergency Preparedness,Noncredit CIP,0
2201.70 - Social Justice Studies: Gender Studies,Not CTE,"33.0199 - Citizenship Activities, Other",Noncredit CIP,0
2201.70 - Social Justice Studies: Gender Studies,Not CTE,"45.1101 - Sociology, General",Not CTE,1
2201.70 - Social Justice Studies: Gender Studies,Not CTE,"45.9999 - Social Sciences, Other",Both,1
2201.80 - Social Justice Studies: African American,Not CTE,"33.0101 - Citizenship Activities, General",Noncredit CIP,0
2201.80 - Social Justice Studies: African American,Not CTE,33.0102 - American Citizenship Education,Noncredit CIP,0
2201.80 - Social Justice Studies: African American,Not CTE,33.0103 - Community Awareness,Noncredit CIP,0
2201.80 - Social Justice Studies: African American,Not CTE,33.0104 - Community Involvement,Noncredit CIP,0
2201.80 - Social Justice Studies: African American,Not CTE,33.0105 - Canadian Citizenship Education,Noncredit CIP,0
2201.80 - Social Justice Studies: African American,Not CTE,33.0106 - Personal Emergency Preparedness,Noncredit CIP,0
2201.80 - Social Justice Studies: African American,Not CTE,"33.0199 - Citizenship Activities, Other",Noncredit CIP,0
2201.80 - Social Justice: African American Studies,Not CTE,05.0201 - African-American/Black Studies,Not CTE,11
2201.90 - Social Justice Studies: Asian American,Not CTE,"33.0101 - Citizenship Activities, General",Noncredit CIP,0
2201.90 - Social Justice Studies: Asian American,Not CTE,33.0102 - American Citizenship Education,Noncredit CIP,0
2201.90 - Social Justice Studies: Asian American,Not CTE,33.0103 - Community Awareness,Noncredit CIP,0
2201.90 - Social Justice Studies: Asian American,Not CTE,33.0104 - Community Involvement,Noncredit CIP,0
2201.90 - Social Justice Studies: Asian American,Not CTE,33.0105 - Canadian Citizenship Education,Noncredit CIP,0
2201.90 - Social Justice Studies: Asian American,Not CTE,33.0106 - Personal Emergency Preparedness,Noncredit CIP,0
2201.90 - Social Justice Studies: Asian American,Not CTE,"33.0199 - Citizenship Activities, Other",Noncredit CIP,0
2201.90 - Social Justice: Asian American Studies,Not CTE,05.0206 - Asian-American Studies,Not CTE,5
2201.91 - Social Justice Studies: Native American,Not CTE,05.0202 - American Indian/Native American Studies,Not CTE,2
2201.91 - Social Justice Studies: Native American,Not CTE,"33.0101 - Citizenship Activities, General",Noncredit CIP,0
2201.91 - Social Justice Studies: Native American,Not CTE,33.0102 - American Citizenship Education,Noncredit CIP,0
2201.91 - Social Justice Studies: Native American,Not CTE,33.0103 - Community Awareness,Noncredit CIP,0
2201.91 - Social Justice Studies: Native American,Not CTE,33.0104 - Community Involvement,Noncredit CIP,0
2201.91 - Social Justice Studies: Native American,Not CTE,33.0105 - Canadian Citizenship Education,Noncredit CIP,0
2201.91 - Social Justice Studies: Native American,Not CTE,33.0106 - Personal Emergency Preparedness,Noncredit CIP,0
2201.91 - Social Justice Studies: Native American,Not CTE,"33.0199 - Citizenship Activities, Other",Noncredit CIP,0
2202.00 - Anthropology,Not CTE,"33.0101 - Citizenship Activities, General",Noncredit CIP,0
2202.00 - Anthropology,Not CTE,33.0102 - American Citizenship Education,Noncredit CIP,0
2202.00 - Anthropology,Not CTE,33.0103 - Community Awareness,Noncredit CIP,0
2202.00 - Anthropology,Not CTE,33.0104 - Community Involvement,Noncredit CIP,0
2202.00 - Anthropology,Not CTE,33.0105 - Canadian Citizenship Education,Noncredit CIP,0
2202.00 - Anthropology,Not CTE,33.0106 - Personal Emergency Preparedness,Noncredit CIP,0
2202.00 - Anthropology,Not CTE,"33.0199 - Citizenship Activities, Other",Noncredit CIP,0
2202.00 - Anthropology,Not CTE,"45.0201 - Anthropology, General",Not CTE,76
2202.20 - Archaeology,Not CTE,"33.0101 - Citizenship Activities, General",Noncredit CIP,0
2202.20 - Archaeology,Not CTE,33.0102 - American Citizenship Education,Noncredit CIP,0
2202.20 - Archaeology,Not CTE,33.0103 - Community Awareness,Noncredit CIP,0
2202.20 - Archaeology,Not CTE,33.0104 - Community Involvement,Noncredit CIP,0
2202.20 - Archaeology,Not CTE,33.0105 - Canadian Citizenship Education,Noncredit CIP,0
2202.20 - Archaeology,Not CTE,33.0106 - Personal Emergency Preparedness,Noncredit CIP,0
2202.20 - Archaeology,Not CTE,"33.0199 - Citizenship Activities, Other",Noncredit CIP,0
2202.20 - Archaeology,Not CTE,45.0301 - Archeology,Not CTE,8
2203.00 - Ethnic Studies,Not CTE,05.0200 - Ethnic Studies,Not CTE,44
2203.00 - Ethnic Studies,Not CTE,05.0201 - African-American/Black Studies,Not CTE,1
2203.00 - Ethnic Studies,Not CTE,"33.0101 - Citizenship Activities, General",Noncredit CIP,0
2203.00 - Ethnic Studies,Not CTE,33.0102 - American Citizenship Education,Noncredit CIP,0
2203.00 - Ethnic Studies,Not CTE,33.0103 - Community Awareness,Noncredit CIP,0
2203.00 - Ethnic Studies,Not CTE,33.0104 - Community Involvement,Noncredit CIP,0
2203.00 - Ethnic Studies,Not CTE,33.0105 - Canadian Citizenship Education,Noncredit CIP,0
2203.00 - Ethnic Studies,Not CTE,33.0106 - Personal Emergency Preparedness,Noncredit CIP,0
2203.00 - Ethnic Studies,Not CTE,"33.0199 - Citizenship Activities, Other",Noncredit CIP,0
2203.10 - African American Studies,Not CTE,05.0201 - African-American/Black Studies,Not CTE,0
2203.20 - American Indian Studies,Not CTE,05.0202 - American Indian/Native American Studies,Not CTE,0
2203.30 - Chicano Studies,Not CTE,"05.0203 - Hispanic-American, Puerto Rican, and Mexican-American/Chicano Studies",Not CTE,0
2203.40 - Asian American Studies,Not CTE,05.0206 - Asian-American Studies,Not CTE,0
2204.00 - Economics,Not CTE,"33.0101 - Citizenship Activities, General",Noncredit CIP,0
2204.00 - Economics,Not CTE,33.0102 - American Citizenship Education,Noncredit CIP,0
2204.00 - Economics,Not CTE,33.0103 - Community Awareness,Noncredit CIP,0
2204.00 - Economics,Not CTE,33.0104 - Community Involvement,Noncredit CIP,0
2204.00 - Economics,Not CTE,33.0105 - Canadian Citizenship Education,Noncredit CIP,0
2204.00 - Economics,Not CTE,33.0106 - Personal Emergency Preparedness,Noncredit CIP,0
2204.00 - Economics,Not CTE,"33.0199 - Citizenship Activities, Other",Noncredit CIP,0
2204.00 - Economics,Not CTE,"45.0601 - Economics, General",Not CTE,83
2205.00 - History,Not CTE,30.4501 - History and Language/Literature,Not CTE,1
2205.00 - History,Not CTE,"33.0101 - Citizenship Activities, General",Noncredit CIP,0
2205.00 - History,Not CTE,33.0102 - American Citizenship Education,Noncredit CIP,0
2205.00 - History,Not CTE,33.0103 - Community Awareness,Noncredit CIP,0
2205.00 - History,Not CTE,33.0104 - Community Involvement,Noncredit CIP,0
2205.00 - History,Not CTE,33.0105 - Canadian Citizenship Education,Noncredit CIP,0
2205.00 - History,Not CTE,33.0106 - Personal Emergency Preparedness,Noncredit CIP,0
2205.00 - History,Not CTE,"33.0199 - Citizenship Activities, Other",Noncredit CIP,0
2205.00 - History,Not CTE,"45.0101 - Social Sciences, General",Not CTE,1
2205.00 - History,Not CTE,"54.0101 - History, General",Not CTE,93
2206.00 - Geography,Not CTE,30.4101 - Environmental Geosciences,Not CTE,2
2206.00 - Geography,Not CTE,30.4401 - Geography and Environmental Studies,Not CTE,3
2206.00 - Geography,Not CTE,"33.0101 - Citizenship Activities, General",Noncredit CIP,0
2206.00 - Geography,Not CTE,33.0102 - American Citizenship Education,Noncredit CIP,0
2206.00 - Geography,Not CTE,33.0103 - Community Awareness,Noncredit CIP,0
2206.00 - Geography,Not CTE,33.0104 - Community Involvement,Noncredit CIP,0
2206.00 - Geography,Not CTE,33.0105 - Canadian Citizenship Education,Noncredit CIP,0
2206.00 - Geography,Not CTE,33.0106 - Personal Emergency Preparedness,Noncredit CIP,0
2206.00 - Geography,Not CTE,"33.0199 - Citizenship Activities, Other",Noncredit CIP,0
2206.00 - Geography,Not CTE,45.0701 - Geography,Not CTE,63
2206.10 - Geographic Information Systems,CTE,32.0107 - Career Exploration/Awareness Skills,Noncredit CIP,0
2206.10 - Geographic Information Systems,CTE,32.0111 - Workforce Development and Training,Noncredit CIP,0
2206.10 - Geographic Information Systems,CTE,"33.0101 - Citizenship Activities, General",Noncredit CIP,0
2206.10 - Geographic Information Systems,CTE,33.0102 - American Citizenship Education,Noncredit CIP,0
2206.10 - Geographic Information Systems,CTE,33.0103 - Community Awareness,Noncredit CIP,0
2206.10 - Geographic Information Systems,CTE,33.0104 - Community Involvement,Noncredit CIP,0
2206.10 - Geographic Information Systems,CTE,33.0105 - Canadian Citizenship Education,Noncredit CIP,0
2206.10 - Geographic Information Systems,CTE,33.0106 - Personal Emergency Preparedness,Noncredit CIP,0
2206.10 - Geographic Information Systems,CTE,"33.0199 - Citizenship Activities, Other",Noncredit CIP,0
2206.10 - Geographic Information Systems,CTE,43.0407 - Geospatial Intelligence,CTE,0
2206.10 - Geographic Information Systems,CTE,45.0702 - Geographic Information Science and Cartography,Not CTE,29
2207.00 - Political Science,Not CTE,"33.0101 - Citizenship Activities, General",Noncredit CIP,0
2207.00 - Political Science,Not CTE,33.0102 - American Citizenship Education,Noncredit CIP,0
2207.00 - Political Science,Not CTE,33.0103 - Community Awareness,Noncredit CIP,0
2207.00 - Political Science,Not CTE,33.0104 - Community Involvement,Noncredit CIP,0
2207.00 - Political Science,Not CTE,33.0105 - Canadian Citizenship Education,Noncredit CIP,0
2207.00 - Political Science,Not CTE,33.0106 - Personal Emergency Preparedness,Noncredit CIP,0
2207.00 - Political Science,Not CTE,"33.0199 - Citizenship Activities, Other",Noncredit CIP,0
2207.00 - Political Science,Not CTE,"45.1001 - Political Science and Government, General",Not CTE,91
2207.10 - Student Government,Not CTE,"45.1099 - Political Science and Government, Other",Both,0
2208.00 - Sociology,Not CTE,05.0208 - Gay/Lesbian Studies,Not CTE,0
2208.00 - Sociology,Not CTE,"42.0101 - Psychology, General",Not CTE,1
2208.00 - Sociology,Not CTE,44.0701 - Social Work,Not CTE,1
2208.00 - Sociology,Not CTE,"45.1101 - Sociology, General",Not CTE,102
2208.00 - Sociology,Not CTE,45.1102 - Applied/Public Sociology,Not CTE,0
2208.00 - Sociology,Not CTE,50.1101 - Community/Environmental/Socially-Engaged Art,Not CTE,0
2210.00 - International Studies,Not CTE,45.0901 - International Relations and Affairs,Not CTE,9
2210.10 - Area Studies,Not CTE,"05.0199 - Area Studies, Other",Both,4
2210.20 - Global Studies,Not CTE,"05.0199 - Area Studies, Other",Both,1
2210.20 - Global Studies,Not CTE,30.2001 - International/Globalization Studies,Not CTE,14
2210.20 - Global Studies,Not CTE,"30.9999 - Multi-/Interdisciplinary Studies, Other",Both,1
2210.20 - Global Studies,Not CTE,45.0901 - International Relations and Affairs,Not CTE,8
2210.20 - Global Studies,Not CTE,"45.9999 - Social Sciences, Other",Both,1
2299.00 - Other Social Sciences,Not CTE,"45.9999 - Social Sciences, Other",Both,2
3005.00 - Custodial Services,CTE,32.0107 - Career Exploration/Awareness Skills,Noncredit CIP,0
3005.00 - Custodial Services,CTE,32.0111 - Workforce Development and Training,Noncredit CIP,0
3005.00 - Custodial Services,CTE,46.0401 - Building/Property Maintenance,CTE,1
3007.00 - Cosmetology and Barbering,CTE,"12.0401 - Cosmetology/Cosmetologist, General",CTE,22
3007.00 - Cosmetology and Barbering,CTE,12.0402 - Barbering/Barber,CTE,6
3007.00 - Cosmetology and Barbering,CTE,12.0406 - Make-Up Artist/Specialist,CTE,0
3007.00 - Cosmetology and Barbering,CTE,12.0407 - Hair Styling/Stylist and Hair Design,CTE,2
3007.00 - Cosmetology and Barbering,CTE,12.0408 - Facial Treatment Specialist/Facialist,CTE,0
3007.00 - Cosmetology and Barbering,CTE,12.0409 - Aesthetician/Esthetician and Skin Care Specialist,CTE,1
3007.00 - Cosmetology and Barbering,CTE,12.0410 - Nail Technician/Specialist and Manicurist,CTE,1
3007.00 - Cosmetology and Barbering,CTE,12.0412 - Salon/Beauty Salon Management/Manager,CTE,1
3007.00 - Cosmetology and Barbering,CTE,"12.0413 - Cosmetology, Barber/Styling, and Nail Instructor",CTE,1
3007.00 - Cosmetology and Barbering,CTE,12.0414 - Master Aesthetician/Esthetician,CTE,0
3007.00 - Cosmetology and Barbering,CTE,"12.0499 - Cosmetology and Related Personal Grooming Arts, Other",Both,0
3007.00 - Cosmetology and Barbering,CTE,32.0107 - Career Exploration/Awareness Skills,Noncredit CIP,0
3007.00 - Cosmetology and Barbering,CTE,32.0111 - Workforce Development and Training,Noncredit CIP,0
3008.00 - Dry Cleaning,CTE,"19.0999 - Apparel and Textiles, Other",Both,0
3008.00 - Dry Cleaning,CTE,32.0107 - Career Exploration/Awareness Skills,Noncredit CIP,0
3008.00 - Dry Cleaning,CTE,32.0111 - Workforce Development and Training,Noncredit CIP,0
3009.00 - Travel Services and Tourism,CTE,32.0107 - Career Exploration/Awareness Skills,Noncredit CIP,0
3009.00 - Travel Services and Tourism,CTE,32.0111 - Workforce Development and Training,Noncredit CIP,0
3009.00 - Travel Services and Tourism,CTE,52.0903 - Tourism and Travel Services Management,CTE,1
3009.00 - Travel Services and Tourism,CTE,52.1905 - Tourism and Travel Services Marketing Operations,CTE,5
3009.00 - Travel Services and Tourism,CTE,52.1906 - Tourism Promotion Operations,CTE,0
3020.00 - Aviation and Airport Management and Services,CTE,32.0107 - Career Exploration/Awareness Skills,Noncredit CIP,0
3020.00 - Aviation and Airport Management and Services,CTE,32.0111 - Workforce Development and Training,Noncredit CIP,0
3020.00 - Aviation and Airport Management and Services,CTE,49.0104 - Aviation/Airway Management and Operations,CTE,3
3020.10 - Aviation and Airport Management,CTE,32.0107 - Career Exploration/Awareness Skills,Noncredit CIP,0
3020.10 - Aviation and Airport Management,CTE,32.0111 - Workforce Development and Training,Noncredit CIP,0
3020.10 - Aviation and Airport Management,CTE,49.0104 - Aviation/Airway Management and Operations,CTE,5
3020.20 - Piloting,CTE,32.0107 - Career Exploration/Awareness Skills,Noncredit CIP,0
3020.20 - Piloting,CTE,32.0111 - Workforce Development and Training,Noncredit CIP,0
3020.20 - Piloting,CTE,49.0102 - Airline/Commercial/Professional Pilot and Flight Crew,CTE,10
3020.30 - Air Traffic Control,CTE,32.0107 - Career Exploration/Awareness Skills,Noncredit CIP,0
3020.30 - Air Traffic Control,CTE,32.0111 - Workforce Development and Training,Noncredit CIP,0
3020.30 - Air Traffic Control,CTE,49.0105 - Air Traffic Controller,CTE,1
3020.40 - Flight Attendant,CTE,32.0107 - Career Exploration/Awareness Skills,Noncredit CIP,0
3020.40 - Flight Attendant,CTE,32.0111 - Workforce Development and Training,Noncredit CIP,0
3020.40 - Flight Attendant,CTE,49.0106 - Airline Flight Attendant,CTE,3
3099.00 - Other Commercial Services,CTE,"12.9999 - Culinary, Entertainment, and Personal Services, Other",Both,2
3099.00 - Other Commercial Services,CTE,32.0107 - Career Exploration/Awareness Skills,Noncredit CIP,0
3099.00 - Other Commercial Services,CTE,32.0111 - Workforce Development and Training,Noncredit CIP,0
3099.00 - Other Commercial Services,CTE,47.0403 - Locksmithing and Safe Repair,CTE,0
3099.00 - Other Commercial Services,CTE,"47.0499 - Precision Systems Maintenance and Repair Technologies/Technicians, Other",Both,0
"4901.00 - Liberal Arts and Sciences, General",Not CTE,24.0101 - Liberal Arts and Sciences/Liberal Studies,Not CTE,72
"4901.00 - Liberal Arts and Sciences, General",Not CTE,24.0102 - General Studies,Not CTE,1
"4901.00 - Liberal Arts and Sciences, General",Not CTE,30.4501 - History and Language/Literature,Not CTE,2
"4901.00 - Liberal Arts and Sciences, General",Not CTE,"30.9999 - Multi-/Interdisciplinary Studies, Other",Both,1
"4901.00 - Liberal Arts and Sciences, General",Not CTE,48.0501 - Machine Tool Technology/Machinist,CTE,1
"4901.00 - Liberal Arts and Sciences, General",Not CTE,"50.0101 - Visual and Performing Arts, General",Both,1
4901.10 - Transfer Studies,Not CTE,"23.0101 - English Language and Literature, General",Not CTE,1
4901.10 - Transfer Studies,Not CTE,24.0101 - Liberal Arts and Sciences/Liberal Studies,Not CTE,90
4901.10 - Transfer Studies,Not CTE,24.0102 - General Studies,Not CTE,2
4901.10 - Transfer Studies,Not CTE,"24.0199 - Liberal Arts and Sciences, General Studies and Humanities, Other",Both,1
4901.10 - Transfer Studies,Not CTE,"30.9999 - Multi-/Interdisciplinary Studies, Other",Both,1
4901.20 - Liberal Studies,Not CTE,"13.0101 - Education, General",Not CTE,2
4901.20 - Liberal Studies,Not CTE,13.1202 - Elementary Education and Teaching,CTE,4
4901.20 - Liberal Studies,Not CTE,24.0101 - Liberal Arts and Sciences/Liberal Studies,Not CTE,66
4902.00 - Biological and Physical Sciences (and Mathematics),Not CTE,30.0101 - Biological and Physical Sciences,Not CTE,75
4902.00 - Biological and Physical Sciences (and Mathematics),Not CTE,30.3201 - Marine Sciences,Not CTE,1
4902.00 - Biological and Physical Sciences (and Mathematics),Not CTE,"30.9999 - Multi-/Interdisciplinary Studies, Other",Both,1
4902.00 - Biological and Physical Sciences (and Mathematics),Not CTE,"51.0000 - Health Services/Allied Health/Health Sciences, General",Not CTE,1
4903.00 - Humanities,Not CTE,24.0103 - Humanities/Humanistic Studies,Not CTE,39
4903.00 - Humanities,Not CTE,30.5202 - Digital Humanities,Not CTE,1
4903.10 - Humanities and Fine Arts,Not CTE,24.0103 - Humanities/Humanistic Studies,Not CTE,44
4903.10 - Humanities and Fine Arts,Not CTE,"24.0199 - Liberal Arts and Sciences, General Studies and Humanities, Other",Both,1
4903.30 - Humanities and Social Sciences,Not CTE,24.0103 - Humanities/Humanistic Studies,Not CTE,13
4930.00 - General Studies,Not CTE,24.0102 - General Studies,Not CTE,13
4930.09 - Supervised Tutoring,Not CTE,"32.0101 - Basic Skills and Developmental/Remedial Education, General",Noncredit CIP,0
4930.09 - Supervised Tutoring,Not CTE,32.0104 - Developmental/Remedial Mathematics,Noncredit CIP,0
4930.09 - Supervised Tutoring,Not CTE,32.0105 - Job-Seeking/Changing Skills,Noncredit CIP,0
4930.09 - Supervised Tutoring,Not CTE,32.0107 - Career Exploration/Awareness Skills,Noncredit CIP,0
4930.09 - Supervised Tutoring,Not CTE,32.0108 - Developmental/Remedial English,Noncredit CIP,0
4930.09 - Supervised Tutoring,Not CTE,32.0109 - Second Language Learning,Noncredit CIP,0
4930.09 - Supervised Tutoring,Not CTE,32.0110 - Basic Computer Skills,Noncredit CIP,0
4930.09 - Supervised Tutoring,Not CTE,32.0111 - Workforce Development and Training,Noncredit CIP,0
4930.09 - Supervised Tutoring,Not CTE,32.0112 - Accent Reduction/Modification,Noncredit CIP,0
4930.09 - Supervised Tutoring,Not CTE,"32.0199 - Basic Skills and Developmental/Remedial Education, Other",Noncredit CIP,0
4930.09 - Supervised Tutoring,Not CTE,"32.0201 - Exam Preparation and Test-Taking Skills, General",Noncredit CIP,0
4930.09 - Supervised Tutoring,Not CTE,32.0202 - High School Equivalent Exam Preparation,Noncredit CIP,0
4930.09 - Supervised Tutoring,Not CTE,32.0203 - Undergraduate Entrance/Placement Examination Preparation,Noncredit CIP,0
4930.09 - Supervised Tutoring,Not CTE,32.0204 - Graduate/Professional School Entrance Examination Preparation,Noncredit CIP,0
4930.09 - Supervised Tutoring,Not CTE,32.0205 - Professional Certification/Licensure Examination Preparation,Noncredit CIP,0
4930.09 - Supervised Tutoring,Not CTE,"32.0299 - General Exam Preparation and Test-Taking Skills, Other",Noncredit CIP,0
4930.10 - Career Guidance and Orientation,Not CTE,13.1102 - College Student Counseling and Personnel Services,Both,0
4930.10 - Career Guidance and Orientation,Not CTE,"13.1199 - Student Counseling and Personnel Services, Other",Both,0
4930.10 - Career Guidance and Orientation,Not CTE,24.0102 - General Studies,Not CTE,0
4930.10 - Career Guidance and Orientation,Not CTE,"32.0101 - Basic Skills and Developmental/Remedial Education, General",Noncredit CIP,1
4930.10 - Career Guidance and Orientation,Not CTE,32.0104 - Developmental/Remedial Mathematics,Noncredit CIP,0
4930.10 - Career Guidance and Orientation,Not CTE,32.0105 - Job-Seeking/Changing Skills,Noncredit CIP,13
4930.10 - Career Guidance and Orientation,Not CTE,32.0107 - Career Exploration/Awareness Skills,Noncredit CIP,6
4930.10 - Career Guidance and Orientation,Not CTE,32.0108 - Developmental/Remedial English,Noncredit CIP,0
4930.10 - Career Guidance and Orientation,Not CTE,32.0109 - Second Language Learning,Noncredit CIP,0
4930.10 - Career Guidance and Orientation,Not CTE,32.0110 - Basic Computer Skills,Noncredit CIP,0
4930.10 - Career Guidance and Orientation,Not CTE,32.0111 - Workforce Development and Training,Noncredit CIP,1
4930.10 - Career Guidance and Orientation,Not CTE,32.0112 - Accent Reduction/Modification,Noncredit CIP,0
4930.10 - Career Guidance and Orientation,Not CTE,"32.0199 - Basic Skills and Developmental/Remedial Education, Other",Noncredit CIP,0
4930.10 - Career Guidance and Orientation,Not CTE,"32.0201 - Exam Preparation and Test-Taking Skills, General",Noncredit CIP,0
4930.10 - Career Guidance and Orientation,Not CTE,32.0202 - High School Equivalent Exam Preparation,Noncredit CIP,0
4930.10 - Career Guidance and Orientation,Not CTE,32.0203 - Undergraduate Entrance/Placement Examination Preparation,Noncredit CIP,0
4930.10 - Career Guidance and Orientation,Not CTE,32.0204 - Graduate/Professional School Entrance Examination Preparation,Noncredit CIP,0
4930.10 - Career Guidance and Orientation,Not CTE,32.0205 - Professional Certification/Licensure Examination Preparation,Noncredit CIP,0
4930.10 - Career Guidance and Orientation,Not CTE,"32.0299 - General Exam Preparation and Test-Taking Skills, Other",Noncredit CIP,0
4930.11 - Interpersonal Skills,Not CTE,13.1102 - College Student Counseling and Personnel Services,Both,0
4930.11 - Interpersonal Skills,Not CTE,"13.1199 - Student Counseling and Personnel Services, Other",Both,0
4930.11 - Interpersonal Skills,Not CTE,24.0102 - General Studies,Not CTE,0
4930.11 - Interpersonal Skills,Not CTE,"32.0101 - Basic Skills and Developmental/Remedial Education, General",Noncredit CIP,0
4930.11 - Interpersonal Skills,Not CTE,32.0104 - Developmental/Remedial Mathematics,Noncredit CIP,0
4930.11 - Interpersonal Skills,Not CTE,32.0105 - Job-Seeking/Changing Skills,Noncredit CIP,1
4930.11 - Interpersonal Skills,Not CTE,32.0107 - Career Exploration/Awareness Skills,Noncredit CIP,0
4930.11 - Interpersonal Skills,Not CTE,32.0108 - Developmental/Remedial English,Noncredit CIP,0
4930.11 - Interpersonal Skills,Not CTE,32.0109 - Second Language Learning,Noncredit CIP,0
4930.11 - Interpersonal Skills,Not CTE,32.0110 - Basic Computer Skills,Noncredit CIP,0
4930.11 - Interpersonal Skills,Not CTE,32.0111 - Workforce Development and Training,Noncredit CIP,0
4930.11 - Interpersonal Skills,Not CTE,32.0112 - Accent Reduction/Modification,Noncredit CIP,0
4930.11 - Interpersonal Skills,Not CTE,"32.0199 - Basic Skills and Developmental/Remedial Education, Other",Noncredit CIP,1
4930.11 - Interpersonal Skills,Not CTE,"32.0201 - Exam Preparation and Test-Taking Skills, General",Noncredit CIP,0
4930.11 - Interpersonal Skills,Not CTE,32.0202 - High School Equivalent Exam Preparation,Noncredit CIP,0
4930.11 - Interpersonal Skills,Not CTE,32.0203 - Undergraduate Entrance/Placement Examination Preparation,Noncredit CIP,0
4930.11 - Interpersonal Skills,Not CTE,32.0204 - Graduate/Professional School Entrance Examination Preparation,Noncredit CIP,0
4930.11 - Interpersonal Skills,Not CTE,32.0205 - Professional Certification/Licensure Examination Preparation,Noncredit CIP,0
4930.11 - Interpersonal Skills,Not CTE,"32.0299 - General Exam Preparation and Test-Taking Skills, Other",Noncredit CIP,0
4930.11 - Interpersonal Skills,Not CTE,"35.0101 - Interpersonal and Social Skills, General",Noncredit CIP,6
4930.12 - Job Seeking/Changing Skills,Not CTE,13.1102 - College Student Counseling and Personnel Services,Both,0
4930.12 - Job Seeking/Changing Skills,Not CTE,"13.1199 - Student Counseling and Personnel Services, Other",Both,0
4930.12 - Job Seeking/Changing Skills,Not CTE,"23.1303 - Professional, Technical, Business, and Scientific Writing",Not CTE,1
4930.12 - Job Seeking/Changing Skills,Not CTE,24.0102 - General Studies,Not CTE,0
4930.12 - Job Seeking/Changing Skills,Not CTE,30.0001 - Comprehensive Transition and Postsecondary (CTP) Program,Not CTE,0
4930.12 - Job Seeking/Changing Skills,Not CTE,"32.0101 - Basic Skills and Developmental/Remedial Education, General",Noncredit CIP,0
4930.12 - Job Seeking/Changing Skills,Not CTE,32.0104 - Developmental/Remedial Mathematics,Noncredit CIP,0
4930.12 - Job Seeking/Changing Skills,Not CTE,32.0105 - Job-Seeking/Changing Skills,Noncredit CIP,35
4930.12 - Job Seeking/Changing Skills,Not CTE,32.0107 - Career Exploration/Awareness Skills,Noncredit CIP,0
4930.12 - Job Seeking/Changing Skills,Not CTE,32.0108 - Developmental/Remedial English,Noncredit CIP,0
4930.12 - Job Seeking/Changing Skills,Not CTE,32.0109 - Second Language Learning,Noncredit CIP,0
4930.12 - Job Seeking/Changing Skills,Not CTE,32.0110 - Basic Computer Skills,Noncredit CIP,0
4930.12 - Job Seeking/Changing Skills,Not CTE,32.0111 - Workforce Development and Training,Noncredit CIP,1
4930.12 - Job Seeking/Changing Skills,Not CTE,32.0112 - Accent Reduction/Modification,Noncredit CIP,0
4930.12 - Job Seeking/Changing Skills,Not CTE,"32.0199 - Basic Skills and Developmental/Remedial Education, Other",Noncredit CIP,2
4930.12 - Job Seeking/Changing Skills,Not CTE,"32.0201 - Exam Preparation and Test-Taking Skills, General",Noncredit CIP,0
4930.12 - Job Seeking/Changing Skills,Not CTE,32.0202 - High School Equivalent Exam Preparation,Noncredit CIP,0
4930.12 - Job Seeking/Changing Skills,Not CTE,32.0203 - Undergraduate Entrance/Placement Examination Preparation,Noncredit CIP,0
4930.12 - Job Seeking/Changing Skills,Not CTE,32.0204 - Graduate/Professional School Entrance Examination Preparation,Noncredit CIP,0
4930.12 - Job Seeking/Changing Skills,Not CTE,32.0205 - Professional Certification/Licensure Examination Preparation,Noncredit CIP,0
4930.12 - Job Seeking/Changing Skills,Not CTE,"32.0299 - General Exam Preparation and Test-Taking Skills, Other",Noncredit CIP,0
4930.12 - Job Seeking/Changing Skills,Not CTE,52.0204 - Office Management and Supervision,CTE,1
4930.13 - Academic Guidance,Not CTE,13.1102 - College Student Counseling and Personnel Services,Both,0
4930.13 - Academic Guidance,Not CTE,"13.1199 - Student Counseling and Personnel Services, Other",Both,0
4930.13 - Academic Guidance,Not CTE,24.0102 - General Studies,Not CTE,0
4930.13 - Academic Guidance,Not CTE,"32.0101 - Basic Skills and Developmental/Remedial Education, General",Noncredit CIP,0
4930.13 - Academic Guidance,Not CTE,32.0104 - Developmental/Remedial Mathematics,Noncredit CIP,0
4930.13 - Academic Guidance,Not CTE,32.0105 - Job-Seeking/Changing Skills,Noncredit CIP,14
4930.13 - Academic Guidance,Not CTE,32.0107 - Career Exploration/Awareness Skills,Noncredit CIP,0
4930.13 - Academic Guidance,Not CTE,32.0108 - Developmental/Remedial English,Noncredit CIP,0
4930.13 - Academic Guidance,Not CTE,32.0109 - Second Language Learning,Noncredit CIP,0
4930.13 - Academic Guidance,Not CTE,32.0110 - Basic Computer Skills,Noncredit CIP,0
4930.13 - Academic Guidance,Not CTE,32.0111 - Workforce Development and Training,Noncredit CIP,0
4930.13 - Academic Guidance,Not CTE,32.0112 - Accent Reduction/Modification,Noncredit CIP,0
4930.13 - Academic Guidance,Not CTE,"32.0199 - Basic Skills and Developmental/Remedial Education, Other",Noncredit CIP,0
4930.13 - Academic Guidance,Not CTE,"32.0201 - Exam Preparation and Test-Taking Skills, General",Noncredit CIP,0
4930.13 - Academic Guidance,Not CTE,32.0202 - High School Equivalent Exam Preparation,Noncredit CIP,0
4930.13 - Academic Guidance,Not CTE,32.0203 - Undergraduate Entrance/Placement Examination Preparation,Noncredit CIP,0
4930.13 - Academic Guidance,Not CTE,32.0204 - Graduate/Professional School Entrance Examination Preparation,Noncredit CIP,0
4930.13 - Academic Guidance,Not CTE,32.0205 - Professional Certification/Licensure Examination Preparation,Noncredit CIP,0
4930.13 - Academic Guidance,Not CTE,"32.0299 - General Exam Preparation and Test-Taking Skills, Other",Noncredit CIP,0
4930.13 - Academic Guidance,Not CTE,53.0201 - High School Equivalence Certificate Program,Noncredit CIP,1
4930.14 - Study Skills,Not CTE,25.0101 - Library and Information Science,Not CTE,1
4930.14 - Study Skills,Not CTE,"32.0101 - Basic Skills and Developmental/Remedial Education, General",Noncredit CIP,0
4930.14 - Study Skills,Not CTE,32.0104 - Developmental/Remedial Mathematics,Noncredit CIP,0
4930.14 - Study Skills,Not CTE,32.0105 - Job-Seeking/Changing Skills,Noncredit CIP,0
4930.14 - Study Skills,Not CTE,32.0107 - Career Exploration/Awareness Skills,Noncredit CIP,0
4930.14 - Study Skills,Not CTE,32.0108 - Developmental/Remedial English,Noncredit CIP,0
4930.14 - Study Skills,Not CTE,32.0109 - Second Language Learning,Noncredit CIP,0
4930.14 - Study Skills,Not CTE,32.0110 - Basic Computer Skills,Noncredit CIP,0
4930.14 - Study Skills,Not CTE,32.0111 - Workforce Development and Training,Noncredit CIP,0
4930.14 - Study Skills,Not CTE,32.0112 - Accent Reduction/Modification,Noncredit CIP,0
4930.14 - Study Skills,Not CTE,"32.0199 - Basic Skills and Developmental/Remedial Education, Other",Noncredit CIP,18
4930.14 - Study Skills,Not CTE,"32.0201 - Exam Preparation and Test-Taking Skills, General",Noncredit CIP,0
4930.14 - Study Skills,Not CTE,32.0202 - High School Equivalent Exam Preparation,Noncredit CIP,0
4930.14 - Study Skills,Not CTE,32.0203 - Undergraduate Entrance/Placement Examination Preparation,Noncredit CIP,0
4930.14 - Study Skills,Not CTE,32.0204 - Graduate/Professional School Entrance Examination Preparation,Noncredit CIP,0
4930.14 - Study Skills,Not CTE,32.0205 - Professional Certification/Licensure Examination Preparation,Noncredit CIP,0
4930.14 - Study Skills,Not CTE,"32.0299 - General Exam Preparation and Test-Taking Skills, Other",Noncredit CIP,0
"4930.30 - Learning Skills, Disabled",Not CTE,"32.0101 - Basic Skills and Developmental/Remedial Education, General",Noncredit CIP,0
"4930.30 - Learning Skills, Disabled",Not CTE,32.0104 - Developmental/Remedial Mathematics,Noncredit CIP,0
"4930.30 - Learning Skills, Disabled",Not CTE,32.0105 - Job-Seeking/Changing Skills,Noncredit CIP,0
"4930.30 - Learning Skills, Disabled",Not CTE,32.0107 - Career Exploration/Awareness Skills,Noncredit CIP,0
"4930.30 - Learning Skills, Disabled",Not CTE,32.0108 - Developmental/Remedial English,Noncredit CIP,0
"4930.30 - Learning Skills, Disabled",Not CTE,32.0109 - Second Language Learning,Noncredit CIP,0
"4930.30 - Learning Skills, Disabled",Not CTE,32.0110 - Basic Computer Skills,Noncredit CIP,0
"4930.30 - Learning Skills, Disabled",Not CTE,32.0111 - Workforce Development and Training,Noncredit CIP,0
"4930.30 - Learning Skills, Disabled",Not CTE,32.0112 - Accent Reduction/Modification,Noncredit CIP,0
"4930.30 - Learning Skills, Disabled",Not CTE,"32.0199 - Basic Skills and Developmental/Remedial Education, Other",Noncredit CIP,3
"4930.30 - Learning Skills, Disabled",Not CTE,"32.0201 - Exam Preparation and Test-Taking Skills, General",Noncredit CIP,0
"4930.30 - Learning Skills, Disabled",Not CTE,32.0202 - High School Equivalent Exam Preparation,Noncredit CIP,0
"4930.30 - Learning Skills, Disabled",Not CTE,32.0203 - Undergraduate Entrance/Placement Examination Preparation,Noncredit CIP,0
"4930.30 - Learning Skills, Disabled",Not CTE,32.0204 - Graduate/Professional School Entrance Examination Preparation,Noncredit CIP,0
"4930.30 - Learning Skills, Disabled",Not CTE,32.0205 - Professional Certification/Licensure Examination Preparation,Noncredit CIP,0
"4930.30 - Learning Skills, Disabled",Not CTE,"32.0299 - General Exam Preparation and Test-Taking Skills, Other",Noncredit CIP,0
"4930.31 - Living Skills, Disabled",Not CTE,30.0001 - Comprehensive Transition and Postsecondary (CTP) Program,Not CTE,1
"4930.31 - Living Skills, Disabled",Not CTE,"32.0101 - Basic Skills and Developmental/Remedial Education, General",Noncredit CIP,0
"4930.31 - Living Skills, Disabled",Not CTE,32.0104 - Developmental/Remedial Mathematics,Noncredit CIP,0
"4930.31 - Living Skills, Disabled",Not CTE,32.0105 - Job-Seeking/Changing Skills,Noncredit CIP,0
"4930.31 - Living Skills, Disabled",Not CTE,32.0107 - Career Exploration/Awareness Skills,Noncredit CIP,0
"4930.31 - Living Skills, Disabled",Not CTE,32.0108 - Developmental/Remedial English,Noncredit CIP,0
"4930.31 - Living Skills, Disabled",Not CTE,32.0109 - Second Language Learning,Noncredit CIP,0
"4930.31 - Living Skills, Disabled",Not CTE,32.0110 - Basic Computer Skills,Noncredit CIP,0
"4930.31 - Living Skills, Disabled",Not CTE,32.0111 - Workforce Development and Training,Noncredit CIP,0
"4930.31 - Living Skills, Disabled",Not CTE,32.0112 - Accent Reduction/Modification,Noncredit CIP,0
"4930.31 - Living Skills, Disabled",Not CTE,"32.0199 - Basic Skills and Developmental/Remedial Education, Other",Noncredit CIP,1
"4930.31 - Living Skills, Disabled",Not CTE,"32.0201 - Exam Preparation and Test-Taking Skills, General",Noncredit CIP,0
"4930.31 - Living Skills, Disabled",Not CTE,32.0202 - High School Equivalent Exam Preparation,Noncredit CIP,0
"4930.31 - Living Skills, Disabled",Not CTE,32.0203 - Undergraduate Entrance/Placement Examination Preparation,Noncredit CIP,0
"4930.31 - Living Skills, Disabled",Not CTE,32.0204 - Graduate/Professional School Entrance Examination Preparation,Noncredit CIP,0
"4930.31 - Living Skills, Disabled",Not CTE,32.0205 - Professional Certification/Licensure Examination Preparation,Noncredit CIP,0
"4930.31 - Living Skills, Disabled",Not CTE,"32.0299 - General Exam Preparation and Test-Taking Skills, Other",Noncredit CIP,0
"4930.32 - Learning Skills, Learning Disabled",Not CTE,"32.0101 - Basic Skills and Developmental/Remedial Education, General",Noncredit CIP,0
"4930.32 - Learning Skills, Learning Disabled",Not CTE,32.0104 - Developmental/Remedial Mathematics,Noncredit CIP,0
"4930.32 - Learning Skills, Learning Disabled",Not CTE,32.0105 - Job-Seeking/Changing Skills,Noncredit CIP,0
"4930.32 - Learning Skills, Learning Disabled",Not CTE,32.0107 - Career Exploration/Awareness Skills,Noncredit CIP,0
"4930.32 - Learning Skills, Learning Disabled",Not CTE,32.0108 - Developmental/Remedial English,Noncredit CIP,0
"4930.32 - Learning Skills, Learning Disabled",Not CTE,32.0109 - Second Language Learning,Noncredit CIP,0
"4930.32 - Learning Skills, Learning Disabled",Not CTE,32.0110 - Basic Computer Skills,Noncredit CIP,0
"4930.32 - Learning Skills, Learning Disabled",Not CTE,32.0111 - Workforce Development and Training,Noncredit CIP,0
"4930.32 - Learning Skills, Learning Disabled",Not CTE,32.0112 - Accent Reduction/Modification,Noncredit CIP,0
"4930.32 - Learning Skills, Learning Disabled",Not CTE,"32.0199 - Basic Skills and Developmental/Remedial Education, Other",Noncredit CIP,1
"4930.32 - Learning Skills, Learning Disabled",Not CTE,"32.0201 - Exam Preparation and Test-Taking Skills, General",Noncredit CIP,0
"4930.32 - Learning Skills, Learning Disabled",Not CTE,32.0202 - High School Equivalent Exam Preparation,Noncredit CIP,0
"4930.32 - Learning Skills, Learning Disabled",Not CTE,32.0203 - Undergraduate Entrance/Placement Examination Preparation,Noncredit CIP,0
"4930.32 - Learning Skills, Learning Disabled",Not CTE,32.0204 - Graduate/Professional School Entrance Examination Preparation,Noncredit CIP,0
"4930.32 - Learning Skills, Learning Disabled",Not CTE,32.0205 - Professional Certification/Licensure Examination Preparation,Noncredit CIP,0
"4930.32 - Learning Skills, Learning Disabled",Not CTE,"32.0299 - General Exam Preparation and Test-Taking Skills, Other",Noncredit CIP,0
"4930.32 - Learning Skills, Learning Disabled",Not CTE,52.0408 - General Office Occupations and Clerical Services,CTE,1
"4930.33 - Learning Skills, Speech Impaired",Not CTE,"32.0101 - Basic Skills and Developmental/Remedial Education, General",Noncredit CIP,0
"4930.33 - Learning Skills, Speech Impaired",Not CTE,32.0104 - Developmental/Remedial Mathematics,Noncredit CIP,0
"4930.33 - Learning Skills, Speech Impaired",Not CTE,32.0105 - Job-Seeking/Changing Skills,Noncredit CIP,0
"4930.33 - Learning Skills, Speech Impaired",Not CTE,32.0107 - Career Exploration/Awareness Skills,Noncredit CIP,0
"4930.33 - Learning Skills, Speech Impaired",Not CTE,32.0108 - Developmental/Remedial English,Noncredit CIP,0
"4930.33 - Learning Skills, Speech Impaired",Not CTE,32.0109 - Second Language Learning,Noncredit CIP,0
"4930.33 - Learning Skills, Speech Impaired",Not CTE,32.0110 - Basic Computer Skills,Noncredit CIP,0
"4930.33 - Learning Skills, Speech Impaired",Not CTE,32.0111 - Workforce Development and Training,Noncredit CIP,0
"4930.33 - Learning Skills, Speech Impaired",Not CTE,32.0112 - Accent Reduction/Modification,Noncredit CIP,0
"4930.33 - Learning Skills, Speech Impaired",Not CTE,"32.0199 - Basic Skills and Developmental/Remedial Education, Other",Noncredit CIP,0
"4930.33 - Learning Skills, Speech Impaired",Not CTE,"32.0201 - Exam Preparation and Test-Taking Skills, General",Noncredit CIP,0
"4930.33 - Learning Skills, Speech Impaired",Not CTE,32.0202 - High School Equivalent Exam Preparation,Noncredit CIP,0
"4930.33 - Learning Skills, Speech Impaired",Not CTE,32.0203 - Undergraduate Entrance/Placement Examination Preparation,Noncredit CIP,0
"4930.33 - Learning Skills, Speech Impaired",Not CTE,32.0204 - Graduate/Professional School Entrance Examination Preparation,Noncredit CIP,0
"4930.33 - Learning Skills, Speech Impaired",Not CTE,32.0205 - Professional Certification/Licensure Examination Preparation,Noncredit CIP,0
"4930.33 - Learning Skills, Speech Impaired",Not CTE,"32.0299 - General Exam Preparation and Test-Taking Skills, Other",Noncredit CIP,0
4930.60 - Elementary Education (Grades 1-8),Not CTE,"32.0101 - Basic Skills and Developmental/Remedial Education, General",Noncredit CIP,13
4930.60 - Elementary Education (Grades 1-8),Not CTE,32.0104 - Developmental/Remedial Mathematics,Noncredit CIP,0
4930.60 - Elementary Education (Grades 1-8),Not CTE,32.0105 - Job-Seeking/Changing Skills,Noncredit CIP,0
4930.60 - Elementary Education (Grades 1-8),Not CTE,32.0107 - Career Exploration/Awareness Skills,Noncredit CIP,0
4930.60 - Elementary Education (Grades 1-8),Not CTE,32.0108 - Developmental/Remedial English,Noncredit CIP,0
4930.60 - Elementary Education (Grades 1-8),Not CTE,32.0109 - Second Language Learning,Noncredit CIP,0
4930.60 - Elementary Education (Grades 1-8),Not CTE,32.0110 - Basic Computer Skills,Noncredit CIP,0
4930.60 - Elementary Education (Grades 1-8),Not CTE,32.0111 - Workforce Development and Training,Noncredit CIP,0
4930.60 - Elementary Education (Grades 1-8),Not CTE,32.0112 - Accent Reduction/Modification,Noncredit CIP,0
4930.60 - Elementary Education (Grades 1-8),Not CTE,"32.0199 - Basic Skills and Developmental/Remedial Education, Other",Noncredit CIP,0
4930.60 - Elementary Education (Grades 1-8),Not CTE,"32.0201 - Exam Preparation and Test-Taking Skills, General",Noncredit CIP,0
4930.60 - Elementary Education (Grades 1-8),Not CTE,32.0202 - High School Equivalent Exam Preparation,Noncredit CIP,0
4930.60 - Elementary Education (Grades 1-8),Not CTE,32.0203 - Undergraduate Entrance/Placement Examination Preparation,Noncredit CIP,0
4930.60 - Elementary Education (Grades 1-8),Not CTE,32.0204 - Graduate/Professional School Entrance Examination Preparation,Noncredit CIP,0
4930.60 - Elementary Education (Grades 1-8),Not CTE,32.0205 - Professional Certification/Licensure Examination Preparation,Noncredit CIP,0
4930.60 - Elementary Education (Grades 1-8),Not CTE,"32.0299 - General Exam Preparation and Test-Taking Skills, Other",Noncredit CIP,0
4930.60 - Elementary Education (Grades 1-8),Not CTE,53.0201 - High School Equivalence Certificate Program,Noncredit CIP,1
4930.62 - Secondary Education (Grades 9-12) and G.E.D.,Not CTE,"32.0101 - Basic Skills and Developmental/Remedial Education, General",Noncredit CIP,3
4930.62 - Secondary Education (Grades 9-12) and G.E.D.,Not CTE,32.0105 - Job-Seeking/Changing Skills,Noncredit CIP,1
4930.62 - Secondary Education (Grades 9-12) and G.E.D.,Not CTE,"32.0199 - Basic Skills and Developmental/Remedial Education, Other",Noncredit CIP,2
4930.62 - Secondary Education (Grades 9-12) and G.E.D.,Not CTE,53.0105 - Adult High School/Secondary Diploma Program,Noncredit CIP,0
4930.62 - Secondary Education (Grades 9-12) and G.E.D.,Not CTE,53.0201 - High School Equivalence Certificate Program,Noncredit CIP,36
4930.72 - Leadership Skills Development,Not CTE,"13.0401 - Educational Leadership and Administration, General",Not CTE,1
4930.72 - Leadership Skills Development,Not CTE,32.0105 - Job-Seeking/Changing Skills,Noncredit CIP,5
4930.72 - Leadership Skills Development,Not CTE,32.0107 - Career Exploration/Awareness Skills,Noncredit CIP,1
4930.72 - Leadership Skills Development,Not CTE,32.0108 - Developmental/Remedial English,Noncredit CIP,2
4930.72 - Leadership Skills Development,Not CTE,32.0111 - Workforce Development and Training,Noncredit CIP,1
4930.72 - Leadership Skills Development,Not CTE,"35.0101 - Interpersonal and Social Skills, General",Noncredit CIP,1
4930.84 - English as a Second Language - Writing,Not CTE,"32.0101 - Basic Skills and Developmental/Remedial Education, General",Noncredit CIP,1
4930.84 - English as a Second Language - Writing,Not CTE,32.0108 - Developmental/Remedial English,Noncredit CIP,8
4930.84 - English as a Second Language - Writing,Not CTE,32.0109 - Second Language Learning,Noncredit CIP,10
4930.84 - English as a Second Language - Writing,Not CTE,32.0112 - Accent Reduction/Modification,Noncredit CIP,0
4930.84 - English as a Second Language - Writing,Not CTE,"32.0199 - Basic Skills and Developmental/Remedial Education, Other",Noncredit CIP,1
4930.85 - English as a Second Language - Reading,Not CTE,32.0108 - Developmental/Remedial English,Noncredit CIP,3
4930.85 - English as a Second Language - Reading,Not CTE,32.0109 - Second Language Learning,Noncredit CIP,2
4930.85 - English as a Second Language - Reading,Not CTE,32.0112 - Accent Reduction/Modification,Noncredit CIP,0
4930.86 - English as a Second Language - Speaking/Listening,Not CTE,32.0108 - Developmental/Remedial English,Noncredit CIP,19
4930.86 - English as a Second Language - Speaking/Listening,Not CTE,32.0109 - Second Language Learning,Noncredit CIP,15
4930.86 - English as a Second Language - Speaking/Listening,Not CTE,32.0112 - Accent Reduction/Modification,Noncredit CIP,0
4930.87 - English as a Second Language - Integrated,Not CTE,13.0201 - Bilingual and Multilingual Education,Not CTE,1
4930.87 - English as a Second Language - Integrated,Not CTE,16.1701 - English as a Second Language,Not CTE,24
4930.87 - English as a Second Language - Integrated,Not CTE,"16.9999 - Foreign Languages, Literatures, and Linguistics, Other",Both,1
4930.87 - English as a Second Language - Integrated,Not CTE,"23.0101 - English Language and Literature, General",Not CTE,1
4930.87 - English as a Second Language - Integrated,Not CTE,32.0108 - Developmental/Remedial English,Noncredit CIP,65
4930.87 - English as a Second Language - Integrated,Not CTE,32.0109 - Second Language Learning,Noncredit CIP,46
4930.87 - English as a Second Language - Integrated,Not CTE,32.0112 - Accent Reduction/Modification,Noncredit CIP,0
4930.87 - English as a Second Language - Integrated,Not CTE,"32.0199 - Basic Skills and Developmental/Remedial Education, Other",Noncredit CIP,1
4930.87 - English as a Second Language - Integrated,Not CTE,33.0102 - American Citizenship Education,Noncredit CIP,1
4930.90 - Citizenship (and ESL Civics),Not CTE,32.0109 - Second Language Learning,Noncredit CIP,0
4930.90 - Citizenship (and ESL Civics),Not CTE,32.0112 - Accent Reduction/Modification,Noncredit CIP,0
4930.90 - Citizenship (and ESL Civics),Not CTE,"33.0101 - Citizenship Activities, General",Noncredit CIP,0
4930.90 - Citizenship (and ESL Civics),Not CTE,33.0102 - American Citizenship Education,Noncredit CIP,8
4930.90 - Citizenship (and ESL Civics),Not CTE,33.0103 - Community Awareness,Noncredit CIP,0
4930.90 - Citizenship (and ESL Civics),Not CTE,33.0104 - Community Involvement,Noncredit CIP,0
4930.90 - Citizenship (and ESL Civics),Not CTE,33.0105 - Canadian Citizenship Education,Noncredit CIP,0
4930.90 - Citizenship (and ESL Civics),Not CTE,33.0106 - Personal Emergency Preparedness,Noncredit CIP,0
4930.90 - Citizenship (and ESL Civics),Not CTE,"33.0199 - Citizenship Activities, Other",Noncredit CIP,0
4931.00 - Vocational ESL,CTE,16.1701 - English as a Second Language,Not CTE,15
4931.00 - Vocational ESL,CTE,"32.0101 - Basic Skills and Developmental/Remedial Education, General",Noncredit CIP,1
4931.00 - Vocational ESL,CTE,32.0107 - Career Exploration/Awareness Skills,Noncredit CIP,0
4931.00 - Vocational ESL,CTE,32.0108 - Developmental/Remedial English,Noncredit CIP,2
4931.00 - Vocational ESL,CTE,32.0109 - Second Language Learning,Noncredit CIP,21
4931.00 - Vocational ESL,CTE,32.0111 - Workforce Development and Training,Noncredit CIP,2
4931.00 - Vocational ESL,CTE,32.0112 - Accent Reduction/Modification,Noncredit CIP,0
4932.00 - General Work Experience,CTE,32.0105 - Job-Seeking/Changing Skills,Noncredit CIP,0
4932.00 - General Work Experience,CTE,32.0107 - Career Exploration/Awareness Skills,Noncredit CIP,0
4932.00 - General Work Experience,CTE,32.0111 - Workforce Development and Training,Noncredit CIP,1
4999.00 - Other Interdisciplinary Studies,Not CTE,"30.9999 - Multi-/Interdisciplinary Studies, Other",Both,12
No TOP Match in Records,Not CTE,"01.0101 - Agricultural Business and Management, General",Not CTE,0
No TOP Match in Records,Not CTE,01.0103 - Agricultural Economics,Not CTE,0
No TOP Match in Records,Not CTE,"01.0199 - Agricultural Business and Management, Other",Both,0
No TOP Match in Records,Not CTE,"01.0299 - Agricultural Mechanization, Other",Both,0
No TOP Match in Records,Not CTE,"01.0301 - Agricultural Production Operations, General",Both,0
No TOP Match in Records,Not CTE,01.0303 - Aquaculture,CTE,0
No TOP Match in Records,Not CTE,01.0310 - Apiculture,Not CTE,0
No TOP Match in Records,Not CTE,01.0504 - Dog/Pet/Animal Grooming,CTE,0
No TOP Match in Records,Not CTE,01.0507 - Equestrian/Equine Studies,Both,0
No TOP Match in Records,Not CTE,01.0508 - Taxidermy/Taxidermist,CTE,0
No TOP Match in Records,Not CTE,"01.0599 - Agricultural and Domestic Animal Services, Other",Both,0
No TOP Match in Records,Not CTE,01.0603 - Ornamental Horticulture,Both,0
No TOP Match in Records,Not CTE,01.0604 - Greenhouse Operations and Management,CTE,0
No TOP Match in Records,Not CTE,01.0609 - Public Horticulture,Not CTE,0
No TOP Match in Records,Not CTE,01.0610 - Urban and Community Horticulture,Not CTE,0
No TOP Match in Records,Not CTE,"01.0699 - Applied Horticulture/Horticultural Business Services, Other",Both,0
No TOP Match in Records,Not CTE,01.0701 - International Agriculture,Not CTE,0
No TOP Match in Records,Not CTE,01.0801 - Agricultural and Extension Education Services,CTE,0
No TOP Match in Records,Not CTE,01.0802 - Agricultural Communication/Journalism,CTE,0
No TOP Match in Records,Not CTE,"01.0899 - Agricultural Public Services, Other",Both,0
No TOP Match in Records,Not CTE,"01.0901 - Animal Sciences, General",Not CTE,0
No TOP Match in Records,Not CTE,01.0902 - Agricultural Animal Breeding,Not CTE,0
No TOP Match in Records,Not CTE,01.0903 - Animal Health,Not CTE,0
No TOP Match in Records,Not CTE,01.0904 - Animal Nutrition,Not CTE,0
No TOP Match in Records,Not CTE,01.0905 - Dairy Science,Not CTE,0
No TOP Match in Records,Not CTE,01.0906 - Livestock Management,Not CTE,0
No TOP Match in Records,Not CTE,01.0907 - Poultry Science,Not CTE,0
No TOP Match in Records,Not CTE,"01.0999 - Animal Sciences, Other",Both,0
No TOP Match in Records,Not CTE,01.1001 - Food Science,Not CTE,0
No TOP Match in Records,Not CTE,"01.1099 - Food Science and Technology, Other",Both,0
No TOP Match in Records,Not CTE,01.1102 - Agronomy and Crop Science,Not CTE,0
No TOP Match in Records,Not CTE,01.1103 - Horticultural Science,Not CTE,0
No TOP Match in Records,Not CTE,01.1104 - Agricultural and Horticultural Plant Breeding,Not CTE,0
No TOP Match in Records,Not CTE,01.1106 - Range Science and Management,Not CTE,0
No TOP Match in Records,Not CTE,"01.1199 - Plant Sciences, Other",Both,0
No TOP Match in Records,Not CTE,"01.1201 - Soil Science and Agronomy, General",Not CTE,0
No TOP Match in Records,Not CTE,01.1202 - Soil Chemistry and Physics,Not CTE,0
No TOP Match in Records,Not CTE,01.1203 - Soil Microbiology,Not CTE,0
No TOP Match in Records,Not CTE,"01.1299 - Soil Sciences, Other",Both,0
No TOP Match in Records,Not CTE,01.1302 - Pre-Veterinary Studies,CTE,0
No TOP Match in Records,Not CTE,01.8001 - Veterinary Medicine,CTE,0
No TOP Match in Records,Not CTE,"01.8101 - Veterinary Sciences/Veterinary Clinical Sciences, General",Not CTE,0
No TOP Match in Records,Not CTE,01.8102 - Comparative and Laboratory Animal Medicine,CTE,0
No TOP Match in Records,Not CTE,01.8103 - Large Animal/Food Animal and Equine Surgery and Medicine,Not CTE,0
No TOP Match in Records,Not CTE,01.8104 - Small/Companion Animal Surgery and Medicine,Not CTE,0
No TOP Match in Records,Not CTE,01.8105 - Veterinary Anatomy,Not CTE,0
No TOP Match in Records,Not CTE,01.8106 - Veterinary Infectious Diseases,Not CTE,0
No TOP Match in Records,Not CTE,01.8107 - Veterinary Microbiology and Immunobiology,Not CTE,0
No TOP Match in Records,Not CTE,01.8108 - Veterinary Pathology and Pathobiology,Not CTE,0
No TOP Match in Records,Not CTE,01.8109 - Veterinary Physiology,Not CTE,0
No TOP Match in Records,Not CTE,"01.8110 - Veterinary Preventive Medicine, Epidemiology, and Public Health",CTE,0
No TOP Match in Records,Not CTE,01.8111 - Veterinary Toxicology and Pharmacology,Not CTE,0
No TOP Match in Records,Not CTE,"01.8199 - Veterinary Biomedical and Clinical Sciences, Other",Both,0
No TOP Match in Records,Not CTE,"01.8299 - Veterinary Administrative Services, Other",Both,0
No TOP Match in Records,Not CTE,"01.8399 - Veterinary/Animal Health Technologies/Technicians, Other",Both,0
No TOP Match in Records,Not CTE,"03.0199 - Natural Resources Conservation and Research, Other",Both,0
No TOP Match in Records,Not CTE,"03.0201 - Environmental/Natural Resources Management and Policy, General",CTE,0
No TOP Match in Records,Not CTE,03.0204 - Environmental/Natural Resource Economics,Not CTE,0
No TOP Match in Records,Not CTE,"03.0205 - Water, Wetlands, and Marine Resources Management",CTE,0
No TOP Match in Records,Not CTE,03.0206 - Land Use Planning and Management/Development,Not CTE,0
No TOP Match in Records,Not CTE,03.0207 - Environmental/Natural Resource Recreation and Tourism,CTE,0
No TOP Match in Records,Not CTE,03.0210 - Bioenergy,Not CTE,0
No TOP Match in Records,Not CTE,"03.0299 - Environmental/Natural Resources Management and Policy, Other",Both,0
No TOP Match in Records,Not CTE,03.0301 - Fishing and Fisheries Sciences and Management,Not CTE,0
No TOP Match in Records,Not CTE,03.0502 - Forest Sciences and Biology,Not CTE,0
No TOP Match in Records,Not CTE,03.0506 - Forest Management/Forest Resources Management,CTE,0
No TOP Match in Records,Not CTE,03.0508 - Urban Forestry,CTE,0
No TOP Match in Records,Not CTE,03.0510 - Forest Resources Production and Management,Both,0
No TOP Match in Records,Not CTE,04.0201 - Architecture,CTE,0
No TOP Match in Records,Not CTE,"04.0301 - City/Urban, Community, and Regional Planning",CTE,0
No TOP Match in Records,Not CTE,04.0402 - Healthcare Environment Design/Architecture,Not CTE,0
No TOP Match in Records,Not CTE,04.0403 - Sustainable Design/Architecture,Not CTE,0
No TOP Match in Records,Not CTE,"04.0499 - Environmental Design, Other",Both,0
No TOP Match in Records,Not CTE,04.0501 - Interior Architecture,CTE,0
No TOP Match in Records,Not CTE,"04.0801 - Architectural History and Criticism, General",Not CTE,0
No TOP Match in Records,Not CTE,04.0802 - Architectural Conservation,Not CTE,0
No TOP Match in Records,Not CTE,04.0803 - Architectural Studies,Not CTE,0
No TOP Match in Records,Not CTE,"04.0899 - Architectural History, Criticism, and Conservation, Other",Both,0
No TOP Match in Records,Not CTE,"04.0999 - Architectural Sciences and Technology, Other",Both,0
No TOP Match in Records,Not CTE,04.1001 - Real Estate Development,CTE,0
No TOP Match in Records,Not CTE,05.0101 - African Studies,Not CTE,0
No TOP Match in Records,Not CTE,05.0103 - Asian Studies/Civilization,Not CTE,0
No TOP Match in Records,Not CTE,05.0104 - East Asian Studies,Not CTE,0
No TOP Match in Records,Not CTE,"05.0105 - Russian, Central European, East European and Eurasian Studies",Not CTE,0
No TOP Match in Records,Not CTE,05.0106 - European Studies/Civilization,Not CTE,0
No TOP Match in Records,Not CTE,05.0107 - Latin American Studies,Not CTE,0
No TOP Match in Records,Not CTE,05.0108 - Near and Middle Eastern Studies,Not CTE,0
No TOP Match in Records,Not CTE,05.0109 - Pacific Area/Pacific Rim Studies,Not CTE,0
No TOP Match in Records,Not CTE,05.0110 - Russian Studies,Not CTE,0
No TOP Match in Records,Not CTE,05.0111 - Scandinavian Studies,Not CTE,0
No TOP Match in Records,Not CTE,05.0112 - South Asian Studies,Not CTE,0
No TOP Match in Records,Not CTE,05.0113 - Southeast Asian Studies,Not CTE,0
No TOP Match in Records,Not CTE,05.0114 - Western European Studies,Not CTE,0
No TOP Match in Records,Not CTE,05.0115 - Canadian Studies,Not CTE,0
No TOP Match in Records,Not CTE,05.0116 - Balkans Studies,Not CTE,0
No TOP Match in Records,Not CTE,05.0117 - Baltic Studies,Not CTE,0
No TOP Match in Records,Not CTE,05.0118 - Slavic Studies,Not CTE,0
No TOP Match in Records,Not CTE,05.0119 - Caribbean Studies,Not CTE,0
No TOP Match in Records,Not CTE,05.0120 - Ural-Altaic and Central Asian Studies,Not CTE,0
No TOP Match in Records,Not CTE,05.0121 - Commonwealth Studies,Not CTE,0
No TOP Match in Records,Not CTE,"05.0122 - Regional Studies (US, Canadian, Foreign)",Not CTE,0
No TOP Match in Records,Not CTE,05.0123 - Chinese Studies,Not CTE,0
No TOP Match in Records,Not CTE,05.0124 - French Studies,Not CTE,0
No TOP Match in Records,Not CTE,05.0125 - German Studies,Not CTE,0
No TOP Match in Records,Not CTE,05.0126 - Italian Studies,Not CTE,0
No TOP Match in Records,Not CTE,05.0127 - Japanese Studies,Not CTE,0
No TOP Match in Records,Not CTE,05.0128 - Korean Studies,Not CTE,0
No TOP Match in Records,Not CTE,05.0129 - Polish Studies,Not CTE,0
No TOP Match in Records,Not CTE,05.0130 - Spanish and Iberian Studies,Not CTE,0
No TOP Match in Records,Not CTE,05.0131 - Tibetan Studies,Not CTE,0
No TOP Match in Records,Not CTE,05.0132 - Ukraine Studies,Not CTE,0
No TOP Match in Records,Not CTE,05.0133 - Irish Studies,Not CTE,0
No TOP Match in Records,Not CTE,05.0134 - Latin American and Caribbean Studies,Not CTE,0
No TOP Match in Records,Not CTE,05.0135 - Appalachian Studies,Not CTE,0
No TOP Match in Records,Not CTE,05.0136 - Arctic Studies,Not CTE,0
No TOP Match in Records,Not CTE,05.0209 - Folklore Studies,Not CTE,0
No TOP Match in Records,Not CTE,05.0210 - Disability Studies,Not CTE,0
No TOP Match in Records,Not CTE,05.0211 - Deaf Studies,Not CTE,0
No TOP Match in Records,Not CTE,05.0212 - Comparative Group Studies,Not CTE,0
No TOP Match in Records,Not CTE,"05.9999 - Area, Ethnic, Cultural, Gender, and Group Studies, Other",Both,0
No TOP Match in Records,Not CTE,"09.0199 - Communication and Media Studies, Other",Both,0
No TOP Match in Records,Not CTE,09.0404 - Photojournalism,Both,0
No TOP Match in Records,Not CTE,"09.0499 - Journalism, Other",Both,0
No TOP Match in Records,Not CTE,"09.0799 - Radio, Television, and Digital Communication, Other",Both,0
No TOP Match in Records,Not CTE,"09.0901 - Organizational Communication, General",Not CTE,0
No TOP Match in Records,Not CTE,09.0902 - Public Relations/Image Management,Not CTE,0
No TOP Match in Records,Not CTE,09.0904 - Political Communication,Not CTE,0
No TOP Match in Records,Not CTE,09.0905 - Health Communication,Not CTE,0
No TOP Match in Records,Not CTE,09.0906 - Sports Communication,Not CTE,0
No TOP Match in Records,Not CTE,09.0907 - International and Intercultural Communication,Not CTE,0
No TOP Match in Records,Not CTE,09.0908 - Technical and Scientific Communication,Not CTE,0
No TOP Match in Records,Not CTE,"09.0999 - Public Relations, Advertising, and Applied Communication, Other",Both,0
No TOP Match in Records,Not CTE,09.1001 - Publishing,Not CTE,0
No TOP Match in Records,Not CTE,10.0204 - Voice Writing Technology/Technician,CTE,0
No TOP Match in Records,Not CTE,"10.0299 - Audiovisual Communications Technologies/Technicians, Other",Both,0
No TOP Match in Records,Not CTE,"10.0301 - Graphic Communications, General",CTE,0
No TOP Match in Records,Not CTE,10.0302 - Printing Management,CTE,0
No TOP Match in Records,Not CTE,"10.0399 - Graphic Communications, Other",Both,0
No TOP Match in Records,Not CTE,"10.9999 - Communications Technologies/Technicians and Support Services, Other",Both,0
No TOP Match in Records,Not CTE,11.0104 - Informatics,Not CTE,0
No TOP Match in Records,Not CTE,11.0105 - Human-Centered Technology Design,Not CTE,0
No TOP Match in Records,Not CTE,11.0401 - Information Science/Studies,Not CTE,0
No TOP Match in Records,Not CTE,11.0602 - Word Processing,CTE,0
No TOP Match in Records,Not CTE,"11.0699 - Data Entry/Microcomputer Applications, Other",Both,0
No TOP Match in Records,Not CTE,"11.0804 - Modeling, Virtual Environments and Simulation",CTE,0
No TOP Match in Records,Not CTE,11.1005 - Information Technology Project Management,CTE,0
No TOP Match in Records,Not CTE,"11.1099 - Computer/Information Technology Services Administration and Management, Other",Both,0
No TOP Match in Records,Not CTE,12.0302 - Funeral Direction/Service,CTE,0
No TOP Match in Records,Not CTE,12.0303 - Mortuary Science and Embalming/Embalmer,CTE,0
No TOP Match in Records,Not CTE,"12.0399 - Funeral Service and Mortuary Science, Other",Both,0
No TOP Match in Records,Not CTE,12.0404 - Electrolysis/Electrology and Electrolysis Technician,CTE,0
No TOP Match in Records,Not CTE,12.0411 - Permanent Cosmetics/Makeup and Tattooing,CTE,0
No TOP Match in Records,Not CTE,12.0502 - Bartending/Bartender,CTE,0
No TOP Match in Records,Not CTE,12.0506 - Meat Cutting/Meat Cutter,CTE,0
No TOP Match in Records,Not CTE,12.0508 - Institutional Food Workers,CTE,0
No TOP Match in Records,Not CTE,12.0509 - Culinary Science/Culinology,Both,0
No TOP Match in Records,Not CTE,12.0602 - Casino Dealing,CTE,0
No TOP Match in Records,Not CTE,"12.0699 - Casino Operations and Services, Other",Both,0
No TOP Match in Records,Not CTE,13.0202 - Multicultural Education,Not CTE,0
No TOP Match in Records,Not CTE,13.0203 - Indian/Native American Education,Both,0
No TOP Match in Records,Not CTE,"13.0299 - Bilingual, Multilingual, and Multicultural Education, Other",Both,0
No TOP Match in Records,Not CTE,13.0301 - Curriculum and Instruction,Not CTE,0
No TOP Match in Records,Not CTE,13.0402 - Administration of Special Education,CTE,0
No TOP Match in Records,Not CTE,13.0403 - Adult and Continuing Education Administration,Not CTE,0
No TOP Match in Records,Not CTE,"13.0404 - Educational, Instructional, and Curriculum Supervision",CTE,0
No TOP Match in Records,Not CTE,13.0406 - Higher Education/Higher Education Administration,Not CTE,0
No TOP Match in Records,Not CTE,13.0407 - Community College Administration,Not CTE,0
No TOP Match in Records,Not CTE,13.0408 - Elementary and Middle School Administration/Principalship,Not CTE,0
No TOP Match in Records,Not CTE,13.0409 - Secondary School Administration/Principalship,Not CTE,0
No TOP Match in Records,Not CTE,13.0410 - Urban Education and Leadership,Not CTE,0
No TOP Match in Records,Not CTE,13.0411 - Superintendency and Educational System Administration,Not CTE,0
No TOP Match in Records,Not CTE,13.0412 - International School Administration/Leadership,Not CTE,0
No TOP Match in Records,Not CTE,"13.0499 - Educational Administration and Supervision, Other",Both,0
No TOP Match in Records,Not CTE,13.0601 - Educational Evaluation and Research,Not CTE,0
No TOP Match in Records,Not CTE,13.0603 - Educational Statistics and Research Methods,Not CTE,0
No TOP Match in Records,Not CTE,"13.0604 - Educational Assessment, Testing, and Measurement",Not CTE,0
No TOP Match in Records,Not CTE,13.0607 - Learning Sciences,Not CTE,0
No TOP Match in Records,Not CTE,13.0608 - Institutional Research,CTE,0
No TOP Match in Records,Not CTE,"13.0699 - Educational Assessment, Evaluation, and Research, Other",Both,0
No TOP Match in Records,Not CTE,13.0701 - International and Comparative Education,Not CTE,0
No TOP Match in Records,Not CTE,13.0901 - Social and Philosophical Foundations of Education,Not CTE,0
No TOP Match in Records,Not CTE,13.1003 - Education/Teaching of Individuals with Hearing Impairments Including Deafness,Not CTE,0
No TOP Match in Records,Not CTE,13.1004 - Education/Teaching of the Gifted and Talented,Not CTE,0
No TOP Match in Records,Not CTE,13.1005 - Education/Teaching of Individuals with Emotional Disturbances,Not CTE,0
No TOP Match in Records,Not CTE,13.1006 - Education/Teaching of Individuals with Intellectual Disabilities,Not CTE,0
No TOP Match in Records,Not CTE,13.1007 - Education/Teaching of Individuals with Multiple Disabilities,Not CTE,0
No TOP Match in Records,Not CTE,13.1008 - Education/Teaching of Individuals with Orthopedic and Other Physical Health Impairments,Not CTE,0
No TOP Match in Records,Not CTE,13.1009 - Education/Teaching of Individuals with Vision Impairments Including Blindness,Not CTE,0
No TOP Match in Records,Not CTE,13.1011 - Education/Teaching of Individuals with Specific Learning Disabilities,Not CTE,0
No TOP Match in Records,Not CTE,13.1012 - Education/Teaching of Individuals with Speech or Language Impairments,Not CTE,0
No TOP Match in Records,Not CTE,13.1014 - Education/Teaching of Individuals Who are Developmentally Delayed,Not CTE,0
No TOP Match in Records,Not CTE,13.1016 - Education/Teaching of Individuals with Traumatic Brain Injuries,Not CTE,0
No TOP Match in Records,Not CTE,13.1018 - Education/Teaching of Individuals in Junior High/Middle School Special Education Programs,Not CTE,0
No TOP Match in Records,Not CTE,13.1019 - Education/Teaching of Individuals in Secondary Special Education Programs,Not CTE,0
No TOP Match in Records,Not CTE,13.1101 - Counselor Education/School Counseling and Guidance Services,CTE,0
No TOP Match in Records,Not CTE,13.1201 - Adult and Continuing Education and Teaching,CTE,0
No TOP Match in Records,Not CTE,13.1203 - Junior High/Intermediate/Middle School Education and Teaching,CTE,0
No TOP Match in Records,Not CTE,13.1211 - Online Educator/Online Teaching,CTE,0
No TOP Match in Records,Not CTE,13.1212 - International Teaching and Learning,CTE,0
No TOP Match in Records,Not CTE,"13.1213 - Science, Technology, Engineering, and Mathematics (STEM) Educational Methods",CTE,0
No TOP Match in Records,Not CTE,13.1214 - College/Postsecondary/University Teaching,CTE,0
No TOP Match in Records,Not CTE,"13.1299 - Teacher Education and Professional Development, Specific Levels and Methods, Other",Both,0
No TOP Match in Records,Not CTE,13.1301 - Agricultural Teacher Education,CTE,0
No TOP Match in Records,Not CTE,13.1302 - Art Teacher Education,CTE,0
No TOP Match in Records,Not CTE,13.1303 - Business and Innovation/Entrepreneurship Teacher Education,CTE,0
No TOP Match in Records,Not CTE,13.1304 - Driver and Safety Teacher Education,CTE,0
No TOP Match in Records,Not CTE,13.1305 - English/Language Arts Teacher Education,CTE,0
No TOP Match in Records,Not CTE,13.1306 - Foreign Language Teacher  Education,CTE,0
No TOP Match in Records,Not CTE,13.1307 - Health Teacher Education,CTE,0
No TOP Match in Records,Not CTE,13.1308 - Family and Consumer Sciences/Home Economics Teacher Education,CTE,0
No TOP Match in Records,Not CTE,13.1310 - Sales and Marketing Operations/Marketing and Distribution   Teacher Education,CTE,0
No TOP Match in Records,Not CTE,13.1311 - Mathematics Teacher Education,CTE,0
No TOP Match in Records,Not CTE,13.1312 - Music Teacher Education,CTE,0
No TOP Match in Records,Not CTE,13.1314 - Physical Education Teaching and Coaching,CTE,0
No TOP Match in Records,Not CTE,13.1315 - Reading Teacher Education,CTE,0
No TOP Match in Records,Not CTE,13.1316 - Science Teacher Education/General Science Teacher Education,CTE,0
No TOP Match in Records,Not CTE,13.1317 - Social Science Teacher Education,CTE,0
No TOP Match in Records,Not CTE,13.1318 - Social Studies Teacher Education,CTE,0
No TOP Match in Records,Not CTE,13.1319 - Technical Teacher Education,CTE,0
No TOP Match in Records,Not CTE,13.1320 - Trade and Industrial Teacher Education,CTE,0
No TOP Match in Records,Not CTE,13.1321 - Computer Teacher Education,CTE,0
No TOP Match in Records,Not CTE,13.1322 - Biology Teacher Education,CTE,0
No TOP Match in Records,Not CTE,13.1323 - Chemistry Teacher Education,CTE,0
No TOP Match in Records,Not CTE,13.1324 - Drama and Dance Teacher Education,CTE,0
No TOP Match in Records,Not CTE,13.1325 - French Language Teacher Education,CTE,0
No TOP Match in Records,Not CTE,13.1326 - German Language Teacher Education,CTE,0
No TOP Match in Records,Not CTE,13.1327 - Health Occupations Teacher Education,CTE,0
No TOP Match in Records,Not CTE,13.1328 - History Teacher Education,CTE,0
No TOP Match in Records,Not CTE,13.1329 - Physics Teacher Education,CTE,0
No TOP Match in Records,Not CTE,13.1330 - Spanish Language Teacher Education,CTE,0
No TOP Match in Records,Not CTE,13.1331 - Speech Teacher Education,CTE,0
No TOP Match in Records,Not CTE,13.1332 - Geography Teacher Education,CTE,0
No TOP Match in Records,Not CTE,13.1333 - Latin Teacher Education,CTE,0
No TOP Match in Records,Not CTE,13.1334 - School Librarian/School Library Media Specialist,CTE,0
No TOP Match in Records,Not CTE,13.1335 - Psychology Teacher Education,CTE,0
No TOP Match in Records,Not CTE,13.1337 - Earth Science Teacher Education,CTE,0
No TOP Match in Records,Not CTE,13.1338 - Environmental Education,CTE,0
No TOP Match in Records,Not CTE,13.1339 - Communication Arts and Literature Teacher Education,CTE,0
No TOP Match in Records,Not CTE,"13.1399 - Teacher Education and Professional Development, Specific Subject Areas, Other",Both,0
No TOP Match in Records,Not CTE,13.1401 - Teaching English as a Second or Foreign Language/ESL Language Instructor,Not CTE,0
No TOP Match in Records,Not CTE,13.1402 - Teaching French as a Second or Foreign Language,Not CTE,0
No TOP Match in Records,Not CTE,"13.1499 - Teaching English or French as a Second or Foreign Language, Other",Both,0
No TOP Match in Records,Not CTE,13.1502 - Adult Literacy Tutor/Instructor,CTE,0
No TOP Match in Records,Not CTE,"14.0201 - Aerospace, Aeronautical, and Astronautical/Space Engineering, General",CTE,0
No TOP Match in Records,Not CTE,14.0202 - Astronautical Engineering,CTE,0
No TOP Match in Records,Not CTE,14.0301 - Agricultural Engineering,CTE,0
No TOP Match in Records,Not CTE,14.0401 - Architectural Engineering,CTE,0
No TOP Match in Records,Not CTE,14.0501 - Bioengineering and Biomedical Engineering,CTE,0
No TOP Match in Records,Not CTE,14.0601 - Ceramic Sciences and Engineering,CTE,0
No TOP Match in Records,Not CTE,14.0701 - Chemical Engineering,CTE,0
No TOP Match in Records,Not CTE,14.0702 - Chemical and Biomolecular Engineering,CTE,0
No TOP Match in Records,Not CTE,"14.0799 - Chemical Engineering, Other",Both,0
No TOP Match in Records,Not CTE,"14.0801 - Civil Engineering, General",CTE,0
No TOP Match in Records,Not CTE,14.0802 - Geotechnical and Geoenvironmental Engineering,CTE,0
No TOP Match in Records,Not CTE,14.0803 - Structural Engineering,CTE,0
No TOP Match in Records,Not CTE,14.0804 - Transportation and Highway Engineering,CTE,0
No TOP Match in Records,Not CTE,14.0805 - Water Resources Engineering,CTE,0
No TOP Match in Records,Not CTE,"14.0899 - Civil Engineering, Other",Both,0
No TOP Match in Records,Not CTE,"14.0901 - Computer Engineering, General",CTE,0
No TOP Match in Records,Not CTE,14.0902 - Computer Hardware Engineering,CTE,0
No TOP Match in Records,Not CTE,14.0903 - Computer Software Engineering,CTE,0
No TOP Match in Records,Not CTE,"14.0999 - Computer Engineering, Other",Both,0
No TOP Match in Records,Not CTE,14.1001 - Electrical and Electronics Engineering,CTE,0
No TOP Match in Records,Not CTE,14.1003 - Laser and Optical Engineering,CTE,0
No TOP Match in Records,Not CTE,14.1004 - Telecommunications Engineering,CTE,0
No TOP Match in Records,Not CTE,"14.1099 - Electrical, Electronics, and Communications Engineering, Other",Both,0
No TOP Match in Records,Not CTE,14.1101 - Engineering Mechanics,Not CTE,0
No TOP Match in Records,Not CTE,14.1201 - Engineering Physics/Applied Physics,CTE,0
No TOP Match in Records,Not CTE,14.1401 - Environmental/Environmental Health Engineering,CTE,0
No TOP Match in Records,Not CTE,14.1801 - Materials Engineering,CTE,0
No TOP Match in Records,Not CTE,14.1901 - Mechanical Engineering,CTE,0
No TOP Match in Records,Not CTE,14.2001 - Metallurgical Engineering,CTE,0
No TOP Match in Records,Not CTE,14.2101 - Mining and Mineral Engineering,CTE,0
No TOP Match in Records,Not CTE,14.2201 - Naval Architecture and Marine Engineering,CTE,0
No TOP Match in Records,Not CTE,14.2301 - Nuclear Engineering,CTE,0
No TOP Match in Records,Not CTE,14.2401 - Ocean Engineering,CTE,0
No TOP Match in Records,Not CTE,14.2501 - Petroleum Engineering,CTE,0
No TOP Match in Records,Not CTE,14.2701 - Systems Engineering,CTE,0
No TOP Match in Records,Not CTE,14.2801 - Textile Sciences and Engineering,CTE,0
No TOP Match in Records,Not CTE,14.3201 - Polymer/Plastics Engineering,CTE,0
No TOP Match in Records,Not CTE,14.3301 - Construction Engineering,CTE,0
No TOP Match in Records,Not CTE,14.3401 - Forest Engineering,CTE,0
No TOP Match in Records,Not CTE,14.3501 - Industrial Engineering,CTE,0
No TOP Match in Records,Not CTE,14.3601 - Manufacturing Engineering,CTE,0
No TOP Match in Records,Not CTE,14.3701 - Operations Research,Not CTE,0
No TOP Match in Records,Not CTE,14.3801 - Surveying Engineering,CTE,0
No TOP Match in Records,Not CTE,14.3901 - Geological/Geophysical Engineering,CTE,0
No TOP Match in Records,Not CTE,14.4001 - Paper Science and Engineering,CTE,0
No TOP Match in Records,Not CTE,14.4101 - Electromechanical Engineering,CTE,0
No TOP Match in Records,Not CTE,"14.4201 - Mechatronics, Robotics, and Automation Engineering",CTE,0
No TOP Match in Records,Not CTE,14.4301 - Biochemical Engineering,CTE,0
No TOP Match in Records,Not CTE,14.4401 - Engineering Chemistry,Not CTE,0
No TOP Match in Records,Not CTE,14.4501 - Biological/Biosystems Engineering,CTE,0
No TOP Match in Records,Not CTE,14.4802 - Power Plant Engineering,CTE,0
No TOP Match in Records,Not CTE,"14.4899 - Energy Systems Engineering, Other",Both,0
No TOP Match in Records,Not CTE,"14.9999 - Engineering, Other",Both,0
No TOP Match in Records,Not CTE,15.0406 - Automation Engineer Technology/Technician,CTE,0
No TOP Match in Records,Not CTE,"15.0599 - Environmental Control Technologies/Technicians, Other",Both,0
No TOP Match in Records,Not CTE,15.0615 - Chemical Engineering Technology/Technician,CTE,0
No TOP Match in Records,Not CTE,15.0616 - Semiconductor Manufacturing Technology/Technician,CTE,0
No TOP Match in Records,Not CTE,15.0701 - Occupational Safety and Health Technology/Technician,CTE,0
No TOP Match in Records,Not CTE,15.0704 - Hazardous Materials Information Systems Technology/Technician,CTE,0
No TOP Match in Records,Not CTE,"15.0799 - Quality Control and Safety Technologies/Technicians, Other",Both,0
No TOP Match in Records,Not CTE,"15.0899 - Mechanical Engineering Related Technologies/Technicians, Other",Both,0
No TOP Match in Records,Not CTE,15.0901 - Mining Technology/Technician,CTE,0
No TOP Match in Records,Not CTE,"15.0999 - Mining and Petroleum Technologies/Technicians, Other",Both,0
No TOP Match in Records,Not CTE,15.1001 - Construction Engineering Technology/Technician,CTE,0
No TOP Match in Records,Not CTE,15.1103 - Hydraulics and Fluid Power Technology/Technician,CTE,0
No TOP Match in Records,Not CTE,"15.1199 - Engineering-Related Technologies/Technicians, Other",Both,0
No TOP Match in Records,Not CTE,"15.1299 - Computer Engineering Technologies/Technicians, Other",Both,0
No TOP Match in Records,Not CTE,"15.1399 - Drafting/Design Engineering Technologies/Technicians, Other",Both,0
No TOP Match in Records,Not CTE,15.1501 - Engineering/Industrial Management,Both,0
No TOP Match in Records,Not CTE,15.1502 - Engineering Design,CTE,0
No TOP Match in Records,Not CTE,15.1503 - Packaging Science,Not CTE,0
No TOP Match in Records,Not CTE,"15.1599 - Engineering-Related Fields, Other",Both,0
No TOP Match in Records,Not CTE,15.1601 - Nanotechnology,CTE,0
No TOP Match in Records,Not CTE,15.1706 - Geothermal Energy Technology/Technician,CTE,0
No TOP Match in Records,Not CTE,"15.1799 - Energy Systems Technologies/Technicians, Other",Both,0
No TOP Match in Records,Not CTE,16.0105 - Applied Linguistics,Not CTE,0
No TOP Match in Records,Not CTE,"16.0199 - Linguistic, Comparative, and Related Language Studies and Services, Other",Both,0
No TOP Match in Records,Not CTE,"16.0300 - East Asian Languages, Literatures, and Linguistics, General",Not CTE,0
No TOP Match in Records,Not CTE,16.0304 - Tibetan Language and Literature,Not CTE,0
No TOP Match in Records,Not CTE,"16.0400 - Slavic Languages, Literatures, and Linguistics, General",Not CTE,0
No TOP Match in Records,Not CTE,"16.0401 - Baltic Languages, Literatures, and Linguistics",Not CTE,0
No TOP Match in Records,Not CTE,16.0404 - Albanian Language and Literature,Not CTE,0
No TOP Match in Records,Not CTE,16.0405 - Bulgarian Language and Literature,Not CTE,0
No TOP Match in Records,Not CTE,16.0406 - Czech Language and Literature,Not CTE,0
No TOP Match in Records,Not CTE,16.0407 - Polish Language and Literature,Not CTE,0
No TOP Match in Records,Not CTE,"16.0408 - Bosnian, Serbian, and Croatian Languages and Literatures",Not CTE,0
No TOP Match in Records,Not CTE,16.0409 - Slovak Language and Literature,Not CTE,0
No TOP Match in Records,Not CTE,16.0410 - Ukrainian Language and Literature,Not CTE,0
No TOP Match in Records,Not CTE,"16.0499 - Slavic, Baltic, and Albanian Languages, Literatures, and Linguistics, Other",Both,0
No TOP Match in Records,Not CTE,"16.0500 - Germanic Languages, Literatures, and Linguistics, General",Not CTE,0
No TOP Match in Records,Not CTE,"16.0502 - Scandinavian Languages, Literatures, and Linguistics",Not CTE,0
No TOP Match in Records,Not CTE,16.0503 - Danish Language and Literature,Not CTE,0
No TOP Match in Records,Not CTE,16.0504 - Dutch/Flemish Language and Literature,Not CTE,0
No TOP Match in Records,Not CTE,16.0505 - Norwegian Language and Literature,Not CTE,0
No TOP Match in Records,Not CTE,16.0506 - Swedish Language and Literature,Not CTE,0
No TOP Match in Records,Not CTE,"16.0599 - Germanic Languages, Literatures, and Linguistics, Other",Both,0
No TOP Match in Records,Not CTE,"16.0700 - South Asian Languages, Literatures, and Linguistics, General",Not CTE,0
No TOP Match in Records,Not CTE,16.0701 - Hindi Language and Literature,Not CTE,0
No TOP Match in Records,Not CTE,"16.0702 - Sanskrit and Classical Indian Languages, Literatures, and Linguistics",Not CTE,0
No TOP Match in Records,Not CTE,16.0704 - Bengali Language and Literature,Not CTE,0
No TOP Match in Records,Not CTE,16.0705 - Punjabi Language and Literature,Not CTE,0
No TOP Match in Records,Not CTE,16.0706 - Tamil Language and Literature,Not CTE,0
No TOP Match in Records,Not CTE,16.0707 - Urdu Language and Literature,Not CTE,0
No TOP Match in Records,Not CTE,"16.0799 - South Asian Languages, Literatures, and Linguistics, Other",Both,0
No TOP Match in Records,Not CTE,"16.0801 - Iranian Languages, Literatures, and Linguistics",Not CTE,0
No TOP Match in Records,Not CTE,"16.0900 - Romance Languages, Literatures, and Linguistics, General",Not CTE,0
No TOP Match in Records,Not CTE,16.0906 - Romanian Language and Literature,Not CTE,0
No TOP Match in Records,Not CTE,16.0907 - Catalan Language and Literature,Not CTE,0
No TOP Match in Records,Not CTE,"16.0908 - Hispanic and Latin American Languages, Literatures, and Linguistics, General",Not CTE,0
No TOP Match in Records,Not CTE,"16.0999 - Romance Languages, Literatures, and Linguistics, Other",Both,0
No TOP Match in Records,Not CTE,"16.1001 - American Indian/Native American Languages, Literatures, and Linguistics",Not CTE,0
No TOP Match in Records,Not CTE,"16.1100 - Middle/Near Eastern and Semitic Languages, Literatures, and Linguistics, General",Not CTE,0
No TOP Match in Records,Not CTE,"16.1103 - Ancient Near Eastern and Biblical Languages, Literatures, and Linguistics",Not CTE,0
No TOP Match in Records,Not CTE,"16.1199 - Middle/Near Eastern and Semitic Languages, Literatures, and Linguistics, Other",Both,0
No TOP Match in Records,Not CTE,16.1202 - Ancient/Classical Greek Language and Literature,Not CTE,0
No TOP Match in Records,Not CTE,"16.1299 - Classics and Classical Languages, Literatures, and Linguistics, Other",Both,0
No TOP Match in Records,Not CTE,"16.1301 - Celtic Languages, Literatures, and Linguistics",Not CTE,0
No TOP Match in Records,Not CTE,"16.1400 - Southeast Asian Languages, Literatures, and Linguistics, General",Not CTE,0
No TOP Match in Records,Not CTE,"16.1401 - Australian/Oceanic/Pacific Languages, Literatures, and Linguistics",Not CTE,0
No TOP Match in Records,Not CTE,16.1402 - Indonesian/Malay Languages and Literatures,Not CTE,0
No TOP Match in Records,Not CTE,16.1403 - Burmese Language and Literature,Not CTE,0
No TOP Match in Records,Not CTE,16.1405 - Khmer/Cambodian Language and Literature,Not CTE,0
No TOP Match in Records,Not CTE,16.1406 - Lao Language and Literature,Not CTE,0
No TOP Match in Records,Not CTE,16.1407 - Thai Language and Literature,Not CTE,0
No TOP Match in Records,Not CTE,16.1409 - Hawaiian Language and Literature,Not CTE,0
No TOP Match in Records,Not CTE,"16.1499 - Southeast Asian and Australasian/Pacific Languages, Literatures, and Linguistics, Other",Both,0
No TOP Match in Records,Not CTE,16.1501 - Turkish Language and Literature,Not CTE,0
No TOP Match in Records,Not CTE,"16.1502 - Uralic Languages, Literatures, and Linguistics",Not CTE,0
No TOP Match in Records,Not CTE,16.1503 - Hungarian/Magyar Language and Literature,Not CTE,0
No TOP Match in Records,Not CTE,16.1504 - Mongolian Language and Literature,Not CTE,0
No TOP Match in Records,Not CTE,"16.1599 - Turkic, Uralic-Altaic, Caucasian, and Central Asian Languages, Literatures, and Linguistics, Other",Both,0
No TOP Match in Records,Not CTE,16.1602 - Linguistics of ASL and Other Sign Languages,Not CTE,0
No TOP Match in Records,Not CTE,"16.1699 - American Sign Language, Other",Both,0
No TOP Match in Records,Not CTE,16.1801 - Armenian Language and Literature,Not CTE,0
No TOP Match in Records,Not CTE,19.0202 - Family and Consumer Sciences/Human Sciences Communication,Not CTE,0
No TOP Match in Records,Not CTE,19.0203 - Consumer Merchandising/Retailing Management,Both,0
No TOP Match in Records,Not CTE,"19.0299 - Family and Consumer Sciences/Human Sciences Business Services, Other",Both,0
No TOP Match in Records,Not CTE,19.0402 - Consumer Economics,Not CTE,0
No TOP Match in Records,Not CTE,"19.0599 - Foods, Nutrition, and Related Services, Other",Both,0
No TOP Match in Records,Not CTE,"19.0601 - Housing and Human Environments, General",Not CTE,0
No TOP Match in Records,Not CTE,19.0604 - Facilities Planning and Management,Both,0
No TOP Match in Records,Not CTE,19.0605 - Home Furnishings and Equipment Installers,CTE,0
No TOP Match in Records,Not CTE,"19.0699 - Housing and Human Environments, Other",Both,0
No TOP Match in Records,Not CTE,19.0704 - Family Systems,Not CTE,0
No TOP Match in Records,Not CTE,"19.0799 - Human Development, Family Studies, and Related Services, Other",Both,0
No TOP Match in Records,Not CTE,19.0904 - Textile Science,Not CTE,0
No TOP Match in Records,Not CTE,19.1001 - Work and Family Studies,Not CTE,0
No TOP Match in Records,Not CTE,22.0001 - Pre-Law Studies,CTE,0
No TOP Match in Records,Not CTE,"22.0099 - Non-Professional Legal Studies, Other",Both,0
No TOP Match in Records,Not CTE,22.0101 - Law,CTE,0
No TOP Match in Records,Not CTE,"22.0201 - Advanced Legal Research/Studies, General",Not CTE,0
No TOP Match in Records,Not CTE,22.0202 - Programs for Foreign Lawyers,CTE,0
No TOP Match in Records,Not CTE,22.0203 - American/US Law/Legal Studies/Jurisprudence,CTE,0
No TOP Match in Records,Not CTE,22.0204 - Canadian Law/Legal Studies/Jurisprudence,CTE,0
No TOP Match in Records,Not CTE,"22.0205 - Banking, Corporate, Finance, and Securities Law",CTE,0
No TOP Match in Records,Not CTE,22.0206 - Comparative Law,CTE,0
No TOP Match in Records,Not CTE,"22.0207 - Energy, Environment, and Natural Resources Law",CTE,0
No TOP Match in Records,Not CTE,22.0208 - Health Law,CTE,0
No TOP Match in Records,Not CTE,22.0209 - International Law and Legal Studies,CTE,0
No TOP Match in Records,Not CTE,"22.0210 - International Business, Trade, and Tax Law",CTE,0
No TOP Match in Records,Not CTE,22.0211 - Tax Law/Taxation,CTE,0
No TOP Match in Records,Not CTE,22.0212 - Intellectual Property Law,CTE,0
No TOP Match in Records,Not CTE,22.0213 - Patent Law,CTE,0
No TOP Match in Records,Not CTE,22.0214 - Agriculture Law,CTE,0
No TOP Match in Records,Not CTE,22.0215 - Arts and Entertainment Law,CTE,0
No TOP Match in Records,Not CTE,22.0216 - Compliance Law,CTE,0
No TOP Match in Records,Not CTE,22.0217 - Criminal Law and Procedure,CTE,0
No TOP Match in Records,Not CTE,22.0218 - Entrepreneurship Law,CTE,0
No TOP Match in Records,Not CTE,22.0219 - Family/Child/Elder Law,CTE,0
No TOP Match in Records,Not CTE,22.0220 - Human Resources Law,CTE,0
No TOP Match in Records,Not CTE,22.0221 - Insurance Law,CTE,0
No TOP Match in Records,Not CTE,22.0222 - Real Estate and Land Development Law,CTE,0
No TOP Match in Records,Not CTE,22.0223 - Transportation Law,CTE,0
No TOP Match in Records,Not CTE,22.0224 - Tribal/Indigenous Law,CTE,0
No TOP Match in Records,Not CTE,"22.0299 - Legal Research and Advanced Professional Studies, Other",Both,0
No TOP Match in Records,Not CTE,"23.1301 - Writing, General",Not CTE,0
No TOP Match in Records,Not CTE,23.1304 - Rhetoric and Composition,Not CTE,0
No TOP Match in Records,Not CTE,"23.1399 - Rhetoric and Composition/Writing Studies, Other",Both,0
No TOP Match in Records,Not CTE,23.1401 - General Literature,Not CTE,0
No TOP Match in Records,Not CTE,23.1402 - American Literature (United States),Not CTE,0
No TOP Match in Records,Not CTE,23.1403 - American Literature (Canadian),Not CTE,0
No TOP Match in Records,Not CTE,23.1404 - English Literature (British and Commonwealth),Not CTE,0
No TOP Match in Records,Not CTE,23.1405 - Children's and Adolescent Literature,Not CTE,0
No TOP Match in Records,Not CTE,"23.1499 - Literature, Other",Both,0
No TOP Match in Records,Not CTE,25.0102 - Children and Youth Library Services,CTE,0
No TOP Match in Records,Not CTE,25.0103 - Archives/Archival Administration,CTE,0
No TOP Match in Records,Not CTE,"25.0199 - Library Science and Administration, Other",Both,0
No TOP Match in Records,Not CTE,"26.0102 - Biomedical Sciences, General",Not CTE,0
No TOP Match in Records,Not CTE,26.0202 - Biochemistry,Not CTE,0
No TOP Match in Records,Not CTE,26.0203 - Biophysics,Not CTE,0
No TOP Match in Records,Not CTE,26.0204 - Molecular Biology,Not CTE,0
No TOP Match in Records,Not CTE,26.0205 - Molecular Biochemistry,Not CTE,0
No TOP Match in Records,Not CTE,26.0206 - Molecular Biophysics,Not CTE,0
No TOP Match in Records,Not CTE,26.0207 - Structural Biology,Not CTE,0
No TOP Match in Records,Not CTE,26.0208 - Photobiology,Not CTE,0
No TOP Match in Records,Not CTE,26.0209 - Radiation Biology/Radiobiology,Not CTE,0
No TOP Match in Records,Not CTE,26.0210 - Biochemistry and Molecular Biology,Not CTE,0
No TOP Match in Records,Not CTE,"26.0299 - Biochemistry, Biophysics and Molecular Biology, Other",Both,0
No TOP Match in Records,Not CTE,26.0305 - Plant Pathology/Phytopathology,Not CTE,0
No TOP Match in Records,Not CTE,26.0307 - Plant Physiology,Not CTE,0
No TOP Match in Records,Not CTE,26.0308 - Plant Molecular Biology,Not CTE,0
No TOP Match in Records,Not CTE,"26.0399 - Botany/Plant Biology, Other",Both,0
No TOP Match in Records,Not CTE,26.0401 - Cell/Cellular Biology and Histology,Not CTE,0
No TOP Match in Records,Not CTE,26.0403 - Anatomy,Not CTE,0
No TOP Match in Records,Not CTE,26.0404 - Developmental Biology and Embryology,Not CTE,0
No TOP Match in Records,Not CTE,26.0406 - Cell/Cellular and Molecular Biology,Not CTE,0
No TOP Match in Records,Not CTE,26.0407 - Cell Biology and Anatomy,Not CTE,0
No TOP Match in Records,Not CTE,26.0503 - Medical Microbiology and Bacteriology,Not CTE,0
No TOP Match in Records,Not CTE,26.0504 - Virology,Not CTE,0
No TOP Match in Records,Not CTE,26.0505 - Parasitology,Not CTE,0
No TOP Match in Records,Not CTE,26.0506 - Mycology,Not CTE,0
No TOP Match in Records,Not CTE,26.0507 - Immunology,Not CTE,0
No TOP Match in Records,Not CTE,26.0508 - Microbiology and Immunology,Not CTE,0
No TOP Match in Records,Not CTE,26.0509 - Infectious Disease and Global Health,Not CTE,0
No TOP Match in Records,Not CTE,"26.0599 - Microbiological Sciences and Immunology, Other",Both,0
No TOP Match in Records,Not CTE,26.0702 - Entomology,Not CTE,0
No TOP Match in Records,Not CTE,26.0707 - Animal Physiology,Not CTE,0
No TOP Match in Records,Not CTE,26.0708 - Animal Behavior and Ethology,Not CTE,0
No TOP Match in Records,Not CTE,26.0709 - Wildlife Biology,Not CTE,0
No TOP Match in Records,Not CTE,"26.0799 - Zoology/Animal Biology, Other",Both,0
No TOP Match in Records,Not CTE,"26.0801 - Genetics, General",Not CTE,0
No TOP Match in Records,Not CTE,26.0802 - Molecular Genetics,Not CTE,0
No TOP Match in Records,Not CTE,26.0803 - Microbial and Eukaryotic Genetics,Not CTE,0
No TOP Match in Records,Not CTE,26.0804 - Animal Genetics,Not CTE,0
No TOP Match in Records,Not CTE,26.0805 - Plant Genetics,Not CTE,0
No TOP Match in Records,Not CTE,26.0806 - Human/Medical Genetics,Not CTE,0
No TOP Match in Records,Not CTE,26.0807 - Genome Sciences/Genomics,Not CTE,0
No TOP Match in Records,Not CTE,"26.0899 - Genetics, Other",Both,0
No TOP Match in Records,Not CTE,26.0902 - Molecular Physiology,Not CTE,0
No TOP Match in Records,Not CTE,26.0903 - Cell Physiology,Not CTE,0
No TOP Match in Records,Not CTE,26.0904 - Endocrinology,Not CTE,0
No TOP Match in Records,Not CTE,26.0905 - Reproductive Biology,Not CTE,0
No TOP Match in Records,Not CTE,26.0907 - Cardiovascular Science,Not CTE,0
No TOP Match in Records,Not CTE,26.0909 - Vision Science/Physiological Optics,Not CTE,0
No TOP Match in Records,Not CTE,26.0910 - Pathology/Experimental Pathology,Not CTE,0
No TOP Match in Records,Not CTE,26.0911 - Oncology and Cancer Biology,Not CTE,0
No TOP Match in Records,Not CTE,26.0912 - Aerospace Physiology and Medicine,Not CTE,0
No TOP Match in Records,Not CTE,26.0913 - Biomechanics,Not CTE,0
No TOP Match in Records,Not CTE,"26.0999 - Physiology, Pathology, and Related Sciences, Other",Both,0
No TOP Match in Records,Not CTE,26.1001 - Pharmacology,Not CTE,0
No TOP Match in Records,Not CTE,26.1002 - Molecular Pharmacology,Not CTE,0
No TOP Match in Records,Not CTE,26.1003 - Neuropharmacology,Not CTE,0
No TOP Match in Records,Not CTE,26.1004 - Toxicology,Not CTE,0
No TOP Match in Records,Not CTE,26.1005 - Molecular Toxicology,Not CTE,0
No TOP Match in Records,Not CTE,26.1006 - Environmental Toxicology,Not CTE,0
No TOP Match in Records,Not CTE,26.1007 - Pharmacology and Toxicology,Not CTE,0
No TOP Match in Records,Not CTE,"26.1099 - Pharmacology and Toxicology, Other",Both,0
No TOP Match in Records,Not CTE,26.1101 - Biometry/Biometrics,Not CTE,0
No TOP Match in Records,Not CTE,26.1102 - Biostatistics,Not CTE,0
No TOP Match in Records,Not CTE,26.1103 - Bioinformatics,Not CTE,0
No TOP Match in Records,Not CTE,"26.1199 - Biomathematics, Bioinformatics, and Computational Biology, Other",Both,0
No TOP Match in Records,Not CTE,26.1201 - Biotechnology,Not CTE,0
No TOP Match in Records,Not CTE,26.1301 - Ecology,Not CTE,0
No TOP Match in Records,Not CTE,26.1302 - Marine Biology and Biological Oceanography,Not CTE,0
No TOP Match in Records,Not CTE,26.1304 - Aquatic Biology/Limnology,Not CTE,0
No TOP Match in Records,Not CTE,26.1305 - Environmental Biology,Not CTE,0
No TOP Match in Records,Not CTE,26.1306 - Population Biology,Not CTE,0
No TOP Match in Records,Not CTE,26.1307 - Conservation Biology,Not CTE,0
No TOP Match in Records,Not CTE,26.1308 - Systematic Biology/Biological Systematics,Not CTE,0
No TOP Match in Records,Not CTE,26.1309 - Epidemiology,Not CTE,0
No TOP Match in Records,Not CTE,26.1310 - Ecology and Evolutionary Biology,Not CTE,0
No TOP Match in Records,Not CTE,26.1311 - Epidemiology and Biostatistics,Not CTE,0
No TOP Match in Records,Not CTE,"26.1399 - Ecology, Evolution, Systematics and Population Biology, Other",Both,0
No TOP Match in Records,Not CTE,26.1401 - Molecular Medicine,Not CTE,0
No TOP Match in Records,Not CTE,26.1501 - Neuroscience,Not CTE,0
No TOP Match in Records,Not CTE,26.1502 - Neuroanatomy,Not CTE,0
No TOP Match in Records,Not CTE,26.1503 - Neurobiology and Anatomy,Not CTE,0
No TOP Match in Records,Not CTE,26.1504 - Neurobiology and Behavior,Not CTE,0
No TOP Match in Records,Not CTE,"26.1599 - Neurobiology and Neurosciences, Other",Both,0
No TOP Match in Records,Not CTE,27.0102 - Algebra and Number Theory,Not CTE,0
No TOP Match in Records,Not CTE,27.0103 - Analysis and Functional Analysis,Not CTE,0
No TOP Match in Records,Not CTE,27.0104 - Geometry/Geometric Analysis,Not CTE,0
No TOP Match in Records,Not CTE,27.0105 - Topology and Foundations,Not CTE,0
No TOP Match in Records,Not CTE,27.0303 - Computational Mathematics,Not CTE,0
No TOP Match in Records,Not CTE,27.0304 - Computational and Applied Mathematics,Not CTE,0
No TOP Match in Records,Not CTE,27.0305 - Financial Mathematics,Not CTE,0
No TOP Match in Records,Not CTE,27.0306 - Mathematical Biology,Not CTE,0
No TOP Match in Records,Not CTE,"27.0399 - Applied Mathematics, Other",Both,0
No TOP Match in Records,Not CTE,"27.0501 - Statistics, General",Not CTE,0
No TOP Match in Records,Not CTE,27.0502 - Mathematical Statistics and Probability,Not CTE,0
No TOP Match in Records,Not CTE,27.0503 - Mathematics and Statistics,Not CTE,0
No TOP Match in Records,Not CTE,"27.0599 - Statistics, Other",Both,0
No TOP Match in Records,Not CTE,"27.0601 - Applied Statistics, General",Not CTE,0
No TOP Match in Records,Not CTE,28.0101 - Air Force JROTC/ROTC,Noncredit CIP,0
No TOP Match in Records,Not CTE,"28.0199 - Air Force ROTC, Air Science and Operations, Other",Noncredit CIP,0
No TOP Match in Records,Not CTE,28.0301 - Army JROTC/ROTC,Noncredit CIP,0
No TOP Match in Records,Not CTE,"28.0399 - Army ROTC, Military Science and Operations, Other",Noncredit CIP,0
No TOP Match in Records,Not CTE,28.0401 - Navy/Marine Corps JROTC/ROTC,Noncredit CIP,0
No TOP Match in Records,Not CTE,"28.0499 - Navy/Marine Corps ROTC, Naval Science and Operations, Other",Noncredit CIP,0
No TOP Match in Records,Not CTE,28.0501 - Air Science/Airpower Studies,Noncredit CIP,0
No TOP Match in Records,Not CTE,28.0502 - Air and Space Operational Art and Science,Noncredit CIP,0
No TOP Match in Records,Not CTE,28.0503 - Military Operational Art and Science/Studies,Noncredit CIP,0
No TOP Match in Records,Not CTE,28.0504 - Advanced Military and Operational Studies,Noncredit CIP,0
No TOP Match in Records,Not CTE,28.0505 - Naval Science and Operational Studies,Noncredit CIP,0
No TOP Match in Records,Not CTE,"28.0506 - Special, Irregular and Counterterrorist Operations",Noncredit CIP,0
No TOP Match in Records,Not CTE,"28.0601 - Strategic Studies, General",Noncredit CIP,0
No TOP Match in Records,Not CTE,28.0602 - Military and Strategic Leadership,Noncredit CIP,0
No TOP Match in Records,Not CTE,28.0603 - Military and International Operational Law,Noncredit CIP,0
No TOP Match in Records,Not CTE,28.0604 - Joint Operations Planning and Strategy,Noncredit CIP,0
No TOP Match in Records,Not CTE,28.0605 - Weapons of Mass Destruction,Noncredit CIP,0
No TOP Match in Records,Not CTE,"28.0699 - National Security Policy and Strategy, Other",Noncredit CIP,0
No TOP Match in Records,Not CTE,28.0701 - National Resource Strategy and Policy,Noncredit CIP,0
No TOP Match in Records,Not CTE,28.0702 - Industry Studies,Noncredit CIP,0
No TOP Match in Records,Not CTE,28.0703 - Military Installation Management,Noncredit CIP,0
No TOP Match in Records,Not CTE,"28.0799 - Military Economics and Management, Other",Noncredit CIP,0
No TOP Match in Records,Not CTE,"29.0201 - Intelligence, General",Not CTE,0
No TOP Match in Records,Not CTE,29.0202 - Strategic Intelligence,Not CTE,0
No TOP Match in Records,Not CTE,29.0203 - Signal/Geospatial Intelligence,Not CTE,0
No TOP Match in Records,Not CTE,"29.0204 - Command & Control (C3, C4I) Systems and Operations",Not CTE,0
No TOP Match in Records,Not CTE,29.0205 - Information Operations/Joint Information Operations,Not CTE,0
No TOP Match in Records,Not CTE,29.0206 - Information/Psychological Warfare and Military Media Relations,Not CTE,0
No TOP Match in Records,Not CTE,"29.0299 - Intelligence, Command Control and Information Operations, Other",Both,0
No TOP Match in Records,Not CTE,29.0301 - Combat Systems Engineering,Not CTE,0
No TOP Match in Records,Not CTE,29.0302 - Directed Energy Systems,Not CTE,0
No TOP Match in Records,Not CTE,29.0303 - Engineering Acoustics,Not CTE,0
No TOP Match in Records,Not CTE,29.0304 - Low-Observables and Stealth Technology,Not CTE,0
No TOP Match in Records,Not CTE,29.0305 - Space Systems Operations,Not CTE,0
No TOP Match in Records,Not CTE,29.0306 - Operational Oceanography,Not CTE,0
No TOP Match in Records,Not CTE,29.0307 - Undersea Warfare,Not CTE,0
No TOP Match in Records,Not CTE,29.0401 - Aerospace Ground Equipment Technology,Not CTE,0
No TOP Match in Records,Not CTE,29.0402 - Air and Space Operations Technology,Not CTE,0
No TOP Match in Records,Not CTE,29.0403 - Aircraft Armament Systems Technology,Not CTE,0
No TOP Match in Records,Not CTE,29.0404 - Explosive Ordinance/Bomb Disposal,Not CTE,0
No TOP Match in Records,Not CTE,"29.0405 - Joint Command/Task Force (C3, C4I) Systems",Not CTE,0
No TOP Match in Records,Not CTE,29.0406 - Military Information Systems Technology,Not CTE,0
No TOP Match in Records,Not CTE,29.0407 - Missile and Space Systems Technology,Not CTE,0
No TOP Match in Records,Not CTE,29.0408 - Munitions Systems/Ordinance Technology,Not CTE,0
No TOP Match in Records,Not CTE,29.0409 - Radar Communications and Systems Technology,Not CTE,0
No TOP Match in Records,Not CTE,"29.0499 - Military Systems and Maintenance Technology, Other",Both,0
No TOP Match in Records,Not CTE,29.0601 - Military Technology and Applied Sciences Management,Not CTE,0
No TOP Match in Records,Not CTE,"29.9999 - Military Technologies and Applied Sciences, Other",Both,0
No TOP Match in Records,Not CTE,"30.0000 - Multi-/Interdisciplinary Studies, General",Not CTE,0
No TOP Match in Records,Not CTE,30.0501 - Peace Studies and Conflict Resolution,Not CTE,0
No TOP Match in Records,Not CTE,30.0601 - Systems Science and Theory,Not CTE,0
No TOP Match in Records,Not CTE,30.0801 - Mathematics and Computer Science,Not CTE,0
No TOP Match in Records,Not CTE,30.1001 - Biopsychology,Not CTE,0
No TOP Match in Records,Not CTE,"30.1201 - Historic Preservation and Conservation, General",Not CTE,0
No TOP Match in Records,Not CTE,30.1202 - Cultural Resource Management and Policy Analysis,Not CTE,0
No TOP Match in Records,Not CTE,"30.1299 - Historic Preservation and Conservation, Other",Both,0
No TOP Match in Records,Not CTE,30.1301 - Medieval and Renaissance Studies,Not CTE,0
No TOP Match in Records,Not CTE,"30.1501 - Science, Technology and Society",Not CTE,0
No TOP Match in Records,Not CTE,30.1601 - Accounting and Computer Science,Not CTE,0
No TOP Match in Records,Not CTE,30.1801 - Natural Sciences,Not CTE,0
No TOP Match in Records,Not CTE,30.1901 - Nutrition Sciences,Not CTE,0
No TOP Match in Records,Not CTE,30.2101 - Holocaust and Related Studies,Not CTE,0
No TOP Match in Records,Not CTE,30.2201 - Ancient Studies/Civilization,Not CTE,0
No TOP Match in Records,Not CTE,"30.2202 - Classical, Ancient Mediterranean, and Near Eastern Studies and Archaeology",Not CTE,0
No TOP Match in Records,Not CTE,"30.2299 - Classical and Ancient Studies, Other",Both,0
No TOP Match in Records,Not CTE,30.2301 - Intercultural/Multicultural and Diversity Studies,Not CTE,0
No TOP Match in Records,Not CTE,"30.2501 - Cognitive Science, General",Not CTE,0
No TOP Match in Records,Not CTE,30.2502 - Contemplative Studies/Inquiry,Not CTE,0
No TOP Match in Records,Not CTE,"30.2599 - Cognitive Science, Other",Both,0
No TOP Match in Records,Not CTE,30.2601 - Cultural Studies/Critical Theory and Analysis,Not CTE,0
No TOP Match in Records,Not CTE,30.2701 - Human Biology,Not CTE,0
No TOP Match in Records,Not CTE,30.2801 - Dispute Resolution,CTE,0
No TOP Match in Records,Not CTE,30.2901 - Maritime Studies,Not CTE,0
No TOP Match in Records,Not CTE,30.3101 - Human Computer Interaction,Not CTE,0
No TOP Match in Records,Not CTE,30.3301 - Sustainability Studies,Not CTE,0
No TOP Match in Records,Not CTE,30.3401 - Anthrozoology,Not CTE,0
No TOP Match in Records,Not CTE,30.3601 - Cultural Studies and Comparative Literature,Not CTE,0
No TOP Match in Records,Not CTE,30.3701 - Design for Human Health,Not CTE,0
No TOP Match in Records,Not CTE,30.3901 - Economics and Computer Science,Not CTE,0
No TOP Match in Records,Not CTE,30.4001 - Economics and Foreign Language/Literature,Not CTE,0
No TOP Match in Records,Not CTE,30.4201 - Geoarcheaology,Not CTE,0
No TOP Match in Records,Not CTE,30.4301 - Geobiology,Not CTE,0
No TOP Match in Records,Not CTE,30.4601 - History and Political Science,Not CTE,0
No TOP Match in Records,Not CTE,30.4701 - Linguistics and Anthropology,Not CTE,0
No TOP Match in Records,Not CTE,30.4801 - Linguistics and Computer Science,Not CTE,0
No TOP Match in Records,Not CTE,30.4901 - Mathematical Economics,Not CTE,0
No TOP Match in Records,Not CTE,30.5001 - Mathematics and Atmospheric/Oceanic Science,Not CTE,0
No TOP Match in Records,Not CTE,"30.5101 - Philosophy, Politics, and Economics",Not CTE,0
No TOP Match in Records,Not CTE,"30.5201 - Digital Humanities and Textual Studies, General",Not CTE,0
No TOP Match in Records,Not CTE,30.5203 - Textual Studies,Not CTE,0
No TOP Match in Records,Not CTE,"30.5299 - Digital Humanities and Textual Studies, Other",Both,0
No TOP Match in Records,Not CTE,30.5301 - Thanatology,Not CTE,0
No TOP Match in Records,Not CTE,"30.7099 - Data Science, Other",Both,0
No TOP Match in Records,Not CTE,30.7104 - Financial Analytics,Not CTE,0
No TOP Match in Records,Not CTE,"30.7199 - Data Analytics, Other",Both,0
No TOP Match in Records,Not CTE,"31.0399 - Parks, Recreation, and Leisure Facilities Management, Other",Both,0
No TOP Match in Records,Not CTE,31.0508 - Sports Studies,Not CTE,0
No TOP Match in Records,Not CTE,"31.0599 - Sports, Kinesiology, and Physical Education/Fitness, Other",Both,0
No TOP Match in Records,Not CTE,31.0601 - Outdoor Education,CTE,0
No TOP Match in Records,Not CTE,"38.0001 - Philosophy and Religious Studies, General",Not CTE,0
No TOP Match in Records,Not CTE,38.0102 - Logic,Not CTE,0
No TOP Match in Records,Not CTE,38.0103 - Ethics,Not CTE,0
No TOP Match in Records,Not CTE,38.0104 - Applied and Professional Ethics,Not CTE,0
No TOP Match in Records,Not CTE,"38.0199 - Philosophy, Other",Both,0
No TOP Match in Records,Not CTE,38.0202 - Buddhist Studies,Not CTE,0
No TOP Match in Records,Not CTE,38.0203 - Christian Studies,Not CTE,0
No TOP Match in Records,Not CTE,38.0204 - Hindu Studies,Not CTE,0
No TOP Match in Records,Not CTE,38.0205 - Islamic Studies,Not CTE,0
No TOP Match in Records,Not CTE,38.0206 - Jewish/Judaic Studies,Not CTE,0
No TOP Match in Records,Not CTE,38.0207 - Talmudic Studies,CTE,0
No TOP Match in Records,Not CTE,38.0208 - Catholic Studies,Not CTE,0
No TOP Match in Records,Not CTE,38.0209 - Mormon Studies,Not CTE,0
No TOP Match in Records,Not CTE,"38.0299 - Religion/Religious Studies, Other",Both,0
No TOP Match in Records,Not CTE,"38.9999 - Philosophy and Religious Studies, Other",Both,0
No TOP Match in Records,Not CTE,39.0201 - Bible/Biblical Studies,Not CTE,0
No TOP Match in Records,Not CTE,39.0301 - Missions/Missionary Studies,Not CTE,0
No TOP Match in Records,Not CTE,39.0302 - Church Planting,CTE,0
No TOP Match in Records,Not CTE,"39.0399 - Missions/Missionary Studies and Missiology, Other",Both,0
No TOP Match in Records,Not CTE,39.0401 - Religious Education,Not CTE,0
No TOP Match in Records,Not CTE,39.0501 - Religious/Sacred Music,Not CTE,0
No TOP Match in Records,Not CTE,39.0502 - Worship Ministry,Not CTE,0
No TOP Match in Records,Not CTE,"39.0599 - Religious Music and Worship, Other",Both,0
No TOP Match in Records,Not CTE,39.0601 - Theology/Theological Studies,Not CTE,0
No TOP Match in Records,Not CTE,39.0602 - Divinity/Ministry,CTE,0
No TOP Match in Records,Not CTE,39.0604 - Pre-Theology/Pre-Ministerial Studies,CTE,0
No TOP Match in Records,Not CTE,39.0605 - Rabbinical Studies,CTE,0
No TOP Match in Records,Not CTE,"39.0699 - Theological and Ministerial Studies, Other",Both,0
No TOP Match in Records,Not CTE,39.0701 - Pastoral Studies/Counseling,CTE,0
No TOP Match in Records,Not CTE,39.0702 - Youth Ministry,CTE,0
No TOP Match in Records,Not CTE,39.0703 - Urban Ministry,CTE,0
No TOP Match in Records,Not CTE,39.0704 - Women's Ministry,CTE,0
No TOP Match in Records,Not CTE,39.0705 - Lay Ministry,CTE,0
No TOP Match in Records,Not CTE,39.0706 - Chaplain/Chaplaincy Studies,CTE,0
No TOP Match in Records,Not CTE,"39.0799 - Pastoral Counseling and Specialized Ministries, Other",Both,0
No TOP Match in Records,Not CTE,39.0801 - Religious Institution Administration and Management,CTE,0
No TOP Match in Records,Not CTE,39.0802 - Religious/Canon Law,Not CTE,0
No TOP Match in Records,Not CTE,"39.0899 - Religious Institution Administration and Law, Other",Both,0
No TOP Match in Records,Not CTE,"39.9999 - Theology and Religious Vocations, Other",Both,0
No TOP Match in Records,Not CTE,40.0202 - Astrophysics,Not CTE,0
No TOP Match in Records,Not CTE,40.0203 - Planetary Astronomy and Science,Not CTE,0
No TOP Match in Records,Not CTE,"40.0299 - Astronomy and Astrophysics, Other",Both,0
No TOP Match in Records,Not CTE,"40.0401 - Atmospheric Sciences and Meteorology, General",Not CTE,0
No TOP Match in Records,Not CTE,40.0402 - Atmospheric Chemistry and Climatology,Not CTE,0
No TOP Match in Records,Not CTE,40.0403 - Atmospheric Physics and Dynamics,Not CTE,0
No TOP Match in Records,Not CTE,40.0404 - Meteorology,Not CTE,0
No TOP Match in Records,Not CTE,"40.0499 - Atmospheric Sciences and Meteorology, Other",Both,0
No TOP Match in Records,Not CTE,40.0502 - Analytical Chemistry,Not CTE,0
No TOP Match in Records,Not CTE,40.0503 - Inorganic Chemistry,Not CTE,0
No TOP Match in Records,Not CTE,40.0504 - Organic Chemistry,Not CTE,0
No TOP Match in Records,Not CTE,40.0506 - Physical Chemistry,Not CTE,0
No TOP Match in Records,Not CTE,40.0507 - Polymer Chemistry,Not CTE,0
No TOP Match in Records,Not CTE,40.0508 - Chemical Physics,Not CTE,0
No TOP Match in Records,Not CTE,40.0509 - Environmental Chemistry,Not CTE,0
No TOP Match in Records,Not CTE,40.0510 - Forensic Chemistry,Not CTE,0
No TOP Match in Records,Not CTE,40.0511 - Theoretical Chemistry,Not CTE,0
No TOP Match in Records,Not CTE,40.0512 - Cheminformatics/Chemistry Informatics,Not CTE,0
No TOP Match in Records,Not CTE,"40.0599 - Chemistry, Other",Both,0
No TOP Match in Records,Not CTE,40.0602 - Geochemistry,Not CTE,0
No TOP Match in Records,Not CTE,40.0603 - Geophysics and Seismology,Not CTE,0
No TOP Match in Records,Not CTE,40.0604 - Paleontology,Not CTE,0
No TOP Match in Records,Not CTE,40.0605 - Hydrology and Water Resources Science,Not CTE,0
No TOP Match in Records,Not CTE,40.0606 - Geochemistry and Petrology,Not CTE,0
No TOP Match in Records,Not CTE,"40.0699 - Geological and Earth Sciences/Geosciences, Other",Both,0
No TOP Match in Records,Not CTE,40.0802 - Atomic/Molecular Physics,Not CTE,0
No TOP Match in Records,Not CTE,40.0804 - Elementary Particle Physics,Not CTE,0
No TOP Match in Records,Not CTE,40.0805 - Plasma and High-Temperature Physics,Not CTE,0
No TOP Match in Records,Not CTE,40.0806 - Nuclear Physics,Not CTE,0
No TOP Match in Records,Not CTE,40.0807 - Optics/Optical Sciences,Not CTE,0
No TOP Match in Records,Not CTE,40.0808 - Condensed Matter and Materials Physics,Not CTE,0
No TOP Match in Records,Not CTE,40.0809 - Acoustics,Not CTE,0
No TOP Match in Records,Not CTE,40.0810 - Theoretical and Mathematical Physics,Not CTE,0
No TOP Match in Records,Not CTE,"40.0899 - Physics, Other",Both,0
No TOP Match in Records,Not CTE,40.1001 - Materials Science,Not CTE,0
No TOP Match in Records,Not CTE,40.1002 - Materials Chemistry,Not CTE,0
No TOP Match in Records,Not CTE,"40.1099 - Materials Sciences, Other",Both,0
No TOP Match in Records,Not CTE,40.1101 - Physics and Astronomy,Not CTE,0
No TOP Match in Records,Not CTE,"41.0000 - Science Technologies/Technicians, General",Not CTE,0
No TOP Match in Records,Not CTE,"41.0399 - Physical Science Technologies/Technicians, Other",Both,0
No TOP Match in Records,Not CTE,42.2701 - Cognitive Psychology and Psycholinguistics,Not CTE,0
No TOP Match in Records,Not CTE,42.2702 - Comparative Psychology,Not CTE,0
No TOP Match in Records,Not CTE,42.2703 - Developmental and Child Psychology,Not CTE,0
No TOP Match in Records,Not CTE,42.2704 - Experimental Psychology,Not CTE,0
No TOP Match in Records,Not CTE,42.2705 - Personality Psychology,Not CTE,0
No TOP Match in Records,Not CTE,42.2706 - Behavioral Neuroscience,Not CTE,0
No TOP Match in Records,Not CTE,42.2707 - Social Psychology,Not CTE,0
No TOP Match in Records,Not CTE,42.2708 - Psychometrics and Quantitative Psychology,Not CTE,0
No TOP Match in Records,Not CTE,42.2709 - Psychopharmacology,Not CTE,0
No TOP Match in Records,Not CTE,"42.2799 - Research and Experimental Psychology, Other",Both,0
No TOP Match in Records,Not CTE,42.2801 - Clinical Psychology,CTE,0
No TOP Match in Records,Not CTE,42.2802 - Community Psychology,CTE,0
No TOP Match in Records,Not CTE,42.2803 - Counseling Psychology,CTE,0
No TOP Match in Records,Not CTE,42.2804 - Industrial and Organizational Psychology,Not CTE,0
No TOP Match in Records,Not CTE,42.2805 - School Psychology,CTE,0
No TOP Match in Records,Not CTE,42.2806 - Educational Psychology,Not CTE,0
No TOP Match in Records,Not CTE,42.2807 - Clinical Child Psychology,Not CTE,0
No TOP Match in Records,Not CTE,42.2808 - Environmental Psychology,Not CTE,0
No TOP Match in Records,Not CTE,42.2809 - Geropsychology,Not CTE,0
No TOP Match in Records,Not CTE,42.2810 - Health/Medical Psychology,Not CTE,0
No TOP Match in Records,Not CTE,42.2811 - Family Psychology,CTE,0
No TOP Match in Records,Not CTE,42.2812 - Forensic Psychology,CTE,0
No TOP Match in Records,Not CTE,42.2813 - Applied Psychology,Not CTE,0
No TOP Match in Records,Not CTE,42.2814 - Applied Behavior Analysis,Not CTE,0
No TOP Match in Records,Not CTE,42.2816 - Somatic Psychology,Not CTE,0
No TOP Match in Records,Not CTE,42.2817 - Transpersonal/Spiritual Psychology,CTE,0
No TOP Match in Records,Not CTE,"42.2899 - Clinical, Counseling and Applied Psychology, Other",Both,0
No TOP Match in Records,Not CTE,43.0112 - Securities Services Administration/Management,CTE,0
No TOP Match in Records,Not CTE,43.0120 - Protective Services Operations,CTE,0
No TOP Match in Records,Not CTE,43.0121 - Suspension and Debarment Investigation,CTE,0
No TOP Match in Records,Not CTE,43.0122 - Maritime Law Enforcement,CTE,0
No TOP Match in Records,Not CTE,43.0123 - Cultural/Archaelogical Resources Protection,CTE,0
No TOP Match in Records,Not CTE,"43.0299 - Fire Protection, Other",Both,0
No TOP Match in Records,Not CTE,43.0302 - Crisis/Emergency/Disaster Management,CTE,0
No TOP Match in Records,Not CTE,43.0303 - Critical Infrastructure Protection,CTE,0
No TOP Match in Records,Not CTE,43.0304 - Terrorism and Counterterrorism Operations,CTE,0
No TOP Match in Records,Not CTE,"43.0399 - Homeland Security, Other",Both,0
No TOP Match in Records,Not CTE,43.0404 - Cybersecurity Defense Strategy/Policy,Not CTE,0
No TOP Match in Records,Not CTE,43.0408 - Law Enforcement Intelligence Analysis,CTE,0
No TOP Match in Records,Not CTE,"43.0499 - Security Science and Technology, Other",Both,0
No TOP Match in Records,Not CTE,44.0403 - Transportation and Infrastructure Planning/Studies,Not CTE,0
No TOP Match in Records,Not CTE,"44.0499 - Public Administration, Other",Both,0
No TOP Match in Records,Not CTE,"44.0501 - Public Policy Analysis, General",Not CTE,0
No TOP Match in Records,Not CTE,44.0502 - Education Policy Analysis,Not CTE,0
No TOP Match in Records,Not CTE,44.0503 - Health Policy Analysis,Not CTE,0
No TOP Match in Records,Not CTE,44.0504 - International Policy Analysis,Not CTE,0
No TOP Match in Records,Not CTE,"44.0599 - Public Policy Analysis, Other",Both,0
No TOP Match in Records,Not CTE,44.0702 - Youth Services/Administration,CTE,0
No TOP Match in Records,Not CTE,44.0703 - Forensic Social Work,CTE,0
No TOP Match in Records,Not CTE,"44.0799 - Social Work, Other",Both,0
No TOP Match in Records,Not CTE,45.0102 - Research Methodology and Quantitative Methods,Not CTE,0
No TOP Match in Records,Not CTE,45.0103 - Survey Research/Methodology,Not CTE,0
No TOP Match in Records,Not CTE,"45.0199 - Social Sciences, Other",Both,0
No TOP Match in Records,Not CTE,45.0202 - Physical and Biological Anthropology,Not CTE,0
No TOP Match in Records,Not CTE,45.0203 - Medical Anthropology,Not CTE,0
No TOP Match in Records,Not CTE,45.0204 - Cultural Anthropology,Not CTE,0
No TOP Match in Records,Not CTE,45.0205 - Forensic Anthropology,Not CTE,0
No TOP Match in Records,Not CTE,"45.0299 - Anthropology, Other",Both,0
No TOP Match in Records,Not CTE,45.0401 - Criminology,Not CTE,0
No TOP Match in Records,Not CTE,45.0501 - Demography and Population Studies,Not CTE,0
No TOP Match in Records,Not CTE,45.0502 - Applied Demography,Not CTE,0
No TOP Match in Records,Not CTE,"45.0599 - Demography, Other",Both,0
No TOP Match in Records,Not CTE,45.0602 - Applied Economics,Not CTE,0
No TOP Match in Records,Not CTE,45.0603 - Econometrics and Quantitative Economics,Not CTE,0
No TOP Match in Records,Not CTE,45.0604 - Development Economics and International Development,Not CTE,0
No TOP Match in Records,Not CTE,45.0605 - International Economics,Not CTE,0
No TOP Match in Records,Not CTE,"45.0699 - Economics, Other",Both,0
No TOP Match in Records,Not CTE,"45.0799 - Geography, Other",Both,0
No TOP Match in Records,Not CTE,45.0902 - National Security Policy Studies,Not CTE,0
No TOP Match in Records,Not CTE,"45.0999 - International Relations and National Security Studies, Other",Both,0
No TOP Match in Records,Not CTE,45.1002 - American Government and Politics (United States),Not CTE,0
No TOP Match in Records,Not CTE,45.1003 - Canadian Government and Politics,Not CTE,0
No TOP Match in Records,Not CTE,45.1004 - Political Economy,Not CTE,0
No TOP Match in Records,Not CTE,45.1103 - Rural Sociology,Not CTE,0
No TOP Match in Records,Not CTE,"45.1199 - Sociology, Other",Both,0
No TOP Match in Records,Not CTE,45.1201 - Urban Studies/Affairs,Not CTE,0
No TOP Match in Records,Not CTE,45.1301 - Sociology and Anthropology,Not CTE,0
No TOP Match in Records,Not CTE,45.1501 - Geography and Anthropology,Not CTE,0
No TOP Match in Records,Not CTE,"46.0000 - Construction Trades, General",CTE,0
No TOP Match in Records,Not CTE,"46.0399 - Electrical and Power Transmission Installers, Other",Both,0
No TOP Match in Records,Not CTE,46.0504 - Well Drilling/Driller,CTE,0
No TOP Match in Records,Not CTE,46.0505 - Blasting/Blaster,CTE,0
No TOP Match in Records,Not CTE,"46.0599 - Plumbing and Related Water Supply Services, Other",Both,0
No TOP Match in Records,Not CTE,"46.9999 - Construction Trades, Other",Both,0
No TOP Match in Records,Not CTE,"47.0000 - Mechanics and Repairers, General",CTE,0
No TOP Match in Records,Not CTE,47.0102 - Business Machine Repair,CTE,0
No TOP Match in Records,Not CTE,"47.0110 - Security System Installation, Repair, and Inspection Technology/Technician",CTE,0
No TOP Match in Records,Not CTE,"47.0199 - Electrical/Electronics Maintenance and Repair Technologies/Technicians, Other",Both,0
No TOP Match in Records,Not CTE,"47.0399 - Heavy/Industrial Equipment Maintenance Technologies/Technicians, Other",Both,0
No TOP Match in Records,Not CTE,47.0402 - Gunsmithing/Gunsmith,CTE,0
No TOP Match in Records,Not CTE,47.0409 - Parts and Warehousing Operations and Maintenance Technology/Technician,CTE,0
No TOP Match in Records,Not CTE,"47.0600 - Vehicle Maintenance and Repair Technology/Technician, General",CTE,0
No TOP Match in Records,Not CTE,47.0610 - Bicycle Mechanics and Repair Technology/Technician,CTE,0
No TOP Match in Records,Not CTE,47.0613 - Medium/Heavy Vehicle and Truck Technology/Technician,CTE,0
No TOP Match in Records,Not CTE,47.0615 - Engine Machinist,CTE,0
No TOP Match in Records,Not CTE,"47.0699 - Vehicle Maintenance and Repair Technologies/Technicians, Other",Both,0
No TOP Match in Records,Not CTE,"47.0799 - Energy Systems Maintenance and Repair Technologies/Technicians, Other",Both,0
No TOP Match in Records,Not CTE,"47.9999 - Mechanic and Repair Technologies/Technicians, Other",Both,0
No TOP Match in Records,Not CTE,"48.0000 - Precision Production Trades, General",CTE,0
No TOP Match in Records,Not CTE,"48.0304 - Shoe, Boot and Leather Repair",CTE,0
No TOP Match in Records,Not CTE,"48.0399 - Leatherworking and Upholstery, Other",Both,0
No TOP Match in Records,Not CTE,48.0511 - Metal Fabricator,CTE,0
No TOP Match in Records,Not CTE,"48.0599 - Precision Metal Working, Other",Both,0
No TOP Match in Records,Not CTE,48.0702 - Furniture Design and Manufacturing,CTE,0
No TOP Match in Records,Not CTE,48.0704 - Wooden Boatbuilding Technology/Technician,CTE,0
No TOP Match in Records,Not CTE,"48.0799 - Woodworking, Other",Both,0
No TOP Match in Records,Not CTE,"48.9999 - Precision Production, Other",Both,0
No TOP Match in Records,Not CTE,"49.0101 - Aeronautics/Aviation/Aerospace Science and Technology, General",Not CTE,0
No TOP Match in Records,Not CTE,49.0108 - Flight Instructor,CTE,0
No TOP Match in Records,Not CTE,49.0109 - Remote Aircraft Pilot,CTE,0
No TOP Match in Records,Not CTE,"49.0199 - Air Transportation, Other",Both,0
No TOP Match in Records,Not CTE,49.0206 - Mobil Crane Operator/Operation,CTE,0
No TOP Match in Records,Not CTE,49.0209 - Forklift Operation/Operator,CTE,0
No TOP Match in Records,Not CTE,"50.0201 - Crafts/Craft Design, Folk Art and Artisanry",Both,0
No TOP Match in Records,Not CTE,50.0302 - Ballet,Not CTE,0
No TOP Match in Records,Not CTE,"50.0499 - Design and Applied Arts, Other",Both,0
No TOP Match in Records,Not CTE,"50.0505 - Theatre Literature, History and Criticism",Not CTE,0
No TOP Match in Records,Not CTE,50.0506 - Acting,CTE,0
No TOP Match in Records,Not CTE,50.0511 - Comedy Writing and Performance,Not CTE,0
No TOP Match in Records,Not CTE,"50.0599 - Dramatic/Theatre Arts and Stagecraft, Other",Both,0
No TOP Match in Records,Not CTE,50.0607 - Documentary Production,CTE,0
No TOP Match in Records,Not CTE,50.0706 - Intermedia/Multimedia,CTE,0
No TOP Match in Records,Not CTE,50.0708 - Painting,CTE,0
No TOP Match in Records,Not CTE,50.0710 - Printmaking,CTE,0
No TOP Match in Records,Not CTE,"50.0712 - Fiber, Textile and Weaving Arts",CTE,0
No TOP Match in Records,Not CTE,50.0714 - Metal Arts,Not CTE,0
No TOP Match in Records,Not CTE,"50.0799 - Fine Arts and Art Studies, Other",Both,0
No TOP Match in Records,Not CTE,"50.0902 - Music History, Literature, and Theory",Not CTE,0
No TOP Match in Records,Not CTE,50.0905 - Musicology and Ethnomusicology,Not CTE,0
No TOP Match in Records,Not CTE,50.0906 - Conducting,CTE,0
No TOP Match in Records,Not CTE,50.0907 - Keyboard Instruments,CTE,0
No TOP Match in Records,Not CTE,50.0908 - Voice and Opera,CTE,0
No TOP Match in Records,Not CTE,50.0910 - Jazz/Jazz Studies,CTE,0
No TOP Match in Records,Not CTE,50.0911 - Stringed Instruments,CTE,0
No TOP Match in Records,Not CTE,50.0912 - Music Pedagogy,CTE,0
No TOP Match in Records,Not CTE,50.0914 - Brass Instruments,CTE,0
No TOP Match in Records,Not CTE,50.0915 - Woodwind Instruments,CTE,0
No TOP Match in Records,Not CTE,50.0916 - Percussion Instruments,CTE,0
No TOP Match in Records,Not CTE,"50.0999 - Music, Other",Both,0
No TOP Match in Records,Not CTE,"50.1001 - Arts, Entertainment, and Media Management, General",CTE,0
No TOP Match in Records,Not CTE,50.1002 - Fine and Studio Arts Management,CTE,0
No TOP Match in Records,Not CTE,50.1004 - Theatre/Theatre Arts Management,CTE,0
No TOP Match in Records,Not CTE,"50.1099 - Arts, Entertainment, and Media Management, Other",Both,0
No TOP Match in Records,Not CTE,51.0101 - Chiropractic,CTE,0
No TOP Match in Records,Not CTE,"51.0201 - Communication Sciences and Disorders, General",Not CTE,0
No TOP Match in Records,Not CTE,51.0202 - Audiology/Audiologist,CTE,0
No TOP Match in Records,Not CTE,51.0203 - Speech-Language Pathology/Pathologist,CTE,0
No TOP Match in Records,Not CTE,"51.0299 - Communication Disorders Sciences and Services, Other",Both,0
No TOP Match in Records,Not CTE,51.0401 - Dentistry,CTE,0
No TOP Match in Records,Not CTE,"51.0501 - Dental Clinical Sciences, General",CTE,0
No TOP Match in Records,Not CTE,51.0502 - Advanced General Dentistry,CTE,0
No TOP Match in Records,Not CTE,51.0503 - Oral Biology and Oral and Maxillofacial Pathology,Not CTE,0
No TOP Match in Records,Not CTE,51.0504 - Dental Public Health and Education,CTE,0
No TOP Match in Records,Not CTE,51.0505 - Dental Materials,Not CTE,0
No TOP Match in Records,Not CTE,51.0506 - Endodontics/Endodontology,CTE,0
No TOP Match in Records,Not CTE,51.0507 - Oral/Maxillofacial Surgery,CTE,0
No TOP Match in Records,Not CTE,51.0508 - Orthodontics/Orthodontology,CTE,0
No TOP Match in Records,Not CTE,51.0509 - Pediatric Dentistry/Pedodontics,CTE,0
No TOP Match in Records,Not CTE,51.0510 - Periodontics/Periodontology,CTE,0
No TOP Match in Records,Not CTE,51.0511 - Prosthodontics/Prosthodontology,CTE,0
No TOP Match in Records,Not CTE,51.0512 - Digital Dentistry,Not CTE,0
No TOP Match in Records,Not CTE,51.0513 - Geriatric Dentistry,CTE,0
No TOP Match in Records,Not CTE,51.0514 - Implantology/Implant Dentistry,Not CTE,0
No TOP Match in Records,Not CTE,"51.0599 - Advanced/Graduate Dentistry and Oral Sciences, Other",Both,0
No TOP Match in Records,Not CTE,51.0705 - Medical Office Management/Administration,CTE,0
No TOP Match in Records,Not CTE,51.0715 - Health/Medical Claims Examiner,CTE,0
No TOP Match in Records,Not CTE,51.0717 - Medical Staff Services Technology/Technician,CTE,0
No TOP Match in Records,Not CTE,51.0718 - Long Term Care Administration/Management,CTE,0
No TOP Match in Records,Not CTE,51.0719 - Clinical Research Coordinator,CTE,0
No TOP Match in Records,Not CTE,51.0720 - Regulatory Science/Affairs,CTE,0
No TOP Match in Records,Not CTE,51.0721 - Disease Registry Data Management,CTE,0
No TOP Match in Records,Not CTE,51.0722 - Healthcare Innovation,CTE,0
No TOP Match in Records,Not CTE,51.0723 - Healthcare Information Privacy Assurance and Security,CTE,0
No TOP Match in Records,Not CTE,51.0802 - Clinical/Medical Laboratory Assistant,CTE,0
No TOP Match in Records,Not CTE,51.0809 - Anesthesiologist Assistant,CTE,0
No TOP Match in Records,Not CTE,51.0810 - Emergency Care Attendant (EMT Ambulance),CTE,0
No TOP Match in Records,Not CTE,51.0811 - Pathology/Pathologist Assistant,CTE,0
No TOP Match in Records,Not CTE,51.0813 - Chiropractic Technician/Assistant,CTE,0
No TOP Match in Records,Not CTE,51.0814 - Radiologist Assistant,CTE,0
No TOP Match in Records,Not CTE,51.0815 - Lactation Consultant,CTE,0
No TOP Match in Records,Not CTE,51.0816 - Speech-Language Pathology Assistant,CTE,0
No TOP Match in Records,Not CTE,51.0906 - Perfusion Technology/Perfusionist,CTE,0
No TOP Match in Records,Not CTE,51.0914 - Gene/Genetic Therapy,Both,0
No TOP Match in Records,Not CTE,51.0915 - Cardiopulmonary Technology/Technologist,CTE,0
No TOP Match in Records,Not CTE,51.0916 - Radiation Protection/Health Physics Technician,CTE,0
No TOP Match in Records,Not CTE,51.0918 - Hearing Instrument Specialist,CTE,0
No TOP Match in Records,Not CTE,51.0919 - Mammography Technology/Technician,CTE,0
No TOP Match in Records,Not CTE,51.0921 - Hyperbaric Medicine Technology/Technician,CTE,0
No TOP Match in Records,Not CTE,51.0922 - Intraoperative Neuromonitoring Technology/Technician,CTE,0
No TOP Match in Records,Not CTE,51.0923 - Orthopedic Technology/Technician,CTE,0
No TOP Match in Records,Not CTE,51.1001 - Blood Bank Technology Specialist,CTE,0
No TOP Match in Records,Not CTE,51.1002 - Cytotechnology/Cytotechnologist,CTE,0
No TOP Match in Records,Not CTE,51.1003 - Hematology Technology/Technician,CTE,0
No TOP Match in Records,Not CTE,51.1005 - Clinical Laboratory Science/Medical Technology/Technologist,CTE,0
No TOP Match in Records,Not CTE,51.1007 - Histologic Technology/Histotechnologist,CTE,0
No TOP Match in Records,Not CTE,51.1008 - Histologic Technician,CTE,0
No TOP Match in Records,Not CTE,51.1010 - Cytogenetics/Genetics/Clinical Genetics Technology/Technologist,CTE,0
No TOP Match in Records,Not CTE,51.1011 - Renal/Dialysis Technologist/Technician,CTE,0
No TOP Match in Records,Not CTE,51.1101 - Pre-Dentistry Studies,CTE,0
No TOP Match in Records,Not CTE,51.1102 - Pre-Medicine/Pre-Medical Studies,CTE,0
No TOP Match in Records,Not CTE,51.1103 - Pre-Pharmacy Studies,CTE,0
No TOP Match in Records,Not CTE,51.1105 - Pre-Nursing Studies,CTE,0
No TOP Match in Records,Not CTE,51.1106 - Pre-Chiropractic Studies,CTE,0
No TOP Match in Records,Not CTE,51.1107 - Pre-Occupational Therapy Studies,CTE,0
No TOP Match in Records,Not CTE,51.1108 - Pre-Optometry Studies,CTE,0
No TOP Match in Records,Not CTE,51.1109 - Pre-Physical Therapy Studies,CTE,0
No TOP Match in Records,Not CTE,51.1110 - Pre-Art Therapy,CTE,0
No TOP Match in Records,Not CTE,"51.1199 - Health/Medical Preparatory Programs, Other",Both,0
No TOP Match in Records,Not CTE,51.1201 - Medicine,CTE,0
No TOP Match in Records,Not CTE,51.1202 - Osteopathic Medicine/Osteopathy,CTE,0
No TOP Match in Records,Not CTE,51.1203 - Podiatric Medicine/Podiatry,CTE,0
No TOP Match in Records,Not CTE,"51.1299 - Medicine, Other",Both,0
No TOP Match in Records,Not CTE,51.1401 - Medical Science/Scientist,CTE,0
No TOP Match in Records,Not CTE,51.1402 - Clinical and Translational Science,CTE,0
No TOP Match in Records,Not CTE,51.1403 - Pain Management,CTE,0
No TOP Match in Records,Not CTE,51.1404 - Temporomandibular Disorders and Orofacial Pain,CTE,0
No TOP Match in Records,Not CTE,51.1405 - Tropical Medicine,CTE,0
No TOP Match in Records,Not CTE,"51.1499 - Medical Clinical Sciences/Graduate Medical Studies, Other",Both,0
No TOP Match in Records,Not CTE,51.1503 - Clinical/Medical Social Work,CTE,0
No TOP Match in Records,Not CTE,51.1504 - Community Health Services/Liaison/Counseling,CTE,0
No TOP Match in Records,Not CTE,51.1505 - Marriage and Family Therapy/Counseling,CTE,0
No TOP Match in Records,Not CTE,51.1506 - Clinical Pastoral Counseling/Patient Counseling,CTE,0
No TOP Match in Records,Not CTE,51.1507 - Psychoanalysis and Psychotherapy,CTE,0
No TOP Match in Records,Not CTE,51.1508 - Mental Health Counseling/Counselor,CTE,0
No TOP Match in Records,Not CTE,51.1509 - Genetic Counseling/Counselor,CTE,0
No TOP Match in Records,Not CTE,51.1511 - Medical Family Therapy/Therapist,CTE,0
No TOP Match in Records,Not CTE,51.1512 - Hospice and Palliative Care,CTE,0
No TOP Match in Records,Not CTE,"51.1599 - Mental and Social Health Services and Allied Professions, Other",Both,0
No TOP Match in Records,Not CTE,51.1701 - Optometry,Not CTE,0
No TOP Match in Records,Not CTE,51.1803 - Ophthalmic Technician/Technologist,CTE,0
No TOP Match in Records,Not CTE,51.1804 - Orthoptics/Orthoptist,CTE,0
No TOP Match in Records,Not CTE,"51.1899 - Ophthalmic and Optometric Support Services and Allied Professions, Other",Both,0
No TOP Match in Records,Not CTE,51.2001 - Pharmacy,CTE,0
No TOP Match in Records,Not CTE,51.2002 - Pharmacy Administration and Pharmacy Policy and Regulatory Affairs,CTE,0
No TOP Match in Records,Not CTE,51.2003 - Pharmaceutics and Drug Design,Not CTE,0
No TOP Match in Records,Not CTE,51.2004 - Medicinal and Pharmaceutical Chemistry,Not CTE,0
No TOP Match in Records,Not CTE,51.2005 - Natural Products Chemistry and Pharmacognosy,Not CTE,0
No TOP Match in Records,Not CTE,51.2006 - Clinical and Industrial Drug Development,Not CTE,0
No TOP Match in Records,Not CTE,51.2007 - Pharmacoeconomics/Pharmaceutical Economics,Not CTE,0
No TOP Match in Records,Not CTE,"51.2008 - Clinical, Hospital, and Managed Care Pharmacy",CTE,0
No TOP Match in Records,Not CTE,51.2009 - Industrial and Physical Pharmacy and Cosmetic Sciences,Not CTE,0
No TOP Match in Records,Not CTE,51.2010 - Pharmaceutical Sciences,Not CTE,0
No TOP Match in Records,Not CTE,51.2011 - Pharmaceutical Marketing and Management,CTE,0
No TOP Match in Records,Not CTE,"51.2099 - Pharmacy, Pharmaceutical Sciences, and Administration, Other",Both,0
No TOP Match in Records,Not CTE,"51.2201 - Public Health, General",CTE,0
No TOP Match in Records,Not CTE,51.2202 - Environmental Health,Both,0
No TOP Match in Records,Not CTE,51.2205 - Health/Medical  Physics,Not CTE,0
No TOP Match in Records,Not CTE,51.2206 - Occupational Health and Industrial Hygiene,CTE,0
No TOP Match in Records,Not CTE,51.2207 - Public Health Education and Promotion,Not CTE,0
No TOP Match in Records,Not CTE,51.2209 - Maternal and Child Health,Not CTE,0
No TOP Match in Records,Not CTE,51.2210 - International Public Health/International Health,Not CTE,0
No TOP Match in Records,Not CTE,51.2211 - Health Services Administration,Not CTE,0
No TOP Match in Records,Not CTE,51.2212 - Behavioral Aspects of Health,Not CTE,0
No TOP Match in Records,Not CTE,51.2213 - Patient Safety and Healthcare Quality,Not CTE,0
No TOP Match in Records,Not CTE,51.2214 - Public Health Genetics,CTE,0
No TOP Match in Records,Not CTE,51.2301 - Art Therapy/Therapist,CTE,0
No TOP Match in Records,Not CTE,51.2302 - Dance Therapy/Therapist,CTE,0
No TOP Match in Records,Not CTE,51.2305 - Music Therapy/Therapist,CTE,0
No TOP Match in Records,Not CTE,51.2306 - Occupational Therapy/Therapist,CTE,0
No TOP Match in Records,Not CTE,51.2307 - Orthotist/Prosthetist,CTE,0
No TOP Match in Records,Not CTE,51.2308 - Physical Therapy/Therapist,CTE,0
No TOP Match in Records,Not CTE,51.2310 - Vocational Rehabilitation Counseling/Counselor,CTE,0
No TOP Match in Records,Not CTE,51.2311 - Kinesiotherapy/Kinesiotherapist,CTE,0
No TOP Match in Records,Not CTE,51.2312 - Assistive/Augmentative Technology and Rehabilitation Engineering,CTE,0
No TOP Match in Records,Not CTE,51.2313 - Animal-Assisted Therapy,CTE,0
No TOP Match in Records,Not CTE,51.2314 - Rehabilitation Science,Not CTE,0
No TOP Match in Records,Not CTE,51.2315 - Drama Therapy/Therapist,CTE,0
No TOP Match in Records,Not CTE,51.2316 - Horticulture Therapy/Therapist,Not CTE,0
No TOP Match in Records,Not CTE,"51.2399 - Rehabilitation and Therapeutic Professions, Other",Both,0
No TOP Match in Records,Not CTE,51.2603 - Medication Aide,CTE,0
No TOP Match in Records,Not CTE,"51.2699 - Health Aides/Attendants/Orderlies, Other",Both,0
No TOP Match in Records,Not CTE,51.2703 - Medical Illustration/Medical Illustrator,CTE,0
No TOP Match in Records,Not CTE,51.2706 - Medical Informatics,Not CTE,0
No TOP Match in Records,Not CTE,"51.2799 - Medical Illustration and Informatics, Other",Both,0
No TOP Match in Records,Not CTE,"51.3199 - Dietetics and Clinical Nutrition Services, Other",Both,0
No TOP Match in Records,Not CTE,51.3201 - Bioethics/Medical Ethics,Not CTE,0
No TOP Match in Records,Not CTE,51.3203 - Nursing Education,CTE,0
No TOP Match in Records,Not CTE,51.3204 - Medical/Health Humanities,Not CTE,0
No TOP Match in Records,Not CTE,51.3205 - History of Medicine,Not CTE,0
No TOP Match in Records,Not CTE,51.3206 - Arts in Medicine/Health,Not CTE,0
No TOP Match in Records,Not CTE,"51.3299 - Health Professions Education, Ethics, and Humanities, Other",Both,0
No TOP Match in Records,Not CTE,"51.3300 - Alternative and Complementary Medicine and Medical Systems, General",Not CTE,0
No TOP Match in Records,Not CTE,51.3301 - Acupuncture and Oriental Medicine,CTE,0
No TOP Match in Records,Not CTE,51.3302 - Traditional Chinese Medicine and Chinese Herbology,CTE,0
No TOP Match in Records,Not CTE,51.3303 - Naturopathic Medicine/Naturopathy,CTE,0
No TOP Match in Records,Not CTE,51.3304 - Homeopathic Medicine/Homeopathy,CTE,0
No TOP Match in Records,Not CTE,51.3305 - Ayurvedic Medicine/Ayurveda,CTE,0
No TOP Match in Records,Not CTE,51.3306 - Holistic/Integrative Health,Not CTE,0
No TOP Match in Records,Not CTE,"51.3399 - Alternative and Complementary Medicine and Medical Systems, Other",Both,0
No TOP Match in Records,Not CTE,51.3401 - Direct Entry Midwifery,CTE,0
No TOP Match in Records,Not CTE,"51.3499 - Alternative and Complementary Medical Support Services, Other",Both,0
No TOP Match in Records,Not CTE,51.3503 - Somatic Bodywork,CTE,0
No TOP Match in Records,Not CTE,"51.3599 - Somatic Bodywork and Related Therapeutic Services, Other",Both,0
No TOP Match in Records,Not CTE,51.3601 - Movement Therapy and Movement Education,CTE,0
No TOP Match in Records,Not CTE,51.3602 - Yoga Teacher Training/Yoga Therapy,CTE,0
No TOP Match in Records,Not CTE,51.3603 - Hypnotherapy/Hypnotherapist,CTE,0
No TOP Match in Records,Not CTE,"51.3699 - Movement and Mind-Body Therapies and Education, Other",Both,0
No TOP Match in Records,Not CTE,51.3701 - Aromatherapy,CTE,0
No TOP Match in Records,Not CTE,51.3702 - Herbalism/Herbalist,CTE,0
No TOP Match in Records,Not CTE,51.3703 - Polarity Therapy,CTE,0
No TOP Match in Records,Not CTE,51.3704 - Reiki,CTE,0
No TOP Match in Records,Not CTE,"51.3799 - Energy and Biologically Based Therapies, Other",Both,0
No TOP Match in Records,Not CTE,51.3802 - Nursing Administration,CTE,0
No TOP Match in Records,Not CTE,51.3803 - Adult Health Nurse/Nursing,CTE,0
No TOP Match in Records,Not CTE,51.3804 - Nurse Anesthetist,CTE,0
No TOP Match in Records,Not CTE,51.3805 - Family Practice Nurse/Nursing,CTE,0
No TOP Match in Records,Not CTE,51.3806 - Maternal/Child Health and Neonatal Nurse/Nursing,CTE,0
No TOP Match in Records,Not CTE,51.3807 - Nurse Midwife/Nursing Midwifery,CTE,0
No TOP Match in Records,Not CTE,51.3808 - Nursing Science,CTE,0
No TOP Match in Records,Not CTE,51.3809 - Pediatric Nurse/Nursing,CTE,0
No TOP Match in Records,Not CTE,51.3810 - Psychiatric/Mental Health Nurse/Nursing,CTE,0
No TOP Match in Records,Not CTE,51.3811 - Public Health/Community Nurse/Nursing,CTE,0
No TOP Match in Records,Not CTE,51.3812 - Perioperative/Operating Room and Surgical Nurse/Nursing,CTE,0
No TOP Match in Records,Not CTE,51.3813 - Clinical Nurse Specialist,CTE,0
No TOP Match in Records,Not CTE,51.3814 - Critical Care Nursing,CTE,0
No TOP Match in Records,Not CTE,51.3815 - Occupational and Environmental Health Nursing,CTE,0
No TOP Match in Records,Not CTE,51.3816 - Emergency Room/Trauma Nursing,CTE,0
No TOP Match in Records,Not CTE,51.3818 - Nursing Practice,CTE,0
No TOP Match in Records,Not CTE,51.3819 - Palliative Care Nursing,CTE,0
No TOP Match in Records,Not CTE,51.3820 - Clinical Nurse Leader,CTE,0
No TOP Match in Records,Not CTE,51.3821 - Geriatric Nurse/Nursing,CTE,0
No TOP Match in Records,Not CTE,51.3822 - Women's Health Nurse/Nursing,CTE,0
No TOP Match in Records,Not CTE,51.3824 - Forensic Nursing,CTE,0
No TOP Match in Records,Not CTE,"51.3899 - Registered Nursing, Nursing Administration, Nursing Research and Clinical Nursing, Other",Both,0
No TOP Match in Records,Not CTE,"51.3999 - Practical Nursing, Vocational Nursing and Nursing Assistants, Other",Both,0
No TOP Match in Records,Not CTE,52.0206 - Non-Profit/Public/Organizational Management,CTE,0
No TOP Match in Records,Not CTE,52.0207 - Customer Service Management,CTE,0
No TOP Match in Records,Not CTE,52.0209 - Transportation/Mobility Management,Not CTE,0
No TOP Match in Records,Not CTE,52.0210 - Research and Development Management,CTE,0
No TOP Match in Records,Not CTE,52.0213 - Organizational Leadership,Not CTE,0
No TOP Match in Records,Not CTE,52.0214 - Research Administration,CTE,0
No TOP Match in Records,Not CTE,52.0216 - Science/Technology Management,CTE,0
No TOP Match in Records,Not CTE,52.0303 - Auditing,CTE,0
No TOP Match in Records,Not CTE,52.0304 - Accounting and Finance,CTE,0
No TOP Match in Records,Not CTE,52.0305 - Accounting and Business/Management,CTE,0
No TOP Match in Records,Not CTE,"52.0399 - Accounting and Related Services, Other",Both,0
No TOP Match in Records,Not CTE,52.0402 - Executive Assistant/Executive Secretary,CTE,0
No TOP Match in Records,Not CTE,52.0406 - Receptionist,CTE,0
No TOP Match in Records,Not CTE,"52.0410 - Traffic, Customs, and Transportation Clerk/Technician",CTE,0
No TOP Match in Records,Not CTE,"52.0499 - Business Operations Support and Secretarial Services, Other",Both,0
No TOP Match in Records,Not CTE,"52.0501 - Business/Corporate Communications, General",CTE,0
No TOP Match in Records,Not CTE,52.0502 - Grantsmanship,CTE,0
No TOP Match in Records,Not CTE,"52.0599 - Business/Corporate Communications, Other",Both,0
No TOP Match in Records,Not CTE,52.0601 - Business/Managerial Economics,Not CTE,0
No TOP Match in Records,Not CTE,52.0702 - Franchising and Franchise Operations,CTE,0
No TOP Match in Records,Not CTE,"52.0799 - Entrepreneurial and Small Business Operations, Other",Both,0
No TOP Match in Records,Not CTE,52.0804 - Financial Planning and Services,CTE,0
No TOP Match in Records,Not CTE,52.0806 - International Finance,CTE,0
No TOP Match in Records,Not CTE,52.0807 - Investments and Securities,CTE,0
No TOP Match in Records,Not CTE,52.0808 - Public Finance,CTE,0
No TOP Match in Records,Not CTE,52.0809 - Credit Management,CTE,0
No TOP Match in Records,Not CTE,"52.0899 - Finance and Financial Management Services, Other",Both,0
No TOP Match in Records,Not CTE,"52.0999 - Hospitality Administration/Management, Other",Both,0
No TOP Match in Records,Not CTE,"52.1001 - Human Resources Management/Personnel Administration, General",CTE,0
No TOP Match in Records,Not CTE,52.1003 - Organizational Behavior Studies,Not CTE,0
No TOP Match in Records,Not CTE,52.1004 - Labor Studies,Not CTE,0
No TOP Match in Records,Not CTE,52.1005 - Human Resources Development,CTE,0
No TOP Match in Records,Not CTE,52.1006 - Executive/Career Coaching,Not CTE,0
No TOP Match in Records,Not CTE,"52.1099 - Human Resources Management and Services, Other",Both,0
No TOP Match in Records,Not CTE,"52.1201 - Management Information Systems, General",CTE,0
No TOP Match in Records,Not CTE,52.1206 - Information Resources Management,CTE,0
No TOP Match in Records,Not CTE,52.1207 - Knowledge Management,Not CTE,0
No TOP Match in Records,Not CTE,"52.1299 - Management Information Systems and Services, Other",Both,0
No TOP Match in Records,Not CTE,52.1301 - Management Science,Not CTE,0
No TOP Match in Records,Not CTE,52.1302 - Business Statistics,Not CTE,0
No TOP Match in Records,Not CTE,52.1304 - Actuarial Science,Not CTE,0
No TOP Match in Records,Not CTE,"52.1399 - Management Sciences and Quantitative Methods, Other",Both,0
No TOP Match in Records,Not CTE,52.1402 - Marketing Research,CTE,0
No TOP Match in Records,Not CTE,52.1403 - International Marketing,CTE,0
No TOP Match in Records,Not CTE,"52.1499 - Marketing, Other",Both,0
No TOP Match in Records,Not CTE,52.1901 - Auctioneering,CTE,0
No TOP Match in Records,Not CTE,52.1903 - Fashion Modeling,CTE,0
No TOP Match in Records,Not CTE,52.1907 - Vehicle and Vehicle Parts and Accessories Marketing Operations,CTE,0
No TOP Match in Records,Not CTE,52.1908 - Business and Personal/Financial Services Marketing Operations,CTE,0
No TOP Match in Records,Not CTE,52.1909 - Special Products Marketing Operations,CTE,0
No TOP Match in Records,Not CTE,52.1910 - Hospitality and Recreation Marketing Operations,CTE,0
No TOP Match in Records,Not CTE,"52.1999 - Specialized Merchandising, Sales, and Marketing Operations, Other",Both,0
No TOP Match in Records,Not CTE,"52.2099 - Construction Management, Other",Both,0
No TOP Match in Records,Not CTE,52.2101 - Telecommunications Management,CTE,0
No TOP Match in Records,Not CTE,53.0101 - Regular/General High School/Secondary Diploma Program,Noncredit CIP,0
No TOP Match in Records,Not CTE,53.0102 - College/University Preparatory and Advanced High School/Secondary Diploma Program,Noncredit CIP,0
No TOP Match in Records,Not CTE,53.0103 - Vocational High School and Secondary Business/Vocational-Industrial/Occupational Diploma Program,Noncredit CIP,0
No TOP Match in Records,Not CTE,53.0104 - Honors/Regents High School/Secondary Diploma Program,Noncredit CIP,0
No TOP Match in Records,Not CTE,"53.0199 - High School/Secondary Diploma Programs, Other",Noncredit CIP,0
No TOP Match in Records,Not CTE,53.0202 - High School Certificate of Competence Program,Noncredit CIP,0
No TOP Match in Records,Not CTE,53.0203 - Certificate of IEP Completion Program,Noncredit CIP,0
No TOP Match in Records,Not CTE,"53.0299 - High School/Secondary Certificates, Other",Noncredit CIP,0
No TOP Match in Records,Not CTE,54.0102 - American  History (United States),Not CTE,0
No TOP Match in Records,Not CTE,54.0103 - European History,Not CTE,0
No TOP Match in Records,Not CTE,54.0104 - History and Philosophy of Science and Technology,Not CTE,0
No TOP Match in Records,Not CTE,54.0105 - Public/Applied History,Not CTE,0
No TOP Match in Records,Not CTE,54.0106 - Asian History,Not CTE,0
No TOP Match in Records,Not CTE,54.0107 - Canadian History,Not CTE,0
No TOP Match in Records,Not CTE,54.0108 - Military History,Not CTE,0
No TOP Match in Records,Not CTE,"54.0199 - History, Other",Both,0
No TOP Match in Records,Not CTE,60.0101 - Oral and Maxillofacial Surgery Residency Program,Noncredit CIP,0
No TOP Match in Records,Not CTE,60.0102 - Dental Public Health Residency Program,Noncredit CIP,0
No TOP Match in Records,Not CTE,60.0103 - Endodontics Residency Program,Noncredit CIP,0
No TOP Match in Records,Not CTE,60.0104 - Oral and Maxillofacial Pathology Residency Program,Noncredit CIP,0
No TOP Match in Records,Not CTE,60.0105 - Orthodontics Residency Program,Noncredit CIP,0
No TOP Match in Records,Not CTE,60.0106 - Pediatric Dentistry Residency Program,Noncredit CIP,0
No TOP Match in Records,Not CTE,60.0107 - Periodontology Residency Program,Noncredit CIP,0
No TOP Match in Records,Not CTE,60.0108 - Prosthodontics Residency Program,Noncredit CIP,0
No TOP Match in Records,Not CTE,60.0109 - Oral and Maxillofacial Radiology Residency Program,Noncredit CIP,0
No TOP Match in Records,Not CTE,60.0110 - Implantology Fellowship Program,Noncredit CIP,0
No TOP Match in Records,Not CTE,"60.0199 - Dental Residency/Fellowship Program, Other",Noncredit CIP,0
No TOP Match in Records,Not CTE,60.0301 - Veterinary Anesthesiology Residency Program,Noncredit CIP,0
No TOP Match in Records,Not CTE,60.0302 - Veterinary Dentistry Residency Program,Noncredit CIP,0
No TOP Match in Records,Not CTE,60.0303 - Veterinary Dermatology Residency Program,Noncredit CIP,0
No TOP Match in Records,Not CTE,60.0304 - Veterinary Emergency and Critical Care Medicine Residency Program,Noncredit CIP,0
No TOP Match in Records,Not CTE,60.0305 - Veterinary Internal Medicine Residency Program,Noncredit CIP,0
No TOP Match in Records,Not CTE,60.0306 - Laboratory Animal Medicine Residency Program,Noncredit CIP,0
No TOP Match in Records,Not CTE,60.0307 - Veterinary Microbiology Residency Program,Noncredit CIP,0
No TOP Match in Records,Not CTE,60.0308 - Veterinary Nutrition Residency Program,Noncredit CIP,0
No TOP Match in Records,Not CTE,60.0309 - Veterinary Ophthalmology Residency Program,Noncredit CIP,0
No TOP Match in Records,Not CTE,60.0310 - Veterinary Pathology Residency Program,Noncredit CIP,0
No TOP Match in Records,Not CTE,60.0311 - Veterinary Practice Residency Program,Noncredit CIP,0
No TOP Match in Records,Not CTE,60.0312 - Veterinary Preventive Medicine Residency Program,Noncredit CIP,0
No TOP Match in Records,Not CTE,60.0313 - Veterinary Radiology Residency Program,Noncredit CIP,0
No TOP Match in Records,Not CTE,60.0314 - Veterinary Surgery Residency Program,Noncredit CIP,0
No TOP Match in Records,Not CTE,60.0315 - Theriogenology Residency Program,Noncredit CIP,0
No TOP Match in Records,Not CTE,60.0316 - Veterinary Toxicology Residency Program,Noncredit CIP,0
No TOP Match in Records,Not CTE,60.0317 - Zoological Medicine Residency Program,Noncredit CIP,0
No TOP Match in Records,Not CTE,60.0318 - Poultry Veterinarian Residency Program,Noncredit CIP,0
No TOP Match in Records,Not CTE,60.0319 - Veterinary Behaviorist Residency Program,Noncredit CIP,0
No TOP Match in Records,Not CTE,60.0320 - Veterinary Clinical Pharmacology Residency Program,Noncredit CIP,0
No TOP Match in Records,Not CTE,"60.0399 - Veterinary Residency/Fellowship Program, Other",Noncredit CIP,0
No TOP Match in Records,Not CTE,"60.0701 - Nurse Practitioner Residency/Fellowship Program, General",Noncredit CIP,0
No TOP Match in Records,Not CTE,60.0702 - Combined Nurse Practitioner Residency/Fellowship Program,Noncredit CIP,0
No TOP Match in Records,Not CTE,60.0703 - Acute Care Nurse Practitioner Residency/Fellowship Program,Noncredit CIP,0
No TOP Match in Records,Not CTE,60.0704 - Adult/Gerontology Acute Care Nurse Practitioner Residency/Fellowship Program,Noncredit CIP,0
No TOP Match in Records,Not CTE,60.0705 - Adult/Gerontology Critical Care Nurse Practitioner Residency/Fellowship Program,Noncredit CIP,0
No TOP Match in Records,Not CTE,60.0706 - Cardiology/Cardiovascular Nurse Practitioner Residency/Fellowship Program,Noncredit CIP,0
No TOP Match in Records,Not CTE,60.0707 - Clinical Informatics Nurse Practitioner Residency/Fellowship Program,Noncredit CIP,0
No TOP Match in Records,Not CTE,60.0708 - Dermatology Nurse Practitioner Residency/Fellowship Program,Noncredit CIP,0
No TOP Match in Records,Not CTE,60.0709 - Developmental and Behavioral Pediatrics Nurse Practitioner Residency/Fellowship Program,Noncredit CIP,0
No TOP Match in Records,Not CTE,60.0710 - Diabetes Nurse Practitioner Residency/Fellowship Program,Noncredit CIP,0
No TOP Match in Records,Not CTE,60.0711 - Emergency Medicine Nurse Practitioner Residency/Fellowship Program,Noncredit CIP,0
No TOP Match in Records,Not CTE,60.0712 - Endocrinology Nurse Practitioner Residency/Fellowship Program,Noncredit CIP,0
No TOP Match in Records,Not CTE,60.0713 - Family Medicine Nurse Practitioner Residency/Fellowship Program,Noncredit CIP,0
No TOP Match in Records,Not CTE,60.0714 - Gastroenterology and Hepatology Nurse Practitioner Residency/Fellowship Program,Noncredit CIP,0
No TOP Match in Records,Not CTE,60.0715 - Gastroenterology Nurse Practitioner Residency/Fellowship Program,Noncredit CIP,0
No TOP Match in Records,Not CTE,60.0716 - Genetics Nurse Practitioner Residency/Fellowship Program,Noncredit CIP,0
No TOP Match in Records,Not CTE,60.0717 - Gerontology Nurse Practitioner Residency/Fellowship Program,Noncredit CIP,0
No TOP Match in Records,Not CTE,60.0718 - Global Health Nurse Practitioner Residency/Fellowship Program,Noncredit CIP,0
No TOP Match in Records,Not CTE,60.0719 - Hematology-Oncology Nurse Practitioner Residency/Fellowship Program,Noncredit CIP,0
No TOP Match in Records,Not CTE,60.0720 - Hepatology Nurse Practitioner Residency/Fellowship Program,Noncredit CIP,0
No TOP Match in Records,Not CTE,60.0721 - Home-Based Primary Care Nurse Practitioner Residency/Fellowship Program,Noncredit CIP,0
No TOP Match in Records,Not CTE,60.0722 - Hospice and Palliative Medicine Nurse Practitioner Residency/Fellowship Program,Noncredit CIP,0
No TOP Match in Records,Not CTE,60.0723 - Hospital Medicine Nurse Practitioner Residency/Fellowship Program,Noncredit CIP,0
No TOP Match in Records,Not CTE,60.0724 - Infectious Diseases Nurse Practitioner Residency/Fellowship Program,Noncredit CIP,0
No TOP Match in Records,Not CTE,60.0725 - Neonatal Nurse Practitioner Residency/Fellowship Program,Noncredit CIP,0
No TOP Match in Records,Not CTE,60.0726 - Nephrology Nurse Practitioner Residency/Fellowship Program,Noncredit CIP,0
No TOP Match in Records,Not CTE,60.0727 - Neurology Nurse Practitioner Residency/Fellowship Program,Noncredit CIP,0
No TOP Match in Records,Not CTE,60.0728 - Neuroscience Nurse Practitioner Residency/Fellowship Program,Noncredit CIP,0
No TOP Match in Records,Not CTE,60.0729 - Obstetrics and Gynecology Nurse Practitioner Residency/Fellowship Program,Noncredit CIP,0
No TOP Match in Records,Not CTE,60.0730 - Occupational Health Nurse Practitioner Residency/Fellowship Program,Noncredit CIP,0
No TOP Match in Records,Not CTE,60.0731 - Orthopedic Nurse Practitioner Residency/Fellowship Program,Noncredit CIP,0
No TOP Match in Records,Not CTE,60.0732 - Orthopedic Surgery Nurse Practitioner Residency/Fellowship Program,Noncredit CIP,0
No TOP Match in Records,Not CTE,60.0733 - Pain Management Nurse Practitioner Residency/Fellowship Program,Noncredit CIP,0
No TOP Match in Records,Not CTE,60.0734 - Palliative Care Nurse Practitioner Residency/Fellowship Program,Noncredit CIP,0
No TOP Match in Records,Not CTE,60.0735 - Pediatric Hematology-Oncology Nurse Practitioner Residency/Fellowship Program,Noncredit CIP,0
No TOP Match in Records,Not CTE,60.0736 - Pediatric Nurse Practitioner Residency/Fellowship Program,Noncredit CIP,0
No TOP Match in Records,Not CTE,60.0737 - Pediatric Rehabilitation Nurse Practitioner Residency/Fellowship Program,Noncredit CIP,0
No TOP Match in Records,Not CTE,60.0738 - Psychiatric/Mental Health Nurse Practitioner Residency/Fellowship Program,Noncredit CIP,0
No TOP Match in Records,Not CTE,60.0739 - Public/Community Health Nurse Practitioner Residency/Fellowship Program,Noncredit CIP,0
No TOP Match in Records,Not CTE,60.0740 - Pulmonary Nurse Practitioner Residency/Fellowship Program,Noncredit CIP,0
No TOP Match in Records,Not CTE,60.0741 - Rheumatology Nurse Practitioner Residency/Fellowship Program,Noncredit CIP,0
No TOP Match in Records,Not CTE,60.0742 - Rural Health Nurse Practitioner Residency/Fellowship Program,Noncredit CIP,0
No TOP Match in Records,Not CTE,60.0743 - Sleep Medicine Nurse Practitioner Residency/Fellowship Program,Noncredit CIP,0
No TOP Match in Records,Not CTE,60.0744 - Surgical and Critical Care Nurse Practitioner Residency/Fellowship Program,Noncredit CIP,0
No TOP Match in Records,Not CTE,60.0745 - Surgical Wound and Reconstruction Nurse Practitioner Residency/Fellowship Program,Noncredit CIP,0
No TOP Match in Records,Not CTE,60.0746 - Transplantation Nurse Practitioner Residency/Fellowship Program,Noncredit CIP,0
No TOP Match in Records,Not CTE,60.0747 - Trauma and Critical Care Nurse Practitioner Residency/Fellowship Program,Noncredit CIP,0
No TOP Match in Records,Not CTE,60.0748 - Urgent Care Nurse Practitioner Residency/Fellowship Program,Noncredit CIP,0
No TOP Match in Records,Not CTE,60.0749 - Urology Nurse Practitioner Residency/Fellowship Program,Noncredit CIP,0
No TOP Match in Records,Not CTE,60.0750 - Women's Health Nurse Practitioner Residency/Fellowship Program,Noncredit CIP,0
No TOP Match in Records,Not CTE,60.0751 - Wound Care Nurse Practitioner Residency/Fellowship Program,Noncredit CIP,0
No TOP Match in Records,Not CTE,"60.0799 - Nurse Practitioner Residency/Fellowship Program, Other",Noncredit CIP,0
No TOP Match in Records,Not CTE,"60.0801 - Pharmacy Residency/Fellowship Program, General",Noncredit CIP,0
No TOP Match in Records,Not CTE,60.0802 - Combined Pharmacy Residency/Fellowship Program,Noncredit CIP,0
No TOP Match in Records,Not CTE,60.0803 - Ambulatory Care Pharmacy Residency/Fellowship Program,Noncredit CIP,0
No TOP Match in Records,Not CTE,60.0804 - Cardiology Pharmacy Residency/Fellowship Program,Noncredit CIP,0
No TOP Match in Records,Not CTE,60.0805 - Clinical Pharmacogenomics Pharmacy Residency/Fellowship Program,Noncredit CIP,0
No TOP Match in Records,Not CTE,60.0806 - Community/Community-Based Pharmacy Residency/Fellowship Program,Noncredit CIP,0
No TOP Match in Records,Not CTE,60.0807 - Corporate Pharmacy Leadership Residency/Fellowship Program,Noncredit CIP,0
No TOP Match in Records,Not CTE,60.0808 - Critical Care Pharmacy Residency/Fellowship Program,Noncredit CIP,0
No TOP Match in Records,Not CTE,60.0809 - Drug Information Pharmacy Residency/Fellowship Program,Noncredit CIP,0
No TOP Match in Records,Not CTE,60.0810 - Emergency Medicine Pharmacy Residency/Fellowship Program,Noncredit CIP,0
No TOP Match in Records,Not CTE,60.0811 - Family Medicine Pharmacy Residency/Fellowship Program,Noncredit CIP,0
No TOP Match in Records,Not CTE,60.0812 - Geriatric Pharmacy Residency/Fellowship Program,Noncredit CIP,0
No TOP Match in Records,Not CTE,60.0813 - Health System Medication Management Pharmacy Residency/Fellowship Program,Noncredit CIP,0
No TOP Match in Records,Not CTE,60.0814 - Health System Pharmacy Administration and Leadership Residency/Fellowship Program,Noncredit CIP,0
No TOP Match in Records,Not CTE,60.0815 - Infectious Diseases Pharmacy Residency/Fellowship Program,Noncredit CIP,0
No TOP Match in Records,Not CTE,60.0816 - Internal Medicine Pharmacy Residency/Fellowship Program,Noncredit CIP,0
No TOP Match in Records,Not CTE,60.0817 - Investigational Drugs and Research Pharmacy Residency/Fellowship Program,Noncredit CIP,0
No TOP Match in Records,Not CTE,60.0818 - Managed Care Pharmacy Residency/Fellowship Program,Noncredit CIP,0
No TOP Match in Records,Not CTE,60.0819 - Medication Systems and Operations Pharmacy Residency/Fellowship Program,Noncredit CIP,0
No TOP Match in Records,Not CTE,60.0820 - Medication-Use Safety Pharmacy Residency/Fellowship Program,Noncredit CIP,0
No TOP Match in Records,Not CTE,60.0821 - Neonatal Pharmacy Residency/Fellowship Program,Noncredit CIP,0
No TOP Match in Records,Not CTE,60.0822 - Nephrology Pharmacy Residency/Fellowship Program,Noncredit CIP,0
No TOP Match in Records,Not CTE,60.0823 - Neurology Pharmacy Residency/Fellowship Program,Noncredit CIP,0
No TOP Match in Records,Not CTE,60.0824 - Nuclear Pharmacy Residency/Fellowship Program,Noncredit CIP,0
No TOP Match in Records,Not CTE,60.0825 - Nutrition Support Pharmacy Residency/Fellowship Program,Noncredit CIP,0
No TOP Match in Records,Not CTE,60.0826 - Oncology Pharmacy Residency/Fellowship Program,Noncredit CIP,0
No TOP Match in Records,Not CTE,60.0827 - Palliative Care/Pain Management Pharmacy Residency/Fellowship Program,Noncredit CIP,0
No TOP Match in Records,Not CTE,60.0828 - Pediatric Pharmacy Residency/Fellowship Program,Noncredit CIP,0
No TOP Match in Records,Not CTE,60.0829 - Pharmacotherapy Pharmacy Residency/Fellowship Program,Noncredit CIP,0
No TOP Match in Records,Not CTE,60.0830 - Pharmacy Informatics Pharmacy Residency/Fellowship Program,Noncredit CIP,0
No TOP Match in Records,Not CTE,60.0831 - Psychiatric Pharmacy Residency/Fellowship Program,Noncredit CIP,0
No TOP Match in Records,Not CTE,60.0832 - Transplantation Pharmacy Residency/Fellowship Program,Noncredit CIP,0
No TOP Match in Records,Not CTE,"60.0899 - Pharmacy Residency Programs, Other",Noncredit CIP,0
No TOP Match in Records,Not CTE,"60.0901 - Physician Assistant Residency/Fellowship Program, General",Noncredit CIP,0
No TOP Match in Records,Not CTE,60.0902 - Combined Physician Assistant Residency/Fellowship Program,Noncredit CIP,0
No TOP Match in Records,Not CTE,60.0903 - Acute Care Medicine Physician Assistant Residency/Fellowship Program,Noncredit CIP,0
No TOP Match in Records,Not CTE,60.0904 - Acute Care Surgery Physician Assistant Residency/Fellowship Program,Noncredit CIP,0
No TOP Match in Records,Not CTE,60.0905 - Cardiology Physician Assistant Residency/Fellowship Program,Noncredit CIP,0
No TOP Match in Records,Not CTE,60.0906 - Cardiothoracic Surgery Physician Assistant Residency/Fellowship Program,Noncredit CIP,0
No TOP Match in Records,Not CTE,60.0907 - Critical Care Physician Assistant Residency/Fellowship Program,Noncredit CIP,0
No TOP Match in Records,Not CTE,60.0908 - Critical Care and Trauma Surgery Physician Assistant Residency/Fellowship Program,Noncredit CIP,0
No TOP Match in Records,Not CTE,60.0909 - Emergency Medicine Physician Assistant Residency/Fellowship Program,Noncredit CIP,0
No TOP Match in Records,Not CTE,60.0910 - ENT Surgery Physician Assistant Residency/Fellowship Program,Noncredit CIP,0
No TOP Match in Records,Not CTE,60.0911 - Family Medicine Physician Assistant Residency/Fellowship Program,Noncredit CIP,0
No TOP Match in Records,Not CTE,60.0912 - Geriatrics Physician Assistant Residency/Fellowship Program,Noncredit CIP,0
No TOP Match in Records,Not CTE,60.0913 - Hematology-Oncology Physician Assistant Residency/Fellowship Program,Noncredit CIP,0
No TOP Match in Records,Not CTE,60.0914 - Hepatobiliary Surgery Physician Assistant Residency/Fellowship Program,Noncredit CIP,0
No TOP Match in Records,Not CTE,60.0915 - Hospitalist Physician Assistant Residency/Fellowship Program,Noncredit CIP,0
No TOP Match in Records,Not CTE,60.0916 - Neurosurgery Physician Assistant Residency/Fellowship Program,Noncredit CIP,0
No TOP Match in Records,Not CTE,60.0917 - Orthopedic Surgery Physician Assistant Residency/Fellowship Program,Noncredit CIP,0
No TOP Match in Records,Not CTE,60.0918 - Pediatric Surgery Physician Assistant Residency/Fellowship Program,Noncredit CIP,0
No TOP Match in Records,Not CTE,60.0919 - Transplant Surgery Physician Assistant Residency/Fellowship Program,Noncredit CIP,0
No TOP Match in Records,Not CTE,60.0920 - Urology Physician Assistant Residency/Fellowship Program,Noncredit CIP,0
No TOP Match in Records,Not CTE,"60.0999 - Physician Assistant Residency/Fellowship Program, Other",Noncredit CIP,0
No TOP Match in Records,Not CTE,"60.9999 - Health Professions Residency/Fellowship Programs, Other",Noncredit CIP,0
No TOP Match in Records,Not CTE,"61.0101 - Combined Medical Residency/Fellowship Program, General",Noncredit CIP,0
No TOP Match in Records,Not CTE,61.0102 - Diagnostic Radiology/Nuclear Medicine Combined Specialty Program,Noncredit CIP,0
No TOP Match in Records,Not CTE,61.0103 - Emergency Medicine/Anesthesiology Combined Specialty Program,Noncredit CIP,0
No TOP Match in Records,Not CTE,61.0104 - Family Medicine/Emergency Medicine Combined Specialty Program,Noncredit CIP,0
No TOP Match in Records,Not CTE,61.0105 - Family Medicine/Osteopathic Neuromusculoskeletal Medicine Combined Specialty Program,Noncredit CIP,0
No TOP Match in Records,Not CTE,61.0106 - Family Medicine/Preventive Medicine Combined Specialty Program,Noncredit CIP,0
No TOP Match in Records,Not CTE,61.0107 - Family Medicine/Psychiatry Combined Specialty Program,Noncredit CIP,0
No TOP Match in Records,Not CTE,61.0108 - Internal Medicine/Anesthesiology Combined Specialty Program,Noncredit CIP,0
No TOP Match in Records,Not CTE,61.0109 - Internal Medicine/Dermatology Combined Specialty Program,Noncredit CIP,0
No TOP Match in Records,Not CTE,61.0110 - Internal Medicine/Emergency Medicine Combined Specialty Program,Noncredit CIP,0
No TOP Match in Records,Not CTE,61.0111 - Internal Medicine/Emergency Medicine/Critical Care Medicine Combined Specialty Program,Noncredit CIP,0
No TOP Match in Records,Not CTE,61.0112 - Internal Medicine/Family Medicine Combined Specialty Program,Noncredit CIP,0
No TOP Match in Records,Not CTE,61.0113 - Internal Medicine/Medical Genetics and Genomics Combined Specialty Program,Noncredit CIP,0
No TOP Match in Records,Not CTE,61.0114 - Internal Medicine/Neurology Combined Specialty Program,Noncredit CIP,0
No TOP Match in Records,Not CTE,61.0115 - Internal Medicine/Pediatrics Combined Specialty Program,Noncredit CIP,0
No TOP Match in Records,Not CTE,61.0116 - Internal Medicine/Preventive Medicine Combined Specialty Program,Noncredit CIP,0
No TOP Match in Records,Not CTE,61.0117 - Internal Medicine/Psychiatry Combined Specialty Program,Noncredit CIP,0
No TOP Match in Records,Not CTE,61.0118 - Medical Genetics and Genomics/Maternal-Fetal Medicine Combined Specialty Program,Noncredit CIP,0
No TOP Match in Records,Not CTE,61.0119 - Pediatrics/Anesthesiology Combined Specialty Program,Noncredit CIP,0
No TOP Match in Records,Not CTE,61.0120 - Pediatrics/Emergency Medicine Combined Specialty Program,Noncredit CIP,0
No TOP Match in Records,Not CTE,61.0121 - Pediatrics/Medical Genetics and Genomics Combined Specialty Program,Noncredit CIP,0
No TOP Match in Records,Not CTE,61.0122 - Pediatrics/Physical Medicine & Rehabilitation Combined Specialty Program,Noncredit CIP,0
No TOP Match in Records,Not CTE,61.0123 - Pediatrics/Psychology/Child-Adolescent Psychology Combined Specialty Program,Noncredit CIP,0
No TOP Match in Records,Not CTE,61.0124 - Psychiatry/Neurology Combined Specialty Program,Noncredit CIP,0
No TOP Match in Records,Not CTE,61.0125 - Reproductive Endocrinology and Infertility/Medical Genetics and Genomics Combined Specialty Program,Noncredit CIP,0
No TOP Match in Records,Not CTE,"61.0199 - Combined Medical Residency/Fellowship Programs, Other",Noncredit CIP,0
No TOP Match in Records,Not CTE,61.0202 - Critical Care Medicine Fellowship Program,Noncredit CIP,0
No TOP Match in Records,Not CTE,61.0203 - Geriatric Medicine Fellowship Program,Noncredit CIP,0
No TOP Match in Records,Not CTE,61.0204 - Health Policy Fellowship Program,Noncredit CIP,0
No TOP Match in Records,Not CTE,61.0205 - Hospice and Palliative Medicine Fellowship Program,Noncredit CIP,0
No TOP Match in Records,Not CTE,61.0206 - Integrative Medicine Fellowship Program,Noncredit CIP,0
No TOP Match in Records,Not CTE,61.0207 - Medical Education Fellowship Program,Noncredit CIP,0
No TOP Match in Records,Not CTE,61.0208 - Medical Toxicology Fellowship Program,Noncredit CIP,0
No TOP Match in Records,Not CTE,61.0209 - Neuromuscular Medicine Fellowship Program,Noncredit CIP,0
No TOP Match in Records,Not CTE,61.0210 - Pain Medicine Fellowship Program,Noncredit CIP,0
No TOP Match in Records,Not CTE,61.0211 - Simulation Fellowship Program,Noncredit CIP,0
No TOP Match in Records,Not CTE,61.0212 - Sleep Medicine Fellowship Program,Noncredit CIP,0
No TOP Match in Records,Not CTE,61.0213 - Sports Medicine Fellowship Program,Noncredit CIP,0
No TOP Match in Records,Not CTE,61.0214 - Surgery of the Hand Fellowship Program,Noncredit CIP,0
No TOP Match in Records,Not CTE,61.0215 - Telemedicine Fellowship Program,Noncredit CIP,0
No TOP Match in Records,Not CTE,61.0216 - Undersea and Hyperbaric Medicine Fellowship Program,Noncredit CIP,0
No TOP Match in Records,Not CTE,61.0217 - Wilderness Medicine Fellowship Program,Noncredit CIP,0
No TOP Match in Records,Not CTE,61.0218 - Women's Health Fellowship Program,Noncredit CIP,0
No TOP Match in Records,Not CTE,"61.0299 - Multiple-Pathway Medical Fellowship Programs, Other",Noncredit CIP,0
No TOP Match in Records,Not CTE,61.0301 - Allergy and Immunology Fellowship Program,Noncredit CIP,0
No TOP Match in Records,Not CTE,"61.0399 - Allergy and Immunology Residency/Fellowship Programs, Other",Noncredit CIP,0
No TOP Match in Records,Not CTE,61.0401 - Anesthesiology Residency Program,Noncredit CIP,0
No TOP Match in Records,Not CTE,"61.0499 - Anesthesiology Residency/Fellowship Programs, Other",Noncredit CIP,0
No TOP Match in Records,Not CTE,61.0501 - Dermatology Residency Program,Noncredit CIP,0
No TOP Match in Records,Not CTE,61.0502 - Dermatopathology Fellowship Program,Noncredit CIP,0
No TOP Match in Records,Not CTE,61.0503 - Pediatric Dermatology Fellowship Program,Noncredit CIP,0
No TOP Match in Records,Not CTE,"61.0599 - Dermatology Residency/Fellowship Programs, Other",Noncredit CIP,0
No TOP Match in Records,Not CTE,61.0601 - Emergency Medicine Residency Program,Noncredit CIP,0
No TOP Match in Records,Not CTE,61.0602 - Disaster Medicine Fellowship Program,Noncredit CIP,0
No TOP Match in Records,Not CTE,61.0603 - Emergency Medical Services Fellowship Program,Noncredit CIP,0
No TOP Match in Records,Not CTE,"61.0699 - Emergency Medicine Residency/Fellowship Programs, Other",Noncredit CIP,0
No TOP Match in Records,Not CTE,61.0701 - Family Medicine Residency Program,Noncredit CIP,0
No TOP Match in Records,Not CTE,"61.0799 - Family Medicine Residency/Fellowship Programs, Other",Noncredit CIP,0
No TOP Match in Records,Not CTE,61.0801 - Internal Medicine Residency Program,Noncredit CIP,0
No TOP Match in Records,Not CTE,61.0804 - Cardiovascular Disease Fellowship Program,Noncredit CIP,0
No TOP Match in Records,Not CTE,61.0805 - Clinical Cardiac Electrophysiology Fellowship Program,Noncredit CIP,0
No TOP Match in Records,Not CTE,"61.0806 - Endocrinology, Diabetes, and Metabolism Fellowship Program",Noncredit CIP,0
No TOP Match in Records,Not CTE,61.0807 - Gastroenterology Fellowship Program,Noncredit CIP,0
No TOP Match in Records,Not CTE,61.0808 - Hematology Fellowship Program,Noncredit CIP,0
No TOP Match in Records,Not CTE,61.0809 - Hematology-Oncology Fellowship Program,Noncredit CIP,0
No TOP Match in Records,Not CTE,61.0810 - Infectious Disease Fellowship Program,Noncredit CIP,0
No TOP Match in Records,Not CTE,61.0811 - Interventional Cardiology Fellowship Program,Noncredit CIP,0
No TOP Match in Records,Not CTE,61.0812 - Nephrology Fellowship Program,Noncredit CIP,0
No TOP Match in Records,Not CTE,61.0813 - Medical Oncology Fellowship Program,Noncredit CIP,0
No TOP Match in Records,Not CTE,61.0814 - Pulmonary Disease Fellowship Program,Noncredit CIP,0
No TOP Match in Records,Not CTE,61.0816 - Rheumatology Fellowship Program,Noncredit CIP,0
No TOP Match in Records,Not CTE,61.0818 - Transplant Hepatology Fellowship Program,Noncredit CIP,0
No TOP Match in Records,Not CTE,"61.0899 - Internal Medicine Residency/Fellowship Programs, Other",Noncredit CIP,0
No TOP Match in Records,Not CTE,61.0901 - Clinical Biochemical Genetics Residency Program,Noncredit CIP,0
No TOP Match in Records,Not CTE,61.0902 - Clinical Genetics and Genomics Residency Program,Noncredit CIP,0
No TOP Match in Records,Not CTE,61.0903 - Laboratory Genetics and Genomics Residency Program,Noncredit CIP,0
No TOP Match in Records,Not CTE,61.0904 - Medical Biochemical Genetics Residency Program,Noncredit CIP,0
No TOP Match in Records,Not CTE,"61.0999 - Medical Genetics and Genomics Residency/Fellowship Programs, Other",Noncredit CIP,0
No TOP Match in Records,Not CTE,61.1001 - Neurological Surgery Residency Program,Noncredit CIP,0
No TOP Match in Records,Not CTE,"61.1099 - Neurological Surgery Residency/Fellowship Programs, Other",Noncredit CIP,0
No TOP Match in Records,Not CTE,61.1101 - Neurology Residency Program,Noncredit CIP,0
No TOP Match in Records,Not CTE,61.1102 - Child Neurology Residency Program,Noncredit CIP,0
No TOP Match in Records,Not CTE,61.1103 - Clinical Neurophysiology Fellowship Program,Noncredit CIP,0
No TOP Match in Records,Not CTE,61.1104 - Epilepsy Fellowship Program,Noncredit CIP,0
No TOP Match in Records,Not CTE,61.1105 - Headache Medicine Fellowship Program,Noncredit CIP,0
No TOP Match in Records,Not CTE,61.1106 - Neurodevelopmental Disabilities Fellowship Program,Noncredit CIP,0
No TOP Match in Records,Not CTE,61.1107 - Vascular Neurology Fellowship Program,Noncredit CIP,0
No TOP Match in Records,Not CTE,"61.1199 - Neurology Residency/Fellowship Programs, Other",Noncredit CIP,0
No TOP Match in Records,Not CTE,61.1201 - Nuclear Medicine Residency Program,Noncredit CIP,0
No TOP Match in Records,Not CTE,"61.1299 - Nuclear Medicine Residency/Fellowship Programs, Other",Noncredit CIP,0
No TOP Match in Records,Not CTE,61.1301 - Obstetrics and Gynecology Residency Program,Noncredit CIP,0
No TOP Match in Records,Not CTE,61.1302 - Gynecologic Oncology Fellowship Program,Noncredit CIP,0
No TOP Match in Records,Not CTE,61.1303 - Maternal and Fetal Medicine Fellowship Program,Noncredit CIP,0
No TOP Match in Records,Not CTE,61.1304 - Reproductive Endocrinology/Infertility Fellowship Program,Noncredit CIP,0
No TOP Match in Records,Not CTE,"61.1399 - Obstetrics and Gynecology Residency/Fellowship Programs, Other",Noncredit CIP,0
No TOP Match in Records,Not CTE,61.1401 - Ophthalmology Residency Program,Noncredit CIP,0
No TOP Match in Records,Not CTE,"61.1499 - Ophthalmology Residency/Fellowship Programs, Other",Noncredit CIP,0
No TOP Match in Records,Not CTE,61.1501 - Orthopedic Surgery Residency Program,Noncredit CIP,0
No TOP Match in Records,Not CTE,61.1502 - Musculoskeletal Oncology Fellowship Program,Noncredit CIP,0
No TOP Match in Records,Not CTE,61.1503 - Orthopedic Sports Medicine Fellowship Program,Noncredit CIP,0
No TOP Match in Records,Not CTE,61.1504 - Orthopedic Surgery of the Spine Fellowship Program,Noncredit CIP,0
No TOP Match in Records,Not CTE,61.1505 - Pediatric Orthopedics Fellowship Program,Noncredit CIP,0
No TOP Match in Records,Not CTE,"61.1599 - Orthopedic Surgery Residency/Fellowship Programs, Other",Noncredit CIP,0
No TOP Match in Records,Not CTE,61.1601 - Osteopathic Neuromusculoskeletal Medicine Residency Program,Noncredit CIP,0
No TOP Match in Records,Not CTE,"61.1699 - Osteopathic Medicine Residency/Fellowship Programs, Other",Noncredit CIP,0
No TOP Match in Records,Not CTE,61.1701 - Otolaryngology Residency Program,Noncredit CIP,0
No TOP Match in Records,Not CTE,61.1702 - Neurotology Fellowship Program,Noncredit CIP,0
No TOP Match in Records,Not CTE,61.1703 - Pediatric Otolaryngology Fellowship Program,Noncredit CIP,0
No TOP Match in Records,Not CTE,"61.1799 - Otolaryngology Residency/Fellowship Programs, Other",Noncredit CIP,0
No TOP Match in Records,Not CTE,61.1801 - Combined Anatomic and Clinical Pathology Residency Program,Noncredit CIP,0
No TOP Match in Records,Not CTE,61.1802 - Anatomic Pathology Residency Program,Noncredit CIP,0
No TOP Match in Records,Not CTE,61.1803 - Clinical Pathology Residency Program,Noncredit CIP,0
No TOP Match in Records,Not CTE,61.1804 - Blood Banking/Transfusion Medicine Fellowship Program,Noncredit CIP,0
No TOP Match in Records,Not CTE,61.1805 - Chemical Pathology Fellowship Program,Noncredit CIP,0
No TOP Match in Records,Not CTE,61.1806 - Cytopathology Fellowship Program,Noncredit CIP,0
No TOP Match in Records,Not CTE,61.1807 - Forensic Pathology Fellowship Program,Noncredit CIP,0
No TOP Match in Records,Not CTE,61.1808 - Hematological Pathology Fellowship Program,Noncredit CIP,0
No TOP Match in Records,Not CTE,61.1809 - Immunopathology Fellowship Program,Noncredit CIP,0
No TOP Match in Records,Not CTE,61.1810 - Laboratory Medicine Fellowship Program,Noncredit CIP,0
No TOP Match in Records,Not CTE,61.1811 - Medical Microbiology Fellowship Program,Noncredit CIP,0
No TOP Match in Records,Not CTE,61.1812 - Molecular Genetic Pathology Fellowship Program,Noncredit CIP,0
No TOP Match in Records,Not CTE,61.1813 - Neuropathology Fellowship Program,Noncredit CIP,0
No TOP Match in Records,Not CTE,61.1814 - Pediatric Pathology Fellowship Program,Noncredit CIP,0
No TOP Match in Records,Not CTE,61.1815 - Radioisotopic Pathology Fellowship Program,Noncredit CIP,0
No TOP Match in Records,Not CTE,"61.1899 - Pathology Residency/Fellowship Programs, Other",Noncredit CIP,0
No TOP Match in Records,Not CTE,61.1901 - Pediatrics Residency Program,Noncredit CIP,0
No TOP Match in Records,Not CTE,61.1902 - Adolescent Medicine Fellowship Program,Noncredit CIP,0
No TOP Match in Records,Not CTE,61.1903 - Child Abuse Pediatrics Fellowship Program,Noncredit CIP,0
No TOP Match in Records,Not CTE,61.1904 - Developmental-Behavioral Pediatrics Fellowship Program,Noncredit CIP,0
No TOP Match in Records,Not CTE,61.1905 - Neonatal-Perinatal Medicine Fellowship Program,Noncredit CIP,0
No TOP Match in Records,Not CTE,61.1906 - Pediatric Cardiology Fellowship Program,Noncredit CIP,0
No TOP Match in Records,Not CTE,61.1907 - Pediatric Critical Care Medicine Fellowship Program,Noncredit CIP,0
No TOP Match in Records,Not CTE,61.1908 - Pediatric Emergency Medicine Fellowship Program,Noncredit CIP,0
No TOP Match in Records,Not CTE,61.1909 - Pediatric Endocrinology Fellowship Program,Noncredit CIP,0
No TOP Match in Records,Not CTE,61.1910 - Pediatric Gastroenterology Fellowship Program,Noncredit CIP,0
No TOP Match in Records,Not CTE,61.1911 - Pediatric Hematology-Oncology Fellowship Program,Noncredit CIP,0
No TOP Match in Records,Not CTE,61.1912 - Pediatric Infectious Diseases Fellowship Program,Noncredit CIP,0
No TOP Match in Records,Not CTE,61.1913 - Pediatric Nephrology Fellowship Program,Noncredit CIP,0
No TOP Match in Records,Not CTE,61.1914 - Pediatric Pulmonology Fellowship Program,Noncredit CIP,0
No TOP Match in Records,Not CTE,61.1915 - Pediatric Rheumatology Fellowship Program,Noncredit CIP,0
No TOP Match in Records,Not CTE,61.1917 - Pediatric Transplant Hepatology Fellowship Program,Noncredit CIP,0
No TOP Match in Records,Not CTE,"61.1999 - Pediatrics Residency/Fellowship Programs, Other",Noncredit CIP,0
No TOP Match in Records,Not CTE,61.2001 - Physical Medicine and Rehabilitation Residency Program,Noncredit CIP,0
No TOP Match in Records,Not CTE,61.2002 - Spinal Cord Injury Medicine Fellowship Program,Noncredit CIP,0
No TOP Match in Records,Not CTE,61.2003 - Pediatric Rehabilitation Medicine Fellowship Program,Noncredit CIP,0
No TOP Match in Records,Not CTE,"61.2099 - Physical Medicine and Rehabilitation Residency/Fellowship Programs, Other",Noncredit CIP,0
No TOP Match in Records,Not CTE,61.2101 - Plastic Surgery Residency Program,Noncredit CIP,0
No TOP Match in Records,Not CTE,61.2102 - Integrated Plastic Surgery Residency Program,Noncredit CIP,0
No TOP Match in Records,Not CTE,61.2103 - Plastic Surgery Within the Head and Neck Fellowship Program,Noncredit CIP,0
No TOP Match in Records,Not CTE,"61.2199 - Plastic Surgery Residency/Fellowship Programs, Other",Noncredit CIP,0
No TOP Match in Records,Not CTE,61.2201 - Podiatric Medicine and Surgery Residency Program,Noncredit CIP,0
No TOP Match in Records,Not CTE,"61.2299 - Podiatric Medicine Residency/Fellowship Programs, Other",Noncredit CIP,0
No TOP Match in Records,Not CTE,61.2301 - Public Health and General Preventive Medicine Residency Program,Noncredit CIP,0
No TOP Match in Records,Not CTE,61.2302 - Aerospace Medicine Residency Program,Noncredit CIP,0
No TOP Match in Records,Not CTE,61.2303 - Occupational Medicine Residency Program,Noncredit CIP,0
No TOP Match in Records,Not CTE,"61.2399 - Preventive Medicine Residency/Fellowship Programs, Other",Noncredit CIP,0
No TOP Match in Records,Not CTE,61.2401 - Psychiatry Residency Program,Noncredit CIP,0
No TOP Match in Records,Not CTE,61.2402 - Addiction Psychiatry Fellowship Program,Noncredit CIP,0
No TOP Match in Records,Not CTE,61.2403 - Child and Adolescent Psychiatry Fellowship Program,Noncredit CIP,0
No TOP Match in Records,Not CTE,61.2404 - Consultation-Liaison Psychiatry Fellowship Program,Noncredit CIP,0
No TOP Match in Records,Not CTE,61.2405 - Forensic Psychiatry Fellowship Program,Noncredit CIP,0
No TOP Match in Records,Not CTE,61.2406 - Geriatric Psychiatry Fellowship Program,Noncredit CIP,0
No TOP Match in Records,Not CTE,"61.2499 - Psychiatry Residency/Fellowship Programs, Other",Noncredit CIP,0
No TOP Match in Records,Not CTE,61.2501 - Radiation Oncology Residency Program,Noncredit CIP,0
No TOP Match in Records,Not CTE,"61.2599 - Radiation Oncology Residency/Fellowship Programs, Other",Noncredit CIP,0
No TOP Match in Records,Not CTE,61.2601 - Diagnostic Radiology Residency Program,Noncredit CIP,0
No TOP Match in Records,Not CTE,61.2602 - Integrated Interventional Radiology Residency Program,Noncredit CIP,0
No TOP Match in Records,Not CTE,61.2603 - Abdominal Radiology Fellowship Program,Noncredit CIP,0
No TOP Match in Records,Not CTE,61.2604 - Diagnostic Radiologic Physics Residency Program,Noncredit CIP,0
No TOP Match in Records,Not CTE,61.2605 - Medical Nuclear Physics Residency Program,Noncredit CIP,0
No TOP Match in Records,Not CTE,61.2606 - Musculoskeletal Radiology Fellowship Program,Noncredit CIP,0
No TOP Match in Records,Not CTE,61.2607 - Neuroradiology Fellowship Program,Noncredit CIP,0
No TOP Match in Records,Not CTE,61.2608 - Nuclear Radiology Fellowship Program,Noncredit CIP,0
No TOP Match in Records,Not CTE,61.2609 - Pediatric Radiology Fellowship Program,Noncredit CIP,0
No TOP Match in Records,Not CTE,61.2610 - Radiologic Physics Residency Program,Noncredit CIP,0
No TOP Match in Records,Not CTE,61.2611 - Therapeutic Radiologic Physics Residency Program,Noncredit CIP,0
No TOP Match in Records,Not CTE,61.2612 - Vascular and Interventional Radiology Fellowship Program,Noncredit CIP,0
No TOP Match in Records,Not CTE,"61.2699 - Radiology Residency/Fellowship Programs, Other",Noncredit CIP,0
No TOP Match in Records,Not CTE,61.2701 - General Surgery Residency Program,Noncredit CIP,0
No TOP Match in Records,Not CTE,61.2702 - Colon and Rectal Surgery Residency Program,Noncredit CIP,0
No TOP Match in Records,Not CTE,61.2703 - Complex General Surgical Oncology Fellowship Program,Noncredit CIP,0
No TOP Match in Records,Not CTE,61.2704 - Congenital Cardiac Surgery Fellowship Program,Noncredit CIP,0
No TOP Match in Records,Not CTE,61.2705 - Pediatric Surgery Fellowship Program,Noncredit CIP,0
No TOP Match in Records,Not CTE,61.2706 - Surgical Critical Care Fellowship Program,Noncredit CIP,0
No TOP Match in Records,Not CTE,61.2707 - Thoracic Surgery Fellowship Program,Noncredit CIP,0
No TOP Match in Records,Not CTE,61.2708 - Vascular Surgery Fellowship Program,Noncredit CIP,0
No TOP Match in Records,Not CTE,"61.2799 - Surgery Residency/Fellowship Programs, Other",Noncredit CIP,0
No TOP Match in Records,Not CTE,61.2801 - Urology Residency Program,Noncredit CIP,0
No TOP Match in Records,Not CTE,61.2802 - Pediatric Urology Fellowship Program,Noncredit CIP,0
No TOP Match in Records,Not CTE,"61.2899 - Urology Residency/Fellowship Programs, Other",Noncredit CIP,0
No TOP Match in Records,Not CTE,"61.9999 - Medical Residency/Fellowship Programs, Other",Noncredit CIP,0
XXXX.OA - Courses for Older Adults (personal growth),Not CTE,34.0102 - Birthing and Parenting Knowledge and Skills,Noncredit CIP,0
XXXX.OA - Courses for Older Adults (personal growth),Not CTE,34.0103 - Personal Health Improvement and Maintenance,Noncredit CIP,0
XXXX.OA - Courses for Older Adults (personal growth),Not CTE,34.0104 - Addiction Prevention and Treatment,Noncredit CIP,0
XXXX.OA - Courses for Older Adults (personal growth),Not CTE,34.0105 - Meditation/Mind-Body Wellness,Noncredit CIP,0
XXXX.OA - Courses for Older Adults (personal growth),Not CTE,"34.0199 - Health-Related Knowledge and Skills, Other",Noncredit CIP,0
XXXX.OA - Courses for Older Adults (personal growth),Not CTE,"35.0101 - Interpersonal and Social Skills, General",Noncredit CIP,0
XXXX.OA - Courses for Older Adults (personal growth),Not CTE,35.0102 - Interpersonal Relationships Skills,Noncredit CIP,0
XXXX.OA - Courses for Older Adults (personal growth),Not CTE,35.0103 - Business and Social Skills,Noncredit CIP,0
XXXX.OA - Courses for Older Adults (personal growth),Not CTE,35.0105 - Life Coaching,Noncredit CIP,0
XXXX.OA - Courses for Older Adults (personal growth),Not CTE,"35.0199 - Interpersonal Social Skills, Other",Noncredit CIP,0
XXXX.OA - Courses for Older Adults (personal growth),Not CTE,"36.0101 - Leisure and Recreational Activities, General",Noncredit CIP,0
XXXX.OA - Courses for Older Adults (personal growth),Not CTE,36.0102 - Handicrafts and Model-Making,Noncredit CIP,0
XXXX.OA - Courses for Older Adults (personal growth),Not CTE,"36.0103 - Board, Card and Role-Playing Games",Noncredit CIP,0
XXXX.OA - Courses for Older Adults (personal growth),Not CTE,36.0105 - Home Maintenance and Improvement,Noncredit CIP,0
XXXX.OA - Courses for Older Adults (personal growth),Not CTE,36.0106 - Nature Appreciation,Noncredit CIP,0
XXXX.OA - Courses for Older Adults (personal growth),Not CTE,36.0107 - Pet Ownership and Care,Noncredit CIP,0
XXXX.OA - Courses for Older Adults (personal growth),Not CTE,36.0108 - Sports and Exercise,Noncredit CIP,0
XXXX.OA - Courses for Older Adults (personal growth),Not CTE,36.0109 - Travel and Exploration,Noncredit CIP,0
XXXX.OA - Courses for Older Adults (personal growth),Not CTE,36.0110 - Art,Noncredit CIP,0
XXXX.OA - Courses for Older Adults (personal growth),Not CTE,36.0111 - Collecting,Noncredit CIP,0
XXXX.OA - Courses for Older Adults (personal growth),Not CTE,36.0112 - Cooking and Other Domestic Skills,Noncredit CIP,0
XXXX.OA - Courses for Older Adults (personal growth),Not CTE,36.0113 - Computer Games and Programming Skills,Noncredit CIP,0
XXXX.OA - Courses for Older Adults (personal growth),Not CTE,36.0114 - Dancing,Noncredit CIP,0
XXXX.OA - Courses for Older Adults (personal growth),Not CTE,36.0115 - Music,Noncredit CIP,0
XXXX.OA - Courses for Older Adults (personal growth),Not CTE,36.0116 - Reading,Noncredit CIP,0
XXXX.OA - Courses for Older Adults (personal growth),Not CTE,36.0117 - Theatre/Theater,Noncredit CIP,0
XXXX.OA - Courses for Older Adults (personal growth),Not CTE,36.0118 - Writing,Noncredit CIP,0
XXXX.OA - Courses for Older Adults (personal growth),Not CTE,36.0119 - Aircraft Pilot (Private),Noncredit CIP,0
XXXX.OA - Courses for Older Adults (personal growth),Not CTE,36.0120 - Beekeeping,Noncredit CIP,0
XXXX.OA - Courses for Older Adults (personal growth),Not CTE,36.0121 - Firearms Training/Safety,Noncredit CIP,0
XXXX.OA - Courses for Older Adults (personal growth),Not CTE,36.0122 - Floral Design/Arrangement,Noncredit CIP,0
XXXX.OA - Courses for Older Adults (personal growth),Not CTE,36.0123 - Master Gardener/Gardening,Noncredit CIP,0
XXXX.OA - Courses for Older Adults (personal growth),Not CTE,"36.0199 - Leisure and Recreational Activities, Other",Noncredit CIP,0
XXXX.OA - Courses for Older Adults (personal growth),Not CTE,36.0202 - Aircraft Pilot (Private),Noncredit CIP,0
XXXX.OA - Courses for Older Adults (personal growth),Not CTE,36.0203 - Automobile Driver Education,Noncredit CIP,0
XXXX.OA - Courses for Older Adults (personal growth),Not CTE,36.0204 - Helicopter Pilot (Private),Noncredit CIP,0
XXXX.OA - Courses for Older Adults (personal growth),Not CTE,36.0205 - Motorcycle Rider Education,Noncredit CIP,0
XXXX.OA - Courses for Older Adults (personal growth),Not CTE,36.0206 - Personal Watercraft/Boating Education,Noncredit CIP,0
XXXX.OA - Courses for Older Adults (personal growth),Not CTE,36.0207 - Remote Aircraft Pilot (Personal),Noncredit CIP,0
XXXX.OA - Courses for Older Adults (personal growth),Not CTE,"36.0299 - Noncommercial Vehicle Operation, Other",Noncredit CIP,0
XXXX.OA - Courses for Older Adults (personal growth),Not CTE,37.0101 - Self-Awareness and Personal Assessment,Noncredit CIP,0
XXXX.OA - Courses for Older Adults (personal growth),Not CTE,37.0102 - Stress Management and Coping Skills,Noncredit CIP,0
XXXX.OA - Courses for Older Adults (personal growth),Not CTE,37.0103 - Personal Decision-Making Skills,Noncredit CIP,0
XXXX.OA - Courses for Older Adults (personal growth),Not CTE,37.0104 - Self-Esteem and Values Clarification,Noncredit CIP,0
XXXX.OA - Courses for Older Adults (personal growth),Not CTE,37.0106 - Investing/Wealth Management/Retirement Planning,Noncredit CIP,0
XXXX.OA - Courses for Older Adults (personal growth),Not CTE,37.0107 - Self-Defense,Noncredit CIP,0
XXXX.OA - Courses for Older Adults (personal growth),Not CTE,"37.0199 - Personal Awareness and Self-Improvement, Other",Noncredit CIP,0
XXXX.SD - Substantial Disabilities (life-skill proficiencies),Not CTE,"32.0101 - Basic Skills and Developmental/Remedial Education, General",Noncredit CIP,0
XXXX.SD - Substantial Disabilities (life-skill proficiencies),Not CTE,32.0104 - Developmental/Remedial Mathematics,Noncredit CIP,0
XXXX.SD - Substantial Disabilities (life-skill proficiencies),Not CTE,32.0105 - Job-Seeking/Changing Skills,Noncredit CIP,0
XXXX.SD - Substantial Disabilities (life-skill proficiencies),Not CTE,32.0107 - Career Exploration/Awareness Skills,Noncredit CIP,0
XXXX.SD - Substantial Disabilities (life-skill proficiencies),Not CTE,32.0108 - Developmental/Remedial English,Noncredit CIP,0
XXXX.SD - Substantial Disabilities (life-skill proficiencies),Not CTE,32.0109 - Second Language Learning,Noncredit CIP,0
XXXX.SD - Substantial Disabilities (life-skill proficiencies),Not CTE,32.0110 - Basic Computer Skills,Noncredit CIP,0
XXXX.SD - Substantial Disabilities (life-skill proficiencies),Not CTE,32.0111 - Workforce Development and Training,Noncredit CIP,0
XXXX.SD - Substantial Disabilities (life-skill proficiencies),Not CTE,32.0112 - Accent Reduction/Modification,Noncredit CIP,0
XXXX.SD - Substantial Disabilities (life-skill proficiencies),Not CTE,"32.0199 - Basic Skills and Developmental/Remedial Education, Other",Noncredit CIP,0
XXXX.SD - Substantial Disabilities (life-skill proficiencies),Not CTE,"32.0201 - Exam Preparation and Test-Taking Skills, General",Noncredit CIP,0
XXXX.SD - Substantial Disabilities (life-skill proficiencies),Not CTE,32.0202 - High School Equivalent Exam Preparation,Noncredit CIP,0
XXXX.SD - Substantial Disabilities (life-skill proficiencies),Not CTE,32.0203 - Undergraduate Entrance/Placement Examination Preparation,Noncredit CIP,0
XXXX.SD - Substantial Disabilities (life-skill proficiencies),Not CTE,32.0204 - Graduate/Professional School Entrance Examination Preparation,Noncredit CIP,0
XXXX.SD - Substantial Disabilities (life-skill proficiencies),Not CTE,32.0205 - Professional Certification/Licensure Examination Preparation,Noncredit CIP,0
XXXX.SD - Substantial Disabilities (life-skill proficiencies),Not CTE,"32.0299 - General Exam Preparation and Test-Taking Skills, Other",Noncredit CIP,0
XXXX.SD - Substantial Disabilities (life-skill proficiencies),Not CTE,"33.0101 - Citizenship Activities, General",Noncredit CIP,0
XXXX.SD - Substantial Disabilities (life-skill proficiencies),Not CTE,33.0102 - American Citizenship Education,Noncredit CIP,0
XXXX.SD - Substantial Disabilities (life-skill proficiencies),Not CTE,33.0103 - Community Awareness,Noncredit CIP,0
XXXX.SD - Substantial Disabilities (life-skill proficiencies),Not CTE,33.0104 - Community Involvement,Noncredit CIP,0
XXXX.SD - Substantial Disabilities (life-skill proficiencies),Not CTE,33.0105 - Canadian Citizenship Education,Noncredit CIP,0
XXXX.SD - Substantial Disabilities (life-skill proficiencies),Not CTE,33.0106 - Personal Emergency Preparedness,Noncredit CIP,0
XXXX.SD - Substantial Disabilities (life-skill proficiencies),Not CTE,"33.0199 - Citizenship Activities, Other",Noncredit CIP,0
XXXX.SD - Substantial Disabilities (life-skill proficiencies),Not CTE,34.0102 - Birthing and Parenting Knowledge and Skills,Noncredit CIP,0
XXXX.SD - Substantial Disabilities (life-skill proficiencies),Not CTE,34.0103 - Personal Health Improvement and Maintenance,Noncredit CIP,0
XXXX.SD - Substantial Disabilities (life-skill proficiencies),Not CTE,34.0104 - Addiction Prevention and Treatment,Noncredit CIP,0
XXXX.SD - Substantial Disabilities (life-skill proficiencies),Not CTE,34.0105 - Meditation/Mind-Body Wellness,Noncredit CIP,0
XXXX.SD - Substantial Disabilities (life-skill proficiencies),Not CTE,"34.0199 - Health-Related Knowledge and Skills, Other",Noncredit CIP,0
XXXX.SD - Substantial Disabilities (life-skill proficiencies),Not CTE,"35.0101 - Interpersonal and Social Skills, General",Noncredit CIP,0
XXXX.SD - Substantial Disabilities (life-skill proficiencies),Not CTE,35.0102 - Interpersonal Relationships Skills,Noncredit CIP,0
XXXX.SD - Substantial Disabilities (life-skill proficiencies),Not CTE,35.0103 - Business and Social Skills,Noncredit CIP,0
XXXX.SD - Substantial Disabilities (life-skill proficiencies),Not CTE,35.0105 - Life Coaching,Noncredit CIP,0
XXXX.SD - Substantial Disabilities (life-skill proficiencies),Not CTE,"35.0199 - Interpersonal Social Skills, Other",Noncredit CIP,0
XXXX.SD - Substantial Disabilities (life-skill proficiencies),Not CTE,"36.0101 - Leisure and Recreational Activities, General",Noncredit CIP,0
XXXX.SD - Substantial Disabilities (life-skill proficiencies),Not CTE,36.0102 - Handicrafts and Model-Making,Noncredit CIP,0
XXXX.SD - Substantial Disabilities (life-skill proficiencies),Not CTE,"36.0103 - Board, Card and Role-Playing Games",Noncredit CIP,0
XXXX.SD - Substantial Disabilities (life-skill proficiencies),Not CTE,36.0105 - Home Maintenance and Improvement,Noncredit CIP,0
XXXX.SD - Substantial Disabilities (life-skill proficiencies),Not CTE,36.0106 - Nature Appreciation,Noncredit CIP,0
XXXX.SD - Substantial Disabilities (life-skill proficiencies),Not CTE,36.0107 - Pet Ownership and Care,Noncredit CIP,0
XXXX.SD - Substantial Disabilities (life-skill proficiencies),Not CTE,36.0108 - Sports and Exercise,Noncredit CIP,0
XXXX.SD - Substantial Disabilities (life-skill proficiencies),Not CTE,36.0109 - Travel and Exploration,Noncredit CIP,0
XXXX.SD - Substantial Disabilities (life-skill proficiencies),Not CTE,36.0110 - Art,Noncredit CIP,0
XXXX.SD - Substantial Disabilities (life-skill proficiencies),Not CTE,36.0111 - Collecting,Noncredit CIP,0
XXXX.SD - Substantial Disabilities (life-skill proficiencies),Not CTE,36.0112 - Cooking and Other Domestic Skills,Noncredit CIP,0
XXXX.SD - Substantial Disabilities (life-skill proficiencies),Not CTE,36.0113 - Computer Games and Programming Skills,Noncredit CIP,0
XXXX.SD - Substantial Disabilities (life-skill proficiencies),Not CTE,36.0114 - Dancing,Noncredit CIP,0
XXXX.SD - Substantial Disabilities (life-skill proficiencies),Not CTE,36.0115 - Music,Noncredit CIP,0
XXXX.SD - Substantial Disabilities (life-skill proficiencies),Not CTE,36.0116 - Reading,Noncredit CIP,0
XXXX.SD - Substantial Disabilities (life-skill proficiencies),Not CTE,36.0117 - Theatre/Theater,Noncredit CIP,0
XXXX.SD - Substantial Disabilities (life-skill proficiencies),Not CTE,36.0118 - Writing,Noncredit CIP,0
XXXX.SD - Substantial Disabilities (life-skill proficiencies),Not CTE,36.0119 - Aircraft Pilot (Private),Noncredit CIP,0
XXXX.SD - Substantial Disabilities (life-skill proficiencies),Not CTE,36.0120 - Beekeeping,Noncredit CIP,0
XXXX.SD - Substantial Disabilities (life-skill proficiencies),Not CTE,36.0121 - Firearms Training/Safety,Noncredit CIP,0
XXXX.SD - Substantial Disabilities (life-skill proficiencies),Not CTE,36.0122 - Floral Design/Arrangement,Noncredit CIP,0
XXXX.SD - Substantial Disabilities (life-skill proficiencies),Not CTE,36.0123 - Master Gardener/Gardening,Noncredit CIP,0
XXXX.SD - Substantial Disabilities (life-skill proficiencies),Not CTE,"36.0199 - Leisure and Recreational Activities, Other",Noncredit CIP,0
XXXX.SD - Substantial Disabilities (life-skill proficiencies),Not CTE,36.0202 - Aircraft Pilot (Private),Noncredit CIP,0
XXXX.SD - Substantial Disabilities (life-skill proficiencies),Not CTE,36.0203 - Automobile Driver Education,Noncredit CIP,0
XXXX.SD - Substantial Disabilities (life-skill proficiencies),Not CTE,36.0204 - Helicopter Pilot (Private),Noncredit CIP,0
XXXX.SD - Substantial Disabilities (life-skill proficiencies),Not CTE,36.0205 - Motorcycle Rider Education,Noncredit CIP,0
XXXX.SD - Substantial Disabilities (life-skill proficiencies),Not CTE,36.0206 - Personal Watercraft/Boating Education,Noncredit CIP,0
XXXX.SD - Substantial Disabilities (life-skill proficiencies),Not CTE,36.0207 - Remote Aircraft Pilot (Personal),Noncredit CIP,0
XXXX.SD - Substantial Disabilities (life-skill proficiencies),Not CTE,"36.0299 - Noncommercial Vehicle Operation, Other",Noncredit CIP,0
XXXX.SD - Substantial Disabilities (life-skill proficiencies),Not CTE,37.0101 - Self-Awareness and Personal Assessment,Noncredit CIP,0
XXXX.SD - Substantial Disabilities (life-skill proficiencies),Not CTE,37.0102 - Stress Management and Coping Skills,Noncredit CIP,0
XXXX.SD - Substantial Disabilities (life-skill proficiencies),Not CTE,37.0103 - Personal Decision-Making Skills,Noncredit CIP,0
XXXX.SD - Substantial Disabilities (life-skill proficiencies),Not CTE,37.0104 - Self-Esteem and Values Clarification,Noncredit CIP,0
XXXX.SD - Substantial Disabilities (life-skill proficiencies),Not CTE,37.0106 - Investing/Wealth Management/Retirement Planning,Noncredit CIP,0
XXXX.SD - Substantial Disabilities (life-skill proficiencies),Not CTE,37.0107 - Self-Defense,Noncredit CIP,0
XXXX.SD - Substantial Disabilities (life-skill proficiencies),Not CTE,"37.0199 - Personal Awareness and Self-Improvement, Other",Noncredit CIP,0