Region,SOC,Occupation Title,Typical Entry Level Education,2025 Jobs,2025 - 2030 % Change,Average Annual Job Openings,Median Hourly Earnings,Median Annual Earnings
CA,11-1021,General and Operations Managers,Bachelor's degree,314490,0.048559583,27850,59.37626577,123500
CVML,11-1021,General and Operations Managers,Bachelor's degree,23410,0.070359672,2190,48.91397977,101740
SCC,11-1021,General and Operations Managers,Bachelor's degree,15410,0.032884172,1310,50.46912738,104980
SD/I,11-1021,General and Operations Managers,Bachelor's degree,28690,0.036303235,2460,56.84311329,118230
OC,11-1021,General and Operations Managers,Bachelor's degree,31330,0.034575823,2670,59.82130397,124430
Bay,11-1021,General and Operations Managers,Bachelor's degree,76170,0.041240539,6610,68.99216291,143500
LA,11-1021,General and Operations Managers,Bachelor's degree,74280,0.018547706,6040,60.1046241,125020
IE/D,11-1021,General and Operations Managers,Bachelor's degree,24400,0.072766852,2300,48.8273458,101560
GS,11-1021,General and Operations Managers,Bachelor's degree,20680,0.066113404,1920,56.11798152,116730
FN,11-1021,General and Operations Managers,Bachelor's degree,5740,0.060265761,520,47.04057389,97840
Bay,11-3012,Administrative Services Managers,Bachelor's degree,8760,0.038489989,770,63.04573398,131140
LA,11-3012,Administrative Services Managers,Bachelor's degree,9670,0.010317613,790,60.05838109,124920
CVML,11-3012,Administrative Services Managers,Bachelor's degree,2630,0.053764941,240,49.85258698,103690
SCC,11-3012,Administrative Services Managers,Bachelor's degree,1660,0.020180187,140,54.92279864,114240
SD/I,11-3012,Administrative Services Managers,Bachelor's degree,3010,0.029755661,260,58.2474098,121150
OC,11-3012,Administrative Services Managers,Bachelor's degree,3710,0.017313992,310,59.19828225,123130
IE/D,11-3012,Administrative Services Managers,Bachelor's degree,2780,0.056848381,260,49.85341759,103700
GS,11-3012,Administrative Services Managers,Bachelor's degree,7190,0.035166304,630,47.9693979,99780
FN,11-3012,Administrative Services Managers,Bachelor's degree,690,0.042550489,60,47.23370237,98250
CA,11-3012,Administrative Services Managers,Bachelor's degree,42120,0.036765351,3700,52.32562297,108840
Bay,11-3013,Facilities Managers,Bachelor's degree,5640,0.038564681,520,64.08282354,133290
FN,11-3013,Facilities Managers,Bachelor's degree,400,0.043774428,40,45.37962494,94390
CA,11-3013,Facilities Managers,Bachelor's degree,21410,0.042325083,1980,56.84551282,118240
LA,11-3013,Facilities Managers,Bachelor's degree,4870,0.022257953,430,55.43309408,115300
SD/I,11-3013,Facilities Managers,Bachelor's degree,2230,0.024588378,200,49.09869846,102130
IE/D,11-3013,Facilities Managers,Bachelor's degree,1790,0.06395347,170,52.12449692,108420
SCC,11-3013,Facilities Managers,Bachelor's degree,1080,0.026544072,100,54.62694094,113620
GS,11-3013,Facilities Managers,Bachelor's degree,1190,0.057738621,110,52.86846183,109970
CVML,11-3013,Facilities Managers,Bachelor's degree,1720,0.057089232,170,53.37320129,111020
OC,11-3013,Facilities Managers,Bachelor's degree,1880,0.038482555,170,54.08686441,112500
CVML,11-3071,"Transportation, Storage, and Distribution Managers",High school diploma or equivalent,2800,0.085710698,270,47.70297072,99220
SCC,11-3071,"Transportation, Storage, and Distribution Managers",High school diploma or equivalent,1170,0.01976927,100,56.39752003,117310
FN,11-3071,"Transportation, Storage, and Distribution Managers",High school diploma or equivalent,380,0.053232228,30,51.28144456,106670
IE/D,11-3071,"Transportation, Storage, and Distribution Managers",High school diploma or equivalent,3730,0.088334227,370,47.23020414,98240
GS,11-3071,"Transportation, Storage, and Distribution Managers",High school diploma or equivalent,1620,0.07289772,150,54.07739426,112480
OC,11-3071,"Transportation, Storage, and Distribution Managers",High school diploma or equivalent,3000,0.017329325,240,61.46505301,127850
SD/I,11-3071,"Transportation, Storage, and Distribution Managers",High school diploma or equivalent,2600,0.027826235,220,56.98267656,118520
LA,11-3071,"Transportation, Storage, and Distribution Managers",High school diploma or equivalent,9230,0.001072838,720,60.20691551,125230
CA,11-3071,"Transportation, Storage, and Distribution Managers",High school diploma or equivalent,32360,0.036276345,2790,58.84143069,122390
Bay,11-3071,"Transportation, Storage, and Distribution Managers",High school diploma or equivalent,6750,0.02382644,570,70.76507309,147190
LA,11-9013,"Farmers, Ranchers, and Other Agricultural Managers",High school diploma or equivalent,1180,-0.036882229,120,19.34507471,40240
OC,11-9013,"Farmers, Ranchers, and Other Agricultural Managers",High school diploma or equivalent,430,-0.207563456,40,19.01878872,39560
CA,11-9013,"Farmers, Ranchers, and Other Agricultural Managers",High school diploma or equivalent,55420,-0.020650714,5990,18.98843206,39500
SCC,11-9013,"Farmers, Ranchers, and Other Agricultural Managers",High school diploma or equivalent,10480,0.099264557,1350,19.17246661,39880
FN,11-9013,"Farmers, Ranchers, and Other Agricultural Managers",High school diploma or equivalent,3020,-0.012283735,330,18.80930751,39120
Bay,11-9013,"Farmers, Ranchers, and Other Agricultural Managers",High school diploma or equivalent,10830,-0.010210448,1150,18.40590876,38280
IE/D,11-9013,"Farmers, Ranchers, and Other Agricultural Managers",High school diploma or equivalent,2290,-0.043327638,230,18.75226914,39000
CVML,11-9013,"Farmers, Ranchers, and Other Agricultural Managers",High school diploma or equivalent,21350,-0.081351545,2140,18.76124569,39020
GS,11-9013,"Farmers, Ranchers, and Other Agricultural Managers",High school diploma or equivalent,2360,0.035053287,270,18.34342982,38150
SD/I,11-9013,"Farmers, Ranchers, and Other Agricultural Managers",High school diploma or equivalent,3400,-0.042594726,350,19.27115762,40080
LA,11-9051,Food Service Managers,High school diploma or equivalent,11780,0.039739239,1400,34.75066366,72280
FN,11-9051,Food Service Managers,High school diploma or equivalent,690,0.029301837,80,27.62289542,57460
GS,11-9051,Food Service Managers,High school diploma or equivalent,2520,0.054941498,310,32.40532283,67400
SD/I,11-9051,Food Service Managers,High school diploma or equivalent,5290,0.053328555,650,36.33509121,75580
IE/D,11-9051,Food Service Managers,High school diploma or equivalent,5460,0.079437387,700,31.06614298,64620
OC,11-9051,Food Service Managers,High school diploma or equivalent,4170,0.051071789,510,34.54624044,71860
SCC,11-9051,Food Service Managers,High school diploma or equivalent,2260,0.039562682,270,34.11594941,70960
CVML,11-9051,Food Service Managers,High school diploma or equivalent,3930,0.090821076,520,28.70227801,59700
Bay,11-9051,Food Service Managers,High school diploma or equivalent,10440,0.02991067,1230,39.22185979,81580
CA,11-9051,Food Service Managers,High school diploma or equivalent,46790,0.050297472,5720,34.08463619,70900
IE/D,11-9071,Gambling Managers,High school diploma or equivalent,80,0.081598895,10,44.34548157,92240
OC,11-9071,Gambling Managers,High school diploma or equivalent,20,-0.018461318,0,55.63512911,115720
LA,11-9071,Gambling Managers,High school diploma or equivalent,180,-0.106366123,20,54.50066276,113360
FN,11-9071,Gambling Managers,High school diploma or equivalent,10,0.029617223,0,41.75447543,86850
CVML,11-9071,Gambling Managers,High school diploma or equivalent,50,0.0100514,10,47.62002102,99050
SCC,11-9071,Gambling Managers,High school diploma or equivalent,10,0.077101904,0,36.64459208,76220
SD/I,11-9071,Gambling Managers,High school diploma or equivalent,50,0.01205096,10,46.99987061,97760
CA,11-9071,Gambling Managers,High school diploma or equivalent,560,-0.01584371,70,46.34242193,96390
Bay,11-9071,Gambling Managers,High school diploma or equivalent,100,-0.01233392,10,41.23337686,85770
GS,11-9071,Gambling Managers,High school diploma or equivalent,60,0.076565353,10,46.52444084,96770
OC,11-9081,Lodging Managers,High school diploma or equivalent,610,0.075152761,70,34.08394708,70890
SCC,11-9081,Lodging Managers,High school diploma or equivalent,390,0.063971766,50,35.3440652,73520
GS,11-9081,Lodging Managers,High school diploma or equivalent,340,0.059302763,40,35.89245021,74660
CA,11-9081,Lodging Managers,High school diploma or equivalent,6050,0.05186378,690,35.87981367,74630
IE/D,11-9081,Lodging Managers,High school diploma or equivalent,660,0.038181605,70,33.36115008,69390
LA,11-9081,Lodging Managers,High school diploma or equivalent,1170,0.047278305,130,36.14259854,75180
FN,11-9081,Lodging Managers,High school diploma or equivalent,210,0.039563419,20,32.06125177,66690
SD/I,11-9081,Lodging Managers,High school diploma or equivalent,630,0.083885523,80,37.26303291,77510
CVML,11-9081,Lodging Managers,High school diploma or equivalent,450,0.06773853,50,32.8238962,68270
Bay,11-9081,Lodging Managers,High school diploma or equivalent,1500,0.020661682,160,40.74625137,84750
GS,11-9131,Postmasters and Mail Superintendents,High school diploma or equivalent,80,0.012428732,10,48.11128365,100070
SCC,11-9131,Postmasters and Mail Superintendents,High school diploma or equivalent,20,0.013628267,0,57.87164916,120370
IE/D,11-9131,Postmasters and Mail Superintendents,High school diploma or equivalent,90,0.002252071,10,48.92114949,101760
FN,11-9131,Postmasters and Mail Superintendents,High school diploma or equivalent,80,0.004246807,10,43.57324439,90630
SD/I,11-9131,Postmasters and Mail Superintendents,High school diploma or equivalent,40,-0.001677321,0,51.08449386,106260
CA,11-9131,Postmasters and Mail Superintendents,High school diploma or equivalent,760,-0.001203397,60,48.6139308,101120
CVML,11-9131,Postmasters and Mail Superintendents,High school diploma or equivalent,70,0.015781511,10,46.72873251,97200
LA,11-9131,Postmasters and Mail Superintendents,High school diploma or equivalent,90,0.025767291,10,55.09281021,114590
OC,11-9131,Postmasters and Mail Superintendents,High school diploma or equivalent,30,0.028712318,0,52.48404283,109170
Bay,11-9131,Postmasters and Mail Superintendents,High school diploma or equivalent,250,-0.072273058,20,44.03687774,91600
OC,11-9141,"Property, Real Estate, and Community Association Managers",High school diploma or equivalent,8460,0.007765558,720,38.54292528,80170
SD/I,11-9141,"Property, Real Estate, and Community Association Managers",High school diploma or equivalent,6970,-0.003409237,570,36.60213597,76130
IE/D,11-9141,"Property, Real Estate, and Community Association Managers",High school diploma or equivalent,4070,0.022852099,370,35.48109749,73800
Bay,11-9141,"Property, Real Estate, and Community Association Managers",High school diploma or equivalent,15340,-0.009523472,1260,37.47436378,77950
GS,11-9141,"Property, Real Estate, and Community Association Managers",High school diploma or equivalent,3810,0.002550002,320,30.07769673,62560
SCC,11-9141,"Property, Real Estate, and Community Association Managers",High school diploma or equivalent,2660,-0.014210462,220,34.27768163,71300
FN,11-9141,"Property, Real Estate, and Community Association Managers",High school diploma or equivalent,790,-0.007246897,70,28.54603713,59380
CVML,11-9141,"Property, Real Estate, and Community Association Managers",High school diploma or equivalent,3600,0.006812657,310,31.41228839,65340
CA,11-9141,"Property, Real Estate, and Community Association Managers",High school diploma or equivalent,64830,0.00621956,5500,36.10569518,75100
LA,11-9141,"Property, Real Estate, and Community Association Managers",High school diploma or equivalent,17270,0.000304792,1420,34.84667888,72480
GS,11-9171,Funeral Home Managers,Associate's degree,60,0.10836727,10,37.35650482,77700
OC,11-9171,Funeral Home Managers,Associate's degree,70,0.131906653,10,34.48303196,71720
Bay,11-9171,Funeral Home Managers,Associate's degree,180,0.091191974,20,43.80995703,91120
LA,11-9171,Funeral Home Managers,Associate's degree,270,0.051055486,20,39.47294115,82100
IE/D,11-9171,Funeral Home Managers,Associate's degree,100,0.086396847,10,36.27200198,75450
SD/I,11-9171,Funeral Home Managers,Associate's degree,80,0.128375228,10,38.45795343,79990
SCC,11-9171,Funeral Home Managers,Associate's degree,50,0.087008671,10,46.18500799,96060
FN,11-9171,Funeral Home Managers,Associate's degree,20,0.379555756,0,34.8049998,72390
CVML,11-9171,Funeral Home Managers,Associate's degree,90,0.070531245,10,36.11486336,75120
CA,11-9171,Funeral Home Managers,Associate's degree,930,0.087146414,90,38.57452552,80240
LA,13-1028,Buyers and Purchasing Agents,Bachelor's degree,12890,0.0000888107,1200,39.04646585,81220
Bay,13-1028,Buyers and Purchasing Agents,Bachelor's degree,11840,0.052598894,1250,44.68656259,92950
CA,13-1028,Buyers and Purchasing Agents,Bachelor's degree,51070,0.041179063,5250,39.37228495,81890
CVML,13-1028,Buyers and Purchasing Agents,Bachelor's degree,3460,0.062044168,370,35.81592922,74500
FN,13-1028,Buyers and Purchasing Agents,Bachelor's degree,700,0.050475831,70,32.02882351,66620
SCC,13-1028,Buyers and Purchasing Agents,Bachelor's degree,2700,0.023554038,270,37.9192256,78870
GS,13-1028,Buyers and Purchasing Agents,Bachelor's degree,2630,0.065319064,290,38.01992016,79080
SD/I,13-1028,Buyers and Purchasing Agents,Bachelor's degree,5130,0.026493895,510,39.52892664,82220
IE/D,13-1028,Buyers and Purchasing Agents,Bachelor's degree,3970,0.053046078,420,35.91569073,74700
OC,13-1028,Buyers and Purchasing Agents,Bachelor's degree,5600,0.02650138,560,39.64861907,82470
OC,13-1031,"Claims Adjusters, Examiners, and Investigators",High school diploma or equivalent,2790,-0.141998473,170,42.05607496,87480
LA,13-1031,"Claims Adjusters, Examiners, and Investigators",High school diploma or equivalent,5520,-0.100982188,350,42.6744932,88760
CA,13-1031,"Claims Adjusters, Examiners, and Investigators",High school diploma or equivalent,27700,-0.048334708,1970,43.84435392,91200
CVML,13-1031,"Claims Adjusters, Examiners, and Investigators",High school diploma or equivalent,1550,-0.070787014,100,41.77298157,86890
FN,13-1031,"Claims Adjusters, Examiners, and Investigators",High school diploma or equivalent,550,0.031307605,40,38.9351435,80990
SCC,13-1031,"Claims Adjusters, Examiners, and Investigators",High school diploma or equivalent,870,-0.053000709,60,39.96716909,83130
GS,13-1031,"Claims Adjusters, Examiners, and Investigators",High school diploma or equivalent,2910,-0.070630535,190,41.71596108,86770
SD/I,13-1031,"Claims Adjusters, Examiners, and Investigators",High school diploma or equivalent,3180,-0.078076757,200,40.58364199,84410
IE/D,13-1031,"Claims Adjusters, Examiners, and Investigators",High school diploma or equivalent,1600,-0.041640646,110,43.72437734,90950
Bay,13-1031,"Claims Adjusters, Examiners, and Investigators",High school diploma or equivalent,4970,-0.098584593,320,48.19713981,100250
LA,13-1032,"Insurance Appraisers, Auto Damage",Postsecondary nondegree award,110,-0.054229758,10,37.93173533,78900
CA,13-1032,"Insurance Appraisers, Auto Damage",Postsecondary nondegree award,740,-0.05373819,50,37.75163292,78520
CVML,13-1032,"Insurance Appraisers, Auto Damage",Postsecondary nondegree award,30,-0.137037687,0,35.459225,73760
OC,13-1032,"Insurance Appraisers, Auto Damage",Postsecondary nondegree award,60,-0.084872061,0,37.88117666,78790
SCC,13-1032,"Insurance Appraisers, Auto Damage",Postsecondary nondegree award,20,-0.11848337,0,35.54752903,73940
GS,13-1032,"Insurance Appraisers, Auto Damage",Postsecondary nondegree award,40,0.011946351,0,37.47057592,77940
IE/D,13-1032,"Insurance Appraisers, Auto Damage",Postsecondary nondegree award,220,-0.115866904,10,34.75823899,72300
FN,13-1032,"Insurance Appraisers, Auto Damage",Postsecondary nondegree award,10,0.010936153,0,35.8321819,74530
SD/I,13-1032,"Insurance Appraisers, Auto Damage",Postsecondary nondegree award,100,-0.122517744,10,39.7205561,82620
Bay,13-1032,"Insurance Appraisers, Auto Damage",Postsecondary nondegree award,80,-0.071303979,10,39.35716219,81860
CA,13-1051,Cost Estimators,Bachelor's degree,26740,-0.012480007,2220,41.00945474,85300
LA,13-1051,Cost Estimators,Bachelor's degree,4720,-0.039506261,380,38.5193719,80120
CVML,13-1051,Cost Estimators,Bachelor's degree,2420,0.013227997,210,38.3821647,79830
FN,13-1051,Cost Estimators,Bachelor's degree,450,0.004557995,40,38.10063437,79250
IE/D,13-1051,Cost Estimators,Bachelor's degree,3230,-0.001975752,270,36.94810176,76850
GS,13-1051,Cost Estimators,Bachelor's degree,2120,0.014828196,180,39.82008124,82830
SCC,13-1051,Cost Estimators,Bachelor's degree,1260,-0.001990933,110,37.82480957,78680
OC,13-1051,Cost Estimators,Bachelor's degree,2770,-0.020951845,230,41.24742046,85790
Bay,13-1051,Cost Estimators,Bachelor's degree,6320,-0.023028526,520,46.94804997,97650
SD/I,13-1051,Cost Estimators,Bachelor's degree,2840,-0.01526148,230,41.69063267,86720
FN,13-1081,Logisticians,Bachelor's degree,280,0.104642687,30,38.49597347,80070
OC,13-1081,Logisticians,Bachelor's degree,3160,0.066657177,320,39.35884114,81870
SD/I,13-1081,Logisticians,Bachelor's degree,6100,0.051238807,600,47.85483973,99540
Bay,13-1081,Logisticians,Bachelor's degree,9430,0.082420483,1000,50.30866848,104640
SCC,13-1081,Logisticians,Bachelor's degree,1970,0.060071676,200,49.93600594,103870
CA,13-1081,Logisticians,Bachelor's degree,36930,0.081549665,3900,44.44437739,92440
LA,13-1081,Logisticians,Bachelor's degree,7900,0.055778604,780,39.01393703,81150
GS,13-1081,Logisticians,Bachelor's degree,1460,0.100547875,160,41.46836104,86250
IE/D,13-1081,Logisticians,Bachelor's degree,2710,0.118788005,310,37.30271559,77590
CVML,13-1081,Logisticians,Bachelor's degree,2160,0.111135919,240,39.58273731,82330
SCC,13-2028,Property Appraisers and Assessors,Bachelor's degree,520,-0.058682991,40,40.94941071,85170
FN,13-2028,Property Appraisers and Assessors,Bachelor's degree,260,-0.011054269,20,33.43504065,69540
LA,13-2028,Property Appraisers and Assessors,Bachelor's degree,2420,-0.044209242,190,42.30366966,87990
GS,13-2028,Property Appraisers and Assessors,Bachelor's degree,620,-0.022567178,50,43.26754796,90000
CA,13-2028,Property Appraisers and Assessors,Bachelor's degree,9160,-0.038929092,750,40.73510576,84730
OC,13-2028,Property Appraisers and Assessors,Bachelor's degree,950,-0.068448053,70,42.13912128,87650
IE/D,13-2028,Property Appraisers and Assessors,Bachelor's degree,780,-0.018817479,70,40.05643572,83320
Bay,13-2028,Property Appraisers and Assessors,Bachelor's degree,1950,-0.060000105,150,42.92239447,89280
CVML,13-2028,Property Appraisers and Assessors,Bachelor's degree,740,-0.001364452,60,34.16212053,71060
SD/I,13-2028,Property Appraisers and Assessors,Bachelor's degree,740,-0.065892694,60,41.15640208,85610
SCC,13-2082,Tax Preparers,High school diploma or equivalent,550,-0.034974778,60,29.41252707,61180
LA,13-2082,Tax Preparers,High school diploma or equivalent,3740,0.047646981,460,31.12445614,64740
GS,13-2082,Tax Preparers,High school diploma or equivalent,1070,0.019830001,130,29.79696895,61980
CVML,13-2082,Tax Preparers,High school diploma or equivalent,1070,-0.017953981,120,29.21620901,60770
SD/I,13-2082,Tax Preparers,High school diploma or equivalent,1110,0.012550603,130,32.65562024,67920
OC,13-2082,Tax Preparers,High school diploma or equivalent,1240,0.024664025,140,29.3607997,61070
IE/D,13-2082,Tax Preparers,High school diploma or equivalent,880,0.007967818,100,19.41135422,40380
CA,13-2082,Tax Preparers,High school diploma or equivalent,14400,0.011152523,1690,32.68613903,67990
Bay,13-2082,Tax Preparers,High school diploma or equivalent,3580,-0.049088068,390,38.63499487,80360
FN,13-2082,Tax Preparers,High school diploma or equivalent,230,-0.000256491,30,27.11622806,56400
CA,15-1231,Computer Network Support Specialists,Associate's degree,14480,0.038901691,1060,38.00489899,79050
FN,15-1231,Computer Network Support Specialists,Associate's degree,150,0.025241929,10,32.03482648,66630
LA,15-1231,Computer Network Support Specialists,Associate's degree,3740,-0.031576963,220,27.53512233,57270
GS,15-1231,Computer Network Support Specialists,Associate's degree,660,0.034271417,50,39.80078632,82790
CVML,15-1231,Computer Network Support Specialists,Associate's degree,680,0.047224484,50,35.84851752,74560
SCC,15-1231,Computer Network Support Specialists,Associate's degree,550,-0.026152932,30,40.42254024,84080
SD/I,15-1231,Computer Network Support Specialists,Associate's degree,1130,-0.005825106,70,37.83885606,78700
OC,15-1231,Computer Network Support Specialists,Associate's degree,1720,-0.01466284,100,27.6006006,57410
IE/D,15-1231,Computer Network Support Specialists,Associate's degree,640,0.078248229,50,37.33902863,77670
Bay,15-1231,Computer Network Support Specialists,Associate's degree,4050,0.068270983,320,50.9901256,106060
FN,15-1232,Computer User Support Specialists,"Some college, no degree",760,0.00022741,50,31.62420167,65780
SD/I,15-1232,Computer User Support Specialists,"Some college, no degree",6130,-0.034262275,370,35.50861235,73860
GS,15-1232,Computer User Support Specialists,"Some college, no degree",14340,-0.030632253,870,50.57019166,105190
LA,15-1232,Computer User Support Specialists,"Some college, no degree",15020,-0.039037244,900,36.10479029,75100
SCC,15-1232,Computer User Support Specialists,"Some college, no degree",2890,-0.032893878,180,36.55173118,76030
CVML,15-1232,Computer User Support Specialists,"Some college, no degree",3860,0.029662647,270,31.04146488,64570
IE/D,15-1232,Computer User Support Specialists,"Some college, no degree",3900,0.031064425,270,34.57509689,71920
Bay,15-1232,Computer User Support Specialists,"Some college, no degree",19770,0.031406215,1410,43.00769814,89460
OC,15-1232,Computer User Support Specialists,"Some college, no degree",6910,-0.030174354,420,35.66805562,74190
CA,15-1232,Computer User Support Specialists,"Some college, no degree",79880,0.007370332,5400,38.10819471,79270
OC,15-1241,Computer Network Architects,Bachelor's degree,1170,0.039429476,70,71.07844969,147840
CA,15-1241,Computer Network Architects,Bachelor's degree,15530,0.091918444,1070,76.07586343,158240
LA,15-1241,Computer Network Architects,Bachelor's degree,2460,0.022564228,130,70.36371769,146360
SCC,15-1241,Computer Network Architects,Bachelor's degree,470,0.036856232,30,63.01383341,131070
FN,15-1241,Computer Network Architects,Bachelor's degree,90,0.103438157,10,60.85140664,126570
SD/I,15-1241,Computer Network Architects,Bachelor's degree,1600,0.009937449,80,75.52927542,157100
GS,15-1241,Computer Network Architects,Bachelor's degree,620,0.068906123,40,67.64872153,140710
CVML,15-1241,Computer Network Architects,Bachelor's degree,470,0.124640682,40,56.45032156,117420
IE/D,15-1241,Computer Network Architects,Bachelor's degree,460,0.143008646,40,61.04707884,126980
Bay,15-1241,Computer Network Architects,Bachelor's degree,6630,0.08795751,450,84.96715132,176730
CA,15-1244,Network and Computer Systems Administrators,Bachelor's degree,28150,0.018385106,1570,51.02590759,106130
Bay,15-1244,Network and Computer Systems Administrators,Bachelor's degree,7660,0.03755526,450,61.42038512,127750
SCC,15-1244,Network and Computer Systems Administrators,Bachelor's degree,1260,-0.029849812,60,47.78118245,99380
FN,15-1244,Network and Computer Systems Administrators,Bachelor's degree,350,0.005920431,20,41.2560378,85810
LA,15-1244,Network and Computer Systems Administrators,Bachelor's degree,6320,-0.033416741,300,51.12295299,106340
SD/I,15-1244,Network and Computer Systems Administrators,Bachelor's degree,3080,-0.023041303,150,50.30661592,104640
GS,15-1244,Network and Computer Systems Administrators,Bachelor's degree,1540,0.017276913,80,50.15034196,104310
OC,15-1244,Network and Computer Systems Administrators,Bachelor's degree,2740,-0.022418017,130,50.41264811,104860
CVML,15-1244,Network and Computer Systems Administrators,Bachelor's degree,1680,0.034342161,90,45.94876172,95570
IE/D,15-1244,Network and Computer Systems Administrators,Bachelor's degree,1680,0.04086481,100,47.44718331,98690
Bay,15-1254,Web Developers,Bachelor's degree,3170,0.030929381,210,69.90449093,145400
OC,15-1254,Web Developers,Bachelor's degree,780,-0.016539815,40,47.25952356,98300
IE/D,15-1254,Web Developers,Bachelor's degree,380,0.066330682,30,31.29364555,65090
LA,15-1254,Web Developers,Bachelor's degree,2020,-0.014439413,110,49.09273209,102110
CVML,15-1254,Web Developers,Bachelor's degree,280,0.048134211,20,36.33408455,75570
GS,15-1254,Web Developers,Bachelor's degree,310,0.027139802,20,43.47313661,90420
CA,15-1254,Web Developers,Bachelor's degree,8680,0.028519589,570,53.30917024,110880
FN,15-1254,Web Developers,Bachelor's degree,50,-0.000582956,0,35.59224228,74030
SD/I,15-1254,Web Developers,Bachelor's degree,640,-0.023519434,40,44.79708497,93180
SCC,15-1254,Web Developers,Bachelor's degree,400,-0.036286699,20,40.43097694,84100
SCC,15-1255,Web and Digital Interface Designers,Bachelor's degree,950,-0.030683772,60,48.63571409,101160
FN,15-1255,Web and Digital Interface Designers,Bachelor's degree,450,0.004766114,30,42.01975452,87400
OC,15-1255,Web and Digital Interface Designers,Bachelor's degree,2450,-0.012953413,150,47.28884703,98360
IE/D,15-1255,Web and Digital Interface Designers,Bachelor's degree,960,0.045192816,70,44.43322588,92420
LA,15-1255,Web and Digital Interface Designers,Bachelor's degree,7070,-0.020319699,430,50.05270961,104110
Bay,15-1255,Web and Digital Interface Designers,Bachelor's degree,11650,0.017700807,790,84.09709868,174920
GS,15-1255,Web and Digital Interface Designers,Bachelor's degree,680,0.029084234,50,48.15548987,100160
CVML,15-1255,Web and Digital Interface Designers,Bachelor's degree,610,0.013852767,40,42.95568099,89350
CA,15-1255,Web and Digital Interface Designers,Bachelor's degree,28710,0.017914467,1950,62.57196202,130150
SD/I,15-1255,Web and Digital Interface Designers,Bachelor's degree,1510,-0.023708199,90,54.22510398,112790
LA,17-3011,Architectural and Civil Drafters,Associate's degree,2320,-0.013167295,190,36.26283672,75430
SCC,17-3011,Architectural and Civil Drafters,Associate's degree,630,0.0257559,60,34.98407421,72770
SD/I,17-3011,Architectural and Civil Drafters,Associate's degree,1170,0.039376077,110,37.37109124,77730
OC,17-3011,Architectural and Civil Drafters,Associate's degree,1500,0.017155092,130,37.15770771,77290
CA,17-3011,Architectural and Civil Drafters,Associate's degree,11550,0.020770276,1050,36.54608399,76020
FN,17-3011,Architectural and Civil Drafters,Associate's degree,200,0.078794344,20,30.65665288,63770
Bay,17-3011,Architectural and Civil Drafters,Associate's degree,2830,0.011704772,250,38.0726552,79190
CVML,17-3011,Architectural and Civil Drafters,Associate's degree,760,0.059897943,80,31.73636098,66010
GS,17-3011,Architectural and Civil Drafters,Associate's degree,910,0.008783289,80,36.61787478,76170
IE/D,17-3011,Architectural and Civil Drafters,Associate's degree,860,0.046037965,80,33.72721133,70150
SCC,17-3012,Electrical and Electronics Drafters,Associate's degree,160,-0.049239159,10,32.48688885,67570
FN,17-3012,Electrical and Electronics Drafters,Associate's degree,10,-0.093472496,0,31.66151186,65860
SD/I,17-3012,Electrical and Electronics Drafters,Associate's degree,340,0.00569849,30,35.38774187,73610
OC,17-3012,Electrical and Electronics Drafters,Associate's degree,360,-0.036141943,30,37.60469166,78220
CA,17-3012,Electrical and Electronics Drafters,Associate's degree,2960,-0.026374372,260,36.94010518,76840
Bay,17-3012,Electrical and Electronics Drafters,Associate's degree,880,-0.042474078,70,45.37387853,94380
GS,17-3012,Electrical and Electronics Drafters,Associate's degree,210,0.00718504,20,36.78732598,76520
CVML,17-3012,Electrical and Electronics Drafters,Associate's degree,150,0.028990806,10,33.82939671,70370
IE/D,17-3012,Electrical and Electronics Drafters,Associate's degree,210,-0.011481779,20,31.67396506,65880
LA,17-3012,Electrical and Electronics Drafters,Associate's degree,530,-0.068759552,40,35.94133535,74760
OC,17-3013,Mechanical Drafters,Associate's degree,560,-0.04902862,50,38.8826707,80880
FN,17-3013,Mechanical Drafters,Associate's degree,40,-0.0165748,0,31.10959898,64710
SD/I,17-3013,Mechanical Drafters,Associate's degree,400,-0.026546375,30,39.22602974,81590
GS,17-3013,Mechanical Drafters,Associate's degree,200,-0.00324187,20,36.60863429,76150
CVML,17-3013,Mechanical Drafters,Associate's degree,210,0.011113032,20,33.61557098,69920
IE/D,17-3013,Mechanical Drafters,Associate's degree,370,-0.027455541,30,35.62325868,74100
CA,17-3013,Mechanical Drafters,Associate's degree,3960,-0.03374292,340,38.75023973,80600
Bay,17-3013,Mechanical Drafters,Associate's degree,870,-0.030744828,70,44.91497299,93420
SCC,17-3013,Mechanical Drafters,Associate's degree,230,-0.037763156,20,36.55009226,76020
LA,17-3013,Mechanical Drafters,Associate's degree,960,-0.064132187,80,37.6595543,78330
IE/D,17-3019,"Drafters, All Other",Associate's degree,160,-0.060177238,10,30.75933311,63980
FN,17-3019,"Drafters, All Other",Associate's degree,20,-0.015582952,0,25.70379594,53460
SD/I,17-3019,"Drafters, All Other",Associate's degree,140,-0.021229233,10,34.84792054,72480
CVML,17-3019,"Drafters, All Other",Associate's degree,110,-0.01700642,10,33.00289699,68650
OC,17-3019,"Drafters, All Other",Associate's degree,260,-0.05752124,20,36.23150514,75360
Bay,17-3019,"Drafters, All Other",Associate's degree,320,-0.042808822,30,38.70318762,80500
CA,17-3019,"Drafters, All Other",Associate's degree,1750,-0.056663934,150,34.67312169,72120
SCC,17-3019,"Drafters, All Other",Associate's degree,140,-0.077179159,10,31.71585768,65970
LA,17-3019,"Drafters, All Other",Associate's degree,440,-0.100692574,40,34.33838858,71420
GS,17-3019,"Drafters, All Other",Associate's degree,100,-0.019434548,10,36.66138806,76260
SCC,17-3021,Aerospace Engineering and Operations Technologists and Technicians,Associate's degree,100,0.11979542,10,42.8063846,89040
GS,17-3021,Aerospace Engineering and Operations Technologists and Technicians,Associate's degree,540,0.015166089,50,36.13790775,75170
SD/I,17-3021,Aerospace Engineering and Operations Technologists and Technicians,Associate's degree,110,0.116173506,10,42.98521623,89410
FN,17-3021,Aerospace Engineering and Operations Technologists and Technicians,Associate's degree,0,-0.000873421,0,39.11885197,81370
CA,17-3021,Aerospace Engineering and Operations Technologists and Technicians,Associate's degree,1870,0.070172076,190,47.54400446,98890
CVML,17-3021,Aerospace Engineering and Operations Technologists and Technicians,Associate's degree,70,0.180625235,10,42.49777696,88400
OC,17-3021,Aerospace Engineering and Operations Technologists and Technicians,Associate's degree,160,0.029441733,10,46.6577596,97050
Bay,17-3021,Aerospace Engineering and Operations Technologists and Technicians,Associate's degree,300,0.103397019,30,48.77014881,101440
IE/D,17-3021,Aerospace Engineering and Operations Technologists and Technicians,Associate's degree,110,0.00418133,10,57.35066325,119290
LA,17-3021,Aerospace Engineering and Operations Technologists and Technicians,Associate's degree,440,0.0804344,40,47.82309806,99470
LA,17-3022,Civil Engineering Technologists and Technicians,Associate's degree,1100,0.012737448,100,40.48483441,84210
OC,17-3022,Civil Engineering Technologists and Technicians,Associate's degree,590,-0.013413856,50,39.36691458,81880
Bay,17-3022,Civil Engineering Technologists and Technicians,Associate's degree,2140,0.021776171,190,46.65259616,97040
GS,17-3022,Civil Engineering Technologists and Technicians,Associate's degree,690,0.104209764,70,39.45742197,82070
FN,17-3022,Civil Engineering Technologists and Technicians,Associate's degree,280,0.02821886,30,31.6875164,65910
SD/I,17-3022,Civil Engineering Technologists and Technicians,Associate's degree,1010,0.037495491,90,38.6605267,80410
IE/D,17-3022,Civil Engineering Technologists and Technicians,Associate's degree,800,0.054431321,80,38.90397796,80920
CVML,17-3022,Civil Engineering Technologists and Technicians,Associate's degree,760,0.063811318,70,36.84099917,76630
CA,17-3022,Civil Engineering Technologists and Technicians,Associate's degree,8030,0.036322058,750,40.02314863,83250
SCC,17-3022,Civil Engineering Technologists and Technicians,Associate's degree,480,0.016395417,40,39.67771584,82530
CA,17-3023,Electrical and Electronic Engineering Technologists and Technicians,Associate's degree,14450,-0.006738399,1320,41.29208558,85890
SCC,17-3023,Electrical and Electronic Engineering Technologists and Technicians,Associate's degree,1030,-0.034496695,90,44.27877278,92100
Bay,17-3023,Electrical and Electronic Engineering Technologists and Technicians,Associate's degree,5020,-0.028531818,450,44.90981262,93410
CVML,17-3023,Electrical and Electronic Engineering Technologists and Technicians,Associate's degree,880,0.035214637,90,44.77540651,93130
IE/D,17-3023,Electrical and Electronic Engineering Technologists and Technicians,Associate's degree,750,0.005345654,70,38.09235516,79230
SD/I,17-3023,Electrical and Electronic Engineering Technologists and Technicians,Associate's degree,2260,-0.007354692,200,43.95968178,91440
FN,17-3023,Electrical and Electronic Engineering Technologists and Technicians,Associate's degree,80,0.05303471,10,40.82861456,84920
GS,17-3023,Electrical and Electronic Engineering Technologists and Technicians,Associate's degree,520,0.028806852,50,38.31641872,79700
LA,17-3023,Electrical and Electronic Engineering Technologists and Technicians,Associate's degree,2110,-0.037545285,180,38.64646052,80380
OC,17-3023,Electrical and Electronic Engineering Technologists and Technicians,Associate's degree,1230,-0.001394492,110,40.34802767,83920
SCC,17-3024,Electro-Mechanical and Mechatronics Technologists and Technicians,Associate's degree,120,0.001166238,10,39.30075897,81750
Bay,17-3024,Electro-Mechanical and Mechatronics Technologists and Technicians,Associate's degree,820,-0.031175203,70,38.33223088,79730
FN,17-3024,Electro-Mechanical and Mechatronics Technologists and Technicians,Associate's degree,0,-0.084731507,0,33.20844012,69070
IE/D,17-3024,Electro-Mechanical and Mechatronics Technologists and Technicians,Associate's degree,80,0.035359148,10,32.40285549,67400
OC,17-3024,Electro-Mechanical and Mechatronics Technologists and Technicians,Associate's degree,160,0.008095666,10,45.05007622,93700
CVML,17-3024,Electro-Mechanical and Mechatronics Technologists and Technicians,Associate's degree,40,0.188296307,0,35.37186079,73570
SD/I,17-3024,Electro-Mechanical and Mechatronics Technologists and Technicians,Associate's degree,160,0.01068556,10,38.51455196,80110
CA,17-3024,Electro-Mechanical and Mechatronics Technologists and Technicians,Associate's degree,1780,-0.002261056,160,39.158464,81450
GS,17-3024,Electro-Mechanical and Mechatronics Technologists and Technicians,Associate's degree,40,0.120973039,0,38.10524937,79260
LA,17-3024,Electro-Mechanical and Mechatronics Technologists and Technicians,Associate's degree,290,-0.02511938,20,43.90505391,91320
Bay,17-3025,Environmental Engineering Technologists and Technicians,Associate's degree,540,-0.002168613,50,40.27807272,83780
GS,17-3025,Environmental Engineering Technologists and Technicians,Associate's degree,200,0.041269588,20,29.53678092,61440
SD/I,17-3025,Environmental Engineering Technologists and Technicians,Associate's degree,360,-0.00089708,30,27.86894502,57970
CVML,17-3025,Environmental Engineering Technologists and Technicians,Associate's degree,120,0.022105429,10,25.84206336,53750
IE/D,17-3025,Environmental Engineering Technologists and Technicians,Associate's degree,260,0.022308991,20,28.48667756,59250
CA,17-3025,Environmental Engineering Technologists and Technicians,Associate's degree,2120,0.012283354,190,28.77567684,59850
OC,17-3025,Environmental Engineering Technologists and Technicians,Associate's degree,120,-0.00183853,10,28.0546594,58350
SCC,17-3025,Environmental Engineering Technologists and Technicians,Associate's degree,150,0.006682339,10,36.25841764,75420
LA,17-3025,Environmental Engineering Technologists and Technicians,Associate's degree,240,0.017641321,20,28.1956262,58650
FN,17-3025,Environmental Engineering Technologists and Technicians,Associate's degree,40,-0.013342038,0,19.05973695,39640
GS,17-3026,Industrial Engineering Technologists and Technicians,Associate's degree,200,0.090240693,20,35.61335639,74080
SD/I,17-3026,Industrial Engineering Technologists and Technicians,Associate's degree,820,0.011856925,70,35.65001903,74150
CVML,17-3026,Industrial Engineering Technologists and Technicians,Associate's degree,240,0.104059179,30,32.27121377,67120
FN,17-3026,Industrial Engineering Technologists and Technicians,Associate's degree,30,0.125660173,0,35.27675121,73380
IE/D,17-3026,Industrial Engineering Technologists and Technicians,Associate's degree,230,0.028094917,20,34.44428232,71640
CA,17-3026,Industrial Engineering Technologists and Technicians,Associate's degree,5890,0.033130099,540,37.89757133,78830
OC,17-3026,Industrial Engineering Technologists and Technicians,Associate's degree,560,0.054295137,50,38.31327837,79690
SCC,17-3026,Industrial Engineering Technologists and Technicians,Associate's degree,330,0.019266059,30,40.96227304,85200
LA,17-3026,Industrial Engineering Technologists and Technicians,Associate's degree,820,-0.004453037,70,36.37016157,75650
Bay,17-3026,Industrial Engineering Technologists and Technicians,Associate's degree,2460,0.015377845,220,40.40681378,84050
FN,17-3027,Mechanical Engineering Technologists and Technicians,Associate's degree,10,-0.040940198,0,37.14489818,77260
SCC,17-3027,Mechanical Engineering Technologists and Technicians,Associate's degree,200,0.008729129,20,40.63000555,84510
IE/D,17-3027,Mechanical Engineering Technologists and Technicians,Associate's degree,150,0.019845821,10,29.94269544,62280
CA,17-3027,Mechanical Engineering Technologists and Technicians,Associate's degree,3650,0.012605811,320,41.88170812,87110
OC,17-3027,Mechanical Engineering Technologists and Technicians,Associate's degree,430,-0.007702628,40,38.36955937,79810
Bay,17-3027,Mechanical Engineering Technologists and Technicians,Associate's degree,1390,0.014876506,120,46.92891358,97610
CVML,17-3027,Mechanical Engineering Technologists and Technicians,Associate's degree,170,0.03172106,20,41.42576554,86170
GS,17-3027,Mechanical Engineering Technologists and Technicians,Associate's degree,100,0.052105929,10,37.58045981,78170
LA,17-3027,Mechanical Engineering Technologists and Technicians,Associate's degree,730,-0.020012668,60,37.6025845,78210
SD/I,17-3027,Mechanical Engineering Technologists and Technicians,Associate's degree,330,0.021825047,30,37.35305422,77690
SD/I,17-3028,Calibration Technologists and Technicians,Associate's degree,120,0.027586337,10,40.89209157,85060
FN,17-3028,Calibration Technologists and Technicians,Associate's degree,100,-0.055342026,10,41.16058999,85610
Bay,17-3028,Calibration Technologists and Technicians,Associate's degree,420,0.011505205,40,46.74331231,97230
SCC,17-3028,Calibration Technologists and Technicians,Associate's degree,70,0.032345108,10,43.43177438,90340
IE/D,17-3028,Calibration Technologists and Technicians,Associate's degree,90,0.087809742,10,31.65549377,65840
CA,17-3028,Calibration Technologists and Technicians,Associate's degree,1470,0.039174626,140,37.31700416,77620
OC,17-3028,Calibration Technologists and Technicians,Associate's degree,160,0.032579682,10,35.54100185,73930
GS,17-3028,Calibration Technologists and Technicians,Associate's degree,60,0.113181063,10,32.05354313,66670
CVML,17-3028,Calibration Technologists and Technicians,Associate's degree,70,0.160391065,10,33.97335274,70660
LA,17-3028,Calibration Technologists and Technicians,Associate's degree,340,0.045182211,30,33.17017524,68990
SD/I,17-3029,"Engineering Technologists and Technicians, Except Drafters, All Other",Associate's degree,1690,-0.004080475,140,44.36786932,92290
CVML,17-3029,"Engineering Technologists and Technicians, Except Drafters, All Other",Associate's degree,880,0.010163066,80,43.87181175,91250
LA,17-3029,"Engineering Technologists and Technicians, Except Drafters, All Other",Associate's degree,1180,0.001201083,100,33.56447826,69810
SCC,17-3029,"Engineering Technologists and Technicians, Except Drafters, All Other",Associate's degree,620,0.001489609,50,41.06812093,85420
GS,17-3029,"Engineering Technologists and Technicians, Except Drafters, All Other",Associate's degree,280,0.062689246,30,38.90956616,80930
CA,17-3029,"Engineering Technologists and Technicians, Except Drafters, All Other",Associate's degree,8010,0.01779316,710,38.62384085,80340
OC,17-3029,"Engineering Technologists and Technicians, Except Drafters, All Other",Associate's degree,600,0.009306358,50,33.60782256,69900
IE/D,17-3029,"Engineering Technologists and Technicians, Except Drafters, All Other",Associate's degree,400,0.013294767,30,38.96142244,81040
FN,17-3029,"Engineering Technologists and Technicians, Except Drafters, All Other",Associate's degree,50,0.036071058,10,35.79370368,74450
Bay,17-3029,"Engineering Technologists and Technicians, Except Drafters, All Other",Associate's degree,1980,0.025695019,180,40.64084044,84530
SCC,17-3031,Surveying and Mapping Technicians,High school diploma or equivalent,220,0.04530158,30,34.90807855,72610
CVML,17-3031,Surveying and Mapping Technicians,High school diploma or equivalent,360,0.081249054,50,30.45494633,63350
LA,17-3031,Surveying and Mapping Technicians,High school diploma or equivalent,690,0.004365998,90,43.4696985,90420
GS,17-3031,Surveying and Mapping Technicians,High school diploma or equivalent,320,0.023677593,40,37.23807578,77460
CA,17-3031,Surveying and Mapping Technicians,High school diploma or equivalent,4010,0.042765251,540,36.68364758,76300
OC,17-3031,Surveying and Mapping Technicians,High school diploma or equivalent,370,0.024844187,50,43.21211669,89880
IE/D,17-3031,Surveying and Mapping Technicians,High school diploma or equivalent,450,0.063444839,60,34.10171094,70930
SD/I,17-3031,Surveying and Mapping Technicians,High school diploma or equivalent,560,0.037065405,70,36.84448804,76640
FN,17-3031,Surveying and Mapping Technicians,High school diploma or equivalent,90,0.097636597,10,28.277858,58820
Bay,17-3031,Surveying and Mapping Technicians,High school diploma or equivalent,830,0.036327662,110,37.84961281,78730
Bay,19-4012,Agricultural Technicians,Associate's degree,1220,0.018585543,190,29.57216714,61510
OC,19-4012,Agricultural Technicians,Associate's degree,150,0.035906394,20,23.28334057,48430
SCC,19-4012,Agricultural Technicians,Associate's degree,300,0.097452128,50,24.76348143,51510
IE/D,19-4012,Agricultural Technicians,Associate's degree,130,0.030492476,20,23.541555,48970
CA,19-4012,Agricultural Technicians,Associate's degree,3770,0.020596001,590,27.92675064,58090
LA,19-4012,Agricultural Technicians,Associate's degree,370,0.019106485,60,23.97238801,49860
CVML,19-4012,Agricultural Technicians,Associate's degree,740,-0.028567041,110,24.76418958,51510
FN,19-4012,Agricultural Technicians,Associate's degree,80,0.03007956,10,27.75834514,57740
SD/I,19-4012,Agricultural Technicians,Associate's degree,220,0.018680496,30,27.25978979,56700
GS,19-4012,Agricultural Technicians,Associate's degree,480,0.016820935,70,28.88204424,60070
Bay,19-4013,Food Science Technicians,Associate's degree,780,0.013174811,120,27.84091382,57910
IE/D,19-4013,Food Science Technicians,Associate's degree,380,0.059307772,60,24.38277412,50720
SCC,19-4013,Food Science Technicians,Associate's degree,330,0.050185595,50,25.27223682,52570
CA,19-4013,Food Science Technicians,Associate's degree,4050,0.016078313,630,25.73123857,53520
CVML,19-4013,Food Science Technicians,Associate's degree,1170,0.005324064,180,23.78273895,49470
SD/I,19-4013,Food Science Technicians,Associate's degree,180,-0.001684558,30,23.41291643,48700
LA,19-4013,Food Science Technicians,Associate's degree,650,-0.016856503,100,25.95971344,54000
GS,19-4013,Food Science Technicians,Associate's degree,210,0.040727017,30,30.08311751,62570
FN,19-4013,Food Science Technicians,Associate's degree,70,-0.022463899,10,25.55570169,53160
OC,19-4013,Food Science Technicians,Associate's degree,220,0.037080173,30,25.532172,53110
GS,19-4021,Biological Technicians,Bachelor's degree,750,0.036410726,90,30.88955008,64250
OC,19-4021,Biological Technicians,Bachelor's degree,540,0.075960463,70,31.98240594,66520
LA,19-4021,Biological Technicians,Bachelor's degree,1380,0.052881029,160,32.02881123,66620
FN,19-4021,Biological Technicians,Bachelor's degree,100,0.061156056,10,27.27900452,56740
SD/I,19-4021,Biological Technicians,Bachelor's degree,1820,-0.011372429,190,32.24692297,67070
CA,19-4021,Biological Technicians,Bachelor's degree,9620,0.043980533,1120,34.34,71430
CVML,19-4021,Biological Technicians,Bachelor's degree,380,0.040772669,40,23.8683526,49650
SCC,19-4021,Biological Technicians,Bachelor's degree,260,0.031251541,30,30.36963178,63170
Bay,19-4021,Biological Technicians,Bachelor's degree,3850,0.042062529,440,41.39161894,86090
IE/D,19-4021,Biological Technicians,Bachelor's degree,150,0.081973398,20,29.06331991,60450
LA,19-4031,Chemical Technicians,Associate's degree,1480,-0.033351685,160,27.58531763,57380
FN,19-4031,Chemical Technicians,Associate's degree,20,0.120632154,0,25.92031089,53910
SD/I,19-4031,Chemical Technicians,Associate's degree,910,-0.041545964,100,27.5331024,57270
OC,19-4031,Chemical Technicians,Associate's degree,740,-0.017464317,80,28.6239414,59540
CA,19-4031,Chemical Technicians,Associate's degree,6700,-0.000640767,780,28.61112466,59510
CVML,19-4031,Chemical Technicians,Associate's degree,490,0.050870169,60,25.75968993,53580
SCC,19-4031,Chemical Technicians,Associate's degree,320,-0.000633387,40,27.52329796,57250
IE/D,19-4031,Chemical Technicians,Associate's degree,390,0.027326613,50,26.72575758,55590
Bay,19-4031,Chemical Technicians,Associate's degree,1780,0.008786409,210,32.28269995,67150
GS,19-4031,Chemical Technicians,Associate's degree,260,0.057176261,30,28.96729696,60250
SD/I,19-4042,"Environmental Science and Protection Technicians, Including Health",Associate's degree,600,-0.006816392,80,27.91906702,58070
CA,19-4042,"Environmental Science and Protection Technicians, Including Health",Associate's degree,6240,0.030437764,880,29.27788357,60900
GS,19-4042,"Environmental Science and Protection Technicians, Including Health",Associate's degree,630,0.042389927,90,27.73086077,57680
SCC,19-4042,"Environmental Science and Protection Technicians, Including Health",Associate's degree,290,0.044988051,40,32.23089663,67040
LA,19-4042,"Environmental Science and Protection Technicians, Including Health",Associate's degree,1060,0.029578004,150,30.23623471,62890
FN,19-4042,"Environmental Science and Protection Technicians, Including Health",Associate's degree,290,0.042106527,40,28.30816165,58880
OC,19-4042,"Environmental Science and Protection Technicians, Including Health",Associate's degree,440,0.007540233,60,29.36425886,61080
CVML,19-4042,"Environmental Science and Protection Technicians, Including Health",Associate's degree,840,0.04179652,120,33.36804901,69410
Bay,19-4042,"Environmental Science and Protection Technicians, Including Health",Associate's degree,1210,0.010297674,170,36.1586707,75210
IE/D,19-4042,"Environmental Science and Protection Technicians, Including Health",Associate's degree,550,0.060160743,80,24.63857831,51250
SD/I,19-4043,"Geological Technicians, Except Hydrologic Technicians",Associate's degree,70,-0.036888241,10,39.58580439,82340
Bay,19-4043,"Geological Technicians, Except Hydrologic Technicians",Associate's degree,410,0.004077891,60,32.81416883,68250
GS,19-4043,"Geological Technicians, Except Hydrologic Technicians",Associate's degree,30,0.047865559,0,30.24473175,62910
LA,19-4043,"Geological Technicians, Except Hydrologic Technicians",Associate's degree,30,0.054184625,0,31.87045662,66290
FN,19-4043,"Geological Technicians, Except Hydrologic Technicians",Associate's degree,0,0.004720828,0,30.033,62470
OC,19-4043,"Geological Technicians, Except Hydrologic Technicians",Associate's degree,10,0.078575656,0,30.033,62470
SCC,19-4043,"Geological Technicians, Except Hydrologic Technicians",Associate's degree,20,0.078009884,0,30.12162132,62650
CVML,19-4043,"Geological Technicians, Except Hydrologic Technicians",Associate's degree,40,-0.103438994,10,30.39755178,63230
CA,19-4043,"Geological Technicians, Except Hydrologic Technicians",Associate's degree,650,0.004003026,90,33.37,69410
IE/D,19-4043,"Geological Technicians, Except Hydrologic Technicians",Associate's degree,20,0.0785415,0,30.09547574,62600
CVML,19-4044,Hydrologic Technicians,Associate's degree,20,-0.019408435,0,32.12412609,66820
IE/D,19-4044,Hydrologic Technicians,Associate's degree,20,0.08692553,0,31.83399143,66210
SCC,19-4044,Hydrologic Technicians,Associate's degree,10,0.057508482,0,32.48925603,67580
OC,19-4044,Hydrologic Technicians,Associate's degree,10,0.100457001,0,31.70598912,65950
LA,19-4044,Hydrologic Technicians,Associate's degree,20,0.145403401,0,34.58960801,71950
GS,19-4044,Hydrologic Technicians,Associate's degree,50,0.039125111,10,33.93794475,70590
FN,19-4044,Hydrologic Technicians,Associate's degree,0,-0.06015683,0,30.67335277,63800
SD/I,19-4044,Hydrologic Technicians,Associate's degree,70,0.020795195,10,34.36304353,71480
Bay,19-4044,Hydrologic Technicians,Associate's degree,250,-0.051858904,30,28.40247826,59080
CA,19-4044,Hydrologic Technicians,Associate's degree,460,-0.014440262,60,34.03,70780
SCC,19-4051,Nuclear Technicians,Associate's degree,10,0.688899776,0,51.9530204,108060
CVML,19-4051,Nuclear Technicians,Associate's degree,0,0.065055018,0,50.4632427,104960
CA,19-4051,Nuclear Technicians,Associate's degree,570,0.084749216,90,47.72,99260
Bay,19-4051,Nuclear Technicians,Associate's degree,300,0.004766689,40,46.10653923,95900
SD/I,19-4051,Nuclear Technicians,Associate's degree,60,-0.001695056,10,44.63478998,92840
GS,19-4051,Nuclear Technicians,Associate's degree,10,0.022647431,0,43.29051291,90040
LA,19-4051,Nuclear Technicians,Associate's degree,20,0.073731275,0,50.76613104,105590
IE/D,19-4051,Nuclear Technicians,Associate's degree,10,0.38109835,0,43.30518522,90070
OC,19-4051,Nuclear Technicians,Associate's degree,150,0.204259216,30,50.48741352,105010
FN,19-4051,Nuclear Technicians,Associate's degree,0,0.029333014,0,42.948,89330
OC,19-4061,Social Science Research Assistants,Bachelor's degree,560,0.007380891,70,25.65361678,53360
SD/I,19-4061,Social Science Research Assistants,Bachelor's degree,730,0.004897569,90,31.80684485,66160
LA,19-4061,Social Science Research Assistants,Bachelor's degree,1850,0.025617913,240,29.2479101,60840
Bay,19-4061,Social Science Research Assistants,Bachelor's degree,1340,0.033277843,180,34.63870657,72050
CA,19-4061,Social Science Research Assistants,Bachelor's degree,5730,0.0360734,760,28.87199566,60050
SCC,19-4061,Social Science Research Assistants,Bachelor's degree,210,0.009095283,30,33.63232901,69960
GS,19-4061,Social Science Research Assistants,Bachelor's degree,230,0.061244858,30,26.36896134,54850
FN,19-4061,Social Science Research Assistants,Bachelor's degree,90,0.023726041,10,19.03867629,39600
IE/D,19-4061,Social Science Research Assistants,Bachelor's degree,130,0.100308246,20,18.7539957,39010
CVML,19-4061,Social Science Research Assistants,Bachelor's degree,310,0.055423331,40,26.93772562,56030
SCC,19-4071,Forest and Conservation Technicians,Associate's degree,450,0.002340036,60,29.98697532,62370
CVML,19-4071,Forest and Conservation Technicians,Associate's degree,1380,-0.026631276,170,29.33952928,61030
FN,19-4071,Forest and Conservation Technicians,Associate's degree,1690,-0.053571889,200,27.40122078,56990
GS,19-4071,Forest and Conservation Technicians,Associate's degree,870,0.032644409,110,29.35205403,61050
IE/D,19-4071,Forest and Conservation Technicians,Associate's degree,640,-0.006196234,80,30.38330865,63200
SD/I,19-4071,Forest and Conservation Technicians,Associate's degree,470,0.007313004,60,29.6854837,61750
Bay,19-4071,Forest and Conservation Technicians,Associate's degree,660,-0.01650155,80,29.45081664,61260
OC,19-4071,Forest and Conservation Technicians,Associate's degree,140,0.018053057,20,27.64132816,57490
CA,19-4071,Forest and Conservation Technicians,Associate's degree,7030,-0.007469753,880,27.92845637,58090
LA,19-4071,Forest and Conservation Technicians,Associate's degree,480,0.017947186,60,29.8004781,61980
CA,19-4092,Forensic Science Technicians,Bachelor's degree,3040,0.095848523,450,48.95497498,101830
OC,19-4092,Forensic Science Technicians,Bachelor's degree,230,0.078855742,30,46.98245402,97720
GS,19-4092,Forensic Science Technicians,Bachelor's degree,180,0.148864813,30,48.90895131,101730
IE/D,19-4092,Forensic Science Technicians,Bachelor's degree,290,0.134972998,50,39.42540062,82000
LA,19-4092,Forensic Science Technicians,Bachelor's degree,890,0.091581986,130,50.80218577,105670
SCC,19-4092,Forensic Science Technicians,Bachelor's degree,270,0.072851081,40,48.17030134,100190
FN,19-4092,Forensic Science Technicians,Bachelor's degree,60,0.086726883,10,43.07141857,89590
SD/I,19-4092,Forensic Science Technicians,Bachelor's degree,270,0.081895608,40,50.22661052,104470
Bay,19-4092,Forensic Science Technicians,Bachelor's degree,580,0.085696816,80,54.34317283,113030
CVML,19-4092,Forensic Science Technicians,Bachelor's degree,260,0.10332904,40,39.96631896,83130
GS,19-4099,"Life, Physical, and Social Science Technicians, All Other",Associate's degree,530,0.031227845,70,31.63932199,65810
IE/D,19-4099,"Life, Physical, and Social Science Technicians, All Other",Associate's degree,300,0.062602255,40,36.35387788,75620
LA,19-4099,"Life, Physical, and Social Science Technicians, All Other",Associate's degree,2290,0.04001428,300,41.76835329,86880
SCC,19-4099,"Life, Physical, and Social Science Technicians, All Other",Associate's degree,410,0.008468884,50,32.0295642,66620
SD/I,19-4099,"Life, Physical, and Social Science Technicians, All Other",Associate's degree,2190,0.010902938,270,36.67896689,76290
FN,19-4099,"Life, Physical, and Social Science Technicians, All Other",Associate's degree,430,0.045032475,60,25.70915424,53480
Bay,19-4099,"Life, Physical, and Social Science Technicians, All Other",Associate's degree,2720,0.033720681,360,37.75992656,78540
CVML,19-4099,"Life, Physical, and Social Science Technicians, All Other",Associate's degree,690,0.031750884,90,28.31919271,58900
CA,19-4099,"Life, Physical, and Social Science Technicians, All Other",Associate's degree,10900,0.034415157,1430,37.54509656,78090
OC,19-4099,"Life, Physical, and Social Science Technicians, All Other",Associate's degree,890,0.028605253,120,40.29214529,83810
LA,19-5012,Occupational Health and Safety Technicians,High school diploma or equivalent,400,0.03350532,40,28.48330713,59250
SCC,19-5012,Occupational Health and Safety Technicians,High school diploma or equivalent,80,0.041633967,10,29.85893239,62110
FN,19-5012,Occupational Health and Safety Technicians,High school diploma or equivalent,30,0.048861719,0,27.87795975,57990
SD/I,19-5012,Occupational Health and Safety Technicians,High school diploma or equivalent,190,0.093337992,20,29.92702391,62250
GS,19-5012,Occupational Health and Safety Technicians,High school diploma or equivalent,140,0.140692115,20,28.16713538,58590
CVML,19-5012,Occupational Health and Safety Technicians,High school diploma or equivalent,350,0.105282907,40,32.16823045,66910
CA,19-5012,Occupational Health and Safety Technicians,High school diploma or equivalent,2530,0.082859697,290,29.46599712,61290
Bay,19-5012,Occupational Health and Safety Technicians,High school diploma or equivalent,690,0.047358013,70,37.40353623,77800
IE/D,19-5012,Occupational Health and Safety Technicians,High school diploma or equivalent,380,0.152007523,50,28.92927604,60170
OC,19-5012,Occupational Health and Safety Technicians,High school diploma or equivalent,200,0.063293615,20,28.32954406,58930
GS,21-1093,Social and Human Service Assistants,High school diploma or equivalent,3970,0.138278287,550,25.79161557,53650
OC,21-1093,Social and Human Service Assistants,High school diploma or equivalent,3940,0.120925101,530,23.10386747,48060
FN,21-1093,Social and Human Service Assistants,High school diploma or equivalent,2150,0.098439931,280,22.77829226,47380
CVML,21-1093,Social and Human Service Assistants,High school diploma or equivalent,6940,0.10441303,900,23.45823759,48790
CA,21-1093,Social and Human Service Assistants,High school diploma or equivalent,62170,0.116931505,8230,24.5461794,51060
Bay,21-1093,Social and Human Service Assistants,High school diploma or equivalent,13210,0.109756093,1730,27.58216686,57370
IE/D,21-1093,Social and Human Service Assistants,High school diploma or equivalent,5400,0.127966122,730,23.31276439,48490
SD/I,21-1093,Social and Human Service Assistants,High school diploma or equivalent,7070,0.102288122,910,23.72034876,49340
LA,21-1093,Social and Human Service Assistants,High school diploma or equivalent,15160,0.115452529,2000,24.45304929,50860
SCC,21-1093,Social and Human Service Assistants,High school diploma or equivalent,3150,0.116009971,420,25.71814607,53490
CA,21-1094,Community Health Workers,High school diploma or equivalent,9740,0.121009358,1300,27.8684767,57970
CVML,21-1094,Community Health Workers,High school diploma or equivalent,620,0.15761301,90,25.34318394,52710
SCC,21-1094,Community Health Workers,High school diploma or equivalent,520,0.10314967,70,25.92631518,53930
LA,21-1094,Community Health Workers,High school diploma or equivalent,2410,0.103978944,310,27.08012513,56330
OC,21-1094,Community Health Workers,High school diploma or equivalent,680,0.116515851,90,26.28913697,54680
SD/I,21-1094,Community Health Workers,High school diploma or equivalent,620,0.143462508,90,25.14059671,52290
FN,21-1094,Community Health Workers,High school diploma or equivalent,300,0.111438545,40,23.19243904,48240
Bay,21-1094,Community Health Workers,High school diploma or equivalent,2910,0.096869472,370,33.64267524,69980
GS,21-1094,Community Health Workers,High school diploma or equivalent,600,0.127733051,80,27.89042889,58010
IE/D,21-1094,Community Health Workers,High school diploma or equivalent,760,0.148176404,110,24.49384939,50950
SCC,23-2011,Paralegals and Legal Assistants,Associate's degree,1580,0.047131716,180,36.25806161,75420
SD/I,23-2011,Paralegals and Legal Assistants,Associate's degree,4880,0.044498547,560,36.29333636,75490
GS,23-2011,Paralegals and Legal Assistants,Associate's degree,2850,0.085837069,360,37.31069203,77610
IE/D,23-2011,Paralegals and Legal Assistants,Associate's degree,2610,0.056790509,310,29.44228311,61240
LA,23-2011,Paralegals and Legal Assistants,Associate's degree,17230,0.083667344,2160,38.36820821,79810
FN,23-2011,Paralegals and Legal Assistants,Associate's degree,410,-0.030057316,40,27.96046312,58160
Bay,23-2011,Paralegals and Legal Assistants,Associate's degree,11150,-0.008453393,1160,42.23980125,87860
CVML,23-2011,Paralegals and Legal Assistants,Associate's degree,2380,0.004311749,250,30.36556752,63160
OC,23-2011,Paralegals and Legal Assistants,Associate's degree,5400,0.068696571,650,33.34947552,69370
CA,23-2011,Paralegals and Legal Assistants,Associate's degree,49470,0.053192783,5840,36.92417693,76800
CVML,23-2093,"Title Examiners, Abstractors, and Searchers",High school diploma or equivalent,200,-0.039799259,20,30.42097449,63280
LA,23-2093,"Title Examiners, Abstractors, and Searchers",High school diploma or equivalent,1960,0.006585882,190,30.1237221,62660
OC,23-2093,"Title Examiners, Abstractors, and Searchers",High school diploma or equivalent,800,-0.032237354,70,27.81103275,57850
FN,23-2093,"Title Examiners, Abstractors, and Searchers",High school diploma or equivalent,40,-0.056455704,0,28.80405221,59910
IE/D,23-2093,"Title Examiners, Abstractors, and Searchers",High school diploma or equivalent,310,0.01554939,30,36.12637023,75140
SD/I,23-2093,"Title Examiners, Abstractors, and Searchers",High school diploma or equivalent,310,0.002610794,30,31.90513503,66360
GS,23-2093,"Title Examiners, Abstractors, and Searchers",High school diploma or equivalent,260,0.024018394,30,34.28158786,71310
Bay,23-2093,"Title Examiners, Abstractors, and Searchers",High school diploma or equivalent,760,-0.024587665,70,36.06503638,75020
CA,23-2093,"Title Examiners, Abstractors, and Searchers",High school diploma or equivalent,5070,0.008977056,500,31.760401,66060
SCC,23-2093,"Title Examiners, Abstractors, and Searchers",High school diploma or equivalent,190,-0.009252986,20,28.51967245,59320
FN,23-2099,"Legal Support Workers, All Other",Associate's degree,90,0.011677036,10,35.25333332,73330
CA,23-2099,"Legal Support Workers, All Other",Associate's degree,6430,0.024854205,650,40.62577364,84500
Bay,23-2099,"Legal Support Workers, All Other",Associate's degree,1570,-0.002854965,150,48.84572393,101600
GS,23-2099,"Legal Support Workers, All Other",Associate's degree,510,0.062021363,60,42.60051323,88610
SD/I,23-2099,"Legal Support Workers, All Other",Associate's degree,690,0.018732363,70,42.34543999,88080
IE/D,23-2099,"Legal Support Workers, All Other",Associate's degree,290,0.040276526,30,36.48759691,75890
OC,23-2099,"Legal Support Workers, All Other",Associate's degree,540,0.019242984,50,35.1615633,73140
SCC,23-2099,"Legal Support Workers, All Other",Associate's degree,260,0.010257673,30,42.87037242,89170
LA,23-2099,"Legal Support Workers, All Other",Associate's degree,1660,0.031626486,170,38.95215925,81020
CVML,23-2099,"Legal Support Workers, All Other",Associate's degree,600,0.006761073,60,36.93939735,76830
OC,25-2011,"Preschool Teachers, Except Special Education",Associate's degree,4960,0.059794867,630,21.39329572,44500
GS,25-2011,"Preschool Teachers, Except Special Education",Associate's degree,3980,0.056177025,500,21.09738567,43880
SD/I,25-2011,"Preschool Teachers, Except Special Education",Associate's degree,6020,0.079959711,790,21.52487601,44770
Bay,25-2011,"Preschool Teachers, Except Special Education",Associate's degree,17680,0.072553921,2300,25.00043848,52000
IE/D,25-2011,"Preschool Teachers, Except Special Education",Associate's degree,4430,0.076969051,580,21.62625525,44980
LA,25-2011,"Preschool Teachers, Except Special Education",Associate's degree,15670,0.048124704,1940,22.61356288,47040
FN,25-2011,"Preschool Teachers, Except Special Education",Associate's degree,1370,0.019108582,160,21.62127732,44970
CVML,25-2011,"Preschool Teachers, Except Special Education",Associate's degree,5900,0.072500148,770,22.35383623,46500
SCC,25-2011,"Preschool Teachers, Except Special Education",Associate's degree,3540,0.062899366,450,22.30342167,46390
CA,25-2011,"Preschool Teachers, Except Special Education",Associate's degree,64580,0.069084787,8350,22.68578577,47190
SCC,25-2012,"Kindergarten Teachers, Except Special Education",Bachelor's degree,580,0.050126722,70,47.96064671,99760
Bay,25-2012,"Kindergarten Teachers, Except Special Education",Bachelor's degree,1460,0.049368925,180,39.51147908,82180
CA,25-2012,"Kindergarten Teachers, Except Special Education",Bachelor's degree,7960,0.069041063,1030,39.62653163,82420
GS,25-2012,"Kindergarten Teachers, Except Special Education",Bachelor's degree,890,0.075098122,120,49.86372842,103720
CVML,25-2012,"Kindergarten Teachers, Except Special Education",Bachelor's degree,1460,0.113611161,200,41.01589676,85310
SD/I,25-2012,"Kindergarten Teachers, Except Special Education",Bachelor's degree,580,0.059330149,70,34.66627567,72110
IE/D,25-2012,"Kindergarten Teachers, Except Special Education",Bachelor's degree,770,0.106169849,110,40.03713024,83280
FN,25-2012,"Kindergarten Teachers, Except Special Education",Bachelor's degree,310,0.055353816,40,41.31825053,85940
OC,25-2012,"Kindergarten Teachers, Except Special Education",Bachelor's degree,400,0.043220406,50,36.71714255,76370
LA,25-2012,"Kindergarten Teachers, Except Special Education",Bachelor's degree,1450,0.028013209,170,38.27651023,79620
LA,25-4031,Library Technicians,Postsecondary nondegree award,1660,0.012460563,300,24.35603538,50660
Bay,25-4031,Library Technicians,Postsecondary nondegree award,1590,0.027732394,300,29.31746386,60980
SD/I,25-4031,Library Technicians,Postsecondary nondegree award,820,0.00781442,150,26.19721876,54490
CA,25-4031,Library Technicians,Postsecondary nondegree award,7820,0.01916519,1450,25.61,53270
SCC,25-4031,Library Technicians,Postsecondary nondegree award,570,-0.017196112,100,25.02710196,52060
FN,25-4031,Library Technicians,Postsecondary nondegree award,300,-0.003213671,50,21.51905587,44760
IE/D,25-4031,Library Technicians,Postsecondary nondegree award,890,0.042221162,170,27.06525104,56300
CVML,25-4031,Library Technicians,Postsecondary nondegree award,850,0.035699193,160,23.41864546,48710
GS,25-4031,Library Technicians,Postsecondary nondegree award,680,0.013707325,120,26.27582385,54650
OC,25-4031,Library Technicians,Postsecondary nondegree award,420,0.020725707,80,22.64988895,47110
Bay,25-9044,"Teaching Assistants, Postsecondary",Bachelor's degree,3240,0.046293816,440,21.98673507,45730
LA,25-9044,"Teaching Assistants, Postsecondary",Bachelor's degree,5970,0.065993412,830,19.73995648,41060
OC,25-9044,"Teaching Assistants, Postsecondary",Bachelor's degree,1530,0.052669826,210,17.37908903,36150
FN,25-9044,"Teaching Assistants, Postsecondary",Bachelor's degree,390,0.047432242,50,23.26923619,48400
GS,25-9044,"Teaching Assistants, Postsecondary",Bachelor's degree,5060,0.019161491,640,31.828339,66200
IE/D,25-9044,"Teaching Assistants, Postsecondary",Bachelor's degree,770,0.032771008,100,19.49980516,40560
SCC,25-9044,"Teaching Assistants, Postsecondary",Bachelor's degree,1040,0.011518929,130,24.00692241,49930
CA,25-9044,"Teaching Assistants, Postsecondary",Bachelor's degree,23080,0.044084627,3100,23.59908008,49090
SD/I,25-9044,"Teaching Assistants, Postsecondary",Bachelor's degree,2940,0.040006192,390,21.85555955,45460
CVML,25-9044,"Teaching Assistants, Postsecondary",Bachelor's degree,1970,0.047395297,270,17.98138762,37400
FN,25-9045,"Teaching Assistants, Except Postsecondary","Some college, no degree",5620,0.044470491,750,21.2443895,44190
GS,25-9045,"Teaching Assistants, Except Postsecondary","Some college, no degree",13240,0.065204133,1840,21.93457111,45620
OC,25-9045,"Teaching Assistants, Except Postsecondary","Some college, no degree",12670,0.037186146,1670,21.86067467,45470
SCC,25-9045,"Teaching Assistants, Except Postsecondary","Some college, no degree",9920,0.032557747,1310,22.57005135,46950
Bay,25-9045,"Teaching Assistants, Except Postsecondary","Some college, no degree",33600,0.041267683,4470,23.90393141,49720
LA,25-9045,"Teaching Assistants, Except Postsecondary","Some college, no degree",39410,0.022988977,5040,22.3728101,46540
IE/D,25-9045,"Teaching Assistants, Except Postsecondary","Some college, no degree",21920,0.068153451,3060,22.23778059,46250
CVML,25-9045,"Teaching Assistants, Except Postsecondary","Some college, no degree",25920,0.089561262,3770,21.50349904,44730
SD/I,25-9045,"Teaching Assistants, Except Postsecondary","Some college, no degree",14550,0.046515194,1950,22.16785868,46110
CA,25-9045,"Teaching Assistants, Except Postsecondary","Some college, no degree",178270,0.050588862,24120,22.33262017,46450
GS,27-1023,Floral Designers,High school diploma or equivalent,320,-0.028212727,40,22.10426596,45980
IE/D,27-1023,Floral Designers,High school diploma or equivalent,500,-0.037386187,60,22.74341013,47310
SD/I,27-1023,Floral Designers,High school diploma or equivalent,560,-0.006327684,70,21.47690733,44670
CVML,27-1023,Floral Designers,High school diploma or equivalent,450,-0.067912855,60,20.16057932,41930
Bay,27-1023,Floral Designers,High school diploma or equivalent,1390,-0.050046391,180,22.24040232,46260
FN,27-1023,Floral Designers,High school diploma or equivalent,90,-0.064807638,10,18.96188657,39440
SCC,27-1023,Floral Designers,High school diploma or equivalent,320,-0.062070371,40,22.48092985,46760
LA,27-1023,Floral Designers,High school diploma or equivalent,1370,-0.019097498,170,23.47635667,48830
OC,27-1023,Floral Designers,High school diploma or equivalent,390,-0.127521077,50,20.67392822,43000
CA,27-1023,Floral Designers,High school diploma or equivalent,5450,-0.04178978,690,22.31416303,46410
GS,27-2011,Actors,"Some college, no degree",240,0.134725009,30,31.55298943,65630
SD/I,27-2011,Actors,"Some college, no degree",400,0.07271988,50,28.79729647,59900
CVML,27-2011,Actors,"Some college, no degree",200,0.103854514,30,31.41946819,65350
Bay,27-2011,Actors,"Some college, no degree",1420,0.051904622,180,31.70470279,65950
FN,27-2011,Actors,"Some college, no degree",70,0.119444392,10,31.61030645,65750
SCC,27-2011,Actors,"Some college, no degree",460,0.023644924,60,31.70948716,65960
LA,27-2011,Actors,"Some college, no degree",21990,-0.094045445,2320,54.30305617,112950
IE/D,27-2011,Actors,"Some college, no degree",280,0.123536053,40,32.43644612,67470
OC,27-2011,Actors,"Some college, no degree",3250,0.025446949,380,47.23248935,98240
CA,27-2011,Actors,"Some college, no degree",29060,-0.060040977,3180,33.45088246,69580
IE/D,27-2032,Choreographers,High school diploma or equivalent,40,0.103496225,10,29.17246669,60680
SD/I,27-2032,Choreographers,High school diploma or equivalent,80,0.04656066,10,24.04086308,50000
CA,27-2032,Choreographers,High school diploma or equivalent,730,0.033342039,110,32.5217048,67650
LA,27-2032,Choreographers,High school diploma or equivalent,220,-0.001893162,30,32.05628888,66680
SCC,27-2032,Choreographers,High school diploma or equivalent,20,0.012002422,0,29.1633135,60660
Bay,27-2032,Choreographers,High school diploma or equivalent,210,0.022718472,30,39.7021121,82580
OC,27-2032,Choreographers,High school diploma or equivalent,50,0.05900155,10,30.4194667,63270
GS,27-2032,Choreographers,High school diploma or equivalent,80,0.082602742,10,38.01681422,79070
CVML,27-2032,Choreographers,High school diploma or equivalent,20,0.070887353,0,28.46211882,59200
FN,27-2032,Choreographers,High school diploma or equivalent,0,0.234174913,0,25.77973475,53620
FN,27-3091,Interpreters and Translators,Bachelor's degree,140,0.008674604,10,32.86819545,68370
SD/I,27-3091,Interpreters and Translators,Bachelor's degree,940,-0.004634819,90,35.24652689,73310
LA,27-3091,Interpreters and Translators,Bachelor's degree,2160,-0.02135651,190,34.2320317,71200
SCC,27-3091,Interpreters and Translators,Bachelor's degree,450,-0.000647105,40,36.98230662,76920
OC,27-3091,Interpreters and Translators,Bachelor's degree,770,0.014147899,70,32.21802205,67010
CA,27-3091,Interpreters and Translators,Bachelor's degree,9440,0.006765576,900,34.22235268,71180
Bay,27-3091,Interpreters and Translators,Bachelor's degree,2580,-0.009321227,240,39.5968931,82360
CVML,27-3091,Interpreters and Translators,Bachelor's degree,630,0.052246697,70,30.91327449,64300
GS,27-3091,Interpreters and Translators,Bachelor's degree,640,0.01353075,60,31.60839619,65750
IE/D,27-3091,Interpreters and Translators,Bachelor's degree,740,0.043698693,70,35.79402702,74450
SCC,27-3092,Court Reporters and Simultaneous Captioners,Postsecondary nondegree award,170,-0.026242225,20,57.84892392,120330
CA,27-3092,Court Reporters and Simultaneous Captioners,Postsecondary nondegree award,2570,0.010445381,260,50.12306087,104260
IE/D,27-3092,Court Reporters and Simultaneous Captioners,Postsecondary nondegree award,380,0.03845005,40,61.29681647,127500
GS,27-3092,Court Reporters and Simultaneous Captioners,Postsecondary nondegree award,180,0.058535581,20,52.76621958,109750
CVML,27-3092,Court Reporters and Simultaneous Captioners,Postsecondary nondegree award,200,0.033319262,20,49.81504295,103620
Bay,27-3092,Court Reporters and Simultaneous Captioners,Postsecondary nondegree award,540,-0.008149086,50,58.38057009,121430
FN,27-3092,Court Reporters and Simultaneous Captioners,Postsecondary nondegree award,30,0.038486643,0,42.95960152,89360
SD/I,27-3092,Court Reporters and Simultaneous Captioners,Postsecondary nondegree award,230,-0.001202807,20,54.53595399,113430
LA,27-3092,Court Reporters and Simultaneous Captioners,Postsecondary nondegree award,640,0.0027472,60,38.59788479,80280
OC,27-3092,Court Reporters and Simultaneous Captioners,Postsecondary nondegree award,190,0.017608514,20,37.3921111,77780
IE/D,27-4011,Audio and Video Technicians,Postsecondary nondegree award,650,0.070514197,60,27.90649781,58050
SD/I,27-4011,Audio and Video Technicians,Postsecondary nondegree award,950,0.015339646,80,28.44304782,59160
CVML,27-4011,Audio and Video Technicians,Postsecondary nondegree award,530,0.072968104,50,27.06413248,56290
SCC,27-4011,Audio and Video Technicians,Postsecondary nondegree award,450,0.027184649,40,25.01047788,52020
OC,27-4011,Audio and Video Technicians,Postsecondary nondegree award,810,0.047203831,70,28.37995068,59030
LA,27-4011,Audio and Video Technicians,Postsecondary nondegree award,5240,-0.01284339,400,31.11566521,64720
GS,27-4011,Audio and Video Technicians,Postsecondary nondegree award,410,0.069227435,40,28.26525072,58790
Bay,27-4011,Audio and Video Technicians,Postsecondary nondegree award,2450,0.032353659,200,34.11634386,70960
FN,27-4011,Audio and Video Technicians,Postsecondary nondegree award,170,0.09350517,20,35.93986295,74750
CA,27-4011,Audio and Video Technicians,Postsecondary nondegree award,12030,0.0239065,1000,30.62586801,63700
SD/I,27-4012,Broadcast Technicians,Associate's degree,170,-0.122974005,10,30.05088962,62510
OC,27-4012,Broadcast Technicians,Associate's degree,100,-0.031227318,10,37.35434041,77700
SCC,27-4012,Broadcast Technicians,Associate's degree,70,-0.033185872,10,31.11215102,64710
Bay,27-4012,Broadcast Technicians,Associate's degree,780,0.005804783,70,37.10028386,77170
FN,27-4012,Broadcast Technicians,Associate's degree,30,0.09864035,0,31.46163224,65440
CVML,27-4012,Broadcast Technicians,Associate's degree,140,-0.144644876,10,26.49041555,55100
IE/D,27-4012,Broadcast Technicians,Associate's degree,90,0.00572267,10,32.05874498,66680
LA,27-4012,Broadcast Technicians,Associate's degree,1170,0.022272385,90,43.32963807,90130
GS,27-4012,Broadcast Technicians,Associate's degree,160,-0.068559758,10,36.50607957,75930
CA,27-4012,Broadcast Technicians,Associate's degree,2900,0.02440075,260,34.32611554,71400
SD/I,27-4014,Sound Engineering Technicians,Postsecondary nondegree award,220,-0.004519371,20,31.43184355,65380
SCC,27-4014,Sound Engineering Technicians,Postsecondary nondegree award,140,0.132719881,20,37.88433821,78800
LA,27-4014,Sound Engineering Technicians,Postsecondary nondegree award,3500,-0.037371553,270,37.71908333,78460
FN,27-4014,Sound Engineering Technicians,Postsecondary nondegree award,20,0.182916961,0,36.13326137,75160
CVML,27-4014,Sound Engineering Technicians,Postsecondary nondegree award,90,0.119753285,10,39.43466385,82020
IE/D,27-4014,Sound Engineering Technicians,Postsecondary nondegree award,170,0.093822619,20,32.17251979,66920
GS,27-4014,Sound Engineering Technicians,Postsecondary nondegree award,120,0.063051139,10,32.58666995,67780
Bay,27-4014,Sound Engineering Technicians,Postsecondary nondegree award,870,0.01208679,70,44.15976734,91850
OC,27-4014,Sound Engineering Technicians,Postsecondary nondegree award,330,0.032937343,30,34.32063332,71390
CA,27-4014,Sound Engineering Technicians,Postsecondary nondegree award,5640,-0.004505458,470,37.44664683,77890
Bay,27-4021,Photographers,High school diploma or equivalent,4920,-0.025985883,400,28.70522163,59710
CA,27-4021,Photographers,High school diploma or equivalent,24340,0.004857103,2080,26.35772842,54820
LA,27-4021,Photographers,High school diploma or equivalent,8940,-0.00070711,750,26.37721867,54860
SCC,27-4021,Photographers,High school diploma or equivalent,1160,-0.015784823,100,27.23006921,56640
GS,27-4021,Photographers,High school diploma or equivalent,1130,0.030953051,100,26.13042322,54350
CVML,27-4021,Photographers,High school diploma or equivalent,1000,0.016121254,90,25.01983538,52040
SD/I,27-4021,Photographers,High school diploma or equivalent,2140,0.004674814,180,25.66849658,53390
FN,27-4021,Photographers,High school diploma or equivalent,220,-0.043345874,20,28.73477995,59770
IE/D,27-4021,Photographers,High school diploma or equivalent,1630,0.065739169,160,25.03567242,52070
OC,27-4021,Photographers,High school diploma or equivalent,2660,0.02014032,230,24.95201273,51900
SD/I,29-1124,Radiation Therapists,Associate's degree,140,0.106175927,10,82.32037588,171230
CA,29-1124,Radiation Therapists,Associate's degree,1870,0.079046163,120,80.02,166440
FN,29-1124,Radiation Therapists,Associate's degree,40,0.107031127,0,72.74227174,151300
IE/D,29-1124,Radiation Therapists,Associate's degree,510,0.066824757,30,63.59579172,132280
CVML,29-1124,Radiation Therapists,Associate's degree,90,0.129172502,10,73.6898981,153270
Bay,29-1124,Radiation Therapists,Associate's degree,390,0.067483503,20,97.21640237,202210
GS,29-1124,Radiation Therapists,Associate's degree,120,0.102267019,10,87.74237001,182500
LA,29-1124,Radiation Therapists,Associate's degree,330,0.048787986,20,81.0320099,168550
SCC,29-1124,Radiation Therapists,Associate's degree,90,0.050728799,10,69.51257388,144590
OC,29-1124,Radiation Therapists,Associate's degree,120,0.06841331,10,82.19212389,170960
SD/I,29-1126,Respiratory Therapists,Associate's degree,1460,0.101968376,100,50.24751185,104510
FN,29-1126,Respiratory Therapists,Associate's degree,400,0.102302736,30,49.11679122,102160
CA,29-1126,Respiratory Therapists,Associate's degree,18570,0.078423288,1220,50.4,104830
IE/D,29-1126,Respiratory Therapists,Associate's degree,2170,0.127954654,170,47.73918079,99300
Bay,29-1126,Respiratory Therapists,Associate's degree,3760,0.057979958,240,65.46822423,136170
LA,29-1126,Respiratory Therapists,Associate's degree,5000,0.048908715,290,50.28929675,104600
GS,29-1126,Respiratory Therapists,Associate's degree,1280,0.097431757,90,63.65678714,132410
SCC,29-1126,Respiratory Therapists,Associate's degree,800,0.080041104,50,51.57169286,107270
OC,29-1126,Respiratory Therapists,Associate's degree,1610,0.066828666,100,50.37349424,104780
CVML,29-1126,Respiratory Therapists,Associate's degree,1810,0.095396223,130,47.96322287,99760
OC,29-1141,Registered Nurses,Bachelor's degree,25660,0.061657448,1640,65.57843203,136400
GS,29-1141,Registered Nurses,Bachelor's degree,25930,0.085103933,1790,81.73095261,170000
SCC,29-1141,Registered Nurses,Bachelor's degree,16530,0.068128667,1080,64.38738744,133930
CA,29-1141,Registered Nurses,Bachelor's degree,347060,0.07554815,23270,67.26347683,139910
LA,29-1141,Registered Nurses,Bachelor's degree,81440,0.044282653,4880,64.70811461,134590
Bay,29-1141,Registered Nurses,Bachelor's degree,81060,0.060442158,5180,92.85983096,193150
FN,29-1141,Registered Nurses,Bachelor's degree,7210,0.071340658,480,62.46700955,129930
SD/I,29-1141,Registered Nurses,Bachelor's degree,30870,0.092949682,2190,66.46424391,138250
CVML,29-1141,Registered Nurses,Bachelor's degree,33170,0.080747606,2260,62.09197843,129150
IE/D,29-1141,Registered Nurses,Bachelor's degree,36020,0.110533769,2690,64.14805204,133430
CA,29-1292,Dental Hygienists,Associate's degree,25360,0.072716948,1950,59.78580286,124350
Bay,29-1292,Dental Hygienists,Associate's degree,6720,0.043962022,470,67.39049559,140170
FN,29-1292,Dental Hygienists,Associate's degree,500,0.025076975,30,57.7238755,120070
SD/I,29-1292,Dental Hygienists,Associate's degree,2090,0.08353911,170,59.43454003,123620
IE/D,29-1292,Dental Hygienists,Associate's degree,1950,0.10421251,160,51.81097524,107770
LA,29-1292,Dental Hygienists,Associate's degree,5350,0.077951667,420,57.67152556,119960
OC,29-1292,Dental Hygienists,Associate's degree,2630,0.08723885,210,61.30110308,127510
GS,29-1292,Dental Hygienists,Associate's degree,2370,0.072588417,180,59.97224039,124740
SCC,29-1292,Dental Hygienists,Associate's degree,1330,0.068958493,100,60.97096111,126820
CVML,29-1292,Dental Hygienists,Associate's degree,2210,0.085772909,180,54.32881583,113000
Bay,29-2018,Clinical Laboratory Technologists and Technicians,Bachelor's degree,8290,0.038049213,600,40.44716698,84130
GS,29-2018,Clinical Laboratory Technologists and Technicians,Bachelor's degree,2360,0.06427979,180,39.11007816,81350
FN,29-2018,Clinical Laboratory Technologists and Technicians,Bachelor's degree,430,0.039338376,30,30.74363438,63950
OC,29-2018,Clinical Laboratory Technologists and Technicians,Bachelor's degree,3160,0.032865452,220,33.34020431,69350
CVML,29-2018,Clinical Laboratory Technologists and Technicians,Bachelor's degree,2100,0.075748402,170,31.80683269,66160
SCC,29-2018,Clinical Laboratory Technologists and Technicians,Bachelor's degree,1070,0.058924775,80,31.20930839,64920
CA,29-2018,Clinical Laboratory Technologists and Technicians,Bachelor's degree,30430,0.052465726,2270,36.48569343,75890
SD/I,29-2018,Clinical Laboratory Technologists and Technicians,Bachelor's degree,3140,0.045828965,230,30.59076843,63630
IE/D,29-2018,Clinical Laboratory Technologists and Technicians,Bachelor's degree,1690,0.154608845,170,29.73993036,61860
LA,29-2018,Clinical Laboratory Technologists and Technicians,Bachelor's degree,7060,0.014335898,460,31.93925436,66430
CVML,29-2031,Cardiovascular Technologists and Technicians,Associate's degree,390,0.074731221,30,38.93961104,80990
LA,29-2031,Cardiovascular Technologists and Technicians,Associate's degree,1860,-0.010315365,100,32.02478727,66610
GS,29-2031,Cardiovascular Technologists and Technicians,Associate's degree,350,0.079624841,30,42.66187345,88740
SD/I,29-2031,Cardiovascular Technologists and Technicians,Associate's degree,490,0.074543572,30,36.10721662,75100
FN,29-2031,Cardiovascular Technologists and Technicians,Associate's degree,50,0.134961069,0,35.13464152,73080
SCC,29-2031,Cardiovascular Technologists and Technicians,Associate's degree,500,0.013461666,30,51.06757858,106220
IE/D,29-2031,Cardiovascular Technologists and Technicians,Associate's degree,480,0.131595797,40,30.86431787,64200
OC,29-2031,Cardiovascular Technologists and Technicians,Associate's degree,600,0.025872283,40,31.50251587,65530
CA,29-2031,Cardiovascular Technologists and Technicians,Associate's degree,5790,0.042133663,380,37.72497729,78470
Bay,29-2031,Cardiovascular Technologists and Technicians,Associate's degree,980,0.046857762,70,47.29638937,98380
FN,29-2032,Diagnostic Medical Sonographers,Associate's degree,210,0.072741577,10,59.89198382,124580
GS,29-2032,Diagnostic Medical Sonographers,Associate's degree,700,0.111491984,50,76.33678106,158780
LA,29-2032,Diagnostic Medical Sonographers,Associate's degree,2550,0.049353088,150,57.07190039,118710
SD/I,29-2032,Diagnostic Medical Sonographers,Associate's degree,820,0.115170477,60,61.42469846,127760
SCC,29-2032,Diagnostic Medical Sonographers,Associate's degree,460,0.094718091,30,61.94344221,128840
OC,29-2032,Diagnostic Medical Sonographers,Associate's degree,1010,0.077664639,70,58.62956251,121950
CVML,29-2032,Diagnostic Medical Sonographers,Associate's degree,1110,0.105487003,80,54.82941316,114050
IE/D,29-2032,Diagnostic Medical Sonographers,Associate's degree,1010,0.157504872,80,51.10104907,106290
Bay,29-2032,Diagnostic Medical Sonographers,Associate's degree,2240,0.077133734,150,77.04627766,160260
CA,29-2032,Diagnostic Medical Sonographers,Associate's degree,10420,0.094232209,720,61.81657865,128580
OC,29-2033,Nuclear Medicine Technologists,Associate's degree,120,0.041551111,10,76.01196682,158100
CA,29-2033,Nuclear Medicine Technologists,Associate's degree,1630,0.047449523,90,78.04489177,162330
Bay,29-2033,Nuclear Medicine Technologists,Associate's degree,450,0.031115045,20,83.87119726,174450
IE/D,29-2033,Nuclear Medicine Technologists,Associate's degree,150,0.117830432,10,72.05768624,149880
GS,29-2033,Nuclear Medicine Technologists,Associate's degree,130,0.063755888,10,82.87333549,172380
SCC,29-2033,Nuclear Medicine Technologists,Associate's degree,170,0.019897512,10,67.89187022,141220
LA,29-2033,Nuclear Medicine Technologists,Associate's degree,320,0.007626319,10,74.89679591,155790
CVML,29-2033,Nuclear Medicine Technologists,Associate's degree,130,0.050248409,10,76.80703075,159760
SD/I,29-2033,Nuclear Medicine Technologists,Associate's degree,110,0.077386826,10,77.94893614,162130
FN,29-2033,Nuclear Medicine Technologists,Associate's degree,10,0.13026243,0,72.97970135,151800
SCC,29-2034,Radiologic Technologists and Technicians,Associate's degree,1070,0.07800113,70,52.1827331,108540
Bay,29-2034,Radiologic Technologists and Technicians,Associate's degree,4810,0.072864917,330,69.23854336,144020
IE/D,29-2034,Radiologic Technologists and Technicians,Associate's degree,2210,0.13115805,180,50.62418315,105300
GS,29-2034,Radiologic Technologists and Technicians,Associate's degree,1490,0.096129208,110,64.89332198,134980
LA,29-2034,Radiologic Technologists and Technicians,Associate's degree,4640,0.041316147,280,51.65712653,107450
CVML,29-2034,Radiologic Technologists and Technicians,Associate's degree,2300,0.086568909,160,52.80911662,109840
SD/I,29-2034,Radiologic Technologists and Technicians,Associate's degree,1960,0.093292175,140,54.12569847,112580
FN,29-2034,Radiologic Technologists and Technicians,Associate's degree,440,0.058543017,30,53.98521729,112290
OC,29-2034,Radiologic Technologists and Technicians,Associate's degree,1710,0.062370953,110,52.60831925,109430
CA,29-2034,Radiologic Technologists and Technicians,Associate's degree,21360,0.08593697,1500,58.25422655,121170
FN,29-2035,Magnetic Resonance Imaging Technologists,Associate's degree,50,0.11758988,0,54.25998979,112860
OC,29-2035,Magnetic Resonance Imaging Technologists,Associate's degree,370,0.05108495,20,54.40810675,113170
SD/I,29-2035,Magnetic Resonance Imaging Technologists,Associate's degree,340,0.080592618,20,59.13098506,122990
LA,29-2035,Magnetic Resonance Imaging Technologists,Associate's degree,860,0.023884615,50,52.30153675,108790
SCC,29-2035,Magnetic Resonance Imaging Technologists,Associate's degree,240,0.018066269,10,49.29289613,102530
Bay,29-2035,Magnetic Resonance Imaging Technologists,Associate's degree,990,0.049154672,60,69.68901857,144950
CVML,29-2035,Magnetic Resonance Imaging Technologists,Associate's degree,290,0.096037089,20,52.86770382,109960
GS,29-2035,Magnetic Resonance Imaging Technologists,Associate's degree,230,0.08092766,20,69.30553816,144160
CA,29-2035,Magnetic Resonance Imaging Technologists,Associate's degree,3780,0.066074851,240,59.72747425,124230
IE/D,29-2035,Magnetic Resonance Imaging Technologists,Associate's degree,320,0.151675124,30,51.09632592,106280
OC,29-2036,Medical Dosimetrists,Postsecondary nondegree award,30,0.070212271,0,61.92930696,128810
SD/I,29-2036,Medical Dosimetrists,Postsecondary nondegree award,30,0.125140128,0,64.7860427,134750
LA,29-2036,Medical Dosimetrists,Postsecondary nondegree award,90,0.070790224,10,63.32306385,131710
FN,29-2036,Medical Dosimetrists,Postsecondary nondegree award,0,0.458048117,0,62.59790514,130200
Bay,29-2036,Medical Dosimetrists,Postsecondary nondegree award,260,0.076455655,20,66.32970338,137970
SCC,29-2036,Medical Dosimetrists,Postsecondary nondegree award,10,0.054727667,0,66.34598507,138000
CVML,29-2036,Medical Dosimetrists,Postsecondary nondegree award,30,0.126184439,0,63.34970125,131770
GS,29-2036,Medical Dosimetrists,Postsecondary nondegree award,20,0.200559698,0,74.92526517,155840
IE/D,29-2036,Medical Dosimetrists,Postsecondary nondegree award,30,0.16009651,0,61.06013188,127010
CA,29-2036,Medical Dosimetrists,Postsecondary nondegree award,500,0.099935897,30,67.73684859,140890
SD/I,29-2042,Emergency Medical Technicians,Postsecondary nondegree award,1860,0.074102611,160,20.93806178,43550
CA,29-2042,Emergency Medical Technicians,Postsecondary nondegree award,21940,0.103287269,2120,22.3,46380
IE/D,29-2042,Emergency Medical Technicians,Postsecondary nondegree award,2350,0.087322256,220,20.818205,43300
CVML,29-2042,Emergency Medical Technicians,Postsecondary nondegree award,2260,0.10846657,220,21.29650928,44300
OC,29-2042,Emergency Medical Technicians,Postsecondary nondegree award,2390,0.172783043,270,22.72482204,47270
GS,29-2042,Emergency Medical Technicians,Postsecondary nondegree award,1380,0.071905657,120,23.99500523,49910
Bay,29-2042,Emergency Medical Technicians,Postsecondary nondegree award,5640,0.132094909,600,24.68144918,51340
SCC,29-2042,Emergency Medical Technicians,Postsecondary nondegree award,1320,0.072213584,120,21.5639733,44850
FN,29-2042,Emergency Medical Technicians,Postsecondary nondegree award,440,0.110446794,40,25.00554781,52010
LA,29-2042,Emergency Medical Technicians,Postsecondary nondegree award,3980,0.04795958,330,21.0911717,43870
Bay,29-2043,Paramedics,Postsecondary nondegree award,1680,0.193006729,140,39.7088082,82590
IE/D,29-2043,Paramedics,Postsecondary nondegree award,830,0.116340251,60,35.5139131,73870
FN,29-2043,Paramedics,Postsecondary nondegree award,210,0.110264051,10,34.40274976,71560
OC,29-2043,Paramedics,Postsecondary nondegree award,480,0.241515615,50,36.23907822,75380
CVML,29-2043,Paramedics,Postsecondary nondegree award,900,0.125458438,60,35.30070583,73430
SCC,29-2043,Paramedics,Postsecondary nondegree award,530,0.108635911,40,38.5424486,80170
GS,29-2043,Paramedics,Postsecondary nondegree award,500,0.075740492,30,38.86398619,80840
SD/I,29-2043,Paramedics,Postsecondary nondegree award,1540,0.048393185,80,33.94703141,70610
LA,29-2043,Paramedics,Postsecondary nondegree award,950,0.11791787,60,35.56843331,73980
CA,29-2043,Paramedics,Postsecondary nondegree award,7680,0.127132022,540,35.85962062,74590
CA,29-2051,Dietetic Technicians,Associate's degree,6340,0.051075494,890,22.29896317,46380
Bay,29-2051,Dietetic Technicians,Associate's degree,1160,0.058729214,170,23.06638069,47980
SD/I,29-2051,Dietetic Technicians,Associate's degree,460,0.067511437,70,19.0496481,39620
FN,29-2051,Dietetic Technicians,Associate's degree,200,0.046764015,30,22.99658776,47830
CVML,29-2051,Dietetic Technicians,Associate's degree,530,0.038107134,70,21.26337592,44230
GS,29-2051,Dietetic Technicians,Associate's degree,430,0.063127583,60,21.88384628,45520
IE/D,29-2051,Dietetic Technicians,Associate's degree,630,0.070944784,90,22.8703353,47570
OC,29-2051,Dietetic Technicians,Associate's degree,570,0.037761844,80,22.93675269,47710
SCC,29-2051,Dietetic Technicians,Associate's degree,360,0.051345307,50,23.67298022,49240
LA,29-2051,Dietetic Technicians,Associate's degree,1900,0.038573927,260,21.52751619,44780
IE/D,29-2052,Pharmacy Technicians,High school diploma or equivalent,4660,0.064228697,500,24.16237541,50260
Bay,29-2052,Pharmacy Technicians,High school diploma or equivalent,7580,-0.014403365,710,29.9517615,62300
SD/I,29-2052,Pharmacy Technicians,High school diploma or equivalent,3860,0.01922505,370,26.09802795,54280
FN,29-2052,Pharmacy Technicians,High school diploma or equivalent,850,-0.022663221,80,25.65256105,53360
CVML,29-2052,Pharmacy Technicians,High school diploma or equivalent,4280,0.048516602,440,24.22353242,50380
GS,29-2052,Pharmacy Technicians,High school diploma or equivalent,3150,0.013951788,300,27.93225245,58100
OC,29-2052,Pharmacy Technicians,High school diploma or equivalent,3440,0.070064461,370,24.60152077,51170
SCC,29-2052,Pharmacy Technicians,High school diploma or equivalent,2120,0.022893201,210,25.50172552,53040
CA,29-2052,Pharmacy Technicians,High school diploma or equivalent,39960,0.035565222,4040,26.46412077,55050
LA,29-2052,Pharmacy Technicians,High school diploma or equivalent,9170,0.048089937,940,24.29322317,50530
SD/I,29-2053,Psychiatric Technicians,Postsecondary nondegree award,1090,0.328713476,180,23.01107669,47860
FN,29-2053,Psychiatric Technicians,Postsecondary nondegree award,300,0.283442711,50,25.96089526,54000
LA,29-2053,Psychiatric Technicians,Postsecondary nondegree award,3710,0.252717375,530,23.09660686,48040
IE/D,29-2053,Psychiatric Technicians,Postsecondary nondegree award,1490,0.245125282,210,23.45582206,48790
CA,29-2053,Psychiatric Technicians,Postsecondary nondegree award,15020,0.240360589,2100,23.62108043,49130
Bay,29-2053,Psychiatric Technicians,Postsecondary nondegree award,2580,0.240012712,360,28.77749694,59860
OC,29-2053,Psychiatric Technicians,Postsecondary nondegree award,1230,0.266360406,180,23.30250864,48470
GS,29-2053,Psychiatric Technicians,Postsecondary nondegree award,1060,0.220938966,140,23.10211623,48050
CVML,29-2053,Psychiatric Technicians,Postsecondary nondegree award,1680,0.184789705,210,32.10570965,66780
SCC,29-2053,Psychiatric Technicians,Postsecondary nondegree award,1540,0.125152512,170,40.81808898,84900
SD/I,29-2055,Surgical Technologists,Postsecondary nondegree award,1200,0.098632285,90,39.50702984,82170
Bay,29-2055,Surgical Technologists,Postsecondary nondegree award,2690,0.06594235,190,48.06876928,99980
LA,29-2055,Surgical Technologists,Postsecondary nondegree award,2490,0.046386173,160,39.27525578,81690
IE/D,29-2055,Surgical Technologists,Postsecondary nondegree award,1210,0.130424385,100,37.14790846,77270
CA,29-2055,Surgical Technologists,Postsecondary nondegree award,12100,0.084749386,900,39.09,81310
GS,29-2055,Surgical Technologists,Postsecondary nondegree award,1090,0.078638845,80,32.43575464,67470
OC,29-2055,Surgical Technologists,Postsecondary nondegree award,790,0.065472196,60,39.04006255,81200
FN,29-2055,Surgical Technologists,Postsecondary nondegree award,270,0.054118616,20,40.52409182,84290
SCC,29-2055,Surgical Technologists,Postsecondary nondegree award,670,0.069352975,50,38.27133741,79600
CVML,29-2055,Surgical Technologists,Postsecondary nondegree award,1280,0.094531437,100,34.39516384,71540
IE/D,29-2056,Veterinary Technologists and Technicians,Associate's degree,940,0.091112648,110,28.06220596,58370
CVML,29-2056,Veterinary Technologists and Technicians,Associate's degree,840,0.065153273,90,26.84440166,55840
FN,29-2056,Veterinary Technologists and Technicians,Associate's degree,270,0.032604451,30,26.84782067,55840
SD/I,29-2056,Veterinary Technologists and Technicians,Associate's degree,1400,0.110580499,170,28.9041381,60120
OC,29-2056,Veterinary Technologists and Technicians,Associate's degree,1270,0.087297226,140,28.83060444,59970
GS,29-2056,Veterinary Technologists and Technicians,Associate's degree,1140,0.079587195,130,29.37114605,61090
CA,29-2056,Veterinary Technologists and Technicians,Associate's degree,11730,0.092318672,1360,29.0142687,60350
SCC,29-2056,Veterinary Technologists and Technicians,Associate's degree,810,0.081576876,90,28.55968806,59400
LA,29-2056,Veterinary Technologists and Technicians,Associate's degree,2400,0.106965026,290,29.17096909,60680
Bay,29-2056,Veterinary Technologists and Technicians,Associate's degree,2500,0.084097578,280,31.60447751,65740
CVML,29-2057,Ophthalmic Medical Technicians,Postsecondary nondegree award,320,0.174297374,60,24.09331741,50110
SCC,29-2057,Ophthalmic Medical Technicians,Postsecondary nondegree award,240,0.095118118,40,24.92105147,51840
SD/I,29-2057,Ophthalmic Medical Technicians,Postsecondary nondegree award,330,0.172907239,60,28.91447943,60140
Bay,29-2057,Ophthalmic Medical Technicians,Postsecondary nondegree award,1020,0.120591362,160,26.96374747,56080
FN,29-2057,Ophthalmic Medical Technicians,Postsecondary nondegree award,80,0.138009237,10,23.46346956,48800
OC,29-2057,Ophthalmic Medical Technicians,Postsecondary nondegree award,90,0.253023514,20,29.85653983,62100
CA,29-2057,Ophthalmic Medical Technicians,Postsecondary nondegree award,2710,0.176280149,470,26.18755447,54470
GS,29-2057,Ophthalmic Medical Technicians,Postsecondary nondegree award,160,0.263571731,30,23.38339694,48640
LA,29-2057,Ophthalmic Medical Technicians,Postsecondary nondegree award,210,0.207863781,40,28.77829002,59860
IE/D,29-2057,Ophthalmic Medical Technicians,Postsecondary nondegree award,220,0.243763681,40,22.85774095,47540
CA,29-2061,Licensed Practical and Licensed Vocational Nurses,Postsecondary nondegree award,85540,0.080513451,8510,38.2899679,79640
SCC,29-2061,Licensed Practical and Licensed Vocational Nurses,Postsecondary nondegree award,3880,0.076271152,380,38.011536,79060
CVML,29-2061,Licensed Practical and Licensed Vocational Nurses,Postsecondary nondegree award,8140,0.076218811,800,36.60781099,76140
Bay,29-2061,Licensed Practical and Licensed Vocational Nurses,Postsecondary nondegree award,15750,0.082726894,1580,44.47404207,92510
OC,29-2061,Licensed Practical and Licensed Vocational Nurses,Postsecondary nondegree award,7800,0.060963116,740,40.63624473,84520
LA,29-2061,Licensed Practical and Licensed Vocational Nurses,Postsecondary nondegree award,25060,0.06717998,2410,37.32497082,77640
SD/I,29-2061,Licensed Practical and Licensed Vocational Nurses,Postsecondary nondegree award,7220,0.085651974,730,38.17803113,79410
GS,29-2061,Licensed Practical and Licensed Vocational Nurses,Postsecondary nondegree award,5440,0.102491993,570,39.24914697,81640
FN,29-2061,Licensed Practical and Licensed Vocational Nurses,Postsecondary nondegree award,1600,0.073575805,160,36.70360921,76340
IE/D,29-2061,Licensed Practical and Licensed Vocational Nurses,Postsecondary nondegree award,8400,0.082950853,840,36.9619364,76880
SD/I,29-2072,Medical Records Specialists,Postsecondary nondegree award,1720,0.078347391,140,29.47346074,61300
LA,29-2072,Medical Records Specialists,Postsecondary nondegree award,5190,0.039623439,380,28.26174119,58780
IE/D,29-2072,Medical Records Specialists,Postsecondary nondegree award,1390,0.107134743,120,28.21566016,58690
CA,29-2072,Medical Records Specialists,Postsecondary nondegree award,19190,0.081939108,1590,29.6473237,61670
GS,29-2072,Medical Records Specialists,Postsecondary nondegree award,1460,0.081499683,120,35.42432113,73680
Bay,29-2072,Medical Records Specialists,Postsecondary nondegree award,3580,0.104262062,320,35.2780691,73380
FN,29-2072,Medical Records Specialists,Postsecondary nondegree award,520,0.060014652,40,25.09333864,52190
SCC,29-2072,Medical Records Specialists,Postsecondary nondegree award,860,0.06120607,70,27.95384621,58140
OC,29-2072,Medical Records Specialists,Postsecondary nondegree award,1930,0.058124547,150,28.67959825,59650
CVML,29-2072,Medical Records Specialists,Postsecondary nondegree award,1610,0.078986918,130,27.22774436,56630
CA,29-2081,"Opticians, Dispensing",High school diploma or equivalent,8130,0.045252231,740,27.80429729,57830
CVML,29-2081,"Opticians, Dispensing",High school diploma or equivalent,630,0.052966087,60,25.00710397,52010
LA,29-2081,"Opticians, Dispensing",High school diploma or equivalent,2030,0.032983915,180,26.71434734,55570
OC,29-2081,"Opticians, Dispensing",High school diploma or equivalent,1000,0.055351453,90,27.3945653,56980
SD/I,29-2081,"Opticians, Dispensing",High school diploma or equivalent,520,0.054628928,50,27.83481602,57900
SCC,29-2081,"Opticians, Dispensing",High school diploma or equivalent,400,0.014414563,30,25.08489059,52180
FN,29-2081,"Opticians, Dispensing",High school diploma or equivalent,130,0.08303948,10,23.06975324,47990
Bay,29-2081,"Opticians, Dispensing",High school diploma or equivalent,1750,0.013513994,150,29.06055533,60450
IE/D,29-2081,"Opticians, Dispensing",High school diploma or equivalent,890,0.077342162,90,26.44232656,55000
GS,29-2081,"Opticians, Dispensing",High school diploma or equivalent,640,0.075486125,60,29.29499403,60930
CVML,29-2099,"Health Technologists and Technicians, All Other",Postsecondary nondegree award,2570,0.129908573,260,26.60402955,55340
OC,29-2099,"Health Technologists and Technicians, All Other",Postsecondary nondegree award,2330,0.094887206,210,29.00134298,60320
FN,29-2099,"Health Technologists and Technicians, All Other",Postsecondary nondegree award,470,0.105514359,40,26.55997138,55240
SCC,29-2099,"Health Technologists and Technicians, All Other",Postsecondary nondegree award,1440,0.102849424,140,26.52753742,55180
Bay,29-2099,"Health Technologists and Technicians, All Other",Postsecondary nondegree award,5420,0.105292805,510,34.74551203,72270
LA,29-2099,"Health Technologists and Technicians, All Other",Postsecondary nondegree award,6900,0.077333427,600,28.32936148,58930
GS,29-2099,"Health Technologists and Technicians, All Other",Postsecondary nondegree award,1800,0.109279296,170,29.78587698,61950
SD/I,29-2099,"Health Technologists and Technicians, All Other",Postsecondary nondegree award,2200,0.131269595,220,28.53198492,59350
IE/D,29-2099,"Health Technologists and Technicians, All Other",Postsecondary nondegree award,2450,0.134535367,250,27.43310732,57060
CA,29-2099,"Health Technologists and Technicians, All Other",Postsecondary nondegree award,26990,0.119737041,2620,29.05499412,60430
FN,29-9021,Health Information Technologists and Medical Registrars,Postsecondary nondegree award,60,0.151926525,10,40.20386474,83620
LA,29-9021,Health Information Technologists and Medical Registrars,Postsecondary nondegree award,970,0.067359563,70,41.43152623,86180
IE/D,29-9021,Health Information Technologists and Medical Registrars,Postsecondary nondegree award,220,0.205641557,20,42.13562693,87640
SD/I,29-9021,Health Information Technologists and Medical Registrars,Postsecondary nondegree award,310,0.117998221,30,40.28439814,83790
SCC,29-9021,Health Information Technologists and Medical Registrars,Postsecondary nondegree award,140,0.137103573,10,40.27280986,83770
CVML,29-9021,Health Information Technologists and Medical Registrars,Postsecondary nondegree award,280,0.121294559,20,38.54841399,80180
CA,29-9021,Health Information Technologists and Medical Registrars,Postsecondary nondegree award,3400,0.138117862,300,42.70173894,88820
OC,29-9021,Health Information Technologists and Medical Registrars,Postsecondary nondegree award,340,0.103396278,30,40.93861011,85150
Bay,29-9021,Health Information Technologists and Medical Registrars,Postsecondary nondegree award,730,0.182393913,70,52.6538245,109520
GS,29-9021,Health Information Technologists and Medical Registrars,Postsecondary nondegree award,230,0.138256905,20,47.96992207,99780
CVML,29-9093,Surgical Assistants,Postsecondary nondegree award,240,0.083637348,20,27.715876,57650
OC,29-9093,Surgical Assistants,Postsecondary nondegree award,90,0.178306168,10,29.15735247,60650
FN,29-9093,Surgical Assistants,Postsecondary nondegree award,40,0.086881182,0,29.39121824,61130
Bay,29-9093,Surgical Assistants,Postsecondary nondegree award,500,0.093249859,40,31.97843361,66520
SD/I,29-9093,Surgical Assistants,Postsecondary nondegree award,570,0.056437858,40,35.56201463,73970
SCC,29-9093,Surgical Assistants,Postsecondary nondegree award,170,0.054389026,10,33.05522041,68750
IE/D,29-9093,Surgical Assistants,Postsecondary nondegree award,40,0.445564343,10,27.13332536,56440
LA,29-9093,Surgical Assistants,Postsecondary nondegree award,210,0.145872358,20,27.7941161,57810
GS,29-9093,Surgical Assistants,Postsecondary nondegree award,170,0.09521357,10,33.22153223,69100
CA,29-9093,Surgical Assistants,Postsecondary nondegree award,2050,0.100451505,170,30.04463163,62490
GS,29-9099,"Healthcare Practitioners and Technical Workers, All Other",Postsecondary nondegree award,280,0.087781892,20,29.31718717,60980
IE/D,29-9099,"Healthcare Practitioners and Technical Workers, All Other",Postsecondary nondegree award,320,0.102603403,30,30.52689708,63500
FN,29-9099,"Healthcare Practitioners and Technical Workers, All Other",Postsecondary nondegree award,90,0.059361941,10,31.35778324,65220
Bay,29-9099,"Healthcare Practitioners and Technical Workers, All Other",Postsecondary nondegree award,1400,0.029688079,90,39.05359833,81230
CVML,29-9099,"Healthcare Practitioners and Technical Workers, All Other",Postsecondary nondegree award,510,0.066874745,40,27.55610361,57320
SD/I,29-9099,"Healthcare Practitioners and Technical Workers, All Other",Postsecondary nondegree award,340,0.081504666,30,40.34305174,83910
SCC,29-9099,"Healthcare Practitioners and Technical Workers, All Other",Postsecondary nondegree award,160,0.054072655,10,35.80808717,74480
OC,29-9099,"Healthcare Practitioners and Technical Workers, All Other",Postsecondary nondegree award,410,0.054138146,30,37.52776623,78060
CA,29-9099,"Healthcare Practitioners and Technical Workers, All Other",Postsecondary nondegree award,4830,0.059853285,350,36.1399247,75170
LA,29-9099,"Healthcare Practitioners and Technical Workers, All Other",Postsecondary nondegree award,1150,0.045641097,80,37.47290388,77940
LA,31-1128,Home Health and Personal Care Aides,High school diploma or equivalent,348330,0.154512683,66040,16.66750053,34670
IE/D,31-1128,Home Health and Personal Care Aides,High school diploma or equivalent,111460,0.208630107,22720,16.93505053,35220
Bay,31-1128,Home Health and Personal Care Aides,High school diploma or equivalent,237120,0.166093504,45620,18.1315228,37710
OC,31-1128,Home Health and Personal Care Aides,High school diploma or equivalent,70020,0.188228516,13880,16.59368208,34510
SCC,31-1128,Home Health and Personal Care Aides,High school diploma or equivalent,44140,0.187119438,8760,16.80330846,34950
FN,31-1128,Home Health and Personal Care Aides,High school diploma or equivalent,27090,0.160420738,5170,16.69858928,34730
SD/I,31-1128,Home Health and Personal Care Aides,High school diploma or equivalent,74810,0.180849493,14690,16.8808156,35110
CA,31-1128,Home Health and Personal Care Aides,High school diploma or equivalent,1092870,0.174811711,212950,16.50298869,34330
CVML,31-1128,Home Health and Personal Care Aides,High school diploma or equivalent,97860,0.193954194,19570,16.62489593,34580
GS,31-1128,Home Health and Personal Care Aides,High school diploma or equivalent,72490,0.195629397,14530,16.69470543,34720
CA,31-1131,Nursing Assistants,Postsecondary nondegree award,119050,0.093438521,19450,22.86571491,47560
OC,31-1131,Nursing Assistants,Postsecondary nondegree award,10090,0.07431,1600,24.1947955,50330
Bay,31-1131,Nursing Assistants,Postsecondary nondegree award,23530,0.094017767,3850,26.10154577,54290
SCC,31-1131,Nursing Assistants,Postsecondary nondegree award,5760,0.092597008,940,22.55246099,46910
FN,31-1131,Nursing Assistants,Postsecondary nondegree award,2730,0.082618363,440,22.30089717,46390
SD/I,31-1131,Nursing Assistants,Postsecondary nondegree award,10690,0.108813026,1790,23.05015309,47940
LA,31-1131,Nursing Assistants,Postsecondary nondegree award,34490,0.079338319,5510,22.38081481,46550
GS,31-1131,Nursing Assistants,Postsecondary nondegree award,6990,0.13387655,1220,22.92251503,47680
CVML,31-1131,Nursing Assistants,Postsecondary nondegree award,12700,0.081291629,2030,22.06780602,45900
IE/D,31-1131,Nursing Assistants,Postsecondary nondegree award,10650,0.124649463,1830,22.29449904,46370
CA,31-1133,Psychiatric Aides,High school diploma or equivalent,3980,0.072134584,640,22.83850138,47500
CVML,31-1133,Psychiatric Aides,High school diploma or equivalent,530,0.02680207,80,25.55090369,53150
OC,31-1133,Psychiatric Aides,High school diploma or equivalent,450,0.110478419,80,24.81163413,51610
SD/I,31-1133,Psychiatric Aides,High school diploma or equivalent,240,0.148864232,40,23.92533506,49760
GS,31-1133,Psychiatric Aides,High school diploma or equivalent,380,0.114540163,60,22.72160684,47260
Bay,31-1133,Psychiatric Aides,High school diploma or equivalent,730,0.067981701,120,28.12083616,58490
IE/D,31-1133,Psychiatric Aides,High school diploma or equivalent,320,0.014790483,50,23.57927652,49040
LA,31-1133,Psychiatric Aides,High school diploma or equivalent,990,0.058501335,150,21.66972729,45070
SCC,31-1133,Psychiatric Aides,High school diploma or equivalent,120,0.11203019,20,21.40876791,44530
FN,31-1133,Psychiatric Aides,High school diploma or equivalent,180,0.048533006,30,21.86727513,45480
IE/D,31-2011,Occupational Therapy Assistants,Associate's degree,410,0.210692824,70,38.45066955,79980
CA,31-2011,Occupational Therapy Assistants,Associate's degree,4090,0.160932769,650,39.21410304,81570
SD/I,31-2011,Occupational Therapy Assistants,Associate's degree,390,0.107573292,60,39.64867372,82470
FN,31-2011,Occupational Therapy Assistants,Associate's degree,90,0.146634551,10,39.89169198,82970
CVML,31-2011,Occupational Therapy Assistants,Associate's degree,350,0.184483799,60,38.86306041,80840
OC,31-2011,Occupational Therapy Assistants,Associate's degree,450,0.073664004,60,38.32843403,79720
GS,31-2011,Occupational Therapy Assistants,Associate's degree,230,0.172976756,40,44.34651024,92240
SCC,31-2011,Occupational Therapy Assistants,Associate's degree,190,0.177785719,30,39.63704111,82450
LA,31-2011,Occupational Therapy Assistants,Associate's degree,1280,0.16704048,200,37.26587266,77510
Bay,31-2011,Occupational Therapy Assistants,Associate's degree,640,0.202833312,110,46.32382817,96350
FN,31-2012,Occupational Therapy Aides,High school diploma or equivalent,0,0.203352098,0,18.99638807,39510
IE/D,31-2012,Occupational Therapy Aides,High school diploma or equivalent,30,0.15725818,0,32.75440088,68130
CA,31-2012,Occupational Therapy Aides,High school diploma or equivalent,360,0.090335434,50,20.8981526,43470
SCC,31-2012,Occupational Therapy Aides,High school diploma or equivalent,60,0.033211489,10,23.430797,48740
LA,31-2012,Occupational Therapy Aides,High school diploma or equivalent,120,0.096156714,20,19.19273747,39920
GS,31-2012,Occupational Therapy Aides,High school diploma or equivalent,10,0.193101044,0,21.82409435,45390
SD/I,31-2012,Occupational Therapy Aides,High school diploma or equivalent,20,0.078238979,0,25.56951065,53180
OC,31-2012,Occupational Therapy Aides,High school diploma or equivalent,40,0.00853031,0,18.99888233,39520
CVML,31-2012,Occupational Therapy Aides,High school diploma or equivalent,20,0.218412031,0,19.64634867,40860
Bay,31-2012,Occupational Therapy Aides,High school diploma or equivalent,60,0.111464952,10,21.71034099,45160
IE/D,31-2021,Physical Therapist Assistants,Associate's degree,890,0.21414047,180,38.04395567,79130
SCC,31-2021,Physical Therapist Assistants,Associate's degree,510,0.166772087,90,38.54809434,80180
LA,31-2021,Physical Therapist Assistants,Associate's degree,2720,0.169098196,500,39.23492889,81610
GS,31-2021,Physical Therapist Assistants,Associate's degree,650,0.145370742,120,39.41355763,81980
CVML,31-2021,Physical Therapist Assistants,Associate's degree,850,0.16531065,160,38.6925809,80480
SD/I,31-2021,Physical Therapist Assistants,Associate's degree,960,0.094244506,160,39.74021193,82660
OC,31-2021,Physical Therapist Assistants,Associate's degree,1030,0.07329084,160,40.04814586,83300
FN,31-2021,Physical Therapist Assistants,Associate's degree,220,0.118985593,40,38.02765699,79100
Bay,31-2021,Physical Therapist Assistants,Associate's degree,1800,0.186155659,340,45.43653742,94510
CA,31-2021,Physical Therapist Assistants,Associate's degree,9800,0.154065151,1770,39.89825519,82990
IE/D,31-2022,Physical Therapist Aides,High school diploma or equivalent,750,0.073847185,120,18.46669591,38410
CVML,31-2022,Physical Therapist Aides,High school diploma or equivalent,650,0.035797826,100,18.06474215,37570
LA,31-2022,Physical Therapist Aides,High school diploma or equivalent,1860,0.052134243,290,18.01137327,37460
GS,31-2022,Physical Therapist Aides,High school diploma or equivalent,400,0.01552772,60,18.13563531,37720
FN,31-2022,Physical Therapist Aides,High school diploma or equivalent,150,0.005941099,20,17.14958803,35670
CA,31-2022,Physical Therapist Aides,High school diploma or equivalent,7430,0.021166719,1110,18.42463146,38320
OC,31-2022,Physical Therapist Aides,High school diploma or equivalent,800,-0.065443613,110,17.6858228,36790
Bay,31-2022,Physical Therapist Aides,High school diploma or equivalent,1330,0.04422526,200,20.75379203,43170
SD/I,31-2022,Physical Therapist Aides,High school diploma or equivalent,790,-0.029423217,110,18.19086993,37840
SCC,31-2022,Physical Therapist Aides,High school diploma or equivalent,580,0.022470893,90,17.44254694,36280
SD/I,31-9011,Massage Therapists,Postsecondary nondegree award,2710,0.104759447,400,21.69979664,45140
CVML,31-9011,Massage Therapists,Postsecondary nondegree award,1790,0.169172697,300,21.76616167,45270
SCC,31-9011,Massage Therapists,Postsecondary nondegree award,1330,0.12013999,200,22.13885492,46050
OC,31-9011,Massage Therapists,Postsecondary nondegree award,3560,0.086053001,530,20.85816612,43380
LA,31-9011,Massage Therapists,Postsecondary nondegree award,7140,0.129157417,1110,21.04644841,43780
Bay,31-9011,Massage Therapists,Postsecondary nondegree award,5220,0.113094208,790,21.02427418,43730
IE/D,31-9011,Massage Therapists,Postsecondary nondegree award,2830,0.152520744,460,21.24250558,44180
FN,31-9011,Massage Therapists,Postsecondary nondegree award,380,0.110860428,60,24.73313939,51440
GS,31-9011,Massage Therapists,Postsecondary nondegree award,1430,0.108663886,210,23.65690516,49210
CA,31-9011,Massage Therapists,Postsecondary nondegree award,26580,0.121361219,4090,21.71104776,45160
OC,31-9091,Dental Assistants,Postsecondary nondegree award,6720,0.07170832,990,23.46843367,48810
SCC,31-9091,Dental Assistants,Postsecondary nondegree award,3210,0.056556708,460,27.61262458,57430
Bay,31-9091,Dental Assistants,Postsecondary nondegree award,13180,0.040227718,1830,30.86181149,64190
CVML,31-9091,Dental Assistants,Postsecondary nondegree award,5150,0.07217858,760,23.7820049,49470
LA,31-9091,Dental Assistants,Postsecondary nondegree award,13910,0.062894766,2010,22.1068349,45980
IE/D,31-9091,Dental Assistants,Postsecondary nondegree award,5340,0.081021335,800,23.71068049,49320
CA,31-9091,Dental Assistants,Postsecondary nondegree award,57420,0.063215865,8310,24.03729482,50000
GS,31-9091,Dental Assistants,Postsecondary nondegree award,3560,0.07284919,530,27.79462994,57810
FN,31-9091,Dental Assistants,Postsecondary nondegree award,1130,0.020061771,150,25.44591683,52930
SD/I,31-9091,Dental Assistants,Postsecondary nondegree award,4590,0.071892027,670,27.83949721,57910
FN,31-9092,Medical Assistants,Postsecondary nondegree award,2250,0.082456199,320,22.72888106,47280
GS,31-9092,Medical Assistants,Postsecondary nondegree award,8220,0.116987521,1230,28.7620364,59830
CA,31-9092,Medical Assistants,Postsecondary nondegree award,119820,0.106614075,17530,23.83652419,49580
LA,31-9092,Medical Assistants,Postsecondary nondegree award,27540,0.069910984,3770,22.74021813,47300
SD/I,31-9092,Medical Assistants,Postsecondary nondegree award,10370,0.117239033,1540,23.62182853,49130
CVML,31-9092,Medical Assistants,Postsecondary nondegree award,12080,0.115352512,1790,22.63952384,47090
SCC,31-9092,Medical Assistants,Postsecondary nondegree award,6350,0.081419461,890,24.02644719,49980
Bay,31-9092,Medical Assistants,Postsecondary nondegree award,26340,0.093056023,3760,28.57793874,59440
OC,31-9092,Medical Assistants,Postsecondary nondegree award,10800,0.098446371,1560,23.47527513,48830
IE/D,31-9092,Medical Assistants,Postsecondary nondegree award,11430,0.119105849,1710,22.50735903,46820
GS,31-9093,Medical Equipment Preparers,High school diploma or equivalent,730,0.09533487,110,37.67904847,78370
CA,31-9093,Medical Equipment Preparers,High school diploma or equivalent,8900,0.080013914,1310,29.46466113,61290
SD/I,31-9093,Medical Equipment Preparers,High school diploma or equivalent,660,0.112741608,100,32.44875045,67490
CVML,31-9093,Medical Equipment Preparers,High school diploma or equivalent,860,0.091618191,130,24.59359877,51150
LA,31-9093,Medical Equipment Preparers,High school diploma or equivalent,2180,0.044301131,300,28.52148322,59320
Bay,31-9093,Medical Equipment Preparers,High school diploma or equivalent,2100,0.059822355,300,38.49872325,80080
OC,31-9093,Medical Equipment Preparers,High school diploma or equivalent,760,0.069584706,110,28.76776579,59840
IE/D,31-9093,Medical Equipment Preparers,High school diploma or equivalent,810,0.140358641,130,28.57916589,59440
SCC,31-9093,Medical Equipment Preparers,High school diploma or equivalent,380,0.079958591,60,28.65665458,59610
FN,31-9093,Medical Equipment Preparers,High school diploma or equivalent,220,0.067793392,30,25.66236648,53380
IE/D,31-9094,Medical Transcriptionists,Postsecondary nondegree award,560,-0.010226293,100,20.43512924,42510
FN,31-9094,Medical Transcriptionists,Postsecondary nondegree award,240,-0.027427069,40,23.37260697,48620
OC,31-9094,Medical Transcriptionists,Postsecondary nondegree award,800,0.002721539,140,18.59006317,38670
SD/I,31-9094,Medical Transcriptionists,Postsecondary nondegree award,760,-0.031688436,130,21.75697776,45250
CVML,31-9094,Medical Transcriptionists,Postsecondary nondegree award,430,0.001994068,80,20.02586041,41650
GS,31-9094,Medical Transcriptionists,Postsecondary nondegree award,210,0.00999249,40,22.71246265,47240
CA,31-9094,Medical Transcriptionists,Postsecondary nondegree award,6430,-0.021505318,1150,21.47884772,44680
Bay,31-9094,Medical Transcriptionists,Postsecondary nondegree award,1200,-0.021859484,210,26.23976767,54580
SCC,31-9094,Medical Transcriptionists,Postsecondary nondegree award,270,-0.047217941,50,23.00385506,47850
LA,31-9094,Medical Transcriptionists,Postsecondary nondegree award,1640,-0.066516552,280,18.57646751,38640
FN,31-9096,Veterinary Assistants and Laboratory Animal Caretakers,High school diploma or equivalent,390,0.027107571,70,20.57779937,42800
OC,31-9096,Veterinary Assistants and Laboratory Animal Caretakers,High school diploma or equivalent,1650,0.072884247,320,21.92458014,45600
SD/I,31-9096,Veterinary Assistants and Laboratory Animal Caretakers,High school diploma or equivalent,2030,0.087129278,400,22.44975902,46700
CVML,31-9096,Veterinary Assistants and Laboratory Animal Caretakers,High school diploma or equivalent,1030,0.053534929,190,19.83999568,41270
GS,31-9096,Veterinary Assistants and Laboratory Animal Caretakers,High school diploma or equivalent,1890,0.06382409,360,22.86550831,47560
CA,31-9096,Veterinary Assistants and Laboratory Animal Caretakers,High school diploma or equivalent,16500,0.075290268,3210,22.22205402,46220
LA,31-9096,Veterinary Assistants and Laboratory Animal Caretakers,High school diploma or equivalent,3170,0.090507903,630,22.24547865,46270
Bay,31-9096,Veterinary Assistants and Laboratory Animal Caretakers,High school diploma or equivalent,3780,0.066232035,730,23.47440783,48830
IE/D,31-9096,Veterinary Assistants and Laboratory Animal Caretakers,High school diploma or equivalent,1290,0.077285848,250,21.52341049,44770
SCC,31-9096,Veterinary Assistants and Laboratory Animal Caretakers,High school diploma or equivalent,1020,0.071847829,200,21.69639263,45130
LA,31-9097,Phlebotomists,Postsecondary nondegree award,3020,0.011914773,380,24.6876186,51350
SD/I,31-9097,Phlebotomists,Postsecondary nondegree award,1430,0.049184694,190,27.56638557,57340
Bay,31-9097,Phlebotomists,Postsecondary nondegree award,2270,0.072411158,320,28.73885443,59780
SCC,31-9097,Phlebotomists,Postsecondary nondegree award,650,0.036529519,90,27.02486875,56210
CVML,31-9097,Phlebotomists,Postsecondary nondegree award,1300,0.052484059,180,24.19064441,50320
FN,31-9097,Phlebotomists,Postsecondary nondegree award,370,0.017745157,50,27.51120421,57220
GS,31-9097,Phlebotomists,Postsecondary nondegree award,880,0.126181282,140,25.58112009,53210
IE/D,31-9097,Phlebotomists,Postsecondary nondegree award,1420,0.110582291,210,24.76100665,51500
CA,31-9097,Phlebotomists,Postsecondary nondegree award,13630,0.064534724,1910,26.91752009,55990
OC,31-9097,Phlebotomists,Postsecondary nondegree award,1640,0.038567281,220,26.87798083,55910
LA,31-9099,"Healthcare Support Workers, All Other",High school diploma or equivalent,8150,0.03617447,1100,23.49690942,48870
SCC,31-9099,"Healthcare Support Workers, All Other",High school diploma or equivalent,1160,0.02162097,150,27.74839943,57720
Bay,31-9099,"Healthcare Support Workers, All Other",High school diploma or equivalent,3940,0.03866657,540,29.56348845,61490
SD/I,31-9099,"Healthcare Support Workers, All Other",High school diploma or equivalent,1780,0.0477238,250,27.49414135,57190
CVML,31-9099,"Healthcare Support Workers, All Other",High school diploma or equivalent,1710,0.058289078,240,25.45194017,52940
GS,31-9099,"Healthcare Support Workers, All Other",High school diploma or equivalent,940,0.087498527,140,25.67533991,53400
IE/D,31-9099,"Healthcare Support Workers, All Other",High school diploma or equivalent,2220,0.065777144,320,27.22343877,56620
FN,31-9099,"Healthcare Support Workers, All Other",High school diploma or equivalent,390,0.031140505,50,23.77441479,49450
CA,31-9099,"Healthcare Support Workers, All Other",High school diploma or equivalent,24140,0.044330834,3330,23.62263677,49140
OC,31-9099,"Healthcare Support Workers, All Other",High school diploma or equivalent,3090,0.022791795,410,23.9755262,49870
OC,33-1011,First-Line Supervisors of Correctional Officers,High school diploma or equivalent,50,0.121866683,10,57.73052618,120080
CA,33-1011,First-Line Supervisors of Correctional Officers,High school diploma or equivalent,4650,0.050234575,430,63.08,131210
FN,33-1011,First-Line Supervisors of Correctional Officers,High school diploma or equivalent,290,-0.012056083,20,60.65916083,126170
IE/D,33-1011,First-Line Supervisors of Correctional Officers,High school diploma or equivalent,610,0.038334905,50,64.50892173,134180
GS,33-1011,First-Line Supervisors of Correctional Officers,High school diploma or equivalent,590,0.125104268,60,65.44961081,136140
CVML,33-1011,First-Line Supervisors of Correctional Officers,High school diploma or equivalent,1320,0.032626061,120,63.55080224,132190
LA,33-1011,First-Line Supervisors of Correctional Officers,High school diploma or equivalent,200,0.130113836,20,62.04470428,129050
SCC,33-1011,First-Line Supervisors of Correctional Officers,High school diploma or equivalent,230,0.016110092,20,61.30860222,127520
SD/I,33-1011,First-Line Supervisors of Correctional Officers,High school diploma or equivalent,590,0.023732351,50,69.15867415,143850
Bay,33-1011,First-Line Supervisors of Correctional Officers,High school diploma or equivalent,770,0.060073279,70,64.04046167,133200
OC,33-1012,First-Line Supervisors of Police and Detectives,High school diploma or equivalent,910,0.06217406,70,74.30353034,154550
FN,33-1012,First-Line Supervisors of Police and Detectives,High school diploma or equivalent,480,0.051767213,40,58.85372613,122420
Bay,33-1012,First-Line Supervisors of Police and Detectives,High school diploma or equivalent,2790,0.064726351,220,83.72658353,174150
IE/D,33-1012,First-Line Supervisors of Police and Detectives,High school diploma or equivalent,1440,0.129443547,140,75.10797882,156220
CA,33-1012,First-Line Supervisors of Police and Detectives,High school diploma or equivalent,14640,0.077600278,1200,78.83,163970
GS,33-1012,First-Line Supervisors of Police and Detectives,High school diploma or equivalent,1200,0.093124135,100,76.93851231,160030
SD/I,33-1012,First-Line Supervisors of Police and Detectives,High school diploma or equivalent,1570,0.060964184,120,71.3170425,148340
CVML,33-1012,First-Line Supervisors of Police and Detectives,High school diploma or equivalent,1520,0.100056814,130,60.3842209,125600
SCC,33-1012,First-Line Supervisors of Police and Detectives,High school diploma or equivalent,950,0.051336712,70,72.3146723,150410
LA,33-1012,First-Line Supervisors of Police and Detectives,High school diploma or equivalent,3760,0.072115852,300,81.96040368,170480
CVML,33-1021,First-Line Supervisors of Firefighting and Prevention Workers,Postsecondary nondegree award,1190,0.094852013,100,49.72107241,103420
LA,33-1021,First-Line Supervisors of Firefighting and Prevention Workers,Postsecondary nondegree award,1810,0.087956136,150,82.81070626,172250
SD/I,33-1021,First-Line Supervisors of Firefighting and Prevention Workers,Postsecondary nondegree award,780,0.077945058,60,47.22188438,98220
GS,33-1021,First-Line Supervisors of Firefighting and Prevention Workers,Postsecondary nondegree award,760,0.078023729,60,74.14105859,154210
IE/D,33-1021,First-Line Supervisors of Firefighting and Prevention Workers,Postsecondary nondegree award,670,0.177411341,70,55.8889552,116250
Bay,33-1021,First-Line Supervisors of Firefighting and Prevention Workers,Postsecondary nondegree award,1610,0.072323916,130,70.66277966,146980
FN,33-1021,First-Line Supervisors of Firefighting and Prevention Workers,Postsecondary nondegree award,330,0.050970238,20,36.76063041,76460
OC,33-1021,First-Line Supervisors of Firefighting and Prevention Workers,Postsecondary nondegree award,450,0.080190075,40,75.16084954,156330
CA,33-1021,First-Line Supervisors of Firefighting and Prevention Workers,Postsecondary nondegree award,8290,0.087131886,690,61.36,127630
SCC,33-1021,First-Line Supervisors of Firefighting and Prevention Workers,Postsecondary nondegree award,670,0.055289708,50,53.4955134,111270
CVML,33-1091,First-Line Supervisors of Security Workers,High school diploma or equivalent,650,0.042326444,70,29.80057872,61990
GS,33-1091,First-Line Supervisors of Security Workers,High school diploma or equivalent,680,0.069464745,80,24.91072791,51810
FN,33-1091,First-Line Supervisors of Security Workers,High school diploma or equivalent,170,0.041108691,20,31.21336024,64920
LA,33-1091,First-Line Supervisors of Security Workers,High school diploma or equivalent,3120,0.066425252,340,24.17595779,50290
CA,33-1091,First-Line Supervisors of Security Workers,High school diploma or equivalent,10760,0.068083885,1200,25.92892292,53930
IE/D,33-1091,First-Line Supervisors of Security Workers,High school diploma or equivalent,1100,0.071801618,120,23.50824945,48900
OC,33-1091,First-Line Supervisors of Security Workers,High school diploma or equivalent,890,0.101799403,110,23.29332892,48450
SD/I,33-1091,First-Line Supervisors of Security Workers,High school diploma or equivalent,1240,0.023277783,120,22.42217364,46640
SCC,33-1091,First-Line Supervisors of Security Workers,High school diploma or equivalent,390,0.045375015,40,30.77808032,64020
Bay,33-1091,First-Line Supervisors of Security Workers,High school diploma or equivalent,2260,0.087728159,260,28.70407144,59700
GS,33-1099,"First-Line Supervisors of Protective Service Workers, All Other",High school diploma or equivalent,180,0.080322274,20,40.57792985,84400
SD/I,33-1099,"First-Line Supervisors of Protective Service Workers, All Other",High school diploma or equivalent,480,0.019550278,50,49.4337955,102820
CVML,33-1099,"First-Line Supervisors of Protective Service Workers, All Other",High school diploma or equivalent,180,0.054333731,20,40.14797898,83510
IE/D,33-1099,"First-Line Supervisors of Protective Service Workers, All Other",High school diploma or equivalent,180,0.059644193,20,41.35167521,86010
CA,33-1099,"First-Line Supervisors of Protective Service Workers, All Other",High school diploma or equivalent,2450,0.044360358,260,44.54672217,92660
SCC,33-1099,"First-Line Supervisors of Protective Service Workers, All Other",High school diploma or equivalent,80,0.035058414,10,41.04627799,85380
Bay,33-1099,"First-Line Supervisors of Protective Service Workers, All Other",High school diploma or equivalent,470,0.037804416,50,44.88563075,93360
LA,33-1099,"First-Line Supervisors of Protective Service Workers, All Other",High school diploma or equivalent,570,0.036704463,60,46.36968382,96450
FN,33-1099,"First-Line Supervisors of Protective Service Workers, All Other",High school diploma or equivalent,40,0.029816769,0,41.85978611,87070
OC,33-1099,"First-Line Supervisors of Protective Service Workers, All Other",High school diploma or equivalent,220,0.053044404,20,43.27333326,90010
GS,33-2011,Firefighters,Postsecondary nondegree award,3080,0.075848486,280,43.76614394,91030
SCC,33-2011,Firefighters,Postsecondary nondegree award,2110,0.056598682,180,37.45837836,77910
CVML,33-2011,Firefighters,Postsecondary nondegree award,3840,0.096956496,370,35.18783724,73190
OC,33-2011,Firefighters,Postsecondary nondegree award,1390,0.080819453,130,43.49029899,90460
SD/I,33-2011,Firefighters,Postsecondary nondegree award,3510,0.064063071,310,33.77497144,70250
IE/D,33-2011,Firefighters,Postsecondary nondegree award,3540,0.128708411,370,38.01849265,79080
CA,33-2011,Firefighters,Postsecondary nondegree award,32710,0.078652539,3030,40.919782,85110
LA,33-2011,Firefighters,Postsecondary nondegree award,5500,0.092344905,530,47.97482422,99790
Bay,33-2011,Firefighters,Postsecondary nondegree award,7260,0.060554393,640,50.6919692,105440
FN,33-2011,Firefighters,Postsecondary nondegree award,2340,0.03995503,200,30.12935196,62670
SD/I,33-2021,Fire Inspectors and Investigators,Postsecondary nondegree award,80,0.066887707,10,42.32157244,88030
IE/D,33-2021,Fire Inspectors and Investigators,Postsecondary nondegree award,270,0.08294562,30,47.1031759,97970
LA,33-2021,Fire Inspectors and Investigators,Postsecondary nondegree award,80,0.162239297,10,45.63238024,94920
SCC,33-2021,Fire Inspectors and Investigators,Postsecondary nondegree award,130,0.060870796,10,41.80387311,86950
GS,33-2021,Fire Inspectors and Investigators,Postsecondary nondegree award,100,0.104053536,10,50.35355548,104740
CVML,33-2021,Fire Inspectors and Investigators,Postsecondary nondegree award,260,0.058799157,30,40.42955479,84090
FN,33-2021,Fire Inspectors and Investigators,Postsecondary nondegree award,30,0.05160614,0,46.13778444,95970
OC,33-2021,Fire Inspectors and Investigators,Postsecondary nondegree award,30,0.16714964,0,42.34252681,88070
CA,33-2021,Fire Inspectors and Investigators,Postsecondary nondegree award,1400,0.071730672,160,46.95165508,97660
Bay,33-2021,Fire Inspectors and Investigators,Postsecondary nondegree award,400,0.038462119,40,57.29257065,119170
Bay,33-2022,Forest Fire Inspectors and Prevention Specialists,High school diploma or equivalent,70,0.112278111,10,37.83665719,78700
CA,33-2022,Forest Fire Inspectors and Prevention Specialists,High school diploma or equivalent,510,0.110200282,60,44.47166583,92500
LA,33-2022,Forest Fire Inspectors and Prevention Specialists,High school diploma or equivalent,110,0.117372443,10,49.85934983,103710
SCC,33-2022,Forest Fire Inspectors and Prevention Specialists,High school diploma or equivalent,10,0.083742213,0,40.02449925,83250
SD/I,33-2022,Forest Fire Inspectors and Prevention Specialists,High school diploma or equivalent,50,0.109291035,10,45.79835411,95260
GS,33-2022,Forest Fire Inspectors and Prevention Specialists,High school diploma or equivalent,50,0.126826769,10,48.84505336,101600
FN,33-2022,Forest Fire Inspectors and Prevention Specialists,High school diploma or equivalent,0,-0.057592911,0,40.04107817,83290
IE/D,33-2022,Forest Fire Inspectors and Prevention Specialists,High school diploma or equivalent,30,0.14972458,0,40.02449925,83250
CVML,33-2022,Forest Fire Inspectors and Prevention Specialists,High school diploma or equivalent,150,0.103693891,20,43.27192833,90010
OC,33-2022,Forest Fire Inspectors and Prevention Specialists,High school diploma or equivalent,30,0.076690879,0,46.67209874,97080
FN,33-3011,Bailiffs,High school diploma or equivalent,10,0.015874517,0,26.65370317,55440
Bay,33-3011,Bailiffs,High school diploma or equivalent,20,0.613998299,0,28.02310811,58290
SCC,33-3011,Bailiffs,High school diploma or equivalent,10,0.116198319,0,28.67069573,59640
GS,33-3011,Bailiffs,High school diploma or equivalent,0,11.5173824,0,29.20446708,60750
IE/D,33-3011,Bailiffs,High school diploma or equivalent,40,0.237864123,10,27.70427644,57620
CVML,33-3011,Bailiffs,High school diploma or equivalent,10,0.696790615,0,25.19797062,52410
LA,33-3011,Bailiffs,High school diploma or equivalent,10,1.19757705,0,30.23333031,62890
OC,33-3011,Bailiffs,High school diploma or equivalent,0,1.200890454,0,30.23333031,62890
SD/I,33-3011,Bailiffs,High school diploma or equivalent,20,0.198076921,0,29.77767775,61940
CA,33-3011,Bailiffs,High school diploma or equivalent,130,0.509374737,30,28.20842507,58670
OC,33-3012,Correctional Officers and Jailers,High school diploma or equivalent,1180,0.030242769,110,35.76097499,74380
LA,33-3012,Correctional Officers and Jailers,High school diploma or equivalent,4710,0.037681982,460,38.34801566,79760
CVML,33-3012,Correctional Officers and Jailers,High school diploma or equivalent,11310,0.0000193207,1040,48.50825506,100900
IE/D,33-3012,Correctional Officers and Jailers,High school diploma or equivalent,4990,0.017273384,470,45.47525209,94590
CA,33-3012,Correctional Officers and Jailers,High school diploma or equivalent,38530,0.022351791,3710,46.33,96370
GS,33-3012,Correctional Officers and Jailers,High school diploma or equivalent,2480,0.15147973,310,42.45728707,88310
SCC,33-3012,Correctional Officers and Jailers,High school diploma or equivalent,1920,-0.012250604,170,46.02479978,95730
SD/I,33-3012,Correctional Officers and Jailers,High school diploma or equivalent,3250,0.006333497,300,44.75690664,93090
Bay,33-3012,Correctional Officers and Jailers,High school diploma or equivalent,6350,0.037957329,630,49.16439713,102260
FN,33-3012,Correctional Officers and Jailers,High school diploma or equivalent,2090,-0.028269651,190,45.61660044,94880
OC,33-3021,Detectives and Criminal Investigators,High school diploma or equivalent,600,0.040110868,50,57.16802357,118910
LA,33-3021,Detectives and Criminal Investigators,High school diploma or equivalent,2520,0.05001536,200,62.41678204,129830
CA,33-3021,Detectives and Criminal Investigators,High school diploma or equivalent,13610,0.050105245,1070,60.02,124840
GS,33-3021,Detectives and Criminal Investigators,High school diploma or equivalent,1690,0.06499722,140,52.71786853,109650
IE/D,33-3021,Detectives and Criminal Investigators,High school diploma or equivalent,1590,0.063098914,130,60.78975867,126440
CVML,33-3021,Detectives and Criminal Investigators,High school diploma or equivalent,1100,0.06422275,90,50.000502,104000
SCC,33-3021,Detectives and Criminal Investigators,High school diploma or equivalent,460,0.035313319,40,62.04861924,129060
Bay,33-3021,Detectives and Criminal Investigators,High school diploma or equivalent,1310,0.059913997,110,62.60351922,130220
FN,33-3021,Detectives and Criminal Investigators,High school diploma or equivalent,170,0.06753,10,41.75579307,86850
SD/I,33-3021,Detectives and Criminal Investigators,High school diploma or equivalent,4020,0.024646269,290,59.91661715,124630
CVML,33-3031,Fish and Game Wardens,Bachelor's degree,130,0.015998585,10,47.97107923,99780
LA,33-3031,Fish and Game Wardens,Bachelor's degree,50,0.00998395,0,40.69884202,84650
GS,33-3031,Fish and Game Wardens,Bachelor's degree,50,0.217674129,10,50.31210597,104650
SCC,33-3031,Fish and Game Wardens,Bachelor's degree,10,-0.020779311,0,42.38352331,88160
IE/D,33-3031,Fish and Game Wardens,Bachelor's degree,40,-0.01174765,0,45.73182605,95120
CA,33-3031,Fish and Game Wardens,Bachelor's degree,360,0.037801406,30,47.06157422,97890
Bay,33-3031,Fish and Game Wardens,Bachelor's degree,10,0.118572746,0,44.54920112,92660
OC,33-3031,Fish and Game Wardens,Bachelor's degree,10,-0.012394334,0,38.77138757,80640
FN,33-3031,Fish and Game Wardens,Bachelor's degree,60,0.000271221,0,40.32176434,83870
SD/I,33-3031,Fish and Game Wardens,Bachelor's degree,0,0.20083206,0,49.86643411,103720
SD/I,33-3051,Police and Sheriff's Patrol Officers,High school diploma or equivalent,7340,0.061611394,640,52.07896877,108320
OC,33-3051,Police and Sheriff's Patrol Officers,High school diploma or equivalent,4690,0.057903212,410,54.09136133,112510
CVML,33-3051,Police and Sheriff's Patrol Officers,High school diploma or equivalent,6910,0.098730876,660,45.13729685,93890
LA,33-3051,Police and Sheriff's Patrol Officers,High school diploma or equivalent,19180,0.067788836,1700,59.61692759,124000
FN,33-3051,Police and Sheriff's Patrol Officers,High school diploma or equivalent,1780,0.059990539,160,44.65852882,92890
Bay,33-3051,Police and Sheriff's Patrol Officers,High school diploma or equivalent,14650,0.059838079,1280,62.80383176,130630
IE/D,33-3051,Police and Sheriff's Patrol Officers,High school diploma or equivalent,6600,0.129485412,680,48.43679611,100750
SCC,33-3051,Police and Sheriff's Patrol Officers,High school diploma or equivalent,4840,0.046925505,410,57.0138213,118590
CA,33-3051,Police and Sheriff's Patrol Officers,High school diploma or equivalent,72300,0.073341347,6530,57.12565926,118820
GS,33-3051,Police and Sheriff's Patrol Officers,High school diploma or equivalent,6230,0.081341987,580,52.60894252,109430
SCC,33-3052,Transit and Railroad Police,High school diploma or equivalent,10,0.06298533,0,48.83964338,101590
LA,33-3052,Transit and Railroad Police,High school diploma or equivalent,30,0.131965806,0,40.77121747,84800
SD/I,33-3052,Transit and Railroad Police,High school diploma or equivalent,30,0.080165636,0,52.99365984,110230
FN,33-3052,Transit and Railroad Police,High school diploma or equivalent,0,-0.09563615,0,47.97186384,99780
CA,33-3052,Transit and Railroad Police,High school diploma or equivalent,220,0.089148286,20,52.70814941,109630
Bay,33-3052,Transit and Railroad Police,High school diploma or equivalent,20,0.118907748,0,49.73146464,103440
IE/D,33-3052,Transit and Railroad Police,High school diploma or equivalent,20,0.1747104,0,48.54717162,100980
CVML,33-3052,Transit and Railroad Police,High school diploma or equivalent,60,0.066926384,10,44.97841129,93560
GS,33-3052,Transit and Railroad Police,High school diploma or equivalent,40,0.049021602,0,58.03494543,120710
OC,33-3052,Transit and Railroad Police,High school diploma or equivalent,10,0.127424304,0,37.4620199,77920
OC,33-9021,Private Detectives and Investigators,High school diploma or equivalent,450,0.045723773,40,29.44882245,61250
SCC,33-9021,Private Detectives and Investigators,High school diploma or equivalent,240,0.009284567,20,29.00625406,60330
GS,33-9021,Private Detectives and Investigators,High school diploma or equivalent,410,0.052044783,40,25.14273688,52300
IE/D,33-9021,Private Detectives and Investigators,High school diploma or equivalent,570,0.054283766,50,28.72284385,59740
Bay,33-9021,Private Detectives and Investigators,High school diploma or equivalent,950,0.04496619,90,29.61091415,61590
FN,33-9021,Private Detectives and Investigators,High school diploma or equivalent,150,0.046616238,10,38.34955249,79770
SD/I,33-9021,Private Detectives and Investigators,High school diploma or equivalent,500,0.027169607,40,24.82782177,51640
LA,33-9021,Private Detectives and Investigators,High school diploma or equivalent,1390,0.03066185,120,29.66573532,61700
CVML,33-9021,Private Detectives and Investigators,High school diploma or equivalent,510,0.045493834,50,25.78964768,53640
CA,33-9021,Private Detectives and Investigators,High school diploma or equivalent,5290,0.044715367,490,29.44477583,61250
GS,33-9031,Gambling Surveillance Officers and Gambling Investigators,High school diploma or equivalent,100,0.155591491,20,21.65596391,45040
CA,33-9031,Gambling Surveillance Officers and Gambling Investigators,High school diploma or equivalent,820,-0.010544753,110,21.50833015,44740
FN,33-9031,Gambling Surveillance Officers and Gambling Investigators,High school diploma or equivalent,0,0.053481813,0,19.76925132,41120
Bay,33-9031,Gambling Surveillance Officers and Gambling Investigators,High school diploma or equivalent,250,0.008512773,30,22.31507653,46420
SCC,33-9031,Gambling Surveillance Officers and Gambling Investigators,High school diploma or equivalent,10,0.107731995,0,20.58921482,42830
IE/D,33-9031,Gambling Surveillance Officers and Gambling Investigators,High school diploma or equivalent,30,0.163660327,0,21.42854744,44570
LA,33-9031,Gambling Surveillance Officers and Gambling Investigators,High school diploma or equivalent,320,-0.112114376,40,22.98713785,47810
CVML,33-9031,Gambling Surveillance Officers and Gambling Investigators,High school diploma or equivalent,30,0.117602241,0,19.67776238,40930
SD/I,33-9031,Gambling Surveillance Officers and Gambling Investigators,High school diploma or equivalent,40,0.012507334,0,21.85128899,45450
OC,33-9031,Gambling Surveillance Officers and Gambling Investigators,High school diploma or equivalent,30,-0.019721409,0,24.3215237,50590
FN,33-9032,Security Guards,High school diploma or equivalent,1670,0.039878322,230,19.63246285,40840
LA,33-9032,Security Guards,High school diploma or equivalent,63130,0.042724023,8740,19.3266472,40200
GS,33-9032,Security Guards,High school diploma or equivalent,12820,0.051132248,1810,18.9972827,39510
SCC,33-9032,Security Guards,High school diploma or equivalent,6670,0.027079887,900,19.98706709,41570
IE/D,33-9032,Security Guards,High school diploma or equivalent,22210,0.048766833,3110,18.34750368,38160
Bay,33-9032,Security Guards,High school diploma or equivalent,44570,0.062742351,6420,22.03148085,45830
SD/I,33-9032,Security Guards,High school diploma or equivalent,17290,0.016949717,2280,18.47896312,38440
CA,33-9032,Security Guards,High school diploma or equivalent,201890,0.049951205,28380,20.78060911,43220
CVML,33-9032,Security Guards,High school diploma or equivalent,11570,0.033663281,1590,18.25937946,37980
OC,33-9032,Security Guards,High school diploma or equivalent,17310,0.084732199,2590,18.93057952,39380
SCC,33-9093,Transportation Security Screeners,High school diploma or equivalent,470,-0.008092288,50,34.39881482,71550
IE/D,33-9093,Transportation Security Screeners,High school diploma or equivalent,540,0.002551202,60,35.20990538,73240
SD/I,33-9093,Transportation Security Screeners,High school diploma or equivalent,900,0.010399389,100,35.16152951,73140
Bay,33-9093,Transportation Security Screeners,High school diploma or equivalent,780,-0.022591458,80,37.369092,77730
FN,33-9093,Transportation Security Screeners,High school diploma or equivalent,30,0.080388881,0,32.30707534,67200
CA,33-9093,Transportation Security Screeners,High school diploma or equivalent,6080,0.006759579,660,35.39,73610
GS,33-9093,Transportation Security Screeners,High school diploma or equivalent,390,-0.025196403,40,33.80127692,70310
CVML,33-9093,Transportation Security Screeners,High school diploma or equivalent,240,0.021575125,30,30.49282902,63430
OC,33-9093,Transportation Security Screeners,High school diploma or equivalent,410,-0.010408382,40,33.42102999,69520
LA,33-9093,Transportation Security Screeners,High school diploma or equivalent,2090,-0.000601387,220,35.74296134,74350
GS,35-1011,Chefs and Head Cooks,High school diploma or equivalent,2070,0.061473558,260,26.44451534,55000
IE/D,35-1011,Chefs and Head Cooks,High school diploma or equivalent,3310,0.089826565,450,29.43696796,61230
SCC,35-1011,Chefs and Head Cooks,High school diploma or equivalent,1820,0.057791589,230,28.98930635,60300
CA,35-1011,Chefs and Head Cooks,High school diploma or equivalent,36490,0.059173183,4630,29.48261169,61320
Bay,35-1011,Chefs and Head Cooks,High school diploma or equivalent,9150,0.041701123,1120,32.25416852,67090
SD/I,35-1011,Chefs and Head Cooks,High school diploma or equivalent,4330,0.061661855,550,28.41844407,59110
CVML,35-1011,Chefs and Head Cooks,High school diploma or equivalent,2330,0.096349047,320,25.41518381,52860
OC,35-1011,Chefs and Head Cooks,High school diploma or equivalent,3530,0.059493889,450,31.56423224,65650
LA,35-1011,Chefs and Head Cooks,High school diploma or equivalent,9210,0.053698953,1160,32.28481302,67150
FN,35-1011,Chefs and Head Cooks,High school diploma or equivalent,470,0.029958112,60,25.12669329,52260
IE/D,35-1012,First-Line Supervisors of Food Preparation and Serving Workers,High school diploma or equivalent,17480,0.084431942,2860,21.70202894,45140
CVML,35-1012,First-Line Supervisors of Food Preparation and Serving Workers,High school diploma or equivalent,13500,0.079627528,2190,21.9628691,45680
OC,35-1012,First-Line Supervisors of Food Preparation and Serving Workers,High school diploma or equivalent,11840,0.082713884,1930,21.9066559,45570
Bay,35-1012,First-Line Supervisors of Food Preparation and Serving Workers,High school diploma or equivalent,27680,0.048437353,4260,25.06523984,52140
CA,35-1012,First-Line Supervisors of Food Preparation and Serving Workers,High school diploma or equivalent,132250,0.068175037,21060,22.56838601,46940
GS,35-1012,First-Line Supervisors of Food Preparation and Serving Workers,High school diploma or equivalent,8370,0.064164428,1320,22.63616864,47080
FN,35-1012,First-Line Supervisors of Food Preparation and Serving Workers,High school diploma or equivalent,2640,0.009691922,380,22.08855111,45940
SCC,35-1012,First-Line Supervisors of Food Preparation and Serving Workers,High school diploma or equivalent,7620,0.060399559,1200,22.53121796,46860
SD/I,35-1012,First-Line Supervisors of Food Preparation and Serving Workers,High school diploma or equivalent,13560,0.071629214,2170,22.5575384,46920
LA,35-1012,First-Line Supervisors of Food Preparation and Serving Workers,High school diploma or equivalent,28990,0.071674993,4640,22.82002192,47470
OC,35-2013,"Cooks, Private Household",Postsecondary nondegree award,20,0.065105112,0,17.3726468,36140
IE/D,35-2013,"Cooks, Private Household",Postsecondary nondegree award,30,0.053258102,0,34.95181859,72700
FN,35-2013,"Cooks, Private Household",Postsecondary nondegree award,0,0.076112296,0,16.50468906,34330
CA,35-2013,"Cooks, Private Household",Postsecondary nondegree award,240,0.013518961,40,16.50973619,34340
CVML,35-2013,"Cooks, Private Household",Postsecondary nondegree award,50,-0.035142186,10,19.95308846,41500
Bay,35-2013,"Cooks, Private Household",Postsecondary nondegree award,40,-0.001574725,10,18.33680296,38140
SCC,35-2013,"Cooks, Private Household",Postsecondary nondegree award,10,0.01912007,0,16.50305965,34330
GS,35-2013,"Cooks, Private Household",Postsecondary nondegree award,10,0.034621652,0,16.50340121,34330
LA,35-2013,"Cooks, Private Household",Postsecondary nondegree award,40,0.025927048,10,16.50399641,34330
SD/I,35-2013,"Cooks, Private Household",Postsecondary nondegree award,40,0.014622343,10,23.15721235,48170
SD/I,37-1011,First-Line Supervisors of Housekeeping and Janitorial Workers,High school diploma or equivalent,2710,0.068127296,370,27.14654085,56460
CVML,37-1011,First-Line Supervisors of Housekeeping and Janitorial Workers,High school diploma or equivalent,2400,0.066053131,330,27.45479674,57110
LA,37-1011,First-Line Supervisors of Housekeeping and Janitorial Workers,High school diploma or equivalent,5680,0.035174166,730,28.19303632,58640
IE/D,37-1011,First-Line Supervisors of Housekeeping and Janitorial Workers,High school diploma or equivalent,2760,0.063620349,370,26.93884677,56030
FN,37-1011,First-Line Supervisors of Housekeeping and Janitorial Workers,High school diploma or equivalent,520,0.047364461,70,25.58876791,53220
SCC,37-1011,First-Line Supervisors of Housekeeping and Janitorial Workers,High school diploma or equivalent,1380,0.05322857,180,27.86005493,57950
Bay,37-1011,First-Line Supervisors of Housekeeping and Janitorial Workers,High school diploma or equivalent,6280,0.030801476,810,31.0541738,64590
CA,37-1011,First-Line Supervisors of Housekeeping and Janitorial Workers,High school diploma or equivalent,26060,0.050160272,3460,28.22947587,58720
OC,37-1011,First-Line Supervisors of Housekeeping and Janitorial Workers,High school diploma or equivalent,2340,0.059581444,310,26.65197522,55440
GS,37-1011,First-Line Supervisors of Housekeeping and Janitorial Workers,High school diploma or equivalent,1670,0.071928987,230,28.25060711,58760
Bay,37-1012,"First-Line Supervisors of Landscaping, Lawn Service, and Groundskeeping Workers",High school diploma or equivalent,4480,0.015478817,490,32.19728102,66970
LA,37-1012,"First-Line Supervisors of Landscaping, Lawn Service, and Groundskeeping Workers",High school diploma or equivalent,3740,-0.020487387,390,26.70566035,55550
FN,37-1012,"First-Line Supervisors of Landscaping, Lawn Service, and Groundskeeping Workers",High school diploma or equivalent,470,0.000501283,50,27.20314323,56580
CVML,37-1012,"First-Line Supervisors of Landscaping, Lawn Service, and Groundskeeping Workers",High school diploma or equivalent,1910,0.049718396,220,25.97100149,54020
OC,37-1012,"First-Line Supervisors of Landscaping, Lawn Service, and Groundskeeping Workers",High school diploma or equivalent,2070,-0.025600045,210,27.42748313,57050
SD/I,37-1012,"First-Line Supervisors of Landscaping, Lawn Service, and Groundskeeping Workers",High school diploma or equivalent,2130,-0.018674544,220,27.96298211,58160
CA,37-1012,"First-Line Supervisors of Landscaping, Lawn Service, and Groundskeeping Workers",High school diploma or equivalent,21120,0.003946888,2270,27.81525738,57860
IE/D,37-1012,"First-Line Supervisors of Landscaping, Lawn Service, and Groundskeeping Workers",High school diploma or equivalent,2960,-0.003020436,310,26.85395085,55860
GS,37-1012,"First-Line Supervisors of Landscaping, Lawn Service, and Groundskeeping Workers",High school diploma or equivalent,1680,0.023154727,180,31.90029556,66350
SCC,37-1012,"First-Line Supervisors of Landscaping, Lawn Service, and Groundskeeping Workers",High school diploma or equivalent,1450,0.006730008,160,27.16038168,56490
CA,37-3012,"Pesticide Handlers, Sprayers, and Applicators, Vegetation",High school diploma or equivalent,2480,0.048680961,360,21.47195114,44660
IE/D,37-3012,"Pesticide Handlers, Sprayers, and Applicators, Vegetation",High school diploma or equivalent,190,0.043743142,30,22.02475932,45810
CVML,37-3012,"Pesticide Handlers, Sprayers, and Applicators, Vegetation",High school diploma or equivalent,530,0.067440495,80,19.95578477,41510
Bay,37-3012,"Pesticide Handlers, Sprayers, and Applicators, Vegetation",High school diploma or equivalent,560,0.054983435,80,21.57721363,44880
GS,37-3012,"Pesticide Handlers, Sprayers, and Applicators, Vegetation",High school diploma or equivalent,120,0.079316982,20,22.76337891,47350
SD/I,37-3012,"Pesticide Handlers, Sprayers, and Applicators, Vegetation",High school diploma or equivalent,310,-0.007308374,40,21.82548232,45400
FN,37-3012,"Pesticide Handlers, Sprayers, and Applicators, Vegetation",High school diploma or equivalent,60,0.045440444,10,23.00667995,47850
OC,37-3012,"Pesticide Handlers, Sprayers, and Applicators, Vegetation",High school diploma or equivalent,160,0.002278892,20,22.13681964,46040
SCC,37-3012,"Pesticide Handlers, Sprayers, and Applicators, Vegetation",High school diploma or equivalent,240,0.069696438,40,24.0273521,49980
LA,37-3012,"Pesticide Handlers, Sprayers, and Applicators, Vegetation",High school diploma or equivalent,260,0.020334312,40,22.73651276,47290
OC,39-1013,First-Line Supervisors of Gambling Services Workers,High school diploma or equivalent,50,0.013116379,0,30.88383965,64240
SD/I,39-1013,First-Line Supervisors of Gambling Services Workers,High school diploma or equivalent,130,-0.015083056,10,36.51,75940
IE/D,39-1013,First-Line Supervisors of Gambling Services Workers,High school diploma or equivalent,270,0.030053833,30,32.02267553,66610
CVML,39-1013,First-Line Supervisors of Gambling Services Workers,High school diploma or equivalent,180,0.092884238,20,31.07176159,64630
FN,39-1013,First-Line Supervisors of Gambling Services Workers,High school diploma or equivalent,20,0.117773976,0,25.25297183,52530
Bay,39-1013,First-Line Supervisors of Gambling Services Workers,High school diploma or equivalent,390,-0.010156045,40,32.75203332,68120
GS,39-1013,First-Line Supervisors of Gambling Services Workers,High school diploma or equivalent,290,0.152126907,40,36.52444342,75970
LA,39-1013,First-Line Supervisors of Gambling Services Workers,High school diploma or equivalent,480,0.057017362,50,30.38714165,63210
SCC,39-1013,First-Line Supervisors of Gambling Services Workers,High school diploma or equivalent,30,0.327183477,10,25.14586203,52300
CA,39-1013,First-Line Supervisors of Gambling Services Workers,High school diploma or equivalent,1840,0.053213935,210,32.7,68020
CVML,39-1014,"First-Line Supervisors of Entertainment and Recreation Workers, Except Gambling Services",High school diploma or equivalent,1040,0.09538943,130,24.38750161,50730
OC,39-1014,"First-Line Supervisors of Entertainment and Recreation Workers, Except Gambling Services",High school diploma or equivalent,2030,0.097986062,250,22.75829913,47340
CA,39-1014,"First-Line Supervisors of Entertainment and Recreation Workers, Except Gambling Services",High school diploma or equivalent,13960,0.073610509,1640,25.77671309,53620
IE/D,39-1014,"First-Line Supervisors of Entertainment and Recreation Workers, Except Gambling Services",High school diploma or equivalent,1130,0.107551582,140,22.61380626,47040
LA,39-1014,"First-Line Supervisors of Entertainment and Recreation Workers, Except Gambling Services",High school diploma or equivalent,2880,0.070633719,340,26.38580082,54880
GS,39-1014,"First-Line Supervisors of Entertainment and Recreation Workers, Except Gambling Services",High school diploma or equivalent,920,0.06040235,110,25.28539771,52590
FN,39-1014,"First-Line Supervisors of Entertainment and Recreation Workers, Except Gambling Services",High school diploma or equivalent,330,0.027289061,40,23.22984691,48320
SCC,39-1014,"First-Line Supervisors of Entertainment and Recreation Workers, Except Gambling Services",High school diploma or equivalent,820,0.026034363,90,26.09266906,54270
Bay,39-1014,"First-Line Supervisors of Entertainment and Recreation Workers, Except Gambling Services",High school diploma or equivalent,3110,0.057535373,350,29.44056669,61240
SD/I,39-1014,"First-Line Supervisors of Entertainment and Recreation Workers, Except Gambling Services",High school diploma or equivalent,1510,0.061732621,170,25.10618134,52220
CA,39-1022,First-Line Supervisors of Personal Service Workers,High school diploma or equivalent,10180,0.11202389,1310,26.90124814,55950
OC,39-1022,First-Line Supervisors of Personal Service Workers,High school diploma or equivalent,870,0.12799935,120,25.09115708,52190
CVML,39-1022,First-Line Supervisors of Personal Service Workers,High school diploma or equivalent,910,0.113476172,120,24.83241925,51650
FN,39-1022,First-Line Supervisors of Personal Service Workers,High school diploma or equivalent,200,0.103305073,30,26.94109375,56040
LA,39-1022,First-Line Supervisors of Personal Service Workers,High school diploma or equivalent,2410,0.104357189,310,27.59987079,57410
GS,39-1022,First-Line Supervisors of Personal Service Workers,High school diploma or equivalent,740,0.125451127,100,25.82385389,53710
IE/D,39-1022,First-Line Supervisors of Personal Service Workers,High school diploma or equivalent,880,0.131606199,120,22.75711541,47330
Bay,39-1022,First-Line Supervisors of Personal Service Workers,High school diploma or equivalent,2210,0.104517779,280,29.19010044,60720
SD/I,39-1022,First-Line Supervisors of Personal Service Workers,High school diploma or equivalent,1220,0.094850119,150,23.82544348,49560
SCC,39-1022,First-Line Supervisors of Personal Service Workers,High school diploma or equivalent,590,0.102041262,70,26.92111994,56000
SCC,39-2011,Animal Trainers,High school diploma or equivalent,350,0.017212776,50,20.01049584,41620
SD/I,39-2011,Animal Trainers,High school diploma or equivalent,530,0.028793967,80,21.93073193,45620
CVML,39-2011,Animal Trainers,High school diploma or equivalent,760,-0.046438618,110,19.29832452,40140
GS,39-2011,Animal Trainers,High school diploma or equivalent,280,0.017576791,40,20.23364291,42090
FN,39-2011,Animal Trainers,High school diploma or equivalent,150,-0.105946289,20,19.01596326,39550
Bay,39-2011,Animal Trainers,High school diploma or equivalent,920,0.017878976,140,23.56844434,49020
OC,39-2011,Animal Trainers,High school diploma or equivalent,370,0.066642203,60,19.5857212,40740
LA,39-2011,Animal Trainers,High school diploma or equivalent,1180,0.026797594,170,22.22131075,46220
CA,39-2011,Animal Trainers,High school diploma or equivalent,5100,0.013357341,760,21.26846621,44240
IE/D,39-2011,Animal Trainers,High school diploma or equivalent,490,0.031166755,70,19.89521566,41380
CVML,39-4011,Embalmers,Associate's degree,30,0.00254623,10,26.1578675,54410
OC,39-4011,Embalmers,Associate's degree,30,0.127963081,10,26.64,55410
SCC,39-4011,Embalmers,Associate's degree,20,0.091792438,0,26.12313654,54340
Bay,39-4011,Embalmers,Associate's degree,120,0.055149766,20,29.55672119,61480
LA,39-4011,Embalmers,Associate's degree,130,0.038446383,20,30.32133281,63070
IE/D,39-4011,Embalmers,Associate's degree,80,0.0555668,20,26.39359981,54900
CA,39-4011,Embalmers,Associate's degree,560,0.060649185,110,28.87,60050
FN,39-4011,Embalmers,Associate's degree,30,0.067344956,10,28.59334764,59470
GS,39-4011,Embalmers,Associate's degree,30,0.077545521,10,28.52272867,59330
SD/I,39-4011,Embalmers,Associate's degree,80,0.090197468,20,26.36984774,54850
GS,39-4031,"Morticians, Undertakers, and Funeral Arrangers",Associate's degree,160,0.101867384,20,24.84819676,51680
FN,39-4031,"Morticians, Undertakers, and Funeral Arrangers",Associate's degree,30,0.190881861,0,29.71754767,61810
CVML,39-4031,"Morticians, Undertakers, and Funeral Arrangers",Associate's degree,230,0.017020639,30,23.88337288,49680
OC,39-4031,"Morticians, Undertakers, and Funeral Arrangers",Associate's degree,190,0.124840054,30,21.72747075,45190
SCC,39-4031,"Morticians, Undertakers, and Funeral Arrangers",Associate's degree,150,0.093696234,20,25.92198925,53920
Bay,39-4031,"Morticians, Undertakers, and Funeral Arrangers",Associate's degree,510,0.085705444,70,29.48654932,61330
LA,39-4031,"Morticians, Undertakers, and Funeral Arrangers",Associate's degree,710,0.04371685,90,24.61522649,51200
SD/I,39-4031,"Morticians, Undertakers, and Funeral Arrangers",Associate's degree,270,0.091639163,40,24.00548375,49930
IE/D,39-4031,"Morticians, Undertakers, and Funeral Arrangers",Associate's degree,260,0.075108158,30,23.127831,48110
CA,39-4031,"Morticians, Undertakers, and Funeral Arrangers",Associate's degree,2520,0.071517641,330,24.25081699,50440
CVML,39-5011,Barbers,Postsecondary nondegree award,1470,0.190470555,220,14.18941101,29510
CA,39-5011,Barbers,Postsecondary nondegree award,11390,0.139694065,1580,15.69575957,32650
FN,39-5011,Barbers,Postsecondary nondegree award,180,0.099522774,20,16.65653152,34650
IE/D,39-5011,Barbers,Postsecondary nondegree award,1810,0.186221421,270,13.94335002,29000
SD/I,39-5011,Barbers,Postsecondary nondegree award,950,0.124719977,130,15.05672305,31320
SCC,39-5011,Barbers,Postsecondary nondegree award,680,0.140637613,90,18.55828977,38600
GS,39-5011,Barbers,Postsecondary nondegree award,710,0.135543481,100,16.17452419,33640
LA,39-5011,Barbers,Postsecondary nondegree award,3010,0.111012675,400,14.91914084,31030
OC,39-5011,Barbers,Postsecondary nondegree award,720,0.128905545,100,16.74847839,34840
Bay,39-5011,Barbers,Postsecondary nondegree award,1840,0.118119098,240,17.50776065,36420
Bay,39-5012,"Hairdressers, Hairstylists, and Cosmetologists",Postsecondary nondegree award,14660,0.041817493,2010,19.21985496,39980
CVML,39-5012,"Hairdressers, Hairstylists, and Cosmetologists",Postsecondary nondegree award,6680,0.064428182,930,17.62146183,36650
CA,39-5012,"Hairdressers, Hairstylists, and Cosmetologists",Postsecondary nondegree award,75680,0.052756517,10450,18.36761095,38200
IE/D,39-5012,"Hairdressers, Hairstylists, and Cosmetologists",Postsecondary nondegree award,8750,0.077438399,1250,17.85205103,37130
SCC,39-5012,"Hairdressers, Hairstylists, and Cosmetologists",Postsecondary nondegree award,4060,0.046718294,560,17.85842359,37150
SD/I,39-5012,"Hairdressers, Hairstylists, and Cosmetologists",Postsecondary nondegree award,6750,0.037210258,910,17.91798468,37270
LA,39-5012,"Hairdressers, Hairstylists, and Cosmetologists",Postsecondary nondegree award,20650,0.052750343,2820,19.7069831,40990
OC,39-5012,"Hairdressers, Hairstylists, and Cosmetologists",Postsecondary nondegree award,7230,0.058539633,1010,18.98849578,39500
FN,39-5012,"Hairdressers, Hairstylists, and Cosmetologists",Postsecondary nondegree award,1300,-0.025387853,160,17.93135213,37300
GS,39-5012,"Hairdressers, Hairstylists, and Cosmetologists",Postsecondary nondegree award,5340,0.063093076,750,17.90959117,37250
SD/I,39-5091,"Makeup Artists, Theatrical and Performance",Postsecondary nondegree award,50,0.084369965,10,55.58824461,115620
Bay,39-5091,"Makeup Artists, Theatrical and Performance",Postsecondary nondegree award,120,0.074267897,20,63.17233204,131400
CA,39-5091,"Makeup Artists, Theatrical and Performance",Postsecondary nondegree award,1340,-0.016730818,200,66.44532373,138210
FN,39-5091,"Makeup Artists, Theatrical and Performance",Postsecondary nondegree award,10,0.01552878,0,51.78598054,107710
IE/D,39-5091,"Makeup Artists, Theatrical and Performance",Postsecondary nondegree award,60,0.121837772,10,53.65741798,111610
OC,39-5091,"Makeup Artists, Theatrical and Performance",Postsecondary nondegree award,120,0.063711253,20,60.67192014,126200
LA,39-5091,"Makeup Artists, Theatrical and Performance",Postsecondary nondegree award,860,-0.07419213,120,68.39198732,142260
CVML,39-5091,"Makeup Artists, Theatrical and Performance",Postsecondary nondegree award,40,0.13740004,10,50.62038408,105290
SCC,39-5091,"Makeup Artists, Theatrical and Performance",Postsecondary nondegree award,40,0.081788675,10,46.16324561,96020
GS,39-5091,"Makeup Artists, Theatrical and Performance",Postsecondary nondegree award,30,0.104533802,10,53.79263257,111890
Bay,39-5092,Manicurists and Pedicurists,Postsecondary nondegree award,9560,0.082092592,1220,19.15561198,39840
IE/D,39-5092,Manicurists and Pedicurists,Postsecondary nondegree award,6440,0.114753133,870,17.70392408,36820
FN,39-5092,Manicurists and Pedicurists,Postsecondary nondegree award,560,0.082488752,70,16.67117856,34680
CA,39-5092,Manicurists and Pedicurists,Postsecondary nondegree award,52510,0.092873339,6850,17.41368872,36220
OC,39-5092,Manicurists and Pedicurists,Postsecondary nondegree award,6060,0.065007274,750,16.60123411,34530
LA,39-5092,Manicurists and Pedicurists,Postsecondary nondegree award,13820,0.102344874,1830,17.89243893,37220
SCC,39-5092,Manicurists and Pedicurists,Postsecondary nondegree award,2600,0.105373856,350,17.31481967,36010
GS,39-5092,Manicurists and Pedicurists,Postsecondary nondegree award,4010,0.091477659,520,17.0121211,35390
SD/I,39-5092,Manicurists and Pedicurists,Postsecondary nondegree award,5220,0.06758082,650,17.52520054,36450
CVML,39-5092,Manicurists and Pedicurists,Postsecondary nondegree award,3980,0.125941105,550,16.84760231,35040
LA,39-5094,Skincare Specialists,Postsecondary nondegree award,4500,0.101402083,740,18.40551913,38280
OC,39-5094,Skincare Specialists,Postsecondary nondegree award,1940,0.093979145,320,17.57635731,36560
Bay,39-5094,Skincare Specialists,Postsecondary nondegree award,3790,0.077073468,600,22.93132749,47700
SD/I,39-5094,Skincare Specialists,Postsecondary nondegree award,1640,0.080513708,260,18.32183933,38110
CA,39-5094,Skincare Specialists,Postsecondary nondegree award,16950,0.099838721,2790,18.77142059,39040
GS,39-5094,Skincare Specialists,Postsecondary nondegree award,990,0.117341112,170,19.01139919,39540
FN,39-5094,Skincare Specialists,Postsecondary nondegree award,240,0.075095951,40,19.02379958,39570
IE/D,39-5094,Skincare Specialists,Postsecondary nondegree award,1720,0.134835032,300,20.63211721,42910
CVML,39-5094,Skincare Specialists,Postsecondary nondegree award,1120,0.140959856,200,18.99806205,39520
SCC,39-5094,Skincare Specialists,Postsecondary nondegree award,850,0.105457954,140,18.25231544,37960
FN,39-7018,Tour and Travel Guides,High school diploma or equivalent,160,0.106034993,40,21.71393018,45160
Bay,39-7018,Tour and Travel Guides,High school diploma or equivalent,2370,0.042193377,540,25.82322183,53710
GS,39-7018,Tour and Travel Guides,High school diploma or equivalent,420,0.071654623,100,22.82868406,47480
SD/I,39-7018,Tour and Travel Guides,High school diploma or equivalent,1040,0.042092485,240,19.44675187,40450
CVML,39-7018,Tour and Travel Guides,High school diploma or equivalent,460,0.112619135,120,19.8848916,41360
IE/D,39-7018,Tour and Travel Guides,High school diploma or equivalent,470,0.081134186,110,20.03706263,41680
SCC,39-7018,Tour and Travel Guides,High school diploma or equivalent,560,0.032782365,130,22.39582947,46580
LA,39-7018,Tour and Travel Guides,High school diploma or equivalent,2030,0.055766378,470,21.46007789,44640
CA,39-7018,Tour and Travel Guides,High school diploma or equivalent,8510,0.05983583,2000,21.88534097,45520
OC,39-7018,Tour and Travel Guides,High school diploma or equivalent,770,0.070849766,180,18.63208125,38750
LA,39-9011,Childcare Workers,High school diploma or equivalent,49900,-0.099058053,7950,18.92316535,39360
GS,39-9011,Childcare Workers,High school diploma or equivalent,9070,-0.01287855,1600,18.25194309,37960
CVML,39-9011,Childcare Workers,High school diploma or equivalent,14550,-0.025490955,2480,17.39376588,36180
SD/I,39-9011,Childcare Workers,High school diploma or equivalent,15510,0.000120262,2680,18.53905425,38560
IE/D,39-9011,Childcare Workers,High school diploma or equivalent,14060,-0.017146229,2440,18.71297178,38920
Bay,39-9011,Childcare Workers,High school diploma or equivalent,51190,-0.006181485,8830,20.1792282,41970
SCC,39-9011,Childcare Workers,High school diploma or equivalent,10570,-0.03379424,1790,18.16343395,37780
FN,39-9011,Childcare Workers,High school diploma or equivalent,3470,-0.034743794,590,17.76868853,36960
CA,39-9011,Childcare Workers,High school diploma or equivalent,182010,-0.033331573,30820,18.56630721,38620
OC,39-9011,Childcare Workers,High school diploma or equivalent,11910,0.023845852,2130,17.10261409,35570
CA,39-9031,Exercise Trainers and Group Fitness Instructors,High school diploma or equivalent,56700,0.105680063,11810,27.13463753,56440
OC,39-9031,Exercise Trainers and Group Fitness Instructors,High school diploma or equivalent,5970,0.113346064,1260,27.87821291,57990
SCC,39-9031,Exercise Trainers and Group Fitness Instructors,High school diploma or equivalent,3180,0.077208324,640,26.8693369,55890
Bay,39-9031,Exercise Trainers and Group Fitness Instructors,High school diploma or equivalent,14720,0.093726564,3010,28.76888156,59840
IE/D,39-9031,Exercise Trainers and Group Fitness Instructors,High school diploma or equivalent,3870,0.127553387,830,22.9021395,47640
SD/I,39-9031,Exercise Trainers and Group Fitness Instructors,High school diploma or equivalent,6200,0.121910637,1320,26.55051092,55230
CVML,39-9031,Exercise Trainers and Group Fitness Instructors,High school diploma or equivalent,2870,0.116680583,610,23.45438212,48790
LA,39-9031,Exercise Trainers and Group Fitness Instructors,High school diploma or equivalent,14200,0.100257283,2930,26.74516408,55630
GS,39-9031,Exercise Trainers and Group Fitness Instructors,High school diploma or equivalent,3710,0.094995916,760,24.08329609,50090
FN,39-9031,Exercise Trainers and Group Fitness Instructors,High school diploma or equivalent,990,0.043182229,190,24.22638734,50390
GS,41-1011,First-Line Supervisors of Retail Sales Workers,High school diploma or equivalent,9250,0.002042482,910,24.67762595,51330
OC,41-1011,First-Line Supervisors of Retail Sales Workers,High school diploma or equivalent,12760,-0.018361893,1220,23.33194438,48530
LA,41-1011,First-Line Supervisors of Retail Sales Workers,High school diploma or equivalent,34040,-0.034193707,3180,24.42889658,50810
SD/I,41-1011,First-Line Supervisors of Retail Sales Workers,High school diploma or equivalent,13150,-0.023601158,1240,26.12933958,54350
CVML,41-1011,First-Line Supervisors of Retail Sales Workers,High school diploma or equivalent,14370,0.00818248,1430,23.66862602,49230
IE/D,41-1011,First-Line Supervisors of Retail Sales Workers,High school diploma or equivalent,15870,0.007051084,1580,23.66475656,49220
Bay,41-1011,First-Line Supervisors of Retail Sales Workers,High school diploma or equivalent,27780,-0.050470279,2590,26.81176626,55770
SCC,41-1011,First-Line Supervisors of Retail Sales Workers,High school diploma or equivalent,7730,-0.033477463,730,24.68571304,51350
FN,41-1011,First-Line Supervisors of Retail Sales Workers,High school diploma or equivalent,3500,-0.033833683,340,23.7430307,49390
CA,41-1011,First-Line Supervisors of Retail Sales Workers,High school diploma or equivalent,140390,-0.020894561,13480,25.6506072,53350
GS,41-1012,First-Line Supervisors of Non-Retail Sales Workers,High school diploma or equivalent,1850,-0.017004078,150,33.72479807,70150
SD/I,41-1012,First-Line Supervisors of Non-Retail Sales Workers,High school diploma or equivalent,2510,-0.067119185,190,33.3092276,69280
LA,41-1012,First-Line Supervisors of Non-Retail Sales Workers,High school diploma or equivalent,8440,-0.083573696,630,33.15695209,68970
CVML,41-1012,First-Line Supervisors of Non-Retail Sales Workers,High school diploma or equivalent,2820,0.031331922,250,30.55930354,63560
FN,41-1012,First-Line Supervisors of Non-Retail Sales Workers,High school diploma or equivalent,490,-0.022909849,40,30.55973491,63560
IE/D,41-1012,First-Line Supervisors of Non-Retail Sales Workers,High school diploma or equivalent,3510,-0.003670648,280,31.61398151,65760
Bay,41-1012,First-Line Supervisors of Non-Retail Sales Workers,High school diploma or equivalent,6200,-0.044399619,480,40.12542104,83460
SCC,41-1012,First-Line Supervisors of Non-Retail Sales Workers,High school diploma or equivalent,1440,-0.072606391,110,32.28425831,67150
CA,41-1012,First-Line Supervisors of Non-Retail Sales Workers,High school diploma or equivalent,32120,-0.035599121,2580,34.52916256,71820
OC,41-1012,First-Line Supervisors of Non-Retail Sales Workers,High school diploma or equivalent,3280,-0.069522163,250,34.6931695,72160
LA,41-3011,Advertising Sales Agents,High school diploma or equivalent,5030,-0.062862764,490,38.72209491,80540
OC,41-3011,Advertising Sales Agents,High school diploma or equivalent,1020,-0.133749028,100,35.83398204,74530
CA,41-3011,Advertising Sales Agents,High school diploma or equivalent,11210,-0.044858773,1140,38.19223354,79440
Bay,41-3011,Advertising Sales Agents,High school diploma or equivalent,2250,-0.039184934,230,41.73470336,86810
IE/D,41-3011,Advertising Sales Agents,High school diploma or equivalent,360,-0.014289591,40,30.58413932,63620
CVML,41-3011,Advertising Sales Agents,High school diploma or equivalent,290,-0.073489729,30,26.22478076,54550
SCC,41-3011,Advertising Sales Agents,High school diploma or equivalent,300,-0.097071584,30,33.98403219,70690
FN,41-3011,Advertising Sales Agents,High school diploma or equivalent,80,0.043132481,10,33.33308905,69330
SD/I,41-3011,Advertising Sales Agents,High school diploma or equivalent,640,-0.104089202,60,32.81871852,68260
GS,41-3011,Advertising Sales Agents,High school diploma or equivalent,320,-0.045572529,30,34.2735436,71290
OC,41-3021,Insurance Sales Agents,High school diploma or equivalent,8540,-0.016383111,660,37.92563213,78890
CA,41-3021,Insurance Sales Agents,High school diploma or equivalent,69320,-0.01185088,5580,35.76940915,74400
FN,41-3021,Insurance Sales Agents,High school diploma or equivalent,1010,0.019521175,90,24.58557254,51140
GS,41-3021,Insurance Sales Agents,High school diploma or equivalent,5680,0.064330384,540,36.86480172,76680
Bay,41-3021,Insurance Sales Agents,High school diploma or equivalent,12530,-0.075388712,940,38.69075641,80480
IE/D,41-3021,Insurance Sales Agents,High school diploma or equivalent,5320,-0.004223515,440,27.14837165,56470
CVML,41-3021,Insurance Sales Agents,High school diploma or equivalent,4590,-0.002126242,380,26.81361326,55770
SD/I,41-3021,Insurance Sales Agents,High school diploma or equivalent,6230,-0.009921226,480,36.36205924,75630
SCC,41-3021,Insurance Sales Agents,High school diploma or equivalent,2940,-0.054449309,230,35.3922573,73620
LA,41-3021,Insurance Sales Agents,High school diploma or equivalent,16290,-0.013270158,1260,35.08297301,72970
CA,41-3041,Travel Agents,High school diploma or equivalent,7270,0.017003773,850,24.06199981,50050
LA,41-3041,Travel Agents,High school diploma or equivalent,2110,-0.083722521,210,26.27388305,54650
SCC,41-3041,Travel Agents,High school diploma or equivalent,310,-0.011953503,40,23.16897486,48190
SD/I,41-3041,Travel Agents,High school diploma or equivalent,600,-0.00811518,70,22.82892375,47480
IE/D,41-3041,Travel Agents,High school diploma or equivalent,460,0.086231759,60,22.23866704,46260
OC,41-3041,Travel Agents,High school diploma or equivalent,910,0.024840152,100,21.68040123,45100
GS,41-3041,Travel Agents,High school diploma or equivalent,380,0.09676096,50,23.37442708,48620
Bay,41-3041,Travel Agents,High school diploma or equivalent,1660,0.05401129,200,27.1958719,56570
CVML,41-3041,Travel Agents,High school diploma or equivalent,280,0.043539488,30,18.6066276,38700
FN,41-3041,Travel Agents,High school diploma or equivalent,60,0.17296447,10,21.69624049,45130
IE/D,41-4012,"Sales Representatives, Wholesale and Manufacturing, Except Technical and Scientific Products",High school diploma or equivalent,13140,0.017327689,1220,34.2079774,71150
SCC,41-4012,"Sales Representatives, Wholesale and Manufacturing, Except Technical and Scientific Products",High school diploma or equivalent,6350,-0.053623284,540,36.3246787,75560
CA,41-4012,"Sales Representatives, Wholesale and Manufacturing, Except Technical and Scientific Products",High school diploma or equivalent,143380,-0.036179131,12500,36.41573814,75740
OC,41-4012,"Sales Representatives, Wholesale and Manufacturing, Except Technical and Scientific Products",High school diploma or equivalent,17360,-0.023441838,1490,37.15651181,77290
LA,41-4012,"Sales Representatives, Wholesale and Manufacturing, Except Technical and Scientific Products",High school diploma or equivalent,40320,-0.089742522,3360,34.69778218,72170
FN,41-4012,"Sales Representatives, Wholesale and Manufacturing, Except Technical and Scientific Products",High school diploma or equivalent,1770,0.026736649,170,33.15197761,68960
CVML,41-4012,"Sales Representatives, Wholesale and Manufacturing, Except Technical and Scientific Products",High school diploma or equivalent,10570,0.018804473,980,35.57127181,73990
Bay,41-4012,"Sales Representatives, Wholesale and Manufacturing, Except Technical and Scientific Products",High school diploma or equivalent,27020,-0.042225628,2320,43.84927717,91210
GS,41-4012,"Sales Representatives, Wholesale and Manufacturing, Except Technical and Scientific Products",High school diploma or equivalent,6690,0.006411764,610,35.89426054,74660
SD/I,41-4012,"Sales Representatives, Wholesale and Manufacturing, Except Technical and Scientific Products",High school diploma or equivalent,10330,-0.044510941,880,36.14526433,75180
OC,41-9021,Real Estate Brokers,High school diploma or equivalent,1810,-0.004114809,160,45.39703477,94430
IE/D,41-9021,Real Estate Brokers,High school diploma or equivalent,1710,0.006917012,150,35.24143354,73300
Bay,41-9021,Real Estate Brokers,High school diploma or equivalent,5720,-0.011532511,480,41.35733412,86020
LA,41-9021,Real Estate Brokers,High school diploma or equivalent,4460,0.006664485,380,42.87244048,89170
SD/I,41-9021,Real Estate Brokers,High school diploma or equivalent,3210,-0.002547876,270,38.8891269,80890
GS,41-9021,Real Estate Brokers,High school diploma or equivalent,910,-0.018949775,80,37.80570427,78640
SCC,41-9021,Real Estate Brokers,High school diploma or equivalent,790,-0.014031569,70,40.02939527,83260
CVML,41-9021,Real Estate Brokers,High school diploma or equivalent,1060,-0.001380745,90,35.95149824,74780
CA,41-9021,Real Estate Brokers,High school diploma or equivalent,20230,-0.0000790348,1740,40.51109831,84260
FN,41-9021,Real Estate Brokers,High school diploma or equivalent,250,-0.024352658,20,40.1699731,83550
IE/D,41-9022,Real Estate Sales Agents,High school diploma or equivalent,5500,0.0118799,490,30.41417631,63260
GS,41-9022,Real Estate Sales Agents,High school diploma or equivalent,3580,0.001337686,310,31.16330758,64820
LA,41-9022,Real Estate Sales Agents,High school diploma or equivalent,17690,0.020611829,1550,26.15651879,54410
SD/I,41-9022,Real Estate Sales Agents,High school diploma or equivalent,5090,-0.005943596,430,31.53847285,65600
Bay,41-9022,Real Estate Sales Agents,High school diploma or equivalent,12430,-0.007166922,1050,34.25820286,71260
SCC,41-9022,Real Estate Sales Agents,High school diploma or equivalent,3160,-0.000752971,270,35.29788698,73420
CVML,41-9022,Real Estate Sales Agents,High school diploma or equivalent,4080,0.012045672,360,30.01689439,62440
FN,41-9022,Real Estate Sales Agents,High school diploma or equivalent,900,-0.002312911,80,32.38537008,67360
CA,41-9022,Real Estate Sales Agents,High school diploma or equivalent,60400,0.010338619,5270,30.27238952,62970
OC,41-9022,Real Estate Sales Agents,High school diploma or equivalent,7390,0.009780534,640,26.53359519,55190
SCC,41-9099,"Sales and Related Workers, All Other",High school diploma or equivalent,1420,-0.032637301,180,24.99153107,51980
CA,41-9099,"Sales and Related Workers, All Other",High school diploma or equivalent,32420,-0.019102551,4110,24.82574036,51640
GS,41-9099,"Sales and Related Workers, All Other",High school diploma or equivalent,1680,0.013801002,220,25.18795377,52390
Bay,41-9099,"Sales and Related Workers, All Other",High school diploma or equivalent,6300,-0.016495282,790,28.79793009,59900
CVML,41-9099,"Sales and Related Workers, All Other",High school diploma or equivalent,2150,0.018286829,280,22.97754784,47790
OC,41-9099,"Sales and Related Workers, All Other",High school diploma or equivalent,4280,-0.056447965,520,23.80488962,49510
SD/I,41-9099,"Sales and Related Workers, All Other",High school diploma or equivalent,2420,-0.030634246,300,22.71028776,47240
IE/D,41-9099,"Sales and Related Workers, All Other",High school diploma or equivalent,2790,0.015731981,360,23.06303614,47970
LA,41-9099,"Sales and Related Workers, All Other",High school diploma or equivalent,9260,-0.043551676,1150,24.18576624,50310
FN,41-9099,"Sales and Related Workers, All Other",High school diploma or equivalent,430,0.024660586,60,22.24946404,46280
Bay,43-1011,First-Line Supervisors of Office and Administrative Support Workers,High school diploma or equivalent,34290,0.011665311,3350,41.96902296,87300
LA,43-1011,First-Line Supervisors of Office and Administrative Support Workers,High school diploma or equivalent,39140,-0.006666846,3630,37.14949582,77270
CVML,43-1011,First-Line Supervisors of Office and Administrative Support Workers,High school diploma or equivalent,12950,0.037420476,1330,34.5734187,71910
OC,43-1011,First-Line Supervisors of Office and Administrative Support Workers,High school diploma or equivalent,15570,0.002551841,1460,37.01495107,76990
GS,43-1011,First-Line Supervisors of Office and Administrative Support Workers,High school diploma or equivalent,10430,0.03934967,1070,36.92421035,76800
SD/I,43-1011,First-Line Supervisors of Office and Administrative Support Workers,High school diploma or equivalent,13200,0.015010059,1280,36.23123734,75360
FN,43-1011,First-Line Supervisors of Office and Administrative Support Workers,High school diploma or equivalent,2910,0.024753668,290,33.97755528,70670
IE/D,43-1011,First-Line Supervisors of Office and Administrative Support Workers,High school diploma or equivalent,13800,0.042285026,1430,35.24359513,73310
CA,43-1011,First-Line Supervisors of Office and Administrative Support Workers,High school diploma or equivalent,155950,0.020529637,15430,37.15506857,77280
SCC,43-1011,First-Line Supervisors of Office and Administrative Support Workers,High school diploma or equivalent,7460,0.003409006,710,35.81030211,74490
CVML,43-3011,Bill and Account Collectors,High school diploma or equivalent,810,-0.031494583,80,26.42367222,54960
SCC,43-3011,Bill and Account Collectors,High school diploma or equivalent,550,-0.0570837,50,28.36403847,59000
FN,43-3011,Bill and Account Collectors,High school diploma or equivalent,140,-0.030342047,10,23.93992202,49800
Bay,43-3011,Bill and Account Collectors,High school diploma or equivalent,2490,-0.01007812,260,34.24061196,71220
GS,43-3011,Bill and Account Collectors,High school diploma or equivalent,560,-0.009342445,60,26.57751898,55280
SD/I,43-3011,Bill and Account Collectors,High school diploma or equivalent,1100,-0.070123249,100,24.73059845,51440
IE/D,43-3011,Bill and Account Collectors,High school diploma or equivalent,920,-0.01583504,90,25.01947282,52040
CA,43-3011,Bill and Account Collectors,High school diploma or equivalent,13980,-0.043400882,1390,27.78076248,57780
OC,43-3011,Bill and Account Collectors,High school diploma or equivalent,2330,-0.052934155,220,27.34874211,56890
LA,43-3011,Bill and Account Collectors,High school diploma or equivalent,4210,-0.097751471,390,27.69459516,57600
FN,43-3031,"Bookkeeping, Accounting, and Auditing Clerks","Some college, no degree",3820,-0.012818721,450,25.08860809,52180
CVML,43-3031,"Bookkeeping, Accounting, and Auditing Clerks","Some college, no degree",15740,-0.004202876,1840,25.80093384,53670
GS,43-3031,"Bookkeeping, Accounting, and Auditing Clerks","Some college, no degree",10900,0.002817323,1280,27.24573665,56670
Bay,43-3031,"Bookkeeping, Accounting, and Auditing Clerks","Some college, no degree",35980,-0.020852713,4180,31.24735505,64990
IE/D,43-3031,"Bookkeeping, Accounting, and Auditing Clerks","Some college, no degree",14490,0.004858733,1700,26.67666916,55490
SD/I,43-3031,"Bookkeeping, Accounting, and Auditing Clerks","Some college, no degree",15140,-0.021693822,1730,27.90353434,58040
LA,43-3031,"Bookkeeping, Accounting, and Auditing Clerks","Some college, no degree",41500,-0.030847516,4710,28.04934549,58340
CA,43-3031,"Bookkeeping, Accounting, and Auditing Clerks","Some college, no degree",170310,-0.013103665,19830,28.37766894,59030
SCC,43-3031,"Bookkeeping, Accounting, and Auditing Clerks","Some college, no degree",9090,-0.028937375,1030,28.02144933,58280
OC,43-3031,"Bookkeeping, Accounting, and Auditing Clerks","Some college, no degree",17000,-0.023036448,1940,28.15578358,58560
OC,43-3051,Payroll and Timekeeping Clerks,High school diploma or equivalent,1820,-0.065180009,190,31.07010947,64630
SCC,43-3051,Payroll and Timekeeping Clerks,High school diploma or equivalent,980,-0.079295193,100,28.77843024,59860
LA,43-3051,Payroll and Timekeeping Clerks,High school diploma or equivalent,4570,-0.061986325,480,31.27608306,65050
Bay,43-3051,Payroll and Timekeeping Clerks,High school diploma or equivalent,4280,-0.053839839,460,36.30765109,75520
FN,43-3051,Payroll and Timekeeping Clerks,High school diploma or equivalent,420,-0.059145694,40,29.28832689,60920
CVML,43-3051,Payroll and Timekeeping Clerks,High school diploma or equivalent,2370,-0.049040452,250,28.3990981,59070
IE/D,43-3051,Payroll and Timekeeping Clerks,High school diploma or equivalent,1720,-0.046020955,180,29.31752799,60980
GS,43-3051,Payroll and Timekeeping Clerks,High school diploma or equivalent,2080,-0.056354502,220,31.53217255,65590
SD/I,43-3051,Payroll and Timekeeping Clerks,High school diploma or equivalent,2070,-0.063586635,220,30.49798531,63440
CA,43-3051,Payroll and Timekeeping Clerks,High school diploma or equivalent,21290,-0.05384644,2250,31.33650609,65180
SCC,43-3061,Procurement Clerks,High school diploma or equivalent,360,-0.05671138,30,25.55078307,53150
LA,43-3061,Procurement Clerks,High school diploma or equivalent,1940,-0.05876076,160,26.11805162,54330
Bay,43-3061,Procurement Clerks,High school diploma or equivalent,1100,-0.025351927,100,29.11357271,60560
FN,43-3061,Procurement Clerks,High school diploma or equivalent,120,-0.058065132,10,25.94197815,53960
IE/D,43-3061,Procurement Clerks,High school diploma or equivalent,680,-0.00432424,60,25.02996268,52060
CVML,43-3061,Procurement Clerks,High school diploma or equivalent,710,-0.01568657,60,24.99749873,51990
GS,43-3061,Procurement Clerks,High school diploma or equivalent,350,0.012344125,30,26.62857969,55390
SD/I,43-3061,Procurement Clerks,High school diploma or equivalent,750,-0.026319708,60,27.43854407,57070
CA,43-3061,Procurement Clerks,High school diploma or equivalent,7050,-0.026146457,620,27.00019012,56160
OC,43-3061,Procurement Clerks,High school diploma or equivalent,740,-0.026332189,60,26.46507444,55050
FN,43-3071,Tellers,High school diploma or equivalent,660,-0.123556407,70,21.65895147,45050
CA,43-3071,Tellers,High school diploma or equivalent,25770,-0.114152357,2710,22.54624504,46900
SD/I,43-3071,Tellers,High school diploma or equivalent,2180,-0.155647366,210,22.82387034,47470
LA,43-3071,Tellers,High school diploma or equivalent,5730,-0.146912947,570,21.90323887,45560
IE/D,43-3071,Tellers,High school diploma or equivalent,2460,-0.119229504,250,21.1810376,44060
GS,43-3071,Tellers,High school diploma or equivalent,1550,-0.167214056,150,22.87814457,47590
OC,43-3071,Tellers,High school diploma or equivalent,2670,-0.204868465,260,23.08951199,48030
CVML,43-3071,Tellers,High school diploma or equivalent,2520,-0.112203979,250,21.91322345,45580
Bay,43-3071,Tellers,High school diploma or equivalent,4870,-0.134243684,500,24.6237571,51220
SCC,43-3071,Tellers,High school diploma or equivalent,1040,-0.172555338,100,22.9583335,47750
IE/D,43-4011,Brokerage Clerks,High school diploma or equivalent,50,-0.03420637,10,33.55261947,69790
CA,43-4011,Brokerage Clerks,High school diploma or equivalent,4840,-0.044858445,570,37.45898306,77910
SCC,43-4011,Brokerage Clerks,High school diploma or equivalent,230,-0.080235789,30,31.25041004,65000
SD/I,43-4011,Brokerage Clerks,High school diploma or equivalent,420,-0.040123088,50,35.72261624,74300
LA,43-4011,Brokerage Clerks,High school diploma or equivalent,1130,-0.056873729,130,39.38386212,81920
FN,43-4011,Brokerage Clerks,High school diploma or equivalent,30,-0.049948804,0,33.31090922,69290
GS,43-4011,Brokerage Clerks,High school diploma or equivalent,180,-0.078137135,20,31.98220045,66520
CVML,43-4011,Brokerage Clerks,High school diploma or equivalent,90,-0.053911997,10,27.18115757,56540
Bay,43-4011,Brokerage Clerks,High school diploma or equivalent,1900,-0.054786077,220,42.79462127,89010
OC,43-4011,Brokerage Clerks,High school diploma or equivalent,500,-0.073326176,60,33.60250377,69890
Bay,43-4031,"Court, Municipal, and License Clerks",High school diploma or equivalent,3290,0.060128102,370,35.46848711,73770
FN,43-4031,"Court, Municipal, and License Clerks",High school diploma or equivalent,530,0.055266328,60,26.21538767,54530
IE/D,43-4031,"Court, Municipal, and License Clerks",High school diploma or equivalent,1670,0.118302412,210,30.54934028,63540
SCC,43-4031,"Court, Municipal, and License Clerks",High school diploma or equivalent,520,0.073784219,60,30.29971659,63020
LA,43-4031,"Court, Municipal, and License Clerks",High school diploma or equivalent,1930,0.096437327,240,31.46519687,65450
SD/I,43-4031,"Court, Municipal, and License Clerks",High school diploma or equivalent,880,0.087141262,110,28.59411976,59480
OC,43-4031,"Court, Municipal, and License Clerks",High school diploma or equivalent,490,0.079843201,60,28.70661919,59710
CA,43-4031,"Court, Municipal, and License Clerks",High school diploma or equivalent,13180,0.086894494,1580,30.39362676,63220
CVML,43-4031,"Court, Municipal, and License Clerks",High school diploma or equivalent,1900,0.094675543,230,28.07712086,58400
GS,43-4031,"Court, Municipal, and License Clerks",High school diploma or equivalent,1940,0.102557552,240,30.32479646,63080
CA,43-4041,"Credit Authorizers, Checkers, and Clerks",High school diploma or equivalent,710,-0.049157095,60,24.96577256,51930
GS,43-4041,"Credit Authorizers, Checkers, and Clerks",High school diploma or equivalent,30,-0.08629771,0,23.32492559,48520
FN,43-4041,"Credit Authorizers, Checkers, and Clerks",High school diploma or equivalent,0,-0.306160983,0,25.91160038,53900
CVML,43-4041,"Credit Authorizers, Checkers, and Clerks",High school diploma or equivalent,20,-0.077225625,0,22.47778624,46750
SCC,43-4041,"Credit Authorizers, Checkers, and Clerks",High school diploma or equivalent,50,-0.095895382,0,26.21247372,54520
LA,43-4041,"Credit Authorizers, Checkers, and Clerks",High school diploma or equivalent,170,-0.063034999,10,25.13682155,52280
IE/D,43-4041,"Credit Authorizers, Checkers, and Clerks",High school diploma or equivalent,40,-0.129491536,0,22.84946504,47530
Bay,43-4041,"Credit Authorizers, Checkers, and Clerks",High school diploma or equivalent,250,-0.041902066,20,25.65972119,53370
SD/I,43-4041,"Credit Authorizers, Checkers, and Clerks",High school diploma or equivalent,50,-0.144461151,0,24.2324318,50400
OC,43-4041,"Credit Authorizers, Checkers, and Clerks",High school diploma or equivalent,80,-0.019383886,10,25.50576806,53050
FN,43-4051,Customer Service Representatives,High school diploma or equivalent,2630,0.026225453,370,22.84226811,47510
CVML,43-4051,Customer Service Representatives,High school diploma or equivalent,13600,0.01904807,1850,22.72759203,47270
SCC,43-4051,Customer Service Representatives,High school diploma or equivalent,7610,-0.017253636,990,23.41907306,48710
LA,43-4051,Customer Service Representatives,High school diploma or equivalent,47840,-0.04461474,6100,23.41749162,48710
OC,43-4051,Customer Service Representatives,High school diploma or equivalent,21650,-0.018989853,2800,23.41234719,48700
GS,43-4051,Customer Service Representatives,High school diploma or equivalent,13500,0.004241497,1790,24.01600601,49950
SD/I,43-4051,Customer Service Representatives,High school diploma or equivalent,15800,-0.019711364,2040,23.34560491,48560
IE/D,43-4051,Customer Service Representatives,High school diploma or equivalent,16380,0.01255377,2200,22.58883783,46980
Bay,43-4051,Customer Service Representatives,High school diploma or equivalent,37310,0.01371257,5080,27.13337602,56440
CA,43-4051,Customer Service Representatives,High school diploma or equivalent,187920,0.002677209,25360,23.75480925,49410
IE/D,43-4071,File Clerks,High school diploma or equivalent,820,-0.014760459,90,23.47527036,48830
Bay,43-4071,File Clerks,High school diploma or equivalent,1840,-0.044928479,200,27.32782042,56840
LA,43-4071,File Clerks,High school diploma or equivalent,2920,-0.045559923,320,23.34390045,48560
SCC,43-4071,File Clerks,High school diploma or equivalent,550,-0.076635871,60,22.52555607,46850
FN,43-4071,File Clerks,High school diploma or equivalent,150,-0.062845527,20,19.91835677,41430
OC,43-4071,File Clerks,High school diploma or equivalent,1040,-0.055886611,110,22.5054161,46810
CVML,43-4071,File Clerks,High school diploma or equivalent,880,-0.040526002,100,21.87126994,45490
GS,43-4071,File Clerks,High school diploma or equivalent,540,-0.025377304,60,23.45506713,48790
SD/I,43-4071,File Clerks,High school diploma or equivalent,970,-0.050374425,110,22.63091421,47070
CA,43-4071,File Clerks,High school diploma or equivalent,10040,-0.039932057,1110,23.42209806,48720
Bay,43-4131,Loan Interviewers and Clerks,High school diploma or equivalent,3000,-0.037587205,260,30.0172162,62440
LA,43-4131,Loan Interviewers and Clerks,High school diploma or equivalent,3260,-0.115705755,240,26.34164158,54790
FN,43-4131,Loan Interviewers and Clerks,High school diploma or equivalent,240,-0.066184525,20,25.71284822,53480
SCC,43-4131,Loan Interviewers and Clerks,High school diploma or equivalent,800,-0.125750155,60,24.2036898,50340
CA,43-4131,Loan Interviewers and Clerks,High school diploma or equivalent,15030,-0.078645748,1220,27.54519019,57290
OC,43-4131,Loan Interviewers and Clerks,High school diploma or equivalent,2280,-0.177851787,160,25.92118047,53920
CVML,43-4131,Loan Interviewers and Clerks,High school diploma or equivalent,810,-0.081212315,60,25.76981216,53600
SD/I,43-4131,Loan Interviewers and Clerks,High school diploma or equivalent,1140,-0.144813966,80,27.62420604,57460
GS,43-4131,Loan Interviewers and Clerks,High school diploma or equivalent,970,-0.120167961,70,27.74397163,57710
IE/D,43-4131,Loan Interviewers and Clerks,High school diploma or equivalent,1150,-0.121439898,80,23.51479064,48910
IE/D,43-4141,New Accounts Clerks,High school diploma or equivalent,50,-0.068967169,0,24.02193992,49970
SD/I,43-4141,New Accounts Clerks,High school diploma or equivalent,10,0.575317171,0,22.55927459,46920
FN,43-4141,New Accounts Clerks,High school diploma or equivalent,50,-0.081636811,0,20.84893295,43370
CA,43-4141,New Accounts Clerks,High school diploma or equivalent,1100,-0.01617368,100,25.05,52100
Bay,43-4141,New Accounts Clerks,High school diploma or equivalent,380,-0.055205194,30,27.67874062,57570
GS,43-4141,New Accounts Clerks,High school diploma or equivalent,10,0.425527233,0,22.67439243,47160
SCC,43-4141,New Accounts Clerks,High school diploma or equivalent,60,-0.183665283,0,22.71646672,47250
CVML,43-4141,New Accounts Clerks,High school diploma or equivalent,60,-0.085042998,0,22.54501774,46890
OC,43-4141,New Accounts Clerks,High school diploma or equivalent,130,-0.131458379,10,26.28309736,54670
LA,43-4141,New Accounts Clerks,High school diploma or equivalent,270,-0.07184809,20,24.98583363,51970
Bay,43-4151,Order Clerks,"Some college, no degree",2420,-0.10851623,270,24.7120032,51400
FN,43-4151,Order Clerks,"Some college, no degree",180,-0.114433358,20,22.14720963,46070
SD/I,43-4151,Order Clerks,"Some college, no degree",840,-0.099714845,90,22.63482818,47080
LA,43-4151,Order Clerks,"Some college, no degree",4000,-0.138764929,430,21.948406,45650
IE/D,43-4151,Order Clerks,"Some college, no degree",1240,-0.047565497,140,22.21321231,46200
OC,43-4151,Order Clerks,"Some college, no degree",1730,-0.097961359,190,22.90500069,47640
CVML,43-4151,Order Clerks,"Some college, no degree",790,-0.052426136,90,22.39949032,46590
SCC,43-4151,Order Clerks,"Some college, no degree",530,-0.140005603,60,22.27153439,46320
CA,43-4151,Order Clerks,"Some college, no degree",12820,-0.100564305,1420,22.56215419,46930
GS,43-4151,Order Clerks,"Some college, no degree",440,-0.056254051,50,22.64841251,47110
SD/I,43-4161,"Human Resources Assistants, Except Payroll and Timekeeping",Associate's degree,1540,-0.012576349,160,26.73561734,55610
CVML,43-4161,"Human Resources Assistants, Except Payroll and Timekeeping",Associate's degree,1190,-0.005575485,130,25.28858866,52600
IE/D,43-4161,"Human Resources Assistants, Except Payroll and Timekeeping",Associate's degree,1330,0.00991168,140,25.17820713,52370
SCC,43-4161,"Human Resources Assistants, Except Payroll and Timekeeping",Associate's degree,540,-0.020722604,60,26.86105512,55870
CA,43-4161,"Human Resources Assistants, Except Payroll and Timekeeping",Associate's degree,12210,-0.003632182,1320,27.68764658,57590
LA,43-4161,"Human Resources Assistants, Except Payroll and Timekeeping",Associate's degree,2750,-0.021728995,290,27.80519848,57830
GS,43-4161,"Human Resources Assistants, Except Payroll and Timekeeping",Associate's degree,710,0.008484914,80,27.95679496,58150
FN,43-4161,"Human Resources Assistants, Except Payroll and Timekeeping",Associate's degree,150,-0.001223219,20,24.99950066,52000
Bay,43-4161,"Human Resources Assistants, Except Payroll and Timekeeping",Associate's degree,2380,0.002832904,260,31.38140273,65270
OC,43-4161,"Human Resources Assistants, Except Payroll and Timekeeping",Associate's degree,1100,-0.026233174,110,27.35905871,56910
OC,43-4171,Receptionists and Information Clerks,High school diploma or equivalent,10820,0.04812908,1520,20.92230148,43520
Bay,43-4171,Receptionists and Information Clerks,High school diploma or equivalent,17240,0.05019803,2440,22.88489241,47600
CA,43-4171,Receptionists and Information Clerks,High school diploma or equivalent,89290,0.057114525,12790,21.12691665,43940
CVML,43-4171,Receptionists and Information Clerks,High school diploma or equivalent,7030,0.064476346,1020,19.44369123,40440
SCC,43-4171,Receptionists and Information Clerks,High school diploma or equivalent,4830,0.04153779,670,21.11141635,43910
SD/I,43-4171,Receptionists and Information Clerks,High school diploma or equivalent,7490,0.066635622,1090,21.24655202,44190
IE/D,43-4171,Receptionists and Information Clerks,High school diploma or equivalent,7470,0.081384071,1120,20.00582424,41610
LA,43-4171,Receptionists and Information Clerks,High school diploma or equivalent,25070,0.037486731,3460,20.68346376,43020
FN,43-4171,Receptionists and Information Clerks,High school diploma or equivalent,1550,0.0315114,210,19.67143108,40920
GS,43-4171,Receptionists and Information Clerks,High school diploma or equivalent,5460,0.073699921,810,21.56050881,44850
Bay,43-4181,Reservation and Transportation Ticket Agents and Travel Clerks,High school diploma or equivalent,3320,-0.024872653,360,23.8423734,49590
SD/I,43-4181,Reservation and Transportation Ticket Agents and Travel Clerks,High school diploma or equivalent,680,0.086984125,90,22.13781522,46050
CA,43-4181,Reservation and Transportation Ticket Agents and Travel Clerks,High school diploma or equivalent,11210,0.035721029,1310,23.74862095,49400
CVML,43-4181,Reservation and Transportation Ticket Agents and Travel Clerks,High school diploma or equivalent,310,0.023192847,40,22.45717145,46710
SCC,43-4181,Reservation and Transportation Ticket Agents and Travel Clerks,High school diploma or equivalent,210,0.061710014,30,22.65002364,47110
OC,43-4181,Reservation and Transportation Ticket Agents and Travel Clerks,High school diploma or equivalent,460,0.038445506,50,22.11271444,45990
LA,43-4181,Reservation and Transportation Ticket Agents and Travel Clerks,High school diploma or equivalent,4970,0.048024128,580,25.073593,52150
IE/D,43-4181,Reservation and Transportation Ticket Agents and Travel Clerks,High school diploma or equivalent,410,0.120073548,60,21.02900856,43740
FN,43-4181,Reservation and Transportation Ticket Agents and Travel Clerks,High school diploma or equivalent,40,0.229475239,10,21.48053684,44680
GS,43-4181,Reservation and Transportation Ticket Agents and Travel Clerks,High school diploma or equivalent,540,0.071864329,70,21.8056398,45360
FN,43-5011,Cargo and Freight Agents,High school diploma or equivalent,100,0.077266468,10,21.92197797,45600
Bay,43-5011,Cargo and Freight Agents,High school diploma or equivalent,2410,-0.051867638,190,28.61565126,59520
IE/D,43-5011,Cargo and Freight Agents,High school diploma or equivalent,2000,0.09227181,200,22.48485084,46770
OC,43-5011,Cargo and Freight Agents,High school diploma or equivalent,1000,-0.00235751,80,29.60982781,61590
SCC,43-5011,Cargo and Freight Agents,High school diploma or equivalent,320,0.050458305,30,25.66779025,53390
GS,43-5011,Cargo and Freight Agents,High school diploma or equivalent,320,0.040635393,30,25.48517913,53010
CA,43-5011,Cargo and Freight Agents,High school diploma or equivalent,17700,0.030982525,1520,27.72645968,57670
LA,43-5011,Cargo and Freight Agents,High school diploma or equivalent,9450,0.024753891,770,28.23814157,58740
SD/I,43-5011,Cargo and Freight Agents,High school diploma or equivalent,1080,0.082074127,100,24.80162235,51590
CVML,43-5011,Cargo and Freight Agents,High school diploma or equivalent,550,0.125838712,60,26.52115865,55160
Bay,43-5031,Public Safety Telecommunicators,High school diploma or equivalent,2120,0.071949632,240,48.2877884,100440
CA,43-5031,Public Safety Telecommunicators,High school diploma or equivalent,8760,0.085905456,1040,38.51499554,80110
SCC,43-5031,Public Safety Telecommunicators,High school diploma or equivalent,490,0.064525768,60,41.34141796,85990
CVML,43-5031,Public Safety Telecommunicators,High school diploma or equivalent,1140,0.094499517,140,30.62066987,63690
LA,43-5031,Public Safety Telecommunicators,High school diploma or equivalent,1620,0.084761987,190,39.11729253,81360
GS,43-5031,Public Safety Telecommunicators,High school diploma or equivalent,790,0.082807509,90,37.57472545,78160
OC,43-5031,Public Safety Telecommunicators,High school diploma or equivalent,460,0.103121695,60,36.75394654,76450
SD/I,43-5031,Public Safety Telecommunicators,High school diploma or equivalent,780,0.077344913,90,37.72184038,78460
IE/D,43-5031,Public Safety Telecommunicators,High school diploma or equivalent,940,0.129935913,120,36.86226129,76670
FN,43-5031,Public Safety Telecommunicators,High school diploma or equivalent,400,0.056579463,40,30.11456369,62640
SCC,43-5061,"Production, Planning, and Expediting Clerks",High school diploma or equivalent,2430,-0.010372015,220,29.69070385,61760
CA,43-5061,"Production, Planning, and Expediting Clerks",High school diploma or equivalent,57230,-0.007305517,5310,30.23991974,62900
LA,43-5061,"Production, Planning, and Expediting Clerks",High school diploma or equivalent,16560,-0.049346679,1460,29.52764454,61420
Bay,43-5061,"Production, Planning, and Expediting Clerks",High school diploma or equivalent,12440,-0.006005467,1140,35.7471678,74350
CVML,43-5061,"Production, Planning, and Expediting Clerks",High school diploma or equivalent,4170,0.033888941,410,28.6758066,59650
SD/I,43-5061,"Production, Planning, and Expediting Clerks",High school diploma or equivalent,5240,-0.011260256,470,31.53280333,65590
OC,43-5061,"Production, Planning, and Expediting Clerks",High school diploma or equivalent,6280,-0.018331648,560,30.03074189,62460
FN,43-5061,"Production, Planning, and Expediting Clerks",High school diploma or equivalent,610,0.034970199,60,28.25069477,58760
GS,43-5061,"Production, Planning, and Expediting Clerks",High school diploma or equivalent,2550,0.030780861,250,29.79889938,61980
IE/D,43-5061,"Production, Planning, and Expediting Clerks",High school diploma or equivalent,4880,0.026463823,470,27.19968897,56580
IE/D,43-6011,Executive Secretaries and Executive Administrative Assistants,High school diploma or equivalent,4300,0.035335027,480,35.16074103,73130
OC,43-6011,Executive Secretaries and Executive Administrative Assistants,High school diploma or equivalent,5780,-0.002168582,590,38.78372886,80670
FN,43-6011,Executive Secretaries and Executive Administrative Assistants,High school diploma or equivalent,880,0.039367668,100,34.88978772,72570
SCC,43-6011,Executive Secretaries and Executive Administrative Assistants,High school diploma or equivalent,2310,0.00015837,240,39.34796107,81840
SD/I,43-6011,Executive Secretaries and Executive Administrative Assistants,High school diploma or equivalent,4870,0.006821101,510,40.50451402,84250
CVML,43-6011,Executive Secretaries and Executive Administrative Assistants,High school diploma or equivalent,3400,0.044645459,390,36.75414298,76450
LA,43-6011,Executive Secretaries and Executive Administrative Assistants,High school diploma or equivalent,15370,-0.005627914,1570,40.10869541,83430
CA,43-6011,Executive Secretaries and Executive Administrative Assistants,High school diploma or equivalent,62200,0.015557976,6670,42.72083556,88860
Bay,43-6011,Executive Secretaries and Executive Administrative Assistants,High school diploma or equivalent,18720,0.006674942,1980,49.93619051,103870
GS,43-6011,Executive Secretaries and Executive Administrative Assistants,High school diploma or equivalent,3940,0.04127487,440,41.99118015,87340
LA,43-6012,Legal Secretaries and Administrative Assistants,High school diploma or equivalent,11010,0.040948916,1610,31.24037952,64980
FN,43-6012,Legal Secretaries and Administrative Assistants,High school diploma or equivalent,270,-0.036278695,40,24.95964234,51920
OC,43-6012,Legal Secretaries and Administrative Assistants,High school diploma or equivalent,3370,0.028643559,480,27.1085656,56390
CVML,43-6012,Legal Secretaries and Administrative Assistants,High school diploma or equivalent,1090,-0.021506506,150,26.2937214,54690
Bay,43-6012,Legal Secretaries and Administrative Assistants,High school diploma or equivalent,3820,-0.032597399,510,38.26613918,79590
GS,43-6012,Legal Secretaries and Administrative Assistants,High school diploma or equivalent,1840,0.033697573,270,28.61839264,59530
IE/D,43-6012,Legal Secretaries and Administrative Assistants,High school diploma or equivalent,1110,0.034931825,160,26.01090027,54100
CA,43-6012,Legal Secretaries and Administrative Assistants,High school diploma or equivalent,27320,0.022143897,3900,30.21634006,62850
SD/I,43-6012,Legal Secretaries and Administrative Assistants,High school diploma or equivalent,3400,0.010721024,470,29.68674711,61750
SCC,43-6012,Legal Secretaries and Administrative Assistants,High school diploma or equivalent,990,0.00975023,140,34.50196006,71760
LA,43-6013,Medical Secretaries and Administrative Assistants,High school diploma or equivalent,27770,0.041361336,2920,24.4746521,50910
OC,43-6013,Medical Secretaries and Administrative Assistants,High school diploma or equivalent,11210,0.059777194,1230,25.36630018,52760
FN,43-6013,Medical Secretaries and Administrative Assistants,High school diploma or equivalent,2120,0.049555766,230,23.02166945,47890
CA,43-6013,Medical Secretaries and Administrative Assistants,High school diploma or equivalent,115750,0.067869273,12950,26.2,54500
IE/D,43-6013,Medical Secretaries and Administrative Assistants,High school diploma or equivalent,10600,0.088568409,1240,23.95124766,49820
SCC,43-6013,Medical Secretaries and Administrative Assistants,High school diploma or equivalent,5980,0.047562248,640,24.25623635,50450
CVML,43-6013,Medical Secretaries and Administrative Assistants,High school diploma or equivalent,9780,0.079211692,1120,23.23194167,48320
SD/I,43-6013,Medical Secretaries and Administrative Assistants,High school diploma or equivalent,11670,0.067706065,1310,24.73967138,51460
GS,43-6013,Medical Secretaries and Administrative Assistants,High school diploma or equivalent,8360,0.074953116,950,27.51155493,57220
Bay,43-6013,Medical Secretaries and Administrative Assistants,High school diploma or equivalent,24690,0.057859861,2700,30.0387185,62480
LA,43-6014,"Secretaries and Administrative Assistants, Except Legal, Medical, and Executive",High school diploma or equivalent,48320,0.002982622,5260,25.69396661,53440
CA,43-6014,"Secretaries and Administrative Assistants, Except Legal, Medical, and Executive",High school diploma or equivalent,183180,0.024604756,20910,26.50812474,55140
Bay,43-6014,"Secretaries and Administrative Assistants, Except Legal, Medical, and Executive",High school diploma or equivalent,40430,0.01533012,4530,29.35674967,61060
FN,43-6014,"Secretaries and Administrative Assistants, Except Legal, Medical, and Executive",High school diploma or equivalent,3790,0.032909486,440,24.42188081,50800
IE/D,43-6014,"Secretaries and Administrative Assistants, Except Legal, Medical, and Executive",High school diploma or equivalent,15410,0.048628005,1840,25.30335778,52630
SCC,43-6014,"Secretaries and Administrative Assistants, Except Legal, Medical, and Executive",High school diploma or equivalent,9670,0.008651065,1070,25.27104949,52560
OC,43-6014,"Secretaries and Administrative Assistants, Except Legal, Medical, and Executive",High school diploma or equivalent,17680,0.011769418,1960,25.40556283,52840
SD/I,43-6014,"Secretaries and Administrative Assistants, Except Legal, Medical, and Executive",High school diploma or equivalent,15200,0.024586958,1730,26.3871935,54890
GS,43-6014,"Secretaries and Administrative Assistants, Except Legal, Medical, and Executive",High school diploma or equivalent,11140,0.051927449,1350,26.26321955,54630
CVML,43-6014,"Secretaries and Administrative Assistants, Except Legal, Medical, and Executive",High school diploma or equivalent,15920,0.044790648,1900,24.92169301,51840
GS,43-9021,Data Entry Keyers,High school diploma or equivalent,1110,-0.095244761,110,22.50163243,46800
LA,43-9021,Data Entry Keyers,High school diploma or equivalent,4470,-0.104138858,460,22.56080797,46930
SCC,43-9021,Data Entry Keyers,High school diploma or equivalent,690,-0.128247619,70,20.66939562,42990
SD/I,43-9021,Data Entry Keyers,High school diploma or equivalent,1220,-0.095180662,130,20.91778207,43510
CVML,43-9021,Data Entry Keyers,High school diploma or equivalent,1000,-0.088252836,100,21.10805377,43900
IE/D,43-9021,Data Entry Keyers,High school diploma or equivalent,1260,-0.05628967,130,22.11883163,46010
CA,43-9021,Data Entry Keyers,High school diploma or equivalent,15840,-0.085989172,1650,22.48965178,46780
FN,43-9021,Data Entry Keyers,High school diploma or equivalent,220,-0.121239124,20,20.51024216,42660
Bay,43-9021,Data Entry Keyers,High school diploma or equivalent,2930,-0.075778533,300,24.1581561,50250
OC,43-9021,Data Entry Keyers,High school diploma or equivalent,1870,-0.110586244,190,22.37351595,46540
LA,43-9022,Word Processors and Typists,High school diploma or equivalent,4960,-0.1612842,520,27.96448444,58170
SCC,43-9022,Word Processors and Typists,High school diploma or equivalent,490,-0.176029179,50,24.73846004,51460
SD/I,43-9022,Word Processors and Typists,High school diploma or equivalent,470,-0.149436237,50,27.37808972,56950
IE/D,43-9022,Word Processors and Typists,High school diploma or equivalent,920,-0.129640023,100,23.85284342,49610
GS,43-9022,Word Processors and Typists,High school diploma or equivalent,190,-0.118341289,20,25.5287938,53100
Bay,43-9022,Word Processors and Typists,High school diploma or equivalent,1210,-0.148580681,130,34.35783586,71460
FN,43-9022,Word Processors and Typists,High school diploma or equivalent,120,-0.150266724,10,25.83815236,53740
OC,43-9022,Word Processors and Typists,High school diploma or equivalent,1530,-0.156706997,160,26.73362449,55610
CVML,43-9022,Word Processors and Typists,High school diploma or equivalent,710,-0.136599029,80,23.23170586,48320
CA,43-9022,Word Processors and Typists,High school diploma or equivalent,10730,-0.15245246,1130,26.99680295,56150
FN,43-9031,Desktop Publishers,Associate's degree,10,-0.282380175,0,23.70054819,49300
OC,43-9031,Desktop Publishers,Associate's degree,50,-0.062695967,0,31.51342268,65550
Bay,43-9031,Desktop Publishers,Associate's degree,140,-0.0675106,10,37.26191255,77500
CVML,43-9031,Desktop Publishers,Associate's degree,40,-0.049410844,0,30.19267911,62800
CA,43-9031,Desktop Publishers,Associate's degree,520,-0.063834138,50,32.4572404,67510
LA,43-9031,Desktop Publishers,Associate's degree,140,-0.075603026,10,30.88977384,64250
SCC,43-9031,Desktop Publishers,Associate's degree,20,-0.040514586,0,29.61918162,61610
SD/I,43-9031,Desktop Publishers,Associate's degree,30,-0.132319662,0,29.29449344,60930
IE/D,43-9031,Desktop Publishers,Associate's degree,20,0.021361433,0,29.04191773,60410
GS,43-9031,Desktop Publishers,Associate's degree,50,-0.048635493,10,36.75781435,76460
FN,43-9041,Insurance Claims and Policy Processing Clerks,High school diploma or equivalent,420,0.011951453,40,25.04681352,52100
CA,43-9041,Insurance Claims and Policy Processing Clerks,High school diploma or equivalent,24910,-0.048037865,2150,27.28094878,56740
IE/D,43-9041,Insurance Claims and Policy Processing Clerks,High school diploma or equivalent,1930,-0.053985936,160,26.5551891,55230
CVML,43-9041,Insurance Claims and Policy Processing Clerks,High school diploma or equivalent,1710,-0.064326778,140,23.63091897,49150
Bay,43-9041,Insurance Claims and Policy Processing Clerks,High school diploma or equivalent,4050,-0.072700631,340,30.37464241,63180
SCC,43-9041,Insurance Claims and Policy Processing Clerks,High school diploma or equivalent,560,-0.057812781,50,27.864091,57960
SD/I,43-9041,Insurance Claims and Policy Processing Clerks,High school diploma or equivalent,2980,-0.081550253,240,24.53831156,51040
LA,43-9041,Insurance Claims and Policy Processing Clerks,High school diploma or equivalent,5240,-0.084293706,420,24.023306,49970
OC,43-9041,Insurance Claims and Policy Processing Clerks,High school diploma or equivalent,2690,-0.097873692,220,24.82536954,51640
GS,43-9041,Insurance Claims and Policy Processing Clerks,High school diploma or equivalent,2030,-0.055046561,170,28.40506641,59080
SD/I,43-9061,"Office Clerks, General",High school diploma or equivalent,31750,-0.01463487,3700,23.82164702,49550
LA,43-9061,"Office Clerks, General",High school diploma or equivalent,81150,-0.027340007,9400,23.12110606,48090
Bay,43-9061,"Office Clerks, General",High school diploma or equivalent,68550,-0.019996004,8000,25.21488902,52450
SCC,43-9061,"Office Clerks, General",High school diploma or equivalent,16880,-0.02426774,1960,24.09160064,50110
CVML,43-9061,"Office Clerks, General",High school diploma or equivalent,29070,0.008701658,3510,22.3100657,46400
OC,43-9061,"Office Clerks, General",High school diploma or equivalent,32870,-0.021938981,3820,23.06874622,47980
IE/D,43-9061,"Office Clerks, General",High school diploma or equivalent,28820,0.010310456,3490,22.21899681,46220
GS,43-9061,"Office Clerks, General",High school diploma or equivalent,24440,0.004375821,2930,23.50923036,48900
CA,43-9061,"Office Clerks, General",High school diploma or equivalent,330800,-0.010802501,39100,23.27739383,48420
FN,43-9061,"Office Clerks, General",High school diploma or equivalent,6930,-0.0063168,820,21.66161448,45060
CA,43-9111,Statistical Assistants,Bachelor's degree,500,0.009117975,70,38.38338762,79840
GS,43-9111,Statistical Assistants,Bachelor's degree,40,-0.029066588,10,25.47025238,52980
CVML,43-9111,Statistical Assistants,Bachelor's degree,30,-0.032135136,0,35.91194389,74700
SD/I,43-9111,Statistical Assistants,Bachelor's degree,50,-0.032199879,10,39.58163692,82330
OC,43-9111,Statistical Assistants,Bachelor's degree,40,-0.032326784,0,34.48393405,71730
Bay,43-9111,Statistical Assistants,Bachelor's degree,130,0.022257036,20,41.1450677,85580
FN,43-9111,Statistical Assistants,Bachelor's degree,0,0.092095855,0,33.89656224,70500
IE/D,43-9111,Statistical Assistants,Bachelor's degree,60,0.065876507,10,23.47423617,48830
SCC,43-9111,Statistical Assistants,Bachelor's degree,30,-0.021058516,0,30.69799067,63850
LA,43-9111,Statistical Assistants,Bachelor's degree,120,-0.01271731,20,36.97255946,76900
CVML,45-1011,"First-Line Supervisors of Farming, Fishing, and Forestry Workers",High school diploma or equivalent,6050,-0.003766937,780,23.03151892,47910
Bay,45-1011,"First-Line Supervisors of Farming, Fishing, and Forestry Workers",High school diploma or equivalent,2900,0.030543016,390,25.60950152,53270
GS,45-1011,"First-Line Supervisors of Farming, Fishing, and Forestry Workers",High school diploma or equivalent,590,0.018231907,80,25.1002195,52210
LA,45-1011,"First-Line Supervisors of Farming, Fishing, and Forestry Workers",High school diploma or equivalent,430,-0.01533035,50,29.47489211,61310
FN,45-1011,"First-Line Supervisors of Farming, Fishing, and Forestry Workers",High school diploma or equivalent,760,0.005254576,100,25.88886377,53850
CA,45-1011,"First-Line Supervisors of Farming, Fishing, and Forestry Workers",High school diploma or equivalent,14400,0.015492284,1910,24.48316171,50920
SCC,45-1011,"First-Line Supervisors of Farming, Fishing, and Forestry Workers",High school diploma or equivalent,2090,0.070004485,300,22.67947652,47170
IE/D,45-1011,"First-Line Supervisors of Farming, Fishing, and Forestry Workers",High school diploma or equivalent,530,0.001684837,70,24.58987983,51150
SD/I,45-1011,"First-Line Supervisors of Farming, Fishing, and Forestry Workers",High school diploma or equivalent,660,-0.063133928,80,25.59073496,53230
OC,45-1011,"First-Line Supervisors of Farming, Fishing, and Forestry Workers",High school diploma or equivalent,170,-0.035154876,20,28.9370231,60190
CVML,45-2011,Agricultural Inspectors,Bachelor's degree,660,0.011617923,100,26.89611227,55940
LA,45-2011,Agricultural Inspectors,Bachelor's degree,490,-0.020741952,70,30.05715513,62520
GS,45-2011,Agricultural Inspectors,Bachelor's degree,370,0.066228303,60,21.35294952,44410
FN,45-2011,Agricultural Inspectors,Bachelor's degree,120,-0.054236996,20,21.42857203,44570
OC,45-2011,Agricultural Inspectors,Bachelor's degree,140,0.007959723,20,28.34731498,58960
SCC,45-2011,Agricultural Inspectors,Bachelor's degree,150,0.011246587,20,32.3749579,67340
IE/D,45-2011,Agricultural Inspectors,Bachelor's degree,240,0.022822192,40,23.62977255,49150
SD/I,45-2011,Agricultural Inspectors,Bachelor's degree,180,0.007087644,30,32.75165196,68120
Bay,45-2011,Agricultural Inspectors,Bachelor's degree,160,0.024235538,30,32.00540614,66570
CA,45-2011,Agricultural Inspectors,Bachelor's degree,2570,0.011884519,400,25.19282558,52400
GS,45-4011,Forest and Conservation Workers,High school diploma or equivalent,440,0.019905167,90,19.09945644,39730
LA,45-4011,Forest and Conservation Workers,High school diploma or equivalent,320,-0.004552879,60,19.37035517,40290
CVML,45-4011,Forest and Conservation Workers,High school diploma or equivalent,430,-0.014752854,90,19.83308161,41250
FN,45-4011,Forest and Conservation Workers,High school diploma or equivalent,760,0.035376986,160,18.96239645,39440
CA,45-4011,Forest and Conservation Workers,High school diploma or equivalent,3600,0.028717287,760,19.41648373,40390
OC,45-4011,Forest and Conservation Workers,High school diploma or equivalent,120,0.10440149,30,18.77776455,39060
SD/I,45-4011,Forest and Conservation Workers,High school diploma or equivalent,230,-0.031067319,40,20.28074453,42180
Bay,45-4011,Forest and Conservation Workers,High school diploma or equivalent,480,0.008923561,100,19.29847112,40140
IE/D,45-4011,Forest and Conservation Workers,High school diploma or equivalent,220,0.016560426,50,20.83151619,43330
SCC,45-4011,Forest and Conservation Workers,High school diploma or equivalent,370,0.041980845,80,20.90077755,43470
OC,47-1011,First-Line Supervisors of Construction Trades and Extraction Workers,High school diploma or equivalent,8050,0.02764,660,47.62668472,99060
LA,47-1011,First-Line Supervisors of Construction Trades and Extraction Workers,High school diploma or equivalent,13800,0.003001378,1060,42.91660264,89270
IE/D,47-1011,First-Line Supervisors of Construction Trades and Extraction Workers,High school diploma or equivalent,9690,0.040274797,820,38.55661503,80200
SCC,47-1011,First-Line Supervisors of Construction Trades and Extraction Workers,High school diploma or equivalent,4220,0.031978013,360,42.20740819,87790
SD/I,47-1011,First-Line Supervisors of Construction Trades and Extraction Workers,High school diploma or equivalent,8040,0.04039584,680,44.61643325,92800
GS,47-1011,First-Line Supervisors of Construction Trades and Extraction Workers,High school diploma or equivalent,7580,0.058044998,670,45.12797996,93870
CA,47-1011,First-Line Supervisors of Construction Trades and Extraction Workers,High school diploma or equivalent,81430,0.030276034,6740,45.15049416,93910
CVML,47-1011,First-Line Supervisors of Construction Trades and Extraction Workers,High school diploma or equivalent,7260,0.050339837,630,40.23269403,83680
FN,47-1011,First-Line Supervisors of Construction Trades and Extraction Workers,High school diploma or equivalent,1570,0.054691976,140,40.44615404,84130
Bay,47-1011,First-Line Supervisors of Construction Trades and Extraction Workers,High school diploma or equivalent,19690,0.014983371,1560,54.63384713,113640
LA,47-2011,Boilermakers,High school diploma or equivalent,220,-0.025197272,20,52.37315657,108940
IE/D,47-2011,Boilermakers,High school diploma or equivalent,90,0.017491701,10,51.21259152,106520
SD/I,47-2011,Boilermakers,High school diploma or equivalent,70,0.005167236,10,55.26648527,114950
SCC,47-2011,Boilermakers,High school diploma or equivalent,30,-0.054456709,0,48.27483956,100410
GS,47-2011,Boilermakers,High school diploma or equivalent,30,0.046572165,0,47.41478473,98620
OC,47-2011,Boilermakers,High school diploma or equivalent,130,-0.022079157,10,54.34766888,113040
CVML,47-2011,Boilermakers,High school diploma or equivalent,170,-0.09059259,10,40.87247023,85010
CA,47-2011,Boilermakers,High school diploma or equivalent,880,-0.030444811,80,56.8,118140
FN,47-2011,Boilermakers,High school diploma or equivalent,0,0.02438218,0,51.12,106330
Bay,47-2011,Boilermakers,High school diploma or equivalent,100,-0.033712165,10,60.7233631,126300
OC,47-2021,Brickmasons and Blockmasons,High school diploma or equivalent,610,-0.079344633,40,29.06583087,60460
FN,47-2021,Brickmasons and Blockmasons,High school diploma or equivalent,100,-0.129885672,10,31.14855389,64790
Bay,47-2021,Brickmasons and Blockmasons,High school diploma or equivalent,1040,-0.016170462,80,33.97143977,70660
CVML,47-2021,Brickmasons and Blockmasons,High school diploma or equivalent,700,0.03232111,60,32.16991039,66910
GS,47-2021,Brickmasons and Blockmasons,High school diploma or equivalent,530,0.030732016,40,32.78627402,68200
CA,47-2021,Brickmasons and Blockmasons,High school diploma or equivalent,5810,-0.021731118,430,31.36885273,65250
SD/I,47-2021,Brickmasons and Blockmasons,High school diploma or equivalent,420,-0.039162177,30,27.12195331,56410
IE/D,47-2021,Brickmasons and Blockmasons,High school diploma or equivalent,810,-0.051675624,60,28.86017186,60030
LA,47-2021,Brickmasons and Blockmasons,High school diploma or equivalent,1130,-0.02162828,80,29.64811404,61670
SCC,47-2021,Brickmasons and Blockmasons,High school diploma or equivalent,390,0.012012817,30,29.91422944,62220
FN,47-2022,Stonemasons,High school diploma or equivalent,10,-0.099085236,0,21.1306232,43950
Bay,47-2022,Stonemasons,High school diploma or equivalent,350,-0.0365036,30,27.50449688,57210
CVML,47-2022,Stonemasons,High school diploma or equivalent,280,-0.016108336,20,34.85054888,72490
IE/D,47-2022,Stonemasons,High school diploma or equivalent,150,-0.07924377,10,26.21928499,54540
SD/I,47-2022,Stonemasons,High school diploma or equivalent,80,-0.069186686,10,25.96609907,54010
GS,47-2022,Stonemasons,High school diploma or equivalent,170,-0.013372536,10,27.38131508,56950
LA,47-2022,Stonemasons,High school diploma or equivalent,260,-0.061144333,20,26.40396627,54920
SCC,47-2022,Stonemasons,High school diploma or equivalent,180,-0.007893152,10,32.57323631,67750
CA,47-2022,Stonemasons,High school diploma or equivalent,1680,-0.046732693,120,28.13990796,58530
OC,47-2022,Stonemasons,High school diploma or equivalent,150,-0.095088061,10,27.93274145,58100
LA,47-2031,Carpenters,High school diploma or equivalent,27000,-0.024876232,1890,31.09488968,64680
SD/I,47-2031,Carpenters,High school diploma or equivalent,12170,0.004428533,920,32.85418602,68340
CA,47-2031,Carpenters,High school diploma or equivalent,137290,-0.008579579,10060,33.66057943,70010
OC,47-2031,Carpenters,High school diploma or equivalent,14120,-0.009415505,1020,36.67271831,76280
GS,47-2031,Carpenters,High school diploma or equivalent,13160,0.007746173,1000,34.13345549,71000
IE/D,47-2031,Carpenters,High school diploma or equivalent,17840,-0.001951959,1300,31.26926702,65040
CVML,47-2031,Carpenters,High school diploma or equivalent,10180,0.014032917,780,30.60005503,63650
SCC,47-2031,Carpenters,High school diploma or equivalent,8010,-0.011584427,590,33.73794723,70170
Bay,47-2031,Carpenters,High school diploma or equivalent,30390,-0.015782326,2210,35.98040856,74840
FN,47-2031,Carpenters,High school diploma or equivalent,2760,-0.036160721,210,31.15007988,64790
OC,47-2053,Terrazzo Workers and Finishers,High school diploma or equivalent,0,-0.184801663,0,33.29739838,69260
CA,47-2053,Terrazzo Workers and Finishers,High school diploma or equivalent,60,-0.138594328,0,20.27347786,42170
GS,47-2053,Terrazzo Workers and Finishers,High school diploma or equivalent,0,-0.186791901,0,30.83704105,64140
CVML,47-2053,Terrazzo Workers and Finishers,High school diploma or equivalent,0,-0.180643777,0,29.14302816,60620
IE/D,47-2053,Terrazzo Workers and Finishers,High school diploma or equivalent,20,-0.095611639,0,18.81667833,39140
SCC,47-2053,Terrazzo Workers and Finishers,High school diploma or equivalent,10,-0.05579012,0,17.99492627,37430
LA,47-2053,Terrazzo Workers and Finishers,High school diploma or equivalent,0,-0.225166903,0,27.85776749,57940
Bay,47-2053,Terrazzo Workers and Finishers,High school diploma or equivalent,0,-0.173908052,0,24.98482983,51970
FN,47-2053,Terrazzo Workers and Finishers,High school diploma or equivalent,10,-0.55445964,0,19.95289684,41500
SD/I,47-2053,Terrazzo Workers and Finishers,High school diploma or equivalent,20,-0.067837202,0,18.01550032,37470
Bay,47-2071,"Paving, Surfacing, and Tamping Equipment Operators",High school diploma or equivalent,640,0.037690674,60,41.84071949,87030
SCC,47-2071,"Paving, Surfacing, and Tamping Equipment Operators",High school diploma or equivalent,230,0.060265224,20,39.14920398,81430
LA,47-2071,"Paving, Surfacing, and Tamping Equipment Operators",High school diploma or equivalent,280,-0.006797187,20,37.03721349,77040
OC,47-2071,"Paving, Surfacing, and Tamping Equipment Operators",High school diploma or equivalent,190,0.040967031,20,38.7127254,80520
SD/I,47-2071,"Paving, Surfacing, and Tamping Equipment Operators",High school diploma or equivalent,150,0.037376661,10,30.89875743,64270
FN,47-2071,"Paving, Surfacing, and Tamping Equipment Operators",High school diploma or equivalent,130,0.097960739,10,35.27758978,73380
CA,47-2071,"Paving, Surfacing, and Tamping Equipment Operators",High school diploma or equivalent,2760,0.046291658,260,38.990738,81100
IE/D,47-2071,"Paving, Surfacing, and Tamping Equipment Operators",High school diploma or equivalent,350,0.087725662,40,59.99771365,124800
GS,47-2071,"Paving, Surfacing, and Tamping Equipment Operators",High school diploma or equivalent,250,0.051590611,20,39.87552357,82940
CVML,47-2071,"Paving, Surfacing, and Tamping Equipment Operators",High school diploma or equivalent,530,0.039897066,50,34.9982924,72800
OC,47-2072,Pile Driver Operators,High school diploma or equivalent,50,-0.021235218,0,51.71209594,107560
CVML,47-2072,Pile Driver Operators,High school diploma or equivalent,100,-0.077383519,10,31.79510781,66130
IE/D,47-2072,Pile Driver Operators,High school diploma or equivalent,50,0.017398619,0,49.98070282,103960
LA,47-2072,Pile Driver Operators,High school diploma or equivalent,90,-0.022180457,10,50.66640875,105390
SCC,47-2072,Pile Driver Operators,High school diploma or equivalent,10,-0.007047281,0,45.00095892,93600
FN,47-2072,Pile Driver Operators,High school diploma or equivalent,0,1.870402158,0,29.49398377,61350
CA,47-2072,Pile Driver Operators,High school diploma or equivalent,470,-0.018174529,40,52.75243091,109730
SD/I,47-2072,Pile Driver Operators,High school diploma or equivalent,10,-0.083756848,0,48.3296871,100530
GS,47-2072,Pile Driver Operators,High school diploma or equivalent,70,0.030386525,10,59.6304636,124030
Bay,47-2072,Pile Driver Operators,High school diploma or equivalent,80,-0.013054702,10,63.12983126,131310
IE/D,47-2073,Operating Engineers and Other Construction Equipment Operators,High school diploma or equivalent,5110,0.067357214,500,37.46848279,77930
CVML,47-2073,Operating Engineers and Other Construction Equipment Operators,High school diploma or equivalent,4740,0.058448706,460,36.49951294,75920
GS,47-2073,Operating Engineers and Other Construction Equipment Operators,High school diploma or equivalent,3600,0.068956711,350,42.78730282,89000
FN,47-2073,Operating Engineers and Other Construction Equipment Operators,High school diploma or equivalent,1700,0.070479175,170,35.29429343,73410
CA,47-2073,Operating Engineers and Other Construction Equipment Operators,High school diploma or equivalent,39030,0.041851698,3580,41.20091394,85700
Bay,47-2073,Operating Engineers and Other Construction Equipment Operators,High school diploma or equivalent,7940,0.02761372,700,56.17648329,116850
SCC,47-2073,Operating Engineers and Other Construction Equipment Operators,High school diploma or equivalent,2380,0.041884996,220,39.0156577,81150
OC,47-2073,Operating Engineers and Other Construction Equipment Operators,High school diploma or equivalent,2910,0.023525668,250,44.84038231,93270
SD/I,47-2073,Operating Engineers and Other Construction Equipment Operators,High school diploma or equivalent,3790,0.025368726,330,39.28301695,81710
LA,47-2073,Operating Engineers and Other Construction Equipment Operators,High school diploma or equivalent,6250,0.024134816,540,42.87183887,89170
CVML,47-2111,Electricians,High school diploma or equivalent,7520,0.107685722,840,34.68289285,72140
GS,47-2111,Electricians,High school diploma or equivalent,7650,0.100433188,840,35.17935459,73170
SCC,47-2111,Electricians,High school diploma or equivalent,3930,0.027489996,370,32.32843054,67240
Bay,47-2111,Electricians,High school diploma or equivalent,19450,0.048817751,1900,41.55570169,86440
OC,47-2111,Electricians,High school diploma or equivalent,8560,0.040892338,810,36.19123079,75280
CA,47-2111,Electricians,High school diploma or equivalent,85240,0.06774787,8670,35.72897627,74320
LA,47-2111,Electricians,High school diploma or equivalent,14320,0.030924854,1320,33.56780348,69820
FN,47-2111,Electricians,High school diploma or equivalent,1450,0.056904959,150,32.6185002,67850
IE/D,47-2111,Electricians,High school diploma or equivalent,9210,0.052009778,900,33.76223771,70230
SD/I,47-2111,Electricians,High school diploma or equivalent,9580,0.093356719,1030,35.99489927,74870
FN,47-2121,Glaziers,High school diploma or equivalent,110,0.034685438,10,22.85536226,47540
Bay,47-2121,Glaziers,High school diploma or equivalent,1780,0.000389281,150,35.65957403,74170
IE/D,47-2121,Glaziers,High school diploma or equivalent,900,-0.008093592,70,28.89581395,60100
OC,47-2121,Glaziers,High school diploma or equivalent,720,-0.017553333,60,31.93288238,66420
LA,47-2121,Glaziers,High school diploma or equivalent,1280,0.016484982,110,30.00576035,62410
SCC,47-2121,Glaziers,High school diploma or equivalent,430,-0.061936944,40,30.22451581,62870
GS,47-2121,Glaziers,High school diploma or equivalent,610,0.011892594,50,30.14896004,62710
CA,47-2121,Glaziers,High school diploma or equivalent,7360,0.003230852,610,30.60681637,63660
SD/I,47-2121,Glaziers,High school diploma or equivalent,870,-0.004513829,70,31.12312816,64740
CVML,47-2121,Glaziers,High school diploma or equivalent,560,0.08132716,60,26.82005741,55790
FN,47-2132,"Insulation Workers, Mechanical",High school diploma or equivalent,20,0.027259721,0,43.72490982,90950
LA,47-2132,"Insulation Workers, Mechanical",High school diploma or equivalent,300,0.021087409,30,56.37062404,117250
Bay,47-2132,"Insulation Workers, Mechanical",High school diploma or equivalent,310,0.001847104,30,47.77188311,99370
IE/D,47-2132,"Insulation Workers, Mechanical",High school diploma or equivalent,230,0.082066805,20,27.06059668,56290
OC,47-2132,"Insulation Workers, Mechanical",High school diploma or equivalent,260,0.065058435,20,61.62867225,128190
CA,47-2132,"Insulation Workers, Mechanical",High school diploma or equivalent,1660,0.056368091,160,54.14069185,112610
SCC,47-2132,"Insulation Workers, Mechanical",High school diploma or equivalent,100,0.046066864,10,38.86282166,80830
GS,47-2132,"Insulation Workers, Mechanical",High school diploma or equivalent,100,0.072453089,10,41.6671431,86670
CVML,47-2132,"Insulation Workers, Mechanical",High school diploma or equivalent,180,0.101241435,20,50.85527118,105780
SD/I,47-2132,"Insulation Workers, Mechanical",High school diploma or equivalent,120,0.087054875,10,52.63248927,109480
CVML,47-2152,"Plumbers, Pipefitters, and Steamfitters",High school diploma or equivalent,4730,0.055173654,450,30.11739893,62640
GS,47-2152,"Plumbers, Pipefitters, and Steamfitters",High school diploma or equivalent,3940,0.044084675,370,30.90581701,64280
SCC,47-2152,"Plumbers, Pipefitters, and Steamfitters",High school diploma or equivalent,3590,0.023215005,320,29.58386778,61530
CA,47-2152,"Plumbers, Pipefitters, and Steamfitters",High school diploma or equivalent,55600,0.030864767,4980,34.04732412,70820
SD/I,47-2152,"Plumbers, Pipefitters, and Steamfitters",High school diploma or equivalent,5990,0.043418809,550,34.1475436,71030
FN,47-2152,"Plumbers, Pipefitters, and Steamfitters",High school diploma or equivalent,960,0.021532329,90,30.25112081,62920
OC,47-2152,"Plumbers, Pipefitters, and Steamfitters",High school diploma or equivalent,6610,0.047090702,610,36.4201871,75750
Bay,47-2152,"Plumbers, Pipefitters, and Steamfitters",High school diploma or equivalent,12740,0.007622883,1100,38.50146799,80080
LA,47-2152,"Plumbers, Pipefitters, and Steamfitters",High school diploma or equivalent,10820,0.019080733,930,31.43782753,65390
IE/D,47-2152,"Plumbers, Pipefitters, and Steamfitters",High school diploma or equivalent,5560,0.051424113,520,29.87963695,62150
CVML,47-2171,Reinforcing Iron and Rebar Workers,High school diploma or equivalent,280,0.032999266,20,29.51667568,61390
GS,47-2171,Reinforcing Iron and Rebar Workers,High school diploma or equivalent,170,0.002531077,10,28.46137928,59200
CA,47-2171,Reinforcing Iron and Rebar Workers,High school diploma or equivalent,2910,-0.016987211,220,28.94809087,60210
SD/I,47-2171,Reinforcing Iron and Rebar Workers,High school diploma or equivalent,240,-0.025178889,20,32.2695308,67120
SCC,47-2171,Reinforcing Iron and Rebar Workers,High school diploma or equivalent,110,-0.048859947,10,21.16380153,44020
FN,47-2171,Reinforcing Iron and Rebar Workers,High school diploma or equivalent,70,0.00621758,10,27.49006517,57180
OC,47-2171,Reinforcing Iron and Rebar Workers,High school diploma or equivalent,290,-0.023784952,20,30.61694181,63680
Bay,47-2171,Reinforcing Iron and Rebar Workers,High school diploma or equivalent,560,-0.02237369,40,29.69263611,61760
LA,47-2171,Reinforcing Iron and Rebar Workers,High school diploma or equivalent,530,-0.015160909,40,28.40429988,59080
IE/D,47-2171,Reinforcing Iron and Rebar Workers,High school diploma or equivalent,610,-0.029840363,40,28.12927247,58510
OC,47-2211,Sheet Metal Workers,High school diploma or equivalent,990,0.028191262,90,36.50179315,75920
GS,47-2211,Sheet Metal Workers,High school diploma or equivalent,710,0.032983368,60,34.89274674,72580
LA,47-2211,Sheet Metal Workers,High school diploma or equivalent,1710,0.019970526,150,32.46688745,67530
SCC,47-2211,Sheet Metal Workers,High school diploma or equivalent,440,0.031930097,40,29.84927654,62090
CVML,47-2211,Sheet Metal Workers,High school diploma or equivalent,830,0.066981739,80,34.5631249,71890
CA,47-2211,Sheet Metal Workers,High school diploma or equivalent,9580,0.024186928,840,35.92589628,74730
SD/I,47-2211,Sheet Metal Workers,High school diploma or equivalent,1600,0.016576548,140,38.00358817,79050
FN,47-2211,Sheet Metal Workers,High school diploma or equivalent,130,0.053593632,10,26.96828883,56090
Bay,47-2211,Sheet Metal Workers,High school diploma or equivalent,2150,-0.004902206,180,44.35720043,92260
IE/D,47-2211,Sheet Metal Workers,High school diploma or equivalent,900,0.052918539,80,31.85484688,66260
GS,47-2221,Structural Iron and Steel Workers,High school diploma or equivalent,550,0.027423249,50,36.11830316,75130
CA,47-2221,Structural Iron and Steel Workers,High school diploma or equivalent,7490,0.015078777,630,36.4112478,75740
FN,47-2221,Structural Iron and Steel Workers,High school diploma or equivalent,140,0.068131979,10,33.14743955,68950
IE/D,47-2221,Structural Iron and Steel Workers,High school diploma or equivalent,1180,-0.003432826,90,34.45343995,71660
LA,47-2221,Structural Iron and Steel Workers,High school diploma or equivalent,1370,0.015190582,110,36.49536111,75910
SCC,47-2221,Structural Iron and Steel Workers,High school diploma or equivalent,250,0.033769132,20,29.77680934,61940
CVML,47-2221,Structural Iron and Steel Workers,High school diploma or equivalent,700,0.070594209,70,35.12830389,73070
OC,47-2221,Structural Iron and Steel Workers,High school diploma or equivalent,830,0.007073871,70,38.3017322,79670
Bay,47-2221,Structural Iron and Steel Workers,High school diploma or equivalent,1520,-0.002873379,130,42.76530836,88950
SD/I,47-2221,Structural Iron and Steel Workers,High school diploma or equivalent,790,0.012784011,60,36.41351268,75740
SD/I,47-2231,Solar Photovoltaic Installers,High school diploma or equivalent,580,0.300115379,90,28.91433958,60140
Bay,47-2231,Solar Photovoltaic Installers,High school diploma or equivalent,1260,0.19507373,160,32.51481964,67630
CVML,47-2231,Solar Photovoltaic Installers,High school diploma or equivalent,810,0.213717391,110,27.45519362,57110
CA,47-2231,Solar Photovoltaic Installers,High school diploma or equivalent,6770,0.19428063,880,29.13730038,60610
SCC,47-2231,Solar Photovoltaic Installers,High school diploma or equivalent,310,0.177064434,40,28.8534071,60020
OC,47-2231,Solar Photovoltaic Installers,High school diploma or equivalent,760,0.168120815,90,30.04185371,62490
LA,47-2231,Solar Photovoltaic Installers,High school diploma or equivalent,1040,0.101644649,110,27.69538539,57610
IE/D,47-2231,Solar Photovoltaic Installers,High school diploma or equivalent,760,0.102320509,80,27.72293061,57660
GS,47-2231,Solar Photovoltaic Installers,High school diploma or equivalent,720,0.267255993,110,28.30592838,58880
FN,47-2231,Solar Photovoltaic Installers,High school diploma or equivalent,90,0.162928563,10,23.97573835,49870
IE/D,47-4011,Construction and Building Inspectors,High school diploma or equivalent,1310,0.069827411,160,42.60233795,88610
SD/I,47-4011,Construction and Building Inspectors,High school diploma or equivalent,1550,0.028972831,170,45.92421027,95520
OC,47-4011,Construction and Building Inspectors,High school diploma or equivalent,1260,0.006859863,130,45.94748145,95570
CA,47-4011,Construction and Building Inspectors,High school diploma or equivalent,15160,0.025273231,1660,47.44852555,98690
FN,47-4011,Construction and Building Inspectors,High school diploma or equivalent,310,0.056309427,40,37.14964701,77270
Bay,47-4011,Construction and Building Inspectors,High school diploma or equivalent,4220,0.003202304,450,56.58020534,117690
CVML,47-4011,Construction and Building Inspectors,High school diploma or equivalent,1170,0.061395654,140,39.32342784,81790
GS,47-4011,Construction and Building Inspectors,High school diploma or equivalent,1240,0.041444196,140,48.81833071,101540
SCC,47-4011,Construction and Building Inspectors,High school diploma or equivalent,870,0.012020673,90,43.15170295,89760
LA,47-4011,Construction and Building Inspectors,High school diploma or equivalent,2950,0.010414338,310,47.04822851,97860
Bay,47-4021,Elevator and Escalator Installers and Repairers,High school diploma or equivalent,430,0.013877922,40,84.85125185,176490
SCC,47-4021,Elevator and Escalator Installers and Repairers,High school diploma or equivalent,40,0.011671491,0,65.23058177,135680
IE/D,47-4021,Elevator and Escalator Installers and Repairers,High school diploma or equivalent,150,0.082383805,10,63.43226372,131940
OC,47-4021,Elevator and Escalator Installers and Repairers,High school diploma or equivalent,370,0.072533176,30,69.50730505,144580
FN,47-4021,Elevator and Escalator Installers and Repairers,High school diploma or equivalent,10,0.111903058,0,61.09680394,127080
CA,47-4021,Elevator and Escalator Installers and Repairers,High school diploma or equivalent,1980,0.048558209,180,67.88,141190
LA,47-4021,Elevator and Escalator Installers and Repairers,High school diploma or equivalent,420,0.012654655,30,65.98143494,137240
CVML,47-4021,Elevator and Escalator Installers and Repairers,High school diploma or equivalent,80,0.131743229,10,67.77944849,140980
SD/I,47-4021,Elevator and Escalator Installers and Repairers,High school diploma or equivalent,150,0.069073063,10,67.34852806,140080
GS,47-4021,Elevator and Escalator Installers and Repairers,High school diploma or equivalent,250,0.026466541,20,61.29271403,127490
CA,47-4041,Hazardous Materials Removal Workers,High school diploma or equivalent,7530,0.043959236,820,26.98,56120
OC,47-4041,Hazardous Materials Removal Workers,High school diploma or equivalent,820,0.001337492,80,25.75708175,53570
SCC,47-4041,Hazardous Materials Removal Workers,High school diploma or equivalent,420,0.070761803,50,28.32089942,58910
LA,47-4041,Hazardous Materials Removal Workers,High school diploma or equivalent,1540,0.052307212,170,23.99596865,49910
FN,47-4041,Hazardous Materials Removal Workers,High school diploma or equivalent,120,0.058231751,10,27.29773045,56780
IE/D,47-4041,Hazardous Materials Removal Workers,High school diploma or equivalent,450,0.054738804,50,23.19076853,48240
GS,47-4041,Hazardous Materials Removal Workers,High school diploma or equivalent,470,0.046336049,50,24.47638321,50910
SD/I,47-4041,Hazardous Materials Removal Workers,High school diploma or equivalent,710,0.042460752,80,24.89957879,51790
Bay,47-4041,Hazardous Materials Removal Workers,High school diploma or equivalent,2240,0.034773328,240,28.64497301,59580
CVML,47-4041,Hazardous Materials Removal Workers,High school diploma or equivalent,580,0.074299164,70,25.48248906,53000
LA,47-4061,Rail-Track Laying and Maintenance Equipment Operators,High school diploma or equivalent,190,0.034011104,10,36.23472293,75370
SD/I,47-4061,Rail-Track Laying and Maintenance Equipment Operators,High school diploma or equivalent,50,0.057547929,0,37.20274927,77380
IE/D,47-4061,Rail-Track Laying and Maintenance Equipment Operators,High school diploma or equivalent,270,0.022475374,20,31.37286804,65260
CVML,47-4061,Rail-Track Laying and Maintenance Equipment Operators,High school diploma or equivalent,150,0.058494686,10,33.38535919,69440
OC,47-4061,Rail-Track Laying and Maintenance Equipment Operators,High school diploma or equivalent,30,0.013787931,0,35.88380424,74640
SCC,47-4061,Rail-Track Laying and Maintenance Equipment Operators,High school diploma or equivalent,40,0.028038741,0,34.03055438,70780
GS,47-4061,Rail-Track Laying and Maintenance Equipment Operators,High school diploma or equivalent,270,0.017809079,20,31.16968594,64830
Bay,47-4061,Rail-Track Laying and Maintenance Equipment Operators,High school diploma or equivalent,130,0.018531622,10,33.35010112,69370
FN,47-4061,Rail-Track Laying and Maintenance Equipment Operators,High school diploma or equivalent,30,-0.054992183,0,31.82815157,66200
CA,47-4061,Rail-Track Laying and Maintenance Equipment Operators,High school diploma or equivalent,1170,0.027488043,90,34.22,71180
SD/I,47-5023,"Earth Drillers, Except Oil and Gas",High school diploma or equivalent,110,0.056935367,10,32.30186651,67190
CA,47-5023,"Earth Drillers, Except Oil and Gas",High school diploma or equivalent,1800,0.02400501,170,32.05470448,66670
SCC,47-5023,"Earth Drillers, Except Oil and Gas",High school diploma or equivalent,100,0.028466348,10,32.63038386,67870
FN,47-5023,"Earth Drillers, Except Oil and Gas",High school diploma or equivalent,20,0.108443437,0,31.60650501,65740
IE/D,47-5023,"Earth Drillers, Except Oil and Gas",High school diploma or equivalent,240,0.055687377,20,30.26255994,62950
Bay,47-5023,"Earth Drillers, Except Oil and Gas",High school diploma or equivalent,270,0.00987331,20,34.79990851,72380
GS,47-5023,"Earth Drillers, Except Oil and Gas",High school diploma or equivalent,160,0.079200086,20,34.26258134,71270
CVML,47-5023,"Earth Drillers, Except Oil and Gas",High school diploma or equivalent,290,-0.005690328,30,30.31604034,63060
OC,47-5023,"Earth Drillers, Except Oil and Gas",High school diploma or equivalent,170,-0.02482218,10,31.99632473,66550
LA,47-5023,"Earth Drillers, Except Oil and Gas",High school diploma or equivalent,410,0.022763321,40,32.25705284,67090
IE/D,47-5032,"Explosives Workers, Ordnance Handling Experts, and Blasters",High school diploma or equivalent,180,0.030502566,20,40.11266901,83430
Bay,47-5032,"Explosives Workers, Ordnance Handling Experts, and Blasters",High school diploma or equivalent,260,0.057554537,30,30.56273947,63570
CA,47-5032,"Explosives Workers, Ordnance Handling Experts, and Blasters",High school diploma or equivalent,1750,0.031192281,180,38.64,80370
FN,47-5032,"Explosives Workers, Ordnance Handling Experts, and Blasters",High school diploma or equivalent,10,0.019384202,0,34.78190066,72350
SCC,47-5032,"Explosives Workers, Ordnance Handling Experts, and Blasters",High school diploma or equivalent,100,0.01740097,10,41.12523584,85540
LA,47-5032,"Explosives Workers, Ordnance Handling Experts, and Blasters",High school diploma or equivalent,130,0.073156219,10,35.5383184,73920
GS,47-5032,"Explosives Workers, Ordnance Handling Experts, and Blasters",High school diploma or equivalent,70,-0.016011258,10,37.38558109,77760
OC,47-5032,"Explosives Workers, Ordnance Handling Experts, and Blasters",High school diploma or equivalent,50,0.060077538,0,36.23280364,75360
CVML,47-5032,"Explosives Workers, Ordnance Handling Experts, and Blasters",High school diploma or equivalent,200,0.028648277,20,40.86100452,84990
SD/I,47-5032,"Explosives Workers, Ordnance Handling Experts, and Blasters",High school diploma or equivalent,740,0.018331184,70,42.59160645,88590
FN,49-1011,"First-Line Supervisors of Mechanics, Installers, and Repairers",High school diploma or equivalent,1170,0.045107,110,40.89794248,85070
LA,49-1011,"First-Line Supervisors of Mechanics, Installers, and Repairers",High school diploma or equivalent,12440,0.010331337,1040,44.41665422,92390
SCC,49-1011,"First-Line Supervisors of Mechanics, Installers, and Repairers",High school diploma or equivalent,2750,0.030745762,250,43.13059057,89710
SD/I,49-1011,"First-Line Supervisors of Mechanics, Installers, and Repairers",High school diploma or equivalent,5390,0.025873499,470,40.76671944,84790
CA,49-1011,"First-Line Supervisors of Mechanics, Installers, and Repairers",High school diploma or equivalent,55150,0.040826096,5020,44.95569391,93510
IE/D,49-1011,"First-Line Supervisors of Mechanics, Installers, and Repairers",High school diploma or equivalent,6000,0.067048041,580,42.5760003,88560
Bay,49-1011,"First-Line Supervisors of Mechanics, Installers, and Repairers",High school diploma or equivalent,11610,0.030290746,1030,48.23864952,100340
CVML,49-1011,"First-Line Supervisors of Mechanics, Installers, and Repairers",High school diploma or equivalent,5580,0.061681348,530,42.80441509,89030
OC,49-1011,"First-Line Supervisors of Mechanics, Installers, and Repairers",High school diploma or equivalent,5280,0.036290008,470,46.60673535,96940
GS,49-1011,"First-Line Supervisors of Mechanics, Installers, and Repairers",High school diploma or equivalent,3530,0.071876089,350,44.31985025,92190
LA,49-2011,"Computer, Automated Teller, and Office Machine Repairers","Some college, no degree",1810,-0.138461897,170,28.31594986,58900
SCC,49-2011,"Computer, Automated Teller, and Office Machine Repairers","Some college, no degree",350,-0.14071905,30,22.94279994,47720
CA,49-2011,"Computer, Automated Teller, and Office Machine Repairers","Some college, no degree",8530,-0.078503872,850,27.70146281,57620
SD/I,49-2011,"Computer, Automated Teller, and Office Machine Repairers","Some college, no degree",740,-0.10786777,70,25.51348666,53070
Bay,49-2011,"Computer, Automated Teller, and Office Machine Repairers","Some college, no degree",1520,-0.131273019,140,27.85308782,57930
IE/D,49-2011,"Computer, Automated Teller, and Office Machine Repairers","Some college, no degree",830,-0.06676285,80,22.48496792,46770
GS,49-2011,"Computer, Automated Teller, and Office Machine Repairers","Some college, no degree",550,-0.090361973,50,24.39786398,50750
CVML,49-2011,"Computer, Automated Teller, and Office Machine Repairers","Some college, no degree",730,0.061636401,90,24.8358243,51660
OC,49-2011,"Computer, Automated Teller, and Office Machine Repairers","Some college, no degree",1060,-0.134498648,100,30.65031496,63750
FN,49-2011,"Computer, Automated Teller, and Office Machine Repairers","Some college, no degree",100,-0.124235869,10,23.18593117,48230
GS,49-2021,"Radio, Cellular, and Tower Equipment Installers and Repairers",Associate's degree,150,0.070931132,20,29.44959302,61260
IE/D,49-2021,"Radio, Cellular, and Tower Equipment Installers and Repairers",Associate's degree,250,0.030850355,20,26.82221826,55790
SCC,49-2021,"Radio, Cellular, and Tower Equipment Installers and Repairers",Associate's degree,50,-0.005719247,0,27.90507972,58040
SD/I,49-2021,"Radio, Cellular, and Tower Equipment Installers and Repairers",Associate's degree,160,0.003379804,10,36.02042699,74920
CA,49-2021,"Radio, Cellular, and Tower Equipment Installers and Repairers",Associate's degree,1380,0.028454258,140,30.14053805,62690
CVML,49-2021,"Radio, Cellular, and Tower Equipment Installers and Repairers",Associate's degree,80,0.083175895,10,27.5015115,57200
OC,49-2021,"Radio, Cellular, and Tower Equipment Installers and Repairers",Associate's degree,100,0.023567124,10,32.15696689,66890
FN,49-2021,"Radio, Cellular, and Tower Equipment Installers and Repairers",Associate's degree,10,0.477734781,0,29.43892178,61230
Bay,49-2021,"Radio, Cellular, and Tower Equipment Installers and Repairers",Associate's degree,300,0.025301344,30,32.90420768,68440
LA,49-2021,"Radio, Cellular, and Tower Equipment Installers and Repairers",Associate's degree,210,-0.080761759,20,29.69121338,61760
FN,49-2022,"Telecommunications Equipment Installers and Repairers, Except Line Installers",Postsecondary nondegree award,300,0.00482239,30,35.93939282,74750
LA,49-2022,"Telecommunications Equipment Installers and Repairers, Except Line Installers",Postsecondary nondegree award,3020,-0.200930257,250,33.02315912,68690
IE/D,49-2022,"Telecommunications Equipment Installers and Repairers, Except Line Installers",Postsecondary nondegree award,1480,-0.05811418,130,34.75616495,72290
SCC,49-2022,"Telecommunications Equipment Installers and Repairers, Except Line Installers",Postsecondary nondegree award,620,-0.127170746,50,35.6356919,74120
GS,49-2022,"Telecommunications Equipment Installers and Repairers, Except Line Installers",Postsecondary nondegree award,1180,-0.078973827,100,35.79133867,74450
SD/I,49-2022,"Telecommunications Equipment Installers and Repairers, Except Line Installers",Postsecondary nondegree award,1490,-0.089941596,130,36.87139191,76690
CVML,49-2022,"Telecommunications Equipment Installers and Repairers, Except Line Installers",Postsecondary nondegree award,1220,0.014161495,120,34.50399911,71770
OC,49-2022,"Telecommunications Equipment Installers and Repairers, Except Line Installers",Postsecondary nondegree award,1570,-0.075432705,140,39.0062576,81130
CA,49-2022,"Telecommunications Equipment Installers and Repairers, Except Line Installers",Postsecondary nondegree award,15940,-0.056247816,1510,36.64363691,76220
Bay,49-2022,"Telecommunications Equipment Installers and Repairers, Except Line Installers",Postsecondary nondegree award,3620,-0.052746285,330,43.21873201,89890
OC,49-2091,Avionics Technicians,Associate's degree,130,0.071093201,10,43.71478684,90930
FN,49-2091,Avionics Technicians,Associate's degree,20,0.035950452,0,40.02029158,83240
LA,49-2091,Avionics Technicians,Associate's degree,580,0.133870951,60,47.8481516,99520
Bay,49-2091,Avionics Technicians,Associate's degree,460,0.102954155,40,49.06504779,102060
SD/I,49-2091,Avionics Technicians,Associate's degree,1080,0.032389072,90,44.4537626,92460
CVML,49-2091,Avionics Technicians,Associate's degree,290,0.068294837,30,45.65849483,94970
SCC,49-2091,Avionics Technicians,Associate's degree,210,0.101111162,20,46.29156759,96290
GS,49-2091,Avionics Technicians,Associate's degree,140,0.036189859,10,41.61608766,86560
IE/D,49-2091,Avionics Technicians,Associate's degree,280,0.091354191,30,41.95096232,87260
CA,49-2091,Avionics Technicians,Associate's degree,3240,0.076643441,300,44.46,92480
IE/D,49-2092,"Electric Motor, Power Tool, and Related Repairers",High school diploma or equivalent,130,0.04467086,10,31.81255675,66170
Bay,49-2092,"Electric Motor, Power Tool, and Related Repairers",High school diploma or equivalent,180,0.010472209,20,33.71615787,70130
GS,49-2092,"Electric Motor, Power Tool, and Related Repairers",High school diploma or equivalent,60,0.062769909,10,24.59997587,51170
FN,49-2092,"Electric Motor, Power Tool, and Related Repairers",High school diploma or equivalent,30,0.050852124,0,31.57978259,65690
LA,49-2092,"Electric Motor, Power Tool, and Related Repairers",High school diploma or equivalent,270,-0.053096996,20,30.75467061,63970
CVML,49-2092,"Electric Motor, Power Tool, and Related Repairers",High school diploma or equivalent,100,0.021080049,10,29.07098425,60470
SCC,49-2092,"Electric Motor, Power Tool, and Related Repairers",High school diploma or equivalent,50,-0.057540656,10,30.05808943,62520
CA,49-2092,"Electric Motor, Power Tool, and Related Repairers",High school diploma or equivalent,1230,0.001053674,130,31.20861005,64910
OC,49-2092,"Electric Motor, Power Tool, and Related Repairers",High school diploma or equivalent,130,0.011948541,10,32.23159837,67040
SD/I,49-2092,"Electric Motor, Power Tool, and Related Repairers",High school diploma or equivalent,230,-0.001607433,20,31.20366986,64900
SD/I,49-2093,"Electrical and Electronics Installers and Repairers, Transportation Equipment",Postsecondary nondegree award,220,0.008439505,20,24.21593998,50370
Bay,49-2093,"Electrical and Electronics Installers and Repairers, Transportation Equipment",Postsecondary nondegree award,560,-0.004876187,50,55.75547001,115970
CA,49-2093,"Electrical and Electronics Installers and Repairers, Transportation Equipment",Postsecondary nondegree award,1420,0.010838136,120,40.78,84820
FN,49-2093,"Electrical and Electronics Installers and Repairers, Transportation Equipment",Postsecondary nondegree award,80,-0.002414314,10,42.64882688,88710
IE/D,49-2093,"Electrical and Electronics Installers and Repairers, Transportation Equipment",Postsecondary nondegree award,80,0.051534474,10,34.1884108,71110
LA,49-2093,"Electrical and Electronics Installers and Repairers, Transportation Equipment",Postsecondary nondegree award,140,0.026676573,10,38.546064,80180
CVML,49-2093,"Electrical and Electronics Installers and Repairers, Transportation Equipment",Postsecondary nondegree award,90,0.081034335,10,35.90720525,74690
GS,49-2093,"Electrical and Electronics Installers and Repairers, Transportation Equipment",Postsecondary nondegree award,130,0.029826473,10,39.16754673,81470
OC,49-2093,"Electrical and Electronics Installers and Repairers, Transportation Equipment",Postsecondary nondegree award,40,0.010491189,0,38.31173211,79690
SCC,49-2093,"Electrical and Electronics Installers and Repairers, Transportation Equipment",Postsecondary nondegree award,30,0.045777147,0,41.27427302,85850
OC,49-2094,"Electrical and Electronics Repairers, Commercial and Industrial Equipment",Postsecondary nondegree award,390,0.017371791,30,38.98964771,81100
SD/I,49-2094,"Electrical and Electronics Repairers, Commercial and Industrial Equipment",Postsecondary nondegree award,1150,0.00089349,90,44.39486377,92340
SCC,49-2094,"Electrical and Electronics Repairers, Commercial and Industrial Equipment",Postsecondary nondegree award,330,-0.010118149,30,40.24958379,83720
GS,49-2094,"Electrical and Electronics Repairers, Commercial and Industrial Equipment",Postsecondary nondegree award,390,0.021028352,30,39.32305405,81790
FN,49-2094,"Electrical and Electronics Repairers, Commercial and Industrial Equipment",Postsecondary nondegree award,130,0.012948569,10,49.71058932,103400
LA,49-2094,"Electrical and Electronics Repairers, Commercial and Industrial Equipment",Postsecondary nondegree award,860,-0.020469819,70,38.14416897,79340
CVML,49-2094,"Electrical and Electronics Repairers, Commercial and Industrial Equipment",Postsecondary nondegree award,850,0.031875099,70,39.76267933,82710
Bay,49-2094,"Electrical and Electronics Repairers, Commercial and Industrial Equipment",Postsecondary nondegree award,1430,-0.004547784,120,53.10842974,110470
CA,49-2094,"Electrical and Electronics Repairers, Commercial and Industrial Equipment",Postsecondary nondegree award,6800,0.012376258,570,41.86,87070
IE/D,49-2094,"Electrical and Electronics Repairers, Commercial and Industrial Equipment",Postsecondary nondegree award,1010,0.031046962,90,37.56456388,78130
Bay,49-2095,"Electrical and Electronics Repairers, Powerhouse, Substation, and Relay",Postsecondary nondegree award,260,0.062685083,30,63.90326233,132920
CVML,49-2095,"Electrical and Electronics Repairers, Powerhouse, Substation, and Relay",Postsecondary nondegree award,190,0.084940512,20,53.11434723,110480
IE/D,49-2095,"Electrical and Electronics Repairers, Powerhouse, Substation, and Relay",Postsecondary nondegree award,270,0.015659453,20,63.18632278,131430
GS,49-2095,"Electrical and Electronics Repairers, Powerhouse, Substation, and Relay",Postsecondary nondegree award,250,0.063796495,20,53.48252695,111240
SCC,49-2095,"Electrical and Electronics Repairers, Powerhouse, Substation, and Relay",Postsecondary nondegree award,170,0.038011442,10,56.96531032,118490
LA,49-2095,"Electrical and Electronics Repairers, Powerhouse, Substation, and Relay",Postsecondary nondegree award,440,-0.008133153,30,57.51765374,119640
FN,49-2095,"Electrical and Electronics Repairers, Powerhouse, Substation, and Relay",Postsecondary nondegree award,40,0.110243432,0,54.63167301,113630
SD/I,49-2095,"Electrical and Electronics Repairers, Powerhouse, Substation, and Relay",Postsecondary nondegree award,230,0.02799366,20,47.53100686,98860
OC,49-2095,"Electrical and Electronics Repairers, Powerhouse, Substation, and Relay",Postsecondary nondegree award,120,-0.013510253,10,56.07411437,116630
CA,49-2095,"Electrical and Electronics Repairers, Powerhouse, Substation, and Relay",Postsecondary nondegree award,2000,0.034190802,170,58.42,121510
Bay,49-2096,"Electronic Equipment Installers and Repairers, Motor Vehicles",High school diploma or equivalent,170,-0.169801731,10,26.05333887,54190
OC,49-2096,"Electronic Equipment Installers and Repairers, Motor Vehicles",High school diploma or equivalent,80,-0.114527443,10,30.69154205,63840
IE/D,49-2096,"Electronic Equipment Installers and Repairers, Motor Vehicles",High school diploma or equivalent,170,-0.037375532,10,20.92966698,43530
GS,49-2096,"Electronic Equipment Installers and Repairers, Motor Vehicles",High school diploma or equivalent,110,-0.079076487,10,21.66799098,45070
CVML,49-2096,"Electronic Equipment Installers and Repairers, Motor Vehicles",High school diploma or equivalent,70,0.040906523,10,21.00106651,43680
SCC,49-2096,"Electronic Equipment Installers and Repairers, Motor Vehicles",High school diploma or equivalent,30,-0.159968898,0,21.70777448,45150
LA,49-2096,"Electronic Equipment Installers and Repairers, Motor Vehicles",High school diploma or equivalent,180,-0.127669164,10,29.90443835,62200
SD/I,49-2096,"Electronic Equipment Installers and Repairers, Motor Vehicles",High school diploma or equivalent,70,-0.105724585,0,23.62157648,49130
FN,49-2096,"Electronic Equipment Installers and Repairers, Motor Vehicles",High school diploma or equivalent,150,-0.219666296,10,27.19788374,56570
CA,49-2096,"Electronic Equipment Installers and Repairers, Motor Vehicles",High school diploma or equivalent,1050,-0.116032687,80,23.32,48510
SD/I,49-2097,Audiovisual Equipment Installers and Repairers,Postsecondary nondegree award,270,-0.029481925,30,29.83369223,62050
FN,49-2097,Audiovisual Equipment Installers and Repairers,Postsecondary nondegree award,40,-0.057682551,0,21.89812631,45550
OC,49-2097,Audiovisual Equipment Installers and Repairers,Postsecondary nondegree award,360,-0.082506321,30,24.39947283,50750
GS,49-2097,Audiovisual Equipment Installers and Repairers,Postsecondary nondegree award,140,0.009840501,10,29.31145233,60970
CVML,49-2097,Audiovisual Equipment Installers and Repairers,Postsecondary nondegree award,330,0.103000387,40,29.6609916,61690
CA,49-2097,Audiovisual Equipment Installers and Repairers,Postsecondary nondegree award,3040,-0.026374282,300,28.84487521,60000
SCC,49-2097,Audiovisual Equipment Installers and Repairers,Postsecondary nondegree award,120,-0.04563344,10,27.59319084,57390
IE/D,49-2097,Audiovisual Equipment Installers and Repairers,Postsecondary nondegree award,240,0.009721579,20,28.43735596,59150
Bay,49-2097,Audiovisual Equipment Installers and Repairers,Postsecondary nondegree award,580,-0.060305584,60,33.91957374,70550
LA,49-2097,Audiovisual Equipment Installers and Repairers,Postsecondary nondegree award,830,-0.058729462,80,24.15384973,50240
OC,49-2098,Security and Fire Alarm Systems Installers,High school diploma or equivalent,1210,0.114228136,150,37.36344891,77720
CVML,49-2098,Security and Fire Alarm Systems Installers,High school diploma or equivalent,670,0.026985731,70,28.77176071,59850
GS,49-2098,Security and Fire Alarm Systems Installers,High school diploma or equivalent,660,0.072622029,70,33.27230007,69210
CA,49-2098,Security and Fire Alarm Systems Installers,High school diploma or equivalent,8760,0.055886471,970,34.02738242,70780
SCC,49-2098,Security and Fire Alarm Systems Installers,High school diploma or equivalent,420,0.007938213,40,27.4137738,57020
IE/D,49-2098,Security and Fire Alarm Systems Installers,High school diploma or equivalent,1050,0.06447569,120,30.46499559,63370
SD/I,49-2098,Security and Fire Alarm Systems Installers,High school diploma or equivalent,580,0.076204693,70,33.36049066,69390
LA,49-2098,Security and Fire Alarm Systems Installers,High school diploma or equivalent,1850,0.033742648,190,31.80053305,66150
Bay,49-2098,Security and Fire Alarm Systems Installers,High school diploma or equivalent,1760,0.011283258,190,36.81898365,76580
FN,49-2098,Security and Fire Alarm Systems Installers,High school diploma or equivalent,120,0.041522402,10,27.01321241,56190
CVML,49-3011,Aircraft Mechanics and Service Technicians,Postsecondary nondegree award,2240,0.030647493,200,40.44353213,84120
FN,49-3011,Aircraft Mechanics and Service Technicians,Postsecondary nondegree award,250,0.087112899,30,36.24955827,75400
OC,49-3011,Aircraft Mechanics and Service Technicians,Postsecondary nondegree award,850,0.042708044,70,36.52749872,75980
SD/I,49-3011,Aircraft Mechanics and Service Technicians,Postsecondary nondegree award,5910,0.032625209,490,42.06607032,87500
LA,49-3011,Aircraft Mechanics and Service Technicians,Postsecondary nondegree award,5130,0.088925396,500,40.26111437,83740
GS,49-3011,Aircraft Mechanics and Service Technicians,Postsecondary nondegree award,980,0.051834373,90,42.25803362,87900
IE/D,49-3011,Aircraft Mechanics and Service Technicians,Postsecondary nondegree award,2130,0.101807527,210,39.42029221,81990
Bay,49-3011,Aircraft Mechanics and Service Technicians,Postsecondary nondegree award,2880,0.084240813,280,45.66659518,94990
SCC,49-3011,Aircraft Mechanics and Service Technicians,Postsecondary nondegree award,1230,0.083827428,120,38.51853533,80120
CA,49-3011,Aircraft Mechanics and Service Technicians,Postsecondary nondegree award,21950,0.064863732,2020,41.22034773,85740
CVML,49-3021,Automotive Body and Related Repairers,High school diploma or equivalent,1500,0.044873944,140,29.2941939,60930
FN,49-3021,Automotive Body and Related Repairers,High school diploma or equivalent,300,0.009116037,30,28.11269809,58470
GS,49-3021,Automotive Body and Related Repairers,High school diploma or equivalent,1230,0.067736339,120,29.52414829,61410
IE/D,49-3021,Automotive Body and Related Repairers,High school diploma or equivalent,2110,0.04927734,200,28.80587893,59920
LA,49-3021,Automotive Body and Related Repairers,High school diploma or equivalent,3660,-0.011595796,300,29.78168251,61950
SD/I,49-3021,Automotive Body and Related Repairers,High school diploma or equivalent,1280,-0.023021669,110,29.39659795,61140
OC,49-3021,Automotive Body and Related Repairers,High school diploma or equivalent,1370,-0.020814833,110,32.77035759,68160
Bay,49-3021,Automotive Body and Related Repairers,High school diploma or equivalent,4370,0.020853548,390,35.8328607,74530
SCC,49-3021,Automotive Body and Related Repairers,High school diploma or equivalent,750,-0.002185465,70,29.93816478,62270
CA,49-3021,Automotive Body and Related Repairers,High school diploma or equivalent,16670,0.016582627,1470,31.18048179,64860
SCC,49-3023,Automotive Service Technicians and Mechanics,Postsecondary nondegree award,4430,0.005395374,380,28.73610288,59770
SD/I,49-3023,Automotive Service Technicians and Mechanics,Postsecondary nondegree award,6910,0.007005272,590,28.77020998,59840
CA,49-3023,Automotive Service Technicians and Mechanics,Postsecondary nondegree award,82890,0.024979492,7350,28.88426099,60080
CVML,49-3023,Automotive Service Technicians and Mechanics,Postsecondary nondegree award,9100,0.052136156,850,25.03233741,52070
OC,49-3023,Automotive Service Technicians and Mechanics,Postsecondary nondegree award,7610,0.010801482,650,30.15381831,62720
IE/D,49-3023,Automotive Service Technicians and Mechanics,Postsecondary nondegree award,10660,0.063983407,1030,27.3752994,56940
GS,49-3023,Automotive Service Technicians and Mechanics,Postsecondary nondegree award,6620,0.0664763,650,32.70217536,68020
LA,49-3023,Automotive Service Technicians and Mechanics,Postsecondary nondegree award,19270,-0.011093438,1550,27.20274355,56580
FN,49-3023,Automotive Service Technicians and Mechanics,Postsecondary nondegree award,1840,-0.003315646,160,26.3585272,54830
Bay,49-3023,Automotive Service Technicians and Mechanics,Postsecondary nondegree award,15740,0.025692604,1410,33.93904749,70590
SD/I,49-3031,Bus and Truck Mechanics and Diesel Engine Specialists,High school diploma or equivalent,2290,0.016747966,190,35.59234375,74030
FN,49-3031,Bus and Truck Mechanics and Diesel Engine Specialists,High school diploma or equivalent,540,0.025099731,50,29.70693845,61790
CVML,49-3031,Bus and Truck Mechanics and Diesel Engine Specialists,High school diploma or equivalent,3760,0.06687096,360,31.78004088,66100
GS,49-3031,Bus and Truck Mechanics and Diesel Engine Specialists,High school diploma or equivalent,1570,0.085686419,160,33.92056723,70550
SCC,49-3031,Bus and Truck Mechanics and Diesel Engine Specialists,High school diploma or equivalent,1160,0.02174718,100,34.86918638,72530
Bay,49-3031,Bus and Truck Mechanics and Diesel Engine Specialists,High school diploma or equivalent,3800,0.045567057,350,37.88159935,78790
LA,49-3031,Bus and Truck Mechanics and Diesel Engine Specialists,High school diploma or equivalent,5450,0.018663469,470,36.2384732,75380
CA,49-3031,Bus and Truck Mechanics and Diesel Engine Specialists,High school diploma or equivalent,24600,0.046708017,2260,35.00124687,72800
OC,49-3031,Bus and Truck Mechanics and Diesel Engine Specialists,High school diploma or equivalent,1670,0.024674234,140,37.81881162,78660
IE/D,49-3031,Bus and Truck Mechanics and Diesel Engine Specialists,High school diploma or equivalent,3860,0.07323008,380,33.82861506,70360
SD/I,49-3041,Farm Equipment Mechanics and Service Technicians,High school diploma or equivalent,230,-0.057809225,20,27.72583443,57670
IE/D,49-3041,Farm Equipment Mechanics and Service Technicians,High school diploma or equivalent,240,0.003535722,20,28.94560153,60210
OC,49-3041,Farm Equipment Mechanics and Service Technicians,High school diploma or equivalent,90,0.023720008,10,33.31400635,69290
FN,49-3041,Farm Equipment Mechanics and Service Technicians,High school diploma or equivalent,190,-0.066311286,20,27.47078391,57140
CA,49-3041,Farm Equipment Mechanics and Service Technicians,High school diploma or equivalent,4760,0.025343026,420,25.79974608,53660
Bay,49-3041,Farm Equipment Mechanics and Service Technicians,High school diploma or equivalent,920,0.042199609,80,25.89078126,53850
SCC,49-3041,Farm Equipment Mechanics and Service Technicians,High school diploma or equivalent,380,0.053206542,40,25.98956531,54060
GS,49-3041,Farm Equipment Mechanics and Service Technicians,High school diploma or equivalent,240,0.009966474,20,28.55845771,59400
CVML,49-3041,Farm Equipment Mechanics and Service Technicians,High school diploma or equivalent,2140,0.029203491,190,24.27433804,50490
LA,49-3041,Farm Equipment Mechanics and Service Technicians,High school diploma or equivalent,160,-0.041439393,10,31.618472,65770
CA,49-3042,"Mobile Heavy Equipment Mechanics, Except Engines",High school diploma or equivalent,21400,0.030514767,1900,37.56070917,78130
OC,49-3042,"Mobile Heavy Equipment Mechanics, Except Engines",High school diploma or equivalent,1850,0.067203457,180,40.08461788,83380
FN,49-3042,"Mobile Heavy Equipment Mechanics, Except Engines",High school diploma or equivalent,560,0.030539474,50,34.66808731,72110
SCC,49-3042,"Mobile Heavy Equipment Mechanics, Except Engines",High school diploma or equivalent,1040,0.018210963,90,36.25127846,75400
Bay,49-3042,"Mobile Heavy Equipment Mechanics, Except Engines",High school diploma or equivalent,3920,0.00645649,330,43.35222829,90170
IE/D,49-3042,"Mobile Heavy Equipment Mechanics, Except Engines",High school diploma or equivalent,3150,0.045711337,290,36.36300929,75640
CVML,49-3042,"Mobile Heavy Equipment Mechanics, Except Engines",High school diploma or equivalent,2860,0.022626497,250,33.93060715,70580
LA,49-3042,"Mobile Heavy Equipment Mechanics, Except Engines",High school diploma or equivalent,4620,0.014534116,390,38.11144633,79270
SD/I,49-3042,"Mobile Heavy Equipment Mechanics, Except Engines",High school diploma or equivalent,1360,0.018661141,120,36.37273167,75660
GS,49-3042,"Mobile Heavy Equipment Mechanics, Except Engines",High school diploma or equivalent,1400,0.045180857,130,36.52832378,75980
LA,49-3043,Rail Car Repairers,High school diploma or equivalent,220,0.023309624,20,25.90938541,53890
SD/I,49-3043,Rail Car Repairers,High school diploma or equivalent,130,0.06436148,10,23.99886115,49920
IE/D,49-3043,Rail Car Repairers,High school diploma or equivalent,370,0.091364545,40,28.34480602,58960
OC,49-3043,Rail Car Repairers,High school diploma or equivalent,30,0.03159386,0,26.51368409,55150
GS,49-3043,Rail Car Repairers,High school diploma or equivalent,110,0.065051766,10,36.93234045,76820
SCC,49-3043,Rail Car Repairers,High school diploma or equivalent,80,0.072903769,10,37.8046233,78630
FN,49-3043,Rail Car Repairers,High school diploma or equivalent,10,-0.128438545,0,33.11961056,68890
CA,49-3043,Rail Car Repairers,High school diploma or equivalent,1310,0.060543542,130,32.83786296,68300
Bay,49-3043,Rail Car Repairers,High school diploma or equivalent,170,0.074925476,20,35.01730328,72840
CVML,49-3043,Rail Car Repairers,High school diploma or equivalent,160,0.017076833,10,32.65213754,67920
SD/I,49-3051,Motorboat Mechanics and Service Technicians,High school diploma or equivalent,210,-0.044767699,20,29.43438718,61220
IE/D,49-3051,Motorboat Mechanics and Service Technicians,High school diploma or equivalent,150,0.000799791,20,27.72687652,57670
OC,49-3051,Motorboat Mechanics and Service Technicians,High school diploma or equivalent,170,-0.003326513,20,29.59226962,61550
GS,49-3051,Motorboat Mechanics and Service Technicians,High school diploma or equivalent,120,-0.024868421,10,26.768686,55680
SCC,49-3051,Motorboat Mechanics and Service Technicians,High school diploma or equivalent,110,-0.027594298,10,28.53152285,59350
FN,49-3051,Motorboat Mechanics and Service Technicians,High school diploma or equivalent,70,-0.025494356,10,22.10014266,45970
CA,49-3051,Motorboat Mechanics and Service Technicians,High school diploma or equivalent,1800,-0.020343525,170,29.29358283,60930
Bay,49-3051,Motorboat Mechanics and Service Technicians,High school diploma or equivalent,310,-0.048531864,30,30.72123461,63900
CVML,49-3051,Motorboat Mechanics and Service Technicians,High school diploma or equivalent,160,0.015069136,20,26.77124521,55680
LA,49-3051,Motorboat Mechanics and Service Technicians,High school diploma or equivalent,480,-0.025495693,50,29.15795411,60650
GS,49-3052,Motorcycle Mechanics,Postsecondary nondegree award,110,-0.112240472,10,27.4639655,57130
FN,49-3052,Motorcycle Mechanics,Postsecondary nondegree award,70,-0.043933142,10,29.28947449,60920
SD/I,49-3052,Motorcycle Mechanics,Postsecondary nondegree award,250,-0.164283233,20,29.27110784,60880
LA,49-3052,Motorcycle Mechanics,Postsecondary nondegree award,390,-0.15478053,30,30.03141944,62470
OC,49-3052,Motorcycle Mechanics,Postsecondary nondegree award,220,-0.054767904,20,31.36356525,65240
CVML,49-3052,Motorcycle Mechanics,Postsecondary nondegree award,170,0.029867211,20,29.85982948,62110
Bay,49-3052,Motorcycle Mechanics,Postsecondary nondegree award,240,-0.189535096,20,27.78110994,57780
IE/D,49-3052,Motorcycle Mechanics,Postsecondary nondegree award,230,-0.053760735,20,21.83080318,45410
CA,49-3052,Motorcycle Mechanics,Postsecondary nondegree award,1790,-0.102990858,160,26.94213433,56040
SCC,49-3052,Motorcycle Mechanics,Postsecondary nondegree award,90,-0.065097623,10,24.76307307,51510
FN,49-3053,Outdoor Power Equipment and Other Small Engine Mechanics,High school diploma or equivalent,110,-0.024466529,10,23.06493944,47980
GS,49-3053,Outdoor Power Equipment and Other Small Engine Mechanics,High school diploma or equivalent,200,0.002426529,20,23.35392277,48580
CA,49-3053,Outdoor Power Equipment and Other Small Engine Mechanics,High school diploma or equivalent,2680,0.020301483,270,24.11887271,50170
IE/D,49-3053,Outdoor Power Equipment and Other Small Engine Mechanics,High school diploma or equivalent,380,0.036288538,40,24.2873457,50520
Bay,49-3053,Outdoor Power Equipment and Other Small Engine Mechanics,High school diploma or equivalent,490,0.026116601,50,27.07596248,56320
CVML,49-3053,Outdoor Power Equipment and Other Small Engine Mechanics,High school diploma or equivalent,310,0.05952518,30,22.92531857,47680
OC,49-3053,Outdoor Power Equipment and Other Small Engine Mechanics,High school diploma or equivalent,240,0.004210526,20,24.32926698,50600
LA,49-3053,Outdoor Power Equipment and Other Small Engine Mechanics,High school diploma or equivalent,450,-0.010649194,40,24.45000729,50860
SD/I,49-3053,Outdoor Power Equipment and Other Small Engine Mechanics,High school diploma or equivalent,280,0.002531612,30,21.88193193,45510
SCC,49-3053,Outdoor Power Equipment and Other Small Engine Mechanics,High school diploma or equivalent,180,0.037452521,20,23.89310296,49700
GS,49-3092,Recreational Vehicle Service Technicians,High school diploma or equivalent,120,0.015397826,20,33.60519392,69900
CVML,49-3092,Recreational Vehicle Service Technicians,High school diploma or equivalent,240,0.073388571,40,32.01596528,66590
CA,49-3092,Recreational Vehicle Service Technicians,High school diploma or equivalent,1240,0.026953832,170,32.2409711,67060
FN,49-3092,Recreational Vehicle Service Technicians,High school diploma or equivalent,100,-0.010006369,10,31.61798771,65770
Bay,49-3092,Recreational Vehicle Service Technicians,High school diploma or equivalent,140,-0.031124281,20,32.42296759,67440
IE/D,49-3092,Recreational Vehicle Service Technicians,High school diploma or equivalent,240,0.022772139,30,29.76003134,61900
OC,49-3092,Recreational Vehicle Service Technicians,High school diploma or equivalent,60,0.089159717,10,31.42057492,65350
LA,49-3092,Recreational Vehicle Service Technicians,High school diploma or equivalent,140,-0.005672379,20,28.62860039,59550
SD/I,49-3092,Recreational Vehicle Service Technicians,High school diploma or equivalent,90,0.057310859,10,29.78533739,61950
SCC,49-3092,Recreational Vehicle Service Technicians,High school diploma or equivalent,80,-0.009407685,10,33.35549943,69380
SD/I,49-9012,"Control and Valve Installers and Repairers, Except Mechanical Door",High school diploma or equivalent,490,0.014330542,40,50.34575208,104720
SCC,49-9012,"Control and Valve Installers and Repairers, Except Mechanical Door",High school diploma or equivalent,210,-0.053283769,20,45.40425954,94440
OC,49-9012,"Control and Valve Installers and Repairers, Except Mechanical Door",High school diploma or equivalent,210,0.021652002,20,42.40234643,88200
IE/D,49-9012,"Control and Valve Installers and Repairers, Except Mechanical Door",High school diploma or equivalent,570,0.035354511,50,42.37770473,88150
FN,49-9012,"Control and Valve Installers and Repairers, Except Mechanical Door",High school diploma or equivalent,130,0.078616545,10,52.83279919,109890
CA,49-9012,"Control and Valve Installers and Repairers, Except Mechanical Door",High school diploma or equivalent,4310,0.05890579,420,48.14078586,100130
CVML,49-9012,"Control and Valve Installers and Repairers, Except Mechanical Door",High school diploma or equivalent,510,0.134568761,60,54.46458947,113290
GS,49-9012,"Control and Valve Installers and Repairers, Except Mechanical Door",High school diploma or equivalent,360,0.181812579,40,59.2770738,123300
Bay,49-9012,"Control and Valve Installers and Repairers, Except Mechanical Door",High school diploma or equivalent,1000,0.087460422,110,58.72481618,122150
LA,49-9012,"Control and Valve Installers and Repairers, Except Mechanical Door",High school diploma or equivalent,810,-0.006818216,60,43.85506022,91220
SCC,49-9021,"Heating, Air Conditioning, and Refrigeration Mechanics and Installers",Postsecondary nondegree award,2150,0.048321883,210,33.8243177,70350
SD/I,49-9021,"Heating, Air Conditioning, and Refrigeration Mechanics and Installers",Postsecondary nondegree award,4000,0.070158195,400,35.10662513,73020
OC,49-9021,"Heating, Air Conditioning, and Refrigeration Mechanics and Installers",Postsecondary nondegree award,4550,0.073039739,460,37.8637064,78760
IE/D,49-9021,"Heating, Air Conditioning, and Refrigeration Mechanics and Installers",Postsecondary nondegree award,5610,0.069276207,560,30.21988228,62860
FN,49-9021,"Heating, Air Conditioning, and Refrigeration Mechanics and Installers",Postsecondary nondegree award,760,0.029324405,70,29.53916925,61440
GS,49-9021,"Heating, Air Conditioning, and Refrigeration Mechanics and Installers",Postsecondary nondegree award,3610,0.053342833,350,30.99672749,64470
Bay,49-9021,"Heating, Air Conditioning, and Refrigeration Mechanics and Installers",Postsecondary nondegree award,8540,0.029302033,790,36.49410149,75910
CA,49-9021,"Heating, Air Conditioning, and Refrigeration Mechanics and Installers",Postsecondary nondegree award,41600,0.053562773,4020,33.97251871,70660
CVML,49-9021,"Heating, Air Conditioning, and Refrigeration Mechanics and Installers",Postsecondary nondegree award,4130,0.079628212,420,30.77557651,64010
LA,49-9021,"Heating, Air Conditioning, and Refrigeration Mechanics and Installers",Postsecondary nondegree award,7710,0.036926612,710,32.67766517,67970
CVML,49-9031,Home Appliance Repairers,High school diploma or equivalent,380,0.049724605,40,23.97202432,49860
GS,49-9031,Home Appliance Repairers,High school diploma or equivalent,270,-0.035677526,20,28.14319591,58540
FN,49-9031,Home Appliance Repairers,High school diploma or equivalent,70,-0.027925724,10,30.3456507,63120
Bay,49-9031,Home Appliance Repairers,High school diploma or equivalent,630,-0.081131624,50,28.44238225,59160
IE/D,49-9031,Home Appliance Repairers,High school diploma or equivalent,460,0.018786564,40,26.99751143,56150
LA,49-9031,Home Appliance Repairers,High school diploma or equivalent,1000,-0.064952607,80,27.92674593,58090
SD/I,49-9031,Home Appliance Repairers,High school diploma or equivalent,480,-0.050384932,40,22.00001703,45760
SCC,49-9031,Home Appliance Repairers,High school diploma or equivalent,190,-0.030905027,20,23.62778132,49150
OC,49-9031,Home Appliance Repairers,High school diploma or equivalent,390,-0.060147731,30,28.05538902,58360
CA,49-9031,Home Appliance Repairers,High school diploma or equivalent,3950,-0.038831809,320,27.1660248,56510
CA,49-9041,Industrial Machinery Mechanics,High school diploma or equivalent,28260,0.082804403,2860,35.54417862,73930
GS,49-9041,Industrial Machinery Mechanics,High school diploma or equivalent,1320,0.115076309,140,36.16093014,75210
SD/I,49-9041,Industrial Machinery Mechanics,High school diploma or equivalent,2630,0.062400972,250,32.54382381,67690
SCC,49-9041,Industrial Machinery Mechanics,High school diploma or equivalent,1310,0.086960173,140,33.16613876,68990
IE/D,49-9041,Industrial Machinery Mechanics,High school diploma or equivalent,2900,0.10152846,310,34.97176208,72740
OC,49-9041,Industrial Machinery Mechanics,High school diploma or equivalent,2690,0.097008421,280,35.39609908,73620
CVML,49-9041,Industrial Machinery Mechanics,High school diploma or equivalent,4960,0.10227243,520,34.36697037,71480
Bay,49-9041,Industrial Machinery Mechanics,High school diploma or equivalent,5180,0.092296619,540,39.86407086,82920
LA,49-9041,Industrial Machinery Mechanics,High school diploma or equivalent,5810,0.01755422,500,33.93629722,70590
FN,49-9041,Industrial Machinery Mechanics,High school diploma or equivalent,570,0.106602422,60,32.43034488,67460
SD/I,49-9043,"Maintenance Workers, Machinery",High school diploma or equivalent,340,-0.002510747,30,35.99183291,74860
CA,49-9043,"Maintenance Workers, Machinery",High school diploma or equivalent,4220,0.018157842,400,32.60367027,67820
FN,49-9043,"Maintenance Workers, Machinery",High school diploma or equivalent,80,0.006721555,10,28.41761077,59110
GS,49-9043,"Maintenance Workers, Machinery",High school diploma or equivalent,210,0.034713797,20,34.75990364,72300
LA,49-9043,"Maintenance Workers, Machinery",High school diploma or equivalent,790,-0.015364206,70,35.34597278,73520
CVML,49-9043,"Maintenance Workers, Machinery",High school diploma or equivalent,680,0.01947978,60,27.98286629,58200
Bay,49-9043,"Maintenance Workers, Machinery",High school diploma or equivalent,780,0.010857778,70,35.51541365,73870
OC,49-9043,"Maintenance Workers, Machinery",High school diploma or equivalent,480,0.041850933,50,34.31860114,71380
IE/D,49-9043,"Maintenance Workers, Machinery",High school diploma or equivalent,460,0.047310789,50,29.72265791,61820
SCC,49-9043,"Maintenance Workers, Machinery",High school diploma or equivalent,290,0.023172234,30,32.63308983,67880
SCC,49-9044,Millwrights,High school diploma or equivalent,100,0.00717672,10,33.58479458,69860
CA,49-9044,Millwrights,High school diploma or equivalent,2690,0.011915843,250,37.35018663,77690
FN,49-9044,Millwrights,High school diploma or equivalent,200,0.018949989,20,31.52900081,65580
CVML,49-9044,Millwrights,High school diploma or equivalent,360,0.021891538,30,31.75122857,66040
Bay,49-9044,Millwrights,High school diploma or equivalent,790,0.001423352,70,49.47440757,102910
GS,49-9044,Millwrights,High school diploma or equivalent,110,0.045809879,10,36.08624012,75060
OC,49-9044,Millwrights,High school diploma or equivalent,260,0.023015679,20,48.62115394,101130
LA,49-9044,Millwrights,High school diploma or equivalent,400,-0.033119663,30,46.45640116,96630
SD/I,49-9044,Millwrights,High school diploma or equivalent,230,0.023819,20,36.65946138,76250
IE/D,49-9044,Millwrights,High school diploma or equivalent,180,0.041321808,20,33.53846897,69760
CA,49-9045,"Refractory Materials Repairers, Except Brickmasons",High school diploma or equivalent,30,-0.122280383,0,37.1305377,77230
SCC,49-9045,"Refractory Materials Repairers, Except Brickmasons",High school diploma or equivalent,0,-0.107855452,0,20.10965071,41830
GS,49-9045,"Refractory Materials Repairers, Except Brickmasons",High school diploma or equivalent,0,-0.228338784,0,19.91124506,41420
IE/D,49-9045,"Refractory Materials Repairers, Except Brickmasons",High school diploma or equivalent,10,-0.07452104,0,39.99313985,83190
SD/I,49-9045,"Refractory Materials Repairers, Except Brickmasons",High school diploma or equivalent,0,-0.275361263,0,20.03782853,41680
LA,49-9045,"Refractory Materials Repairers, Except Brickmasons",High school diploma or equivalent,10,-0.076732411,0,37.1076182,77180
Bay,49-9045,"Refractory Materials Repairers, Except Brickmasons",High school diploma or equivalent,0,-0.638041131,0,36.60979352,76150
CVML,49-9045,"Refractory Materials Repairers, Except Brickmasons",High school diploma or equivalent,0,-0.239229461,0,20.1012887,41810
FN,49-9045,"Refractory Materials Repairers, Except Brickmasons",High school diploma or equivalent,0,-0.277888264,0,19.78190777,41150
OC,49-9045,"Refractory Materials Repairers, Except Brickmasons",High school diploma or equivalent,0,-0.041160042,0,37.19227969,77360
LA,49-9051,Electrical Power-Line Installers and Repairers,High school diploma or equivalent,1510,-0.008983738,110,61.39369108,127700
SCC,49-9051,Electrical Power-Line Installers and Repairers,High school diploma or equivalent,570,0.077987336,50,62.74893286,130520
SD/I,49-9051,Electrical Power-Line Installers and Repairers,High school diploma or equivalent,840,0.009924744,70,58.37844302,121430
CA,49-9051,Electrical Power-Line Installers and Repairers,High school diploma or equivalent,9300,0.062283128,850,61.71111333,128360
CVML,49-9051,Electrical Power-Line Installers and Repairers,High school diploma or equivalent,940,0.074619993,90,60.69444537,126240
Bay,49-9051,Electrical Power-Line Installers and Repairers,High school diploma or equivalent,1780,0.043996896,160,62.45691853,129910
GS,49-9051,Electrical Power-Line Installers and Repairers,High school diploma or equivalent,790,0.156557939,90,62.39645028,129780
IE/D,49-9051,Electrical Power-Line Installers and Repairers,High school diploma or equivalent,1640,0.07597076,150,60.0737821,124950
OC,49-9051,Electrical Power-Line Installers and Repairers,High school diploma or equivalent,660,0.097835821,60,63.24026967,131540
FN,49-9051,Electrical Power-Line Installers and Repairers,High school diploma or equivalent,360,0.162532981,40,56.65604171,117840
IE/D,49-9052,Telecommunications Line Installers and Repairers,High school diploma or equivalent,820,-0.005478423,80,43.73942155,90980
SCC,49-9052,Telecommunications Line Installers and Repairers,High school diploma or equivalent,440,-0.14184143,40,44.78988173,93160
LA,49-9052,Telecommunications Line Installers and Repairers,High school diploma or equivalent,1920,-0.202215032,160,43.40077792,90270
FN,49-9052,Telecommunications Line Installers and Repairers,High school diploma or equivalent,170,0.076679918,20,47.06138585,97890
CA,49-9052,Telecommunications Line Installers and Repairers,High school diploma or equivalent,9730,-0.042788381,970,46.88835408,97530
CVML,49-9052,Telecommunications Line Installers and Repairers,High school diploma or equivalent,900,0.000113392,90,46.62010894,96970
OC,49-9052,Telecommunications Line Installers and Repairers,High school diploma or equivalent,1060,-0.03571928,100,51.5582423,107240
GS,49-9052,Telecommunications Line Installers and Repairers,High school diploma or equivalent,630,0.009776385,60,45.79083543,95240
Bay,49-9052,Telecommunications Line Installers and Repairers,High school diploma or equivalent,2180,-0.045087112,210,49.98048397,103960
SD/I,49-9052,Telecommunications Line Installers and Repairers,High school diploma or equivalent,780,-0.100162823,70,46.26635007,96230
CVML,49-9061,Camera and Photographic Equipment Repairers,High school diploma or equivalent,50,-0.046530612,0,30.70655093,63870
CA,49-9061,Camera and Photographic Equipment Repairers,High school diploma or equivalent,460,-0.085423547,40,28.54680103,59380
IE/D,49-9061,Camera and Photographic Equipment Repairers,High school diploma or equivalent,10,0.116566469,0,25.61635728,53280
Bay,49-9061,Camera and Photographic Equipment Repairers,High school diploma or equivalent,80,-0.122595791,10,19.84570814,41280
GS,49-9061,Camera and Photographic Equipment Repairers,High school diploma or equivalent,0,-0.075546199,0,26.13537993,54360
SD/I,49-9061,Camera and Photographic Equipment Repairers,High school diploma or equivalent,140,-0.077847859,10,30.76670168,63990
OC,49-9061,Camera and Photographic Equipment Repairers,High school diploma or equivalent,40,-0.101281978,0,30.24059591,62900
FN,49-9061,Camera and Photographic Equipment Repairers,High school diploma or equivalent,0,-0.015582335,0,21.50149216,44720
LA,49-9061,Camera and Photographic Equipment Repairers,High school diploma or equivalent,110,-0.122429574,10,27.70739117,57630
SCC,49-9061,Camera and Photographic Equipment Repairers,High school diploma or equivalent,10,-0.01730307,0,31.0404301,64560
IE/D,49-9062,Medical Equipment Repairers,Associate's degree,430,0.066835709,50,34.12159419,70970
GS,49-9062,Medical Equipment Repairers,Associate's degree,500,0.070956735,50,31.84587232,66240
OC,49-9062,Medical Equipment Repairers,Associate's degree,880,0.048357125,90,32.36652346,67320
Bay,49-9062,Medical Equipment Repairers,Associate's degree,1210,0.04638071,120,40.07517744,83360
CA,49-9062,Medical Equipment Repairers,Associate's degree,6410,0.081257607,700,34.61108136,71990
FN,49-9062,Medical Equipment Repairers,Associate's degree,50,0.086273845,10,28.34918342,58970
CVML,49-9062,Medical Equipment Repairers,Associate's degree,390,0.184108612,50,31.98547844,66530
SCC,49-9062,Medical Equipment Repairers,Associate's degree,260,0.020212413,30,31.50919722,65540
LA,49-9062,Medical Equipment Repairers,Associate's degree,1400,0.004615966,130,28.23410531,58730
SD/I,49-9062,Medical Equipment Repairers,Associate's degree,550,0.033064364,50,32.15551389,66880
Bay,49-9063,Musical Instrument Repairers and Tuners,High school diploma or equivalent,260,-0.081161239,20,20.65169268,42960
LA,49-9063,Musical Instrument Repairers and Tuners,High school diploma or equivalent,300,-0.077879694,30,21.99825694,45760
FN,49-9063,Musical Instrument Repairers and Tuners,High school diploma or equivalent,20,-0.090069143,0,21.22829407,44150
GS,49-9063,Musical Instrument Repairers and Tuners,High school diploma or equivalent,70,-0.068980084,10,20.21330439,42040
IE/D,49-9063,Musical Instrument Repairers and Tuners,High school diploma or equivalent,110,-0.055350795,10,19.69269254,40960
OC,49-9063,Musical Instrument Repairers and Tuners,High school diploma or equivalent,110,-0.0467683,10,21.88490737,45520
CVML,49-9063,Musical Instrument Repairers and Tuners,High school diploma or equivalent,90,-0.076978988,10,20.30488262,42230
SCC,49-9063,Musical Instrument Repairers and Tuners,High school diploma or equivalent,60,-0.084666617,10,23.06705021,47980
SD/I,49-9063,Musical Instrument Repairers and Tuners,High school diploma or equivalent,140,-0.066812447,10,21.41169085,44540
CA,49-9063,Musical Instrument Repairers and Tuners,High school diploma or equivalent,1180,-0.071235517,100,22.09269127,45950
FN,49-9064,Watch and Clock Repairers,High school diploma or equivalent,0,-0.432875367,0,21.29927452,44300
CA,49-9064,Watch and Clock Repairers,High school diploma or equivalent,370,-0.115167083,30,51.87284479,107900
IE/D,49-9064,Watch and Clock Repairers,High school diploma or equivalent,20,-0.215997843,0,31.99257993,66540
LA,49-9064,Watch and Clock Repairers,High school diploma or equivalent,100,-0.136272812,10,37.37573734,77740
OC,49-9064,Watch and Clock Repairers,High school diploma or equivalent,40,-0.039934822,0,37.44534618,77890
GS,49-9064,Watch and Clock Repairers,High school diploma or equivalent,10,-0.246616629,0,29.32866148,61000
SD/I,49-9064,Watch and Clock Repairers,High school diploma or equivalent,90,-0.054875818,10,31.31392295,65130
SCC,49-9064,Watch and Clock Repairers,High school diploma or equivalent,10,-0.333264606,0,25.80243993,53670
CVML,49-9064,Watch and Clock Repairers,High school diploma or equivalent,40,-0.10580166,0,40.67572477,84610
Bay,49-9064,Watch and Clock Repairers,High school diploma or equivalent,50,-0.132946468,0,38.23673322,79530
IE/D,49-9069,"Precision Instrument and Equipment Repairers, All Other",High school diploma or equivalent,170,-0.012555839,20,32.27017034,67120
LA,49-9069,"Precision Instrument and Equipment Repairers, All Other",High school diploma or equivalent,280,-0.079569746,20,28.40956604,59090
OC,49-9069,"Precision Instrument and Equipment Repairers, All Other",High school diploma or equivalent,140,-0.026007669,10,31.32327856,65150
GS,49-9069,"Precision Instrument and Equipment Repairers, All Other",High school diploma or equivalent,80,0.001131762,10,34.48241277,71720
SD/I,49-9069,"Precision Instrument and Equipment Repairers, All Other",High school diploma or equivalent,220,-0.018546188,20,42.59831431,88600
SCC,49-9069,"Precision Instrument and Equipment Repairers, All Other",High school diploma or equivalent,70,-0.064709288,10,33.31987206,69310
CVML,49-9069,"Precision Instrument and Equipment Repairers, All Other",High school diploma or equivalent,160,0.062511645,20,32.46756659,67530
FN,49-9069,"Precision Instrument and Equipment Repairers, All Other",High school diploma or equivalent,0,-0.072420689,0,33.50643912,69690
CA,49-9069,"Precision Instrument and Equipment Repairers, All Other",High school diploma or equivalent,1550,-0.023713504,140,38.25469991,79570
Bay,49-9069,"Precision Instrument and Equipment Repairers, All Other",High school diploma or equivalent,310,-0.060540873,30,46.54379304,96810
IE/D,49-9081,Wind Turbine Service Technicians,Postsecondary nondegree award,80,0.342996258,10,32.28164058,67150
Bay,49-9081,Wind Turbine Service Technicians,Postsecondary nondegree award,130,0.072411322,20,31.12066942,64730
CA,49-9081,Wind Turbine Service Technicians,Postsecondary nondegree award,710,0.211538144,110,35.27379031,73370
OC,49-9081,Wind Turbine Service Technicians,Postsecondary nondegree award,50,0.166065457,10,45.49048631,94620
CVML,49-9081,Wind Turbine Service Technicians,Postsecondary nondegree award,50,0.396618871,10,31.44968909,65420
GS,49-9081,Wind Turbine Service Technicians,Postsecondary nondegree award,60,0.311320323,10,35.22598397,73270
SCC,49-9081,Wind Turbine Service Technicians,Postsecondary nondegree award,30,0.047734774,0,31.7381062,66020
SD/I,49-9081,Wind Turbine Service Technicians,Postsecondary nondegree award,140,0.351315184,30,32.84725793,68320
FN,49-9081,Wind Turbine Service Technicians,Postsecondary nondegree award,10,0.36742674,0,33.38929913,69450
LA,49-9081,Wind Turbine Service Technicians,Postsecondary nondegree award,140,0.012436846,10,41.23515986,85770
Bay,49-9092,Commercial Divers,Postsecondary nondegree award,50,-0.062993448,10,45.69847921,95050
OC,49-9092,Commercial Divers,Postsecondary nondegree award,30,0.007395028,0,32.61470679,67840
CA,49-9092,Commercial Divers,Postsecondary nondegree award,420,-0.019989027,40,44.82387805,93230
CVML,49-9092,Commercial Divers,Postsecondary nondegree award,90,0.0151411,10,43.39958613,90270
GS,49-9092,Commercial Divers,Postsecondary nondegree award,10,0.036197881,0,37.60438991,78220
SCC,49-9092,Commercial Divers,Postsecondary nondegree award,10,-0.051328351,0,38.06092577,79170
SD/I,49-9092,Commercial Divers,Postsecondary nondegree award,110,-0.046382683,10,47.94615312,99730
FN,49-9092,Commercial Divers,Postsecondary nondegree award,0,-0.174441589,0,29.70832753,61790
LA,49-9092,Commercial Divers,Postsecondary nondegree award,60,0.011551977,10,36.21931814,75340
IE/D,49-9092,Commercial Divers,Postsecondary nondegree award,20,-0.064820467,0,37.67590305,78370
SD/I,49-9094,Locksmiths and Safe Repairers,High school diploma or equivalent,290,-0.019184502,30,27.02027249,56200
LA,49-9094,Locksmiths and Safe Repairers,High school diploma or equivalent,840,-0.012887044,90,24.90773652,51810
CVML,49-9094,Locksmiths and Safe Repairers,High school diploma or equivalent,220,-0.007036253,20,25.94856298,53970
OC,49-9094,Locksmiths and Safe Repairers,High school diploma or equivalent,350,0.023508158,40,28.44045464,59160
CA,49-9094,Locksmiths and Safe Repairers,High school diploma or equivalent,3150,-0.015657934,330,27.49947855,57200
FN,49-9094,Locksmiths and Safe Repairers,High school diploma or equivalent,60,-0.069705234,10,24.84270303,51670
SCC,49-9094,Locksmiths and Safe Repairers,High school diploma or equivalent,150,-0.055948927,10,27.68622984,57590
GS,49-9094,Locksmiths and Safe Repairers,High school diploma or equivalent,150,-0.009189124,20,25.38025774,52790
Bay,49-9094,Locksmiths and Safe Repairers,High school diploma or equivalent,660,-0.073456841,70,30.41080183,63250
IE/D,49-9094,Locksmiths and Safe Repairers,High school diploma or equivalent,350,0.048668565,40,26.42933303,54970
SD/I,49-9099,"Installation, Maintenance, and Repair Workers, All Other",High school diploma or equivalent,2910,0.007095872,280,24.09492912,50120
OC,49-9099,"Installation, Maintenance, and Repair Workers, All Other",High school diploma or equivalent,3110,-0.000800216,290,24.30940214,50560
CA,49-9099,"Installation, Maintenance, and Repair Workers, All Other",High school diploma or equivalent,28490,0.000132608,2760,24.40190392,50760
FN,49-9099,"Installation, Maintenance, and Repair Workers, All Other",High school diploma or equivalent,480,-0.002491436,50,22.87733815,47580
SCC,49-9099,"Installation, Maintenance, and Repair Workers, All Other",High school diploma or equivalent,1420,-0.008695471,140,23.60844925,49110
GS,49-9099,"Installation, Maintenance, and Repair Workers, All Other",High school diploma or equivalent,1990,0.019911728,200,23.81629075,49540
Bay,49-9099,"Installation, Maintenance, and Repair Workers, All Other",High school diploma or equivalent,5300,-0.01655288,500,26.74527744,55630
CVML,49-9099,"Installation, Maintenance, and Repair Workers, All Other",High school diploma or equivalent,2660,0.031324646,270,22.64421173,47100
IE/D,49-9099,"Installation, Maintenance, and Repair Workers, All Other",High school diploma or equivalent,3080,0.023641532,310,23.36782996,48610
LA,49-9099,"Installation, Maintenance, and Repair Workers, All Other",High school diploma or equivalent,6680,-0.026728465,620,24.46858596,50890
CVML,51-1011,First-Line Supervisors of Production and Operating Workers,High school diploma or equivalent,5840,0.057171629,640,36.28190721,75470
LA,51-1011,First-Line Supervisors of Production and Operating Workers,High school diploma or equivalent,11750,-0.042926861,1090,35.46647596,73770
SCC,51-1011,First-Line Supervisors of Production and Operating Workers,High school diploma or equivalent,2800,0.011642662,290,35.44404269,73720
IE/D,51-1011,First-Line Supervisors of Production and Operating Workers,High school diploma or equivalent,5290,0.025018373,540,34.03324157,70790
OC,51-1011,First-Line Supervisors of Production and Operating Workers,High school diploma or equivalent,5560,0.002719738,540,36.24665972,75390
GS,51-1011,First-Line Supervisors of Production and Operating Workers,High school diploma or equivalent,2360,0.070030172,270,37.59207068,78190
FN,51-1011,First-Line Supervisors of Production and Operating Workers,High school diploma or equivalent,920,0.071883759,100,34.77939671,72340
SD/I,51-1011,First-Line Supervisors of Production and Operating Workers,High school diploma or equivalent,4340,0.012000658,430,37.93229544,78900
CA,51-1011,First-Line Supervisors of Production and Operating Workers,High school diploma or equivalent,50000,0.014481779,5070,36.72599402,76390
Bay,51-1011,First-Line Supervisors of Production and Operating Workers,High school diploma or equivalent,10130,0.023585463,1040,41.39858431,86110
FN,51-2011,"Aircraft Structure, Surfaces, Rigging, and Systems Assemblers",High school diploma or equivalent,0,-0.033624666,0,23.28534834,48430
SCC,51-2011,"Aircraft Structure, Surfaces, Rigging, and Systems Assemblers",High school diploma or equivalent,190,0.164630643,30,27.49366074,57190
IE/D,51-2011,"Aircraft Structure, Surfaces, Rigging, and Systems Assemblers",High school diploma or equivalent,90,-0.027611497,10,24.24760744,50440
CVML,51-2011,"Aircraft Structure, Surfaces, Rigging, and Systems Assemblers",High school diploma or equivalent,100,0.168471223,10,41.81759279,86980
GS,51-2011,"Aircraft Structure, Surfaces, Rigging, and Systems Assemblers",High school diploma or equivalent,40,0.093116991,0,30.21705019,62850
OC,51-2011,"Aircraft Structure, Surfaces, Rigging, and Systems Assemblers",High school diploma or equivalent,300,-0.045325563,30,29.64940136,61670
CA,51-2011,"Aircraft Structure, Surfaces, Rigging, and Systems Assemblers",High school diploma or equivalent,2960,0.051415035,370,30.58769154,63620
SD/I,51-2011,"Aircraft Structure, Surfaces, Rigging, and Systems Assemblers",High school diploma or equivalent,680,-0.003872914,70,29.13973782,60610
Bay,51-2011,"Aircraft Structure, Surfaces, Rigging, and Systems Assemblers",High school diploma or equivalent,290,0.129392934,40,40.37339527,83980
LA,51-2011,"Aircraft Structure, Surfaces, Rigging, and Systems Assemblers",High school diploma or equivalent,1230,0.061442801,150,31.57918896,65680
LA,51-2028,"Electrical, Electronic, and Electromechanical Assemblers, Except Coil Winders, Tapers, and Finishers",High school diploma or equivalent,6460,-0.091999791,650,20.82271643,43310
SD/I,51-2028,"Electrical, Electronic, and Electromechanical Assemblers, Except Coil Winders, Tapers, and Finishers",High school diploma or equivalent,4620,0.013046733,510,22.98150011,47800
SCC,51-2028,"Electrical, Electronic, and Electromechanical Assemblers, Except Coil Winders, Tapers, and Finishers",High school diploma or equivalent,2320,-0.06420554,240,24.06490876,50060
OC,51-2028,"Electrical, Electronic, and Electromechanical Assemblers, Except Coil Winders, Tapers, and Finishers",High school diploma or equivalent,6490,0.0000688346,690,23.13562335,48120
CA,51-2028,"Electrical, Electronic, and Electromechanical Assemblers, Except Coil Winders, Tapers, and Finishers",High school diploma or equivalent,37890,-0.000693757,4190,23.09924536,48050
FN,51-2028,"Electrical, Electronic, and Electromechanical Assemblers, Except Coil Winders, Tapers, and Finishers",High school diploma or equivalent,110,0.140625549,20,22.74655048,47310
CVML,51-2028,"Electrical, Electronic, and Electromechanical Assemblers, Except Coil Winders, Tapers, and Finishers",High school diploma or equivalent,980,0.170848775,150,21.24926027,44200
GS,51-2028,"Electrical, Electronic, and Electromechanical Assemblers, Except Coil Winders, Tapers, and Finishers",High school diploma or equivalent,1210,0.056962856,150,21.89051797,45530
IE/D,51-2028,"Electrical, Electronic, and Electromechanical Assemblers, Except Coil Winders, Tapers, and Finishers",High school diploma or equivalent,1760,0.002891806,190,19.57423553,40710
Bay,51-2028,"Electrical, Electronic, and Electromechanical Assemblers, Except Coil Winders, Tapers, and Finishers",High school diploma or equivalent,12730,0.010284884,1400,26.42004434,54950
SD/I,51-4031,"Cutting, Punching, and Press Machine Setters, Operators, and Tenders, Metal and Plastic",High school diploma or equivalent,410,-0.02677962,40,23.33131587,48530
SCC,51-4031,"Cutting, Punching, and Press Machine Setters, Operators, and Tenders, Metal and Plastic",High school diploma or equivalent,550,-0.061886357,50,23.45937495,48800
OC,51-4031,"Cutting, Punching, and Press Machine Setters, Operators, and Tenders, Metal and Plastic",High school diploma or equivalent,1140,-0.051181534,110,23.82002207,49550
LA,51-4031,"Cutting, Punching, and Press Machine Setters, Operators, and Tenders, Metal and Plastic",High school diploma or equivalent,2090,-0.090327197,200,23.15252334,48160
FN,51-4031,"Cutting, Punching, and Press Machine Setters, Operators, and Tenders, Metal and Plastic",High school diploma or equivalent,70,0.006896305,10,23.55813249,49000
CA,51-4031,"Cutting, Punching, and Press Machine Setters, Operators, and Tenders, Metal and Plastic",High school diploma or equivalent,7680,-0.038532993,780,23.27655625,48420
CVML,51-4031,"Cutting, Punching, and Press Machine Setters, Operators, and Tenders, Metal and Plastic",High school diploma or equivalent,710,0.014266228,80,23.40546316,48680
Bay,51-4031,"Cutting, Punching, and Press Machine Setters, Operators, and Tenders, Metal and Plastic",High school diploma or equivalent,1200,-0.000342091,130,25.90631085,53890
IE/D,51-4031,"Cutting, Punching, and Press Machine Setters, Operators, and Tenders, Metal and Plastic",High school diploma or equivalent,1080,-0.037161094,110,22.57705353,46960
GS,51-4031,"Cutting, Punching, and Press Machine Setters, Operators, and Tenders, Metal and Plastic",High school diploma or equivalent,260,0.024305669,30,24.5103817,50980
FN,51-4032,"Drilling and Boring Machine Tool Setters, Operators, and Tenders, Metal and Plastic",High school diploma or equivalent,0,0,0,0,0
CVML,51-4032,"Drilling and Boring Machine Tool Setters, Operators, and Tenders, Metal and Plastic",High school diploma or equivalent,0,-0.030477546,0,22.7797174,47380
SCC,51-4032,"Drilling and Boring Machine Tool Setters, Operators, and Tenders, Metal and Plastic",High school diploma or equivalent,20,-0.151450358,0,21.24,44180
Bay,51-4032,"Drilling and Boring Machine Tool Setters, Operators, and Tenders, Metal and Plastic",High school diploma or equivalent,130,-0.141434858,10,24.66997958,51310
OC,51-4032,"Drilling and Boring Machine Tool Setters, Operators, and Tenders, Metal and Plastic",High school diploma or equivalent,140,-0.098400659,10,24.48748547,50930
GS,51-4032,"Drilling and Boring Machine Tool Setters, Operators, and Tenders, Metal and Plastic",High school diploma or equivalent,40,-0.055787306,0,22.31467438,46410
IE/D,51-4032,"Drilling and Boring Machine Tool Setters, Operators, and Tenders, Metal and Plastic",High school diploma or equivalent,30,-0.20182207,0,22.73773246,47290
LA,51-4032,"Drilling and Boring Machine Tool Setters, Operators, and Tenders, Metal and Plastic",High school diploma or equivalent,220,-0.130984058,20,23.0836823,48010
SD/I,51-4032,"Drilling and Boring Machine Tool Setters, Operators, and Tenders, Metal and Plastic",High school diploma or equivalent,20,-0.02282688,0,22.1,45970
CA,51-4032,"Drilling and Boring Machine Tool Setters, Operators, and Tenders, Metal and Plastic",High school diploma or equivalent,610,-0.120811976,60,23.6,49090
OC,51-4033,"Grinding, Lapping, Polishing, and Buffing Machine Tool Setters, Operators, and Tenders, Metal and Plastic",High school diploma or equivalent,1280,-0.068500364,120,22.08353162,45930
Bay,51-4033,"Grinding, Lapping, Polishing, and Buffing Machine Tool Setters, Operators, and Tenders, Metal and Plastic",High school diploma or equivalent,1640,-0.067315638,150,23.50201956,48880
FN,51-4033,"Grinding, Lapping, Polishing, and Buffing Machine Tool Setters, Operators, and Tenders, Metal and Plastic",High school diploma or equivalent,40,0.057282947,0,21.66970652,45070
SCC,51-4033,"Grinding, Lapping, Polishing, and Buffing Machine Tool Setters, Operators, and Tenders, Metal and Plastic",High school diploma or equivalent,510,-0.052585022,50,22.26220178,46310
GS,51-4033,"Grinding, Lapping, Polishing, and Buffing Machine Tool Setters, Operators, and Tenders, Metal and Plastic",High school diploma or equivalent,160,0.033475373,20,21.50422547,44730
IE/D,51-4033,"Grinding, Lapping, Polishing, and Buffing Machine Tool Setters, Operators, and Tenders, Metal and Plastic",High school diploma or equivalent,820,-0.078168505,80,20.702014,43060
SD/I,51-4033,"Grinding, Lapping, Polishing, and Buffing Machine Tool Setters, Operators, and Tenders, Metal and Plastic",High school diploma or equivalent,490,-0.054970215,50,22.17370193,46120
LA,51-4033,"Grinding, Lapping, Polishing, and Buffing Machine Tool Setters, Operators, and Tenders, Metal and Plastic",High school diploma or equivalent,2340,-0.102672946,210,21.71770608,45170
CA,51-4033,"Grinding, Lapping, Polishing, and Buffing Machine Tool Setters, Operators, and Tenders, Metal and Plastic",High school diploma or equivalent,7700,-0.070932322,720,22.04803849,45860
CVML,51-4033,"Grinding, Lapping, Polishing, and Buffing Machine Tool Setters, Operators, and Tenders, Metal and Plastic",High school diploma or equivalent,330,-0.004158762,30,20.75306152,43170
FN,51-4034,"Lathe and Turning Machine Tool Setters, Operators, and Tenders, Metal and Plastic",High school diploma or equivalent,0,-0.013217194,0,27.0730507,56310
Bay,51-4034,"Lathe and Turning Machine Tool Setters, Operators, and Tenders, Metal and Plastic",High school diploma or equivalent,620,-0.07435486,60,31.58669128,65700
CVML,51-4034,"Lathe and Turning Machine Tool Setters, Operators, and Tenders, Metal and Plastic",High school diploma or equivalent,30,0.004083718,0,26.2810903,54660
OC,51-4034,"Lathe and Turning Machine Tool Setters, Operators, and Tenders, Metal and Plastic",High school diploma or equivalent,470,-0.050429338,50,28.94837855,60210
CA,51-4034,"Lathe and Turning Machine Tool Setters, Operators, and Tenders, Metal and Plastic",High school diploma or equivalent,2540,-0.070289962,250,28.93,60170
SCC,51-4034,"Lathe and Turning Machine Tool Setters, Operators, and Tenders, Metal and Plastic",High school diploma or equivalent,160,-0.093344676,20,24.34844152,50640
LA,51-4034,"Lathe and Turning Machine Tool Setters, Operators, and Tenders, Metal and Plastic",High school diploma or equivalent,750,-0.092057257,70,28.87132131,60050
GS,51-4034,"Lathe and Turning Machine Tool Setters, Operators, and Tenders, Metal and Plastic",High school diploma or equivalent,30,0.043477243,0,28.93501318,60180
SD/I,51-4034,"Lathe and Turning Machine Tool Setters, Operators, and Tenders, Metal and Plastic",High school diploma or equivalent,230,-0.064999805,20,29.35,61050
IE/D,51-4034,"Lathe and Turning Machine Tool Setters, Operators, and Tenders, Metal and Plastic",High school diploma or equivalent,220,-0.052576898,20,27.78923676,57800
LA,51-4035,"Milling and Planing Machine Setters, Operators, and Tenders, Metal and Plastic",High school diploma or equivalent,420,-0.071393662,40,25.98739379,54050
Bay,51-4035,"Milling and Planing Machine Setters, Operators, and Tenders, Metal and Plastic",High school diploma or equivalent,400,-0.069396108,40,33.88135139,70470
CVML,51-4035,"Milling and Planing Machine Setters, Operators, and Tenders, Metal and Plastic",High school diploma or equivalent,90,-0.093055314,10,22.48811774,46780
FN,51-4035,"Milling and Planing Machine Setters, Operators, and Tenders, Metal and Plastic",High school diploma or equivalent,20,0.024466526,0,30.43772473,63310
OC,51-4035,"Milling and Planing Machine Setters, Operators, and Tenders, Metal and Plastic",High school diploma or equivalent,210,-0.065200582,20,26.05902359,54200
CA,51-4035,"Milling and Planing Machine Setters, Operators, and Tenders, Metal and Plastic",High school diploma or equivalent,1870,-0.067255623,180,28.39,59050
IE/D,51-4035,"Milling and Planing Machine Setters, Operators, and Tenders, Metal and Plastic",High school diploma or equivalent,140,-0.090654902,10,22.95005928,47740
SCC,51-4035,"Milling and Planing Machine Setters, Operators, and Tenders, Metal and Plastic",High school diploma or equivalent,270,-0.06755262,30,28.75066912,59800
GS,51-4035,"Milling and Planing Machine Setters, Operators, and Tenders, Metal and Plastic",High school diploma or equivalent,50,-0.039337797,10,25.99942673,54080
SD/I,51-4035,"Milling and Planing Machine Setters, Operators, and Tenders, Metal and Plastic",High school diploma or equivalent,230,-0.049090817,20,28.39,59050
Bay,51-4041,Machinists,High school diploma or equivalent,3910,0.024211955,410,30.69140977,63840
FN,51-4041,Machinists,High school diploma or equivalent,190,0.014144929,20,24.90976203,51810
CVML,51-4041,Machinists,High school diploma or equivalent,1300,0.055871045,150,24.78728065,51560
SD/I,51-4041,Machinists,High school diploma or equivalent,2470,0.021306565,260,29.16564659,60660
LA,51-4041,Machinists,High school diploma or equivalent,5040,-0.001369718,500,26.54821138,55220
OC,51-4041,Machinists,High school diploma or equivalent,2990,0.0175139,310,26.35315994,54810
GS,51-4041,Machinists,High school diploma or equivalent,780,0.064938638,90,27.318864,56820
SCC,51-4041,Machinists,High school diploma or equivalent,1300,0.009123675,130,26.79846229,55740
CA,51-4041,Machinists,High school diploma or equivalent,20420,0.019570018,2120,27.11008028,56390
IE/D,51-4041,Machinists,High school diploma or equivalent,2040,0.009761891,210,23.46058037,48800
OC,51-4081,"Multiple Machine Tool Setters, Operators, and Tenders, Metal and Plastic",High school diploma or equivalent,540,0.058743729,60,22.69020868,47200
SCC,51-4081,"Multiple Machine Tool Setters, Operators, and Tenders, Metal and Plastic",High school diploma or equivalent,240,0.008136808,30,21.81038824,45370
SD/I,51-4081,"Multiple Machine Tool Setters, Operators, and Tenders, Metal and Plastic",High school diploma or equivalent,240,0.092197634,30,22.60899786,47030
GS,51-4081,"Multiple Machine Tool Setters, Operators, and Tenders, Metal and Plastic",High school diploma or equivalent,130,0.161510915,20,21.99553349,45750
CVML,51-4081,"Multiple Machine Tool Setters, Operators, and Tenders, Metal and Plastic",High school diploma or equivalent,340,0.105881925,40,20.50361094,42650
CA,51-4081,"Multiple Machine Tool Setters, Operators, and Tenders, Metal and Plastic",High school diploma or equivalent,3970,0.067783141,460,22.2048989,46190
FN,51-4081,"Multiple Machine Tool Setters, Operators, and Tenders, Metal and Plastic",High school diploma or equivalent,30,0.053019831,0,20.42592373,42490
IE/D,51-4081,"Multiple Machine Tool Setters, Operators, and Tenders, Metal and Plastic",High school diploma or equivalent,440,0.036491922,50,20.74954006,43160
LA,51-4081,"Multiple Machine Tool Setters, Operators, and Tenders, Metal and Plastic",High school diploma or equivalent,830,0.00978735,80,21.86097044,45470
Bay,51-4081,"Multiple Machine Tool Setters, Operators, and Tenders, Metal and Plastic",High school diploma or equivalent,1040,0.092335499,130,23.56509556,49020
Bay,51-4111,Tool and Die Makers,Postsecondary nondegree award,380,0.052438112,40,45.48979374,94620
IE/D,51-4111,Tool and Die Makers,Postsecondary nondegree award,280,-0.039977912,30,29.47675289,61310
LA,51-4111,Tool and Die Makers,Postsecondary nondegree award,600,-0.03297882,60,36.40841671,75730
CVML,51-4111,Tool and Die Makers,Postsecondary nondegree award,170,0.046155952,20,31.59749955,65720
CA,51-4111,Tool and Die Makers,Postsecondary nondegree award,2130,0.007139814,230,36.0048263,74890
GS,51-4111,Tool and Die Makers,Postsecondary nondegree award,60,0.08168936,10,30.84319617,64150
OC,51-4111,Tool and Die Makers,Postsecondary nondegree award,320,-0.015744604,30,37.32929278,77640
FN,51-4111,Tool and Die Makers,Postsecondary nondegree award,20,0.005473512,0,31.37696165,65260
SCC,51-4111,Tool and Die Makers,Postsecondary nondegree award,150,0.029514847,20,34.38397451,71520
SD/I,51-4111,Tool and Die Makers,Postsecondary nondegree award,120,0.026529305,10,39.14496647,81420
FN,51-4121,"Welders, Cutters, Solderers, and Brazers",High school diploma or equivalent,600,0.024500859,60,23.88704087,49690
SCC,51-4121,"Welders, Cutters, Solderers, and Brazers",High school diploma or equivalent,1550,-0.005158919,150,25.70988972,53480
OC,51-4121,"Welders, Cutters, Solderers, and Brazers",High school diploma or equivalent,2910,-0.005452563,280,27.10725906,56380
CA,51-4121,"Welders, Cutters, Solderers, and Brazers",High school diploma or equivalent,29910,0.0100607,3020,27.54785373,57300
CVML,51-4121,"Welders, Cutters, Solderers, and Brazers",High school diploma or equivalent,4180,0.032192689,440,24.69053698,51360
Bay,51-4121,"Welders, Cutters, Solderers, and Brazers",High school diploma or equivalent,4580,0.018077893,470,30.12192433,62650
SD/I,51-4121,"Welders, Cutters, Solderers, and Brazers",High school diploma or equivalent,3430,0.002631446,340,29.62985043,61630
IE/D,51-4121,"Welders, Cutters, Solderers, and Brazers",High school diploma or equivalent,4360,0.013112439,440,24.91848859,51830
LA,51-4121,"Welders, Cutters, Solderers, and Brazers",High school diploma or equivalent,5700,-0.021423923,540,26.50344724,55130
GS,51-4121,"Welders, Cutters, Solderers, and Brazers",High school diploma or equivalent,1960,0.047067148,220,26.90628184,55970
IE/D,51-4122,"Welding, Soldering, and Brazing Machine Setters, Operators, and Tenders",High school diploma or equivalent,170,-0.030792153,20,22.73399767,47290
FN,51-4122,"Welding, Soldering, and Brazing Machine Setters, Operators, and Tenders",High school diploma or equivalent,10,-0.177473381,0,21.22831883,44150
SCC,51-4122,"Welding, Soldering, and Brazing Machine Setters, Operators, and Tenders",High school diploma or equivalent,230,-0.082389133,20,24.71169567,51400
CA,51-4122,"Welding, Soldering, and Brazing Machine Setters, Operators, and Tenders",High school diploma or equivalent,2390,-0.045141134,230,23.46218673,48800
OC,51-4122,"Welding, Soldering, and Brazing Machine Setters, Operators, and Tenders",High school diploma or equivalent,310,-0.036646911,30,22.68382066,47180
Bay,51-4122,"Welding, Soldering, and Brazing Machine Setters, Operators, and Tenders",High school diploma or equivalent,770,-0.037857185,70,25.39889571,52830
SD/I,51-4122,"Welding, Soldering, and Brazing Machine Setters, Operators, and Tenders",High school diploma or equivalent,190,-0.024377633,20,23.65504576,49200
LA,51-4122,"Welding, Soldering, and Brazing Machine Setters, Operators, and Tenders",High school diploma or equivalent,470,-0.087578889,40,21.6865167,45110
CVML,51-4122,"Welding, Soldering, and Brazing Machine Setters, Operators, and Tenders",High school diploma or equivalent,110,0.01045331,10,22.54257732,46890
GS,51-4122,"Welding, Soldering, and Brazing Machine Setters, Operators, and Tenders",High school diploma or equivalent,80,-0.012957375,10,24.42208021,50800
SCC,51-4199,"Metal Workers and Plastic Workers, All Other",High school diploma or equivalent,90,-0.120443332,10,23.79713662,49500
LA,51-4199,"Metal Workers and Plastic Workers, All Other",High school diploma or equivalent,520,-0.075753146,50,22.59480461,47000
FN,51-4199,"Metal Workers and Plastic Workers, All Other",High school diploma or equivalent,0,0.014253827,0,14.06070215,29250
GS,51-4199,"Metal Workers and Plastic Workers, All Other",High school diploma or equivalent,90,-0.041630953,10,23.92044752,49750
IE/D,51-4199,"Metal Workers and Plastic Workers, All Other",High school diploma or equivalent,350,-0.049627779,30,21.79298682,45330
CVML,51-4199,"Metal Workers and Plastic Workers, All Other",High school diploma or equivalent,60,0.038378614,10,20.75866946,43180
Bay,51-4199,"Metal Workers and Plastic Workers, All Other",High school diploma or equivalent,250,-0.052705456,20,26.02874401,54140
SD/I,51-4199,"Metal Workers and Plastic Workers, All Other",High school diploma or equivalent,140,-0.076328903,10,24.27520747,50490
CA,51-4199,"Metal Workers and Plastic Workers, All Other",High school diploma or equivalent,1880,-0.061286313,180,22.71781852,47250
OC,51-4199,"Metal Workers and Plastic Workers, All Other",High school diploma or equivalent,290,-0.078902371,30,23.6366945,49160
CVML,51-5111,Prepress Technicians and Workers,Postsecondary nondegree award,100,-0.077052606,10,24.65232935,51280
SD/I,51-5111,Prepress Technicians and Workers,Postsecondary nondegree award,160,-0.127719175,20,25.66388586,53380
FN,51-5111,Prepress Technicians and Workers,Postsecondary nondegree award,10,0.02006567,0,24.52908675,51020
SCC,51-5111,Prepress Technicians and Workers,Postsecondary nondegree award,120,-0.158456751,10,24.85308613,51690
CA,51-5111,Prepress Technicians and Workers,Postsecondary nondegree award,2000,-0.111652351,250,25.89,53850
IE/D,51-5111,Prepress Technicians and Workers,Postsecondary nondegree award,100,-0.06329695,10,24.72102491,51420
Bay,51-5111,Prepress Technicians and Workers,Postsecondary nondegree award,290,-0.082568516,40,29.72837461,61840
GS,51-5111,Prepress Technicians and Workers,Postsecondary nondegree award,130,-0.139007617,20,26.05370935,54190
OC,51-5111,Prepress Technicians and Workers,Postsecondary nondegree award,380,-0.109844245,50,24.75970926,51500
LA,51-5111,Prepress Technicians and Workers,Postsecondary nondegree award,640,-0.164792217,80,24.66733133,51310
Bay,51-5112,Printing Press Operators,High school diploma or equivalent,2180,-0.081955797,220,23.11341436,48080
FN,51-5112,Printing Press Operators,High school diploma or equivalent,150,0.074495115,20,22.89618007,47620
OC,51-5112,Printing Press Operators,High school diploma or equivalent,2090,-0.079012,210,21.91226429,45580
SCC,51-5112,Printing Press Operators,High school diploma or equivalent,750,-0.117185283,70,21.61379473,44960
CA,51-5112,Printing Press Operators,High school diploma or equivalent,13000,-0.085218378,1320,21.94616576,45650
CVML,51-5112,Printing Press Operators,High school diploma or equivalent,800,-0.021179297,90,21.14746708,43990
LA,51-5112,Printing Press Operators,High school diploma or equivalent,3970,-0.133748042,390,22.21440091,46210
SD/I,51-5112,Printing Press Operators,High school diploma or equivalent,990,-0.067200786,100,21.89754205,45550
GS,51-5112,Printing Press Operators,High school diploma or equivalent,660,-0.078328768,70,21.75703898,45250
IE/D,51-5112,Printing Press Operators,High school diploma or equivalent,1100,-0.040819826,110,21.39037441,44490
OC,51-7011,Cabinetmakers and Bench Carpenters,High school diploma or equivalent,950,-0.048093772,90,24.44930647,50850
IE/D,51-7011,Cabinetmakers and Bench Carpenters,High school diploma or equivalent,920,-0.108286023,90,22.93143264,47700
CA,51-7011,Cabinetmakers and Bench Carpenters,High school diploma or equivalent,8220,-0.085031843,780,23.40747962,48690
LA,51-7011,Cabinetmakers and Bench Carpenters,High school diploma or equivalent,1910,-0.19707852,170,22.22199262,46220
GS,51-7011,Cabinetmakers and Bench Carpenters,High school diploma or equivalent,770,-0.066015257,70,24.56461464,51090
CVML,51-7011,Cabinetmakers and Bench Carpenters,High school diploma or equivalent,650,-0.022211461,60,22.35120033,46490
SCC,51-7011,Cabinetmakers and Bench Carpenters,High school diploma or equivalent,440,-0.063405439,40,23.25490894,48370
FN,51-7011,Cabinetmakers and Bench Carpenters,High school diploma or equivalent,250,-0.030084038,30,23.94282816,49800
SD/I,51-7011,Cabinetmakers and Bench Carpenters,High school diploma or equivalent,750,-0.04326671,70,22.94825103,47730
Bay,51-7011,Cabinetmakers and Bench Carpenters,High school diploma or equivalent,1500,-0.030405635,150,26.84589166,55840
IE/D,51-7031,"Model Makers, Wood",High school diploma or equivalent,10,-0.114074498,0,21.70763656,45150
CA,51-7031,"Model Makers, Wood",High school diploma or equivalent,100,-0.152592088,10,29.1225864,60570
LA,51-7031,"Model Makers, Wood",High school diploma or equivalent,50,-0.165984905,0,29.81033341,62010
OC,51-7031,"Model Makers, Wood",High school diploma or equivalent,20,-0.103980564,0,31.07594181,64640
GS,51-7031,"Model Makers, Wood",High school diploma or equivalent,0,-0.147644059,0,21.6703354,45070
CVML,51-7031,"Model Makers, Wood",High school diploma or equivalent,0,-0.105660262,0,21.77413088,45290
FN,51-7031,"Model Makers, Wood",High school diploma or equivalent,0,-0.141165843,0,21.43394598,44580
SCC,51-7031,"Model Makers, Wood",High school diploma or equivalent,10,-0.128872617,0,21.74261083,45220
Bay,51-7031,"Model Makers, Wood",High school diploma or equivalent,10,-0.213224948,0,21.88773193,45530
SD/I,51-7031,"Model Makers, Wood",High school diploma or equivalent,0,-0.212994255,0,21.91870491,45590
CVML,51-7032,"Patternmakers, Wood",High school diploma or equivalent,0,-0.229224388,0,21.52183764,44770
LA,51-7032,"Patternmakers, Wood",High school diploma or equivalent,20,-0.204487413,0,19.6557473,40880
Bay,51-7032,"Patternmakers, Wood",High school diploma or equivalent,0,-0.326928493,0,21.66564058,45060
SD/I,51-7032,"Patternmakers, Wood",High school diploma or equivalent,0,-0.308937529,0,21.5677982,44860
SCC,51-7032,"Patternmakers, Wood",High school diploma or equivalent,0,-0.290341798,0,21.50195474,44720
OC,51-7032,"Patternmakers, Wood",High school diploma or equivalent,10,-0.236937542,0,21.8513723,45450
FN,51-7032,"Patternmakers, Wood",High school diploma or equivalent,0,-0.359412523,0,20.98669764,43650
CA,51-7032,"Patternmakers, Wood",High school diploma or equivalent,40,-0.236230644,0,18.90722723,39330
IE/D,51-7032,"Patternmakers, Wood",High school diploma or equivalent,0,-0.28564765,0,21.51435731,44750
GS,51-7032,"Patternmakers, Wood",High school diploma or equivalent,0,-0.270484148,0,21.64870091,45030
OC,51-7041,"Sawing Machine Setters, Operators, and Tenders, Wood",High school diploma or equivalent,170,-0.050715061,20,23.52579407,48930
GS,51-7041,"Sawing Machine Setters, Operators, and Tenders, Wood",High school diploma or equivalent,470,-0.001525311,50,22.24050088,46260
SD/I,51-7041,"Sawing Machine Setters, Operators, and Tenders, Wood",High school diploma or equivalent,40,0.026077697,0,20.52585676,42690
Bay,51-7041,"Sawing Machine Setters, Operators, and Tenders, Wood",High school diploma or equivalent,450,0.016595435,50,22.81440259,47450
CA,51-7041,"Sawing Machine Setters, Operators, and Tenders, Wood",High school diploma or equivalent,3210,0.006321869,370,22.66721468,47150
CVML,51-7041,"Sawing Machine Setters, Operators, and Tenders, Wood",High school diploma or equivalent,480,0.058745223,60,19.01456828,39550
IE/D,51-7041,"Sawing Machine Setters, Operators, and Tenders, Wood",High school diploma or equivalent,420,-0.023481463,50,20.97976884,43640
SCC,51-7041,"Sawing Machine Setters, Operators, and Tenders, Wood",High school diploma or equivalent,60,0.029628119,10,22.01358393,45790
LA,51-7041,"Sawing Machine Setters, Operators, and Tenders, Wood",High school diploma or equivalent,390,-0.03141073,40,21.60160006,44930
FN,51-7041,"Sawing Machine Setters, Operators, and Tenders, Wood",High school diploma or equivalent,630,0.001243498,70,25.38787215,52810
SCC,51-7042,"Woodworking Machine Setters, Operators, and Tenders, Except Sawing",High school diploma or equivalent,120,-0.007822712,10,19.7644002,41110
LA,51-7042,"Woodworking Machine Setters, Operators, and Tenders, Except Sawing",High school diploma or equivalent,530,-0.114056671,50,21.35962467,44430
OC,51-7042,"Woodworking Machine Setters, Operators, and Tenders, Except Sawing",High school diploma or equivalent,260,-0.048635923,30,23.18652447,48230
GS,51-7042,"Woodworking Machine Setters, Operators, and Tenders, Except Sawing",High school diploma or equivalent,390,-0.004440118,40,21.67519004,45080
IE/D,51-7042,"Woodworking Machine Setters, Operators, and Tenders, Except Sawing",High school diploma or equivalent,560,-0.051685349,60,22.2010734,46180
CVML,51-7042,"Woodworking Machine Setters, Operators, and Tenders, Except Sawing",High school diploma or equivalent,480,0.018991796,60,19.21495941,39970
FN,51-7042,"Woodworking Machine Setters, Operators, and Tenders, Except Sawing",High school diploma or equivalent,420,0.010787587,50,23.75513907,49410
CA,51-7042,"Woodworking Machine Setters, Operators, and Tenders, Except Sawing",High school diploma or equivalent,3640,-0.014358707,400,22.28538655,46350
SD/I,51-7042,"Woodworking Machine Setters, Operators, and Tenders, Except Sawing",High school diploma or equivalent,170,-0.041707026,20,22.41819571,46630
Bay,51-7042,"Woodworking Machine Setters, Operators, and Tenders, Except Sawing",High school diploma or equivalent,570,0.027183343,60,23.4556195,48790
OC,51-7099,"Woodworkers, All Other",High school diploma or equivalent,110,-0.121350473,10,20.419626,42470
SCC,51-7099,"Woodworkers, All Other",High school diploma or equivalent,70,-0.016197463,10,16.47020564,34260
IE/D,51-7099,"Woodworkers, All Other",High school diploma or equivalent,250,-0.043842963,30,21.79333011,45330
GS,51-7099,"Woodworkers, All Other",High school diploma or equivalent,160,-0.029108842,20,22.01949543,45800
LA,51-7099,"Woodworkers, All Other",High school diploma or equivalent,300,-0.08484125,30,19.26092887,40060
CVML,51-7099,"Woodworkers, All Other",High school diploma or equivalent,160,-0.003291289,20,19.31625113,40180
CA,51-7099,"Woodworkers, All Other",High school diploma or equivalent,1460,-0.0545441,160,21.71505538,45170
SD/I,51-7099,"Woodworkers, All Other",High school diploma or equivalent,90,-0.111847605,10,17.65036191,36710
FN,51-7099,"Woodworkers, All Other",High school diploma or equivalent,90,-0.032701861,10,24.21907231,50380
Bay,51-7099,"Woodworkers, All Other",High school diploma or equivalent,190,-0.07616118,20,20.44992483,42540
CVML,51-8011,Nuclear Power Reactor Operators,High school diploma or equivalent,10,-0.038192304,0,54.15806227,112650
FN,51-8011,Nuclear Power Reactor Operators,High school diploma or equivalent,0,0.00151386,0,51.81085674,107770
OC,51-8011,Nuclear Power Reactor Operators,High school diploma or equivalent,870,0.143644334,120,57.50615778,119610
IE/D,51-8011,Nuclear Power Reactor Operators,High school diploma or equivalent,0,0.160716226,0,54.13430508,112600
Bay,51-8011,Nuclear Power Reactor Operators,High school diploma or equivalent,20,0.026808912,0,62.33973473,129670
CA,51-8011,Nuclear Power Reactor Operators,High school diploma or equivalent,1070,0.130980988,140,57.5676186,119740
LA,51-8011,Nuclear Power Reactor Operators,High school diploma or equivalent,120,0.022760998,10,57.97547172,120590
SD/I,51-8011,Nuclear Power Reactor Operators,High school diploma or equivalent,10,0.032973529,0,59.26765964,123280
GS,51-8011,Nuclear Power Reactor Operators,High school diploma or equivalent,0,0.10891649,0,54.28988588,112920
SCC,51-8011,Nuclear Power Reactor Operators,High school diploma or equivalent,30,0.294679865,10,63.28345543,131630
SCC,51-8012,Power Distributors and Dispatchers,High school diploma or equivalent,30,0.103294166,0,63.57862966,132240
CA,51-8012,Power Distributors and Dispatchers,High school diploma or equivalent,890,0.042935564,100,66.14,137570
FN,51-8012,Power Distributors and Dispatchers,High school diploma or equivalent,10,0.131829205,0,64.05650991,133240
IE/D,51-8012,Power Distributors and Dispatchers,High school diploma or equivalent,70,0.047510091,10,67.75774299,140940
OC,51-8012,Power Distributors and Dispatchers,High school diploma or equivalent,70,0.011934411,10,49.04089546,102010
LA,51-8012,Power Distributors and Dispatchers,High school diploma or equivalent,250,-0.04031636,20,52.00774705,108180
Bay,51-8012,Power Distributors and Dispatchers,High school diploma or equivalent,160,0.099486378,20,70.92805091,147530
SD/I,51-8012,Power Distributors and Dispatchers,High school diploma or equivalent,110,0.044181165,10,83.2109787,173080
CVML,51-8012,Power Distributors and Dispatchers,High school diploma or equivalent,100,0.052864138,10,51.91712771,107990
GS,51-8012,Power Distributors and Dispatchers,High school diploma or equivalent,80,0.111948465,10,81.95792861,170470
CVML,51-8013,Power Plant Operators,High school diploma or equivalent,580,0.013908975,60,50.05243197,104110
SCC,51-8013,Power Plant Operators,High school diploma or equivalent,160,-0.015608654,20,48.29922149,100460
Bay,51-8013,Power Plant Operators,High school diploma or equivalent,430,0.044927864,50,60.37118708,125570
OC,51-8013,Power Plant Operators,High school diploma or equivalent,70,-0.259695455,10,49.91493165,103820
LA,51-8013,Power Plant Operators,High school diploma or equivalent,500,-0.01880158,50,51.03024065,106140
SD/I,51-8013,Power Plant Operators,High school diploma or equivalent,190,0.015448036,20,47.10692699,97980
CA,51-8013,Power Plant Operators,High school diploma or equivalent,2870,0.008384455,310,50.58,105210
FN,51-8013,Power Plant Operators,High school diploma or equivalent,360,0.121971329,50,51.01752364,106120
IE/D,51-8013,Power Plant Operators,High school diploma or equivalent,310,-0.120635477,30,46.88288763,97520
GS,51-8013,Power Plant Operators,High school diploma or equivalent,230,0.039045671,30,63.09197699,131230
IE/D,51-8021,Stationary Engineers and Boiler Operators,High school diploma or equivalent,380,0.047338342,50,41.49646596,86310
SCC,51-8021,Stationary Engineers and Boiler Operators,High school diploma or equivalent,300,0.024901593,40,40.58038203,84410
GS,51-8021,Stationary Engineers and Boiler Operators,High school diploma or equivalent,540,0.041252489,60,47.67767798,99170
FN,51-8021,Stationary Engineers and Boiler Operators,High school diploma or equivalent,130,0.026351478,20,32.09365445,66750
LA,51-8021,Stationary Engineers and Boiler Operators,High school diploma or equivalent,1430,0.021148504,160,35.7207214,74300
SD/I,51-8021,Stationary Engineers and Boiler Operators,High school diploma or equivalent,550,0.033227481,60,37.36533663,77720
CA,51-8021,Stationary Engineers and Boiler Operators,High school diploma or equivalent,6000,0.027296593,700,43.21248942,89880
CVML,51-8021,Stationary Engineers and Boiler Operators,High school diploma or equivalent,470,0.033640659,60,42.75387849,88930
Bay,51-8021,Stationary Engineers and Boiler Operators,High school diploma or equivalent,1640,0.018802342,190,57.60348558,119820
OC,51-8021,Stationary Engineers and Boiler Operators,High school diploma or equivalent,480,0.0195155,60,34.80077764,72390
IE/D,51-8031,Water and Wastewater Treatment Plant and System Operators,High school diploma or equivalent,1600,0.053021524,170,39.84727751,82880
OC,51-8031,Water and Wastewater Treatment Plant and System Operators,High school diploma or equivalent,430,0.033815329,40,36.94163551,76840
Bay,51-8031,Water and Wastewater Treatment Plant and System Operators,High school diploma or equivalent,2300,0.008380895,220,51.74496555,107630
SCC,51-8031,Water and Wastewater Treatment Plant and System Operators,High school diploma or equivalent,950,-0.007764825,90,39.60288982,82370
CVML,51-8031,Water and Wastewater Treatment Plant and System Operators,High school diploma or equivalent,1970,0.043412103,200,33.66124931,70020
CA,51-8031,Water and Wastewater Treatment Plant and System Operators,High school diploma or equivalent,11840,0.031074843,1170,39.26715256,81680
SD/I,51-8031,Water and Wastewater Treatment Plant and System Operators,High school diploma or equivalent,1050,0.030144761,100,38.01226311,79070
LA,51-8031,Water and Wastewater Treatment Plant and System Operators,High school diploma or equivalent,1670,0.047017121,170,40.19672516,83610
FN,51-8031,Water and Wastewater Treatment Plant and System Operators,High school diploma or equivalent,620,0.0213794,60,32.15840829,66890
GS,51-8031,Water and Wastewater Treatment Plant and System Operators,High school diploma or equivalent,1180,0.031820975,120,41.19679777,85690
OC,51-8091,Chemical Plant and System Operators,High school diploma or equivalent,140,-0.052410979,10,37.94388304,78920
IE/D,51-8091,Chemical Plant and System Operators,High school diploma or equivalent,20,0.001113753,0,37.96126705,78960
Bay,51-8091,Chemical Plant and System Operators,High school diploma or equivalent,360,-0.054539381,30,48.42515778,100720
SCC,51-8091,Chemical Plant and System Operators,High school diploma or equivalent,80,-0.085439383,10,37.90226522,78840
CVML,51-8091,Chemical Plant and System Operators,High school diploma or equivalent,40,0.088683784,0,38.03585895,79110
GS,51-8091,Chemical Plant and System Operators,High school diploma or equivalent,30,0.080295943,0,41.98731234,87330
LA,51-8091,Chemical Plant and System Operators,High school diploma or equivalent,280,-0.119660888,20,35.65978555,74170
FN,51-8091,Chemical Plant and System Operators,High school diploma or equivalent,10,0.379265398,0,40.8979739,85070
SD/I,51-8091,Chemical Plant and System Operators,High school diploma or equivalent,80,0.024876787,10,41.12165046,85530
CA,51-8091,Chemical Plant and System Operators,High school diploma or equivalent,1060,-0.049778487,100,42.09,87550
GS,51-8092,Gas Plant Operators,High school diploma or equivalent,250,0.100856803,30,57.90285375,120440
Bay,51-8092,Gas Plant Operators,High school diploma or equivalent,860,0.005704459,90,66.4693493,138260
IE/D,51-8092,Gas Plant Operators,High school diploma or equivalent,100,0.00174215,10,59.89000249,124570
OC,51-8092,Gas Plant Operators,High school diploma or equivalent,40,0.014091987,0,57.22336761,119020
CA,51-8092,Gas Plant Operators,High school diploma or equivalent,1880,0.025412029,200,62.61,130230
SCC,51-8092,Gas Plant Operators,High school diploma or equivalent,30,-0.016479829,0,57.31524803,119220
CVML,51-8092,Gas Plant Operators,High school diploma or equivalent,240,0.099958731,30,54.96836708,114330
FN,51-8092,Gas Plant Operators,High school diploma or equivalent,50,0.029563712,10,61.70069114,128340
LA,51-8092,Gas Plant Operators,High school diploma or equivalent,190,-0.023053979,20,60.95813075,126790
SD/I,51-8092,Gas Plant Operators,High school diploma or equivalent,120,-0.036321001,10,47.55002695,98900
LA,51-9011,Chemical Equipment Operators and Tenders,High school diploma or equivalent,1320,-0.027043753,140,26.42019643,54950
SD/I,51-9011,Chemical Equipment Operators and Tenders,High school diploma or equivalent,940,0.05002938,110,29.91918792,62230
OC,51-9011,Chemical Equipment Operators and Tenders,High school diploma or equivalent,590,-0.005863122,60,27.68745489,57590
FN,51-9011,Chemical Equipment Operators and Tenders,High school diploma or equivalent,150,0.200546113,20,24.90295825,51800
SCC,51-9011,Chemical Equipment Operators and Tenders,High school diploma or equivalent,370,0.040396197,50,26.44509281,55010
CA,51-9011,Chemical Equipment Operators and Tenders,High school diploma or equivalent,5840,0.036859382,700,28.00735619,58260
GS,51-9011,Chemical Equipment Operators and Tenders,High school diploma or equivalent,200,0.240774109,30,24.3941722,50740
Bay,51-9011,Chemical Equipment Operators and Tenders,High school diploma or equivalent,1270,0.008410815,150,32.25248341,67090
IE/D,51-9011,Chemical Equipment Operators and Tenders,High school diploma or equivalent,400,0.048158735,50,24.02136608,49960
CVML,51-9011,Chemical Equipment Operators and Tenders,High school diploma or equivalent,430,0.103685235,60,24.31717963,50580
GS,51-9061,"Inspectors, Testers, Sorters, Samplers, and Weighers",High school diploma or equivalent,2310,0.046015191,300,26.07573898,54240
OC,51-9061,"Inspectors, Testers, Sorters, Samplers, and Weighers",High school diploma or equivalent,7540,-0.012694872,880,25.30337438,52630
SD/I,51-9061,"Inspectors, Testers, Sorters, Samplers, and Weighers",High school diploma or equivalent,6380,-0.009004411,750,28.37696534,59020
FN,51-9061,"Inspectors, Testers, Sorters, Samplers, and Weighers",High school diploma or equivalent,630,0.047534005,80,24.89868494,51790
LA,51-9061,"Inspectors, Testers, Sorters, Samplers, and Weighers",High school diploma or equivalent,14550,-0.035535861,1670,24.47780123,50910
SCC,51-9061,"Inspectors, Testers, Sorters, Samplers, and Weighers",High school diploma or equivalent,3170,0.000661872,380,25.52910946,53100
CA,51-9061,"Inspectors, Testers, Sorters, Samplers, and Weighers",High school diploma or equivalent,62920,0.000970596,7570,26.04319446,54170
Bay,51-9061,"Inspectors, Testers, Sorters, Samplers, and Weighers",High school diploma or equivalent,14320,-0.003585885,1700,28.33858916,58940
CVML,51-9061,"Inspectors, Testers, Sorters, Samplers, and Weighers",High school diploma or equivalent,5800,0.04892019,750,23.47824157,48830
IE/D,51-9061,"Inspectors, Testers, Sorters, Samplers, and Weighers",High school diploma or equivalent,6060,0.020260629,740,22.65333068,47120
IE/D,51-9071,Jewelers and Precious Stone and Metal Workers,High school diploma or equivalent,370,-0.047455729,40,18.23636161,37930
GS,51-9071,Jewelers and Precious Stone and Metal Workers,High school diploma or equivalent,180,-0.058434176,20,21.31421522,44330
OC,51-9071,Jewelers and Precious Stone and Metal Workers,High school diploma or equivalent,480,-0.013162454,60,25.40409951,52840
FN,51-9071,Jewelers and Precious Stone and Metal Workers,High school diploma or equivalent,60,-0.13265706,10,21.66624574,45070
LA,51-9071,Jewelers and Precious Stone and Metal Workers,High school diploma or equivalent,1520,-0.066416504,180,27.00205394,56160
SD/I,51-9071,Jewelers and Precious Stone and Metal Workers,High school diploma or equivalent,450,-0.066495398,50,30.60196037,63650
SCC,51-9071,Jewelers and Precious Stone and Metal Workers,High school diploma or equivalent,210,-0.086051267,20,22.74955157,47320
CA,51-9071,Jewelers and Precious Stone and Metal Workers,High school diploma or equivalent,4360,-0.056148369,530,25.51954856,53080
Bay,51-9071,Jewelers and Precious Stone and Metal Workers,High school diploma or equivalent,760,-0.059995618,90,26.66497631,55460
CVML,51-9071,Jewelers and Precious Stone and Metal Workers,High school diploma or equivalent,300,-0.035888167,40,27.45926373,57120
LA,51-9081,Dental Laboratory Technicians,High school diploma or equivalent,860,0.000589327,100,21.68365009,45100
IE/D,51-9081,Dental Laboratory Technicians,High school diploma or equivalent,270,-0.081499035,30,27.36834561,56930
SCC,51-9081,Dental Laboratory Technicians,High school diploma or equivalent,240,-0.071948451,30,23.86163443,49630
GS,51-9081,Dental Laboratory Technicians,High school diploma or equivalent,250,0.122394822,40,25.08515723,52180
CVML,51-9081,Dental Laboratory Technicians,High school diploma or equivalent,240,-0.061760621,30,23.18621108,48230
Bay,51-9081,Dental Laboratory Technicians,High school diploma or equivalent,670,-0.017286609,80,29.03672658,60400
SD/I,51-9081,Dental Laboratory Technicians,High school diploma or equivalent,310,-0.061244974,40,24.45361688,50860
FN,51-9081,Dental Laboratory Technicians,High school diploma or equivalent,40,0.005869688,0,26.92121661,56000
OC,51-9081,Dental Laboratory Technicians,High school diploma or equivalent,1860,0.010348393,230,22.74625866,47310
CA,51-9081,Dental Laboratory Technicians,High school diploma or equivalent,4820,-0.008475181,590,22.85220184,47530
CA,51-9083,Ophthalmic Laboratory Technicians,High school diploma or equivalent,1840,0.043396893,240,22.60469883,47020
SD/I,51-9083,Ophthalmic Laboratory Technicians,High school diploma or equivalent,110,0.013727052,10,20.43793585,42510
IE/D,51-9083,Ophthalmic Laboratory Technicians,High school diploma or equivalent,110,0.062319138,20,22.75434619,47330
LA,51-9083,Ophthalmic Laboratory Technicians,High school diploma or equivalent,390,0.035396736,50,23.39745784,48670
GS,51-9083,Ophthalmic Laboratory Technicians,High school diploma or equivalent,100,0.120985341,10,20.51388283,42670
SCC,51-9083,Ophthalmic Laboratory Technicians,High school diploma or equivalent,120,-0.007279664,20,24.04024596,50000
Bay,51-9083,Ophthalmic Laboratory Technicians,High school diploma or equivalent,330,0.019405415,40,26.204107,54500
CVML,51-9083,Ophthalmic Laboratory Technicians,High school diploma or equivalent,140,0.058004192,20,21.08603113,43860
OC,51-9083,Ophthalmic Laboratory Technicians,High school diploma or equivalent,470,0.04357622,60,24.4016192,50760
FN,51-9083,Ophthalmic Laboratory Technicians,High school diploma or equivalent,20,-0.045024538,0,22.10805496,45980
CVML,51-9141,Semiconductor Processing Technicians,High school diploma or equivalent,50,-0.118014385,10,25.99278361,54060
CA,51-9141,Semiconductor Processing Technicians,High school diploma or equivalent,4850,0.03735992,570,23.08698042,48020
FN,51-9141,Semiconductor Processing Technicians,High school diploma or equivalent,0,0.226500373,0,24.7814684,51550
SCC,51-9141,Semiconductor Processing Technicians,High school diploma or equivalent,120,-0.013252774,10,27.92849908,58090
LA,51-9141,Semiconductor Processing Technicians,High school diploma or equivalent,440,0.062480989,50,17.64549657,36700
Bay,51-9141,Semiconductor Processing Technicians,High school diploma or equivalent,2940,0.001340606,320,23.82616834,49560
GS,51-9141,Semiconductor Processing Technicians,High school diploma or equivalent,50,0.087667555,10,18.19107807,37840
OC,51-9141,Semiconductor Processing Technicians,High school diploma or equivalent,660,0.095266903,90,21.58169346,44890
IE/D,51-9141,Semiconductor Processing Technicians,High school diploma or equivalent,120,0.011103469,10,26.17186088,54440
SD/I,51-9141,Semiconductor Processing Technicians,High school diploma or equivalent,320,0.022825896,40,22.79323465,47410
IE/D,51-9161,Computer Numerically Controlled Tool Operators,High school diploma or equivalent,1940,-0.061271255,170,23.78415705,49470
SD/I,51-9161,Computer Numerically Controlled Tool Operators,High school diploma or equivalent,1920,-0.041023522,170,26.38586809,54880
Bay,51-9161,Computer Numerically Controlled Tool Operators,High school diploma or equivalent,4360,-0.047780725,400,28.53699064,59360
SCC,51-9161,Computer Numerically Controlled Tool Operators,High school diploma or equivalent,1430,-0.05626499,130,27.78285621,57790
CA,51-9161,Computer Numerically Controlled Tool Operators,High school diploma or equivalent,21360,-0.052839944,1940,27.16634216,56510
FN,51-9161,Computer Numerically Controlled Tool Operators,High school diploma or equivalent,170,-0.047606337,20,25.49756415,53030
LA,51-9161,Computer Numerically Controlled Tool Operators,High school diploma or equivalent,6020,-0.075961097,540,26.42029573,54950
CVML,51-9161,Computer Numerically Controlled Tool Operators,High school diploma or equivalent,960,0.003825465,90,25.41276714,52860
GS,51-9161,Computer Numerically Controlled Tool Operators,High school diploma or equivalent,640,0.006928983,60,25.49429336,53030
OC,51-9161,Computer Numerically Controlled Tool Operators,High school diploma or equivalent,3570,-0.057038144,320,26.46976912,55060
SCC,51-9162,Computer Numerically Controlled Tool Programmers,Postsecondary nondegree award,160,0.068768015,20,32.41868731,67430
LA,51-9162,Computer Numerically Controlled Tool Programmers,Postsecondary nondegree award,810,0.01895219,80,39.76433143,82710
CA,51-9162,Computer Numerically Controlled Tool Programmers,Postsecondary nondegree award,2920,0.047530853,300,39.46225831,82080
FN,51-9162,Computer Numerically Controlled Tool Programmers,Postsecondary nondegree award,10,0.169454135,0,35.97830751,74830
Bay,51-9162,Computer Numerically Controlled Tool Programmers,Postsecondary nondegree award,720,0.04671486,70,47.79874563,99420
GS,51-9162,Computer Numerically Controlled Tool Programmers,Postsecondary nondegree award,70,0.120309646,10,35.58484251,74020
SD/I,51-9162,Computer Numerically Controlled Tool Programmers,Postsecondary nondegree award,260,0.064156157,30,38.45286931,79980
OC,51-9162,Computer Numerically Controlled Tool Programmers,Postsecondary nondegree award,470,0.041661111,50,40.07980927,83370
IE/D,51-9162,Computer Numerically Controlled Tool Programmers,Postsecondary nondegree award,260,0.042270775,30,33.75291282,70210
CVML,51-9162,Computer Numerically Controlled Tool Programmers,Postsecondary nondegree award,100,0.096765413,10,34.7099834,72200
CVML,51-9195,"Molders, Shapers, and Casters, Except Metal and Plastic",High school diploma or equivalent,520,0.044888224,70,23.65539264,49200
SD/I,51-9195,"Molders, Shapers, and Casters, Except Metal and Plastic",High school diploma or equivalent,360,-0.039964553,40,22.71447805,47250
FN,51-9195,"Molders, Shapers, and Casters, Except Metal and Plastic",High school diploma or equivalent,120,0.066794367,20,25.63682276,53320
Bay,51-9195,"Molders, Shapers, and Casters, Except Metal and Plastic",High school diploma or equivalent,860,-0.038863508,100,26.09449728,54280
CA,51-9195,"Molders, Shapers, and Casters, Except Metal and Plastic",High school diploma or equivalent,4180,-0.014503342,520,23.26982993,48400
GS,51-9195,"Molders, Shapers, and Casters, Except Metal and Plastic",High school diploma or equivalent,330,0.030344743,40,23.4594914,48800
OC,51-9195,"Molders, Shapers, and Casters, Except Metal and Plastic",High school diploma or equivalent,300,-0.055242068,40,22.91564699,47660
IE/D,51-9195,"Molders, Shapers, and Casters, Except Metal and Plastic",High school diploma or equivalent,630,-0.002501024,80,22.93178645,47700
SCC,51-9195,"Molders, Shapers, and Casters, Except Metal and Plastic",High school diploma or equivalent,200,0.015148566,30,23.99547267,49910
LA,51-9195,"Molders, Shapers, and Casters, Except Metal and Plastic",High school diploma or equivalent,820,-0.044910699,100,22.21808575,46210
FN,53-1041,Aircraft Cargo Handling Supervisors,High school diploma or equivalent,0,0.062600992,0,28.06562031,58380
SD/I,53-1041,Aircraft Cargo Handling Supervisors,High school diploma or equivalent,80,0.095877487,10,35.81799678,74500
LA,53-1041,Aircraft Cargo Handling Supervisors,High school diploma or equivalent,630,0.050406767,70,29.10935686,60550
CVML,53-1041,Aircraft Cargo Handling Supervisors,High school diploma or equivalent,20,0.083990468,0,34.53489885,71830
SCC,53-1041,Aircraft Cargo Handling Supervisors,High school diploma or equivalent,30,0.071004616,0,28.63386192,59560
IE/D,53-1041,Aircraft Cargo Handling Supervisors,High school diploma or equivalent,290,0.09120948,30,23.51642864,48910
Bay,53-1041,Aircraft Cargo Handling Supervisors,High school diploma or equivalent,280,0.012392663,30,35.01667055,72830
GS,53-1041,Aircraft Cargo Handling Supervisors,High school diploma or equivalent,90,0.075210368,10,34.205713,71150
CA,53-1041,Aircraft Cargo Handling Supervisors,High school diploma or equivalent,1510,0.053906226,170,29.05821774,60440
OC,53-1041,Aircraft Cargo Handling Supervisors,High school diploma or equivalent,60,0.022399754,10,28.71813052,59730
SD/I,53-1047,"First-Line Supervisors of Transportation and Material Moving Workers, Except Aircraft Cargo Handling Supervisors",High school diploma or equivalent,5390,0.034185665,560,29.07362278,60470
SCC,53-1047,"First-Line Supervisors of Transportation and Material Moving Workers, Except Aircraft Cargo Handling Supervisors",High school diploma or equivalent,2760,0.024476799,280,28.42268581,59120
CVML,53-1047,"First-Line Supervisors of Transportation and Material Moving Workers, Except Aircraft Cargo Handling Supervisors",High school diploma or equivalent,7750,0.073589191,880,32.66386457,67940
CA,53-1047,"First-Line Supervisors of Transportation and Material Moving Workers, Except Aircraft Cargo Handling Supervisors",High school diploma or equivalent,68860,0.038167299,7210,31.4790598,65480
Bay,53-1047,"First-Line Supervisors of Transportation and Material Moving Workers, Except Aircraft Cargo Handling Supervisors",High school diploma or equivalent,12470,0.016037265,1240,34.30693939,71360
LA,53-1047,"First-Line Supervisors of Transportation and Material Moving Workers, Except Aircraft Cargo Handling Supervisors",High school diploma or equivalent,16910,0.003388755,1620,29.74074301,61860
IE/D,53-1047,"First-Line Supervisors of Transportation and Material Moving Workers, Except Aircraft Cargo Handling Supervisors",High school diploma or equivalent,11590,0.079770316,1330,33.58006862,69850
GS,53-1047,"First-Line Supervisors of Transportation and Material Moving Workers, Except Aircraft Cargo Handling Supervisors",High school diploma or equivalent,3880,0.063506844,430,30.47095313,63380
OC,53-1047,"First-Line Supervisors of Transportation and Material Moving Workers, Except Aircraft Cargo Handling Supervisors",High school diploma or equivalent,5400,0.0303198,550,30.29891763,63020
FN,53-1047,"First-Line Supervisors of Transportation and Material Moving Workers, Except Aircraft Cargo Handling Supervisors",High school diploma or equivalent,1070,0.030985032,110,28.65124478,59590
CA,53-2012,Commercial Pilots,High school diploma or equivalent,7200,0.072338011,930,75.34716207,156720
FN,53-2012,Commercial Pilots,High school diploma or equivalent,270,0.145962079,40,53.49138295,111260
SD/I,53-2012,Commercial Pilots,High school diploma or equivalent,1270,0.03752351,150,60.64927251,126150
IE/D,53-2012,Commercial Pilots,High school diploma or equivalent,470,0.086733878,60,53.61375402,111520
Bay,53-2012,Commercial Pilots,High school diploma or equivalent,1270,0.080541239,170,70.5381869,146720
SCC,53-2012,Commercial Pilots,High school diploma or equivalent,470,0.090427418,60,55.00815022,114420
OC,53-2012,Commercial Pilots,High school diploma or equivalent,430,0.035585974,50,85.46404329,177770
GS,53-2012,Commercial Pilots,High school diploma or equivalent,330,0.092611349,50,59.08348021,122890
LA,53-2012,Commercial Pilots,High school diploma or equivalent,1860,0.065090163,240,90.05764291,187320
CVML,53-2012,Commercial Pilots,High school diploma or equivalent,620,0.084066711,80,56.09422628,116680
Bay,53-2021,Air Traffic Controllers,Associate's degree,710,-0.004388175,70,88.41147261,183900
CVML,53-2021,Air Traffic Controllers,Associate's degree,130,0.042481128,10,70.93825826,147550
LA,53-2021,Air Traffic Controllers,Associate's degree,610,0.030977185,60,84.28426374,175310
SCC,53-2021,Air Traffic Controllers,Associate's degree,110,0.028614107,10,82.17857782,170930
SD/I,53-2021,Air Traffic Controllers,Associate's degree,890,0.027716525,80,81.95300664,170460
GS,53-2021,Air Traffic Controllers,Associate's degree,290,0.006015156,30,93.02321791,193490
OC,53-2021,Air Traffic Controllers,Associate's degree,130,0.023114849,10,77.44473238,161090
IE/D,53-2021,Air Traffic Controllers,Associate's degree,230,0.036357948,20,46.4407564,96600
FN,53-2021,Air Traffic Controllers,Associate's degree,110,0.026906838,10,58.94863861,122610
CA,53-2021,Air Traffic Controllers,Associate's degree,3310,0.029357164,320,76.96,160080
LA,53-2022,Airfield Operations Specialists,High school diploma or equivalent,610,0.07260917,60,27.851838,57930
SD/I,53-2022,Airfield Operations Specialists,High school diploma or equivalent,150,0.057464152,20,30.5391007,63520
SCC,53-2022,Airfield Operations Specialists,High school diploma or equivalent,90,0.033002376,10,28.68543029,59670
CVML,53-2022,Airfield Operations Specialists,High school diploma or equivalent,100,0.060074257,10,30.04973546,62500
OC,53-2022,Airfield Operations Specialists,High school diploma or equivalent,60,0.03292484,10,24.804,51590
IE/D,53-2022,Airfield Operations Specialists,High school diploma or equivalent,220,0.100196225,20,26.4660438,55050
Bay,53-2022,Airfield Operations Specialists,High school diploma or equivalent,450,0.016862569,40,38.77314489,80650
GS,53-2022,Airfield Operations Specialists,High school diploma or equivalent,140,0.075948908,10,30.13789768,62690
CA,53-2022,Airfield Operations Specialists,High school diploma or equivalent,1860,0.058286555,190,30.1,62610
FN,53-2022,Airfield Operations Specialists,High school diploma or equivalent,10,0.440680624,0,27.09831329,56360
CVML,53-2031,Flight Attendants,High school diploma or equivalent,150,0.019129897,20,44.0308937,91580
OC,53-2031,Flight Attendants,High school diploma or equivalent,240,0.009020456,30,34.32129013,71390
FN,53-2031,Flight Attendants,High school diploma or equivalent,10,0.935096209,0,36.22601814,75350
GS,53-2031,Flight Attendants,High school diploma or equivalent,80,0.382318839,20,43.02101984,89480
CA,53-2031,Flight Attendants,High school diploma or equivalent,16200,0.044031714,2470,39.49528143,82150
IE/D,53-2031,Flight Attendants,High school diploma or equivalent,20,0.510696983,10,35.22522142,73270
Bay,53-2031,Flight Attendants,High school diploma or equivalent,4650,-0.078602772,610,40.95176292,85180
SCC,53-2031,Flight Attendants,High school diploma or equivalent,50,0.266217093,10,35.66331083,74180
SD/I,53-2031,Flight Attendants,High school diploma or equivalent,970,0.145905367,170,47.07756091,97920
LA,53-2031,Flight Attendants,High school diploma or equivalent,9950,0.08649815,1580,38.5895393,80270
CA,53-3032,Heavy and Tractor-Trailer Truck Drivers,Postsecondary nondegree award,241550,0.042302822,26840,28.4681093,59210
OC,53-3032,Heavy and Tractor-Trailer Truck Drivers,Postsecondary nondegree award,14130,0.025067127,1500,29.19200938,60720
CVML,53-3032,Heavy and Tractor-Trailer Truck Drivers,Postsecondary nondegree award,42780,0.069649181,5020,27.03603502,56230
IE/D,53-3032,Heavy and Tractor-Trailer Truck Drivers,Postsecondary nondegree award,45890,0.067736784,5360,28.63312822,59560
LA,53-3032,Heavy and Tractor-Trailer Truck Drivers,Postsecondary nondegree award,55180,0.016659829,5800,28.32219797,58910
Bay,53-3032,Heavy and Tractor-Trailer Truck Drivers,Postsecondary nondegree award,34010,0.009946504,3550,30.83615091,64140
GS,53-3032,Heavy and Tractor-Trailer Truck Drivers,Postsecondary nondegree award,16490,0.077692322,1970,28.21937045,58700
SCC,53-3032,Heavy and Tractor-Trailer Truck Drivers,Postsecondary nondegree award,8870,0.024357897,950,27.73254663,57680
SD/I,53-3032,Heavy and Tractor-Trailer Truck Drivers,Postsecondary nondegree award,13960,0.018344756,1460,28.13940636,58530
FN,53-3032,Heavy and Tractor-Trailer Truck Drivers,Postsecondary nondegree award,4760,0.038182086,530,27.96294504,58160
GS,53-3051,"Bus Drivers, School",No formal educational credential,780,0.169656764,160,28.00775531,58260
CVML,53-3051,"Bus Drivers, School",No formal educational credential,2390,0.112703127,460,27.30998204,56800
SD/I,53-3051,"Bus Drivers, School",No formal educational credential,1250,0.061865731,220,29.06113705,60450
Bay,53-3051,"Bus Drivers, School",No formal educational credential,3700,0.141032307,740,32.72249365,68060
SCC,53-3051,"Bus Drivers, School",No formal educational credential,920,0.130159932,180,29.36925971,61090
FN,53-3051,"Bus Drivers, School",No formal educational credential,380,0.089502028,70,26.97022202,56100
LA,53-3051,"Bus Drivers, School",No formal educational credential,3200,-0.02191082,500,30.03115027,62460
IE/D,53-3051,"Bus Drivers, School",No formal educational credential,2910,0.086803526,530,29.643426,61660
CA,53-3051,"Bus Drivers, School",No formal educational credential,17130,0.093649189,3170,29.28157104,60910
OC,53-3051,"Bus Drivers, School",No formal educational credential,1010,0.079707047,180,28.10164395,58450
CA,53-3052,"Bus Drivers, Transit and Intercity",High school diploma or equivalent,25270,0.068028367,3590,32.17755246,66930
GS,53-3052,"Bus Drivers, Transit and Intercity",High school diploma or equivalent,900,0.104630976,140,32.48193836,67560
IE/D,53-3052,"Bus Drivers, Transit and Intercity",High school diploma or equivalent,1620,0.162487489,270,27.40190785,57000
FN,53-3052,"Bus Drivers, Transit and Intercity",High school diploma or equivalent,220,0.137410232,30,27.11743289,56400
CVML,53-3052,"Bus Drivers, Transit and Intercity",High school diploma or equivalent,2590,0.086120217,380,35.22451788,73270
SD/I,53-3052,"Bus Drivers, Transit and Intercity",High school diploma or equivalent,1850,0.032073491,240,29.46655228,61290
Bay,53-3052,"Bus Drivers, Transit and Intercity",High school diploma or equivalent,7310,0.052450277,1010,35.90012447,74670
SCC,53-3052,"Bus Drivers, Transit and Intercity",High school diploma or equivalent,970,0.086800614,140,25.89495059,53860
LA,53-3052,"Bus Drivers, Transit and Intercity",High school diploma or equivalent,7590,0.043207067,1030,32.75219536,68120
OC,53-3052,"Bus Drivers, Transit and Intercity",High school diploma or equivalent,2140,0.118729013,330,31.96515,66490
FN,53-3053,Shuttle Drivers and Chauffeurs,No formal educational credential,590,0.133964379,100,19.98982977,41580
GS,53-3053,Shuttle Drivers and Chauffeurs,No formal educational credential,2150,0.116220986,360,20.36037502,42350
SCC,53-3053,Shuttle Drivers and Chauffeurs,No formal educational credential,1780,0.065132724,280,20.99843322,43680
OC,53-3053,Shuttle Drivers and Chauffeurs,No formal educational credential,2700,0.028979808,390,20.35635297,42340
Bay,53-3053,Shuttle Drivers and Chauffeurs,No formal educational credential,8620,0.083140677,1390,23.31057731,48490
SD/I,53-3053,Shuttle Drivers and Chauffeurs,No formal educational credential,2840,0.072341734,450,20.87987121,43430
LA,53-3053,Shuttle Drivers and Chauffeurs,No formal educational credential,10190,0.055176964,1550,21.53279067,44790
CVML,53-3053,Shuttle Drivers and Chauffeurs,No formal educational credential,2680,0.140215731,470,19.05503653,39630
IE/D,53-3053,Shuttle Drivers and Chauffeurs,No formal educational credential,2310,0.087684683,370,18.27698514,38020
CA,53-3053,Shuttle Drivers and Chauffeurs,No formal educational credential,34800,0.079343718,5530,21.43331429,44580
FN,53-4011,Locomotive Engineers,High school diploma or equivalent,90,0.046669924,10,35.48975245,73820
GS,53-4011,Locomotive Engineers,High school diploma or equivalent,190,-0.05858243,20,34.47591204,71710
OC,53-4011,Locomotive Engineers,High school diploma or equivalent,70,-0.008953266,10,36.99842048,76960
SCC,53-4011,Locomotive Engineers,High school diploma or equivalent,50,-0.003168532,0,36.87268686,76700
SD/I,53-4011,Locomotive Engineers,High school diploma or equivalent,40,0.019727882,0,37.48049938,77960
Bay,53-4011,Locomotive Engineers,High school diploma or equivalent,230,0.014420669,20,41.09905329,85490
CA,53-4011,Locomotive Engineers,High school diploma or equivalent,2010,0.006222996,170,37.06,77080
IE/D,53-4011,Locomotive Engineers,High school diploma or equivalent,640,-0.008863765,50,20.45575959,42550
CVML,53-4011,Locomotive Engineers,High school diploma or equivalent,310,0.046277175,30,38.43051646,79940
LA,53-4011,Locomotive Engineers,High school diploma or equivalent,390,0.01844661,30,37.03003191,77020
FN,53-4013,"Rail Yard Engineers, Dinkey Operators, and Hostlers",High school diploma or equivalent,0,-0.151312569,0,32.29,67160
GS,53-4013,"Rail Yard Engineers, Dinkey Operators, and Hostlers",High school diploma or equivalent,20,-0.014818768,0,32.22079575,67020
CVML,53-4013,"Rail Yard Engineers, Dinkey Operators, and Hostlers",High school diploma or equivalent,40,0.024139477,0,32.4678504,67530
SD/I,53-4013,"Rail Yard Engineers, Dinkey Operators, and Hostlers",High school diploma or equivalent,10,-0.026509674,0,32.10085866,66770
LA,53-4013,"Rail Yard Engineers, Dinkey Operators, and Hostlers",High school diploma or equivalent,80,-0.015538717,10,32.0074771,66580
SCC,53-4013,"Rail Yard Engineers, Dinkey Operators, and Hostlers",High school diploma or equivalent,0,-0.037212198,0,32.29,67160
CA,53-4013,"Rail Yard Engineers, Dinkey Operators, and Hostlers",High school diploma or equivalent,250,0.022235488,20,32.29,67160
OC,53-4013,"Rail Yard Engineers, Dinkey Operators, and Hostlers",High school diploma or equivalent,10,0.035666361,0,33.44997325,69580
IE/D,53-4013,"Rail Yard Engineers, Dinkey Operators, and Hostlers",High school diploma or equivalent,70,0.07646327,10,32.15944173,66890
Bay,53-4013,"Rail Yard Engineers, Dinkey Operators, and Hostlers",High school diploma or equivalent,30,0.047323278,0,33.29885726,69260
SD/I,53-4022,"Railroad Brake, Signal, and Switch Operators and Locomotive Firers",High school diploma or equivalent,20,0.028099324,0,26.99031429,56140
CVML,53-4022,"Railroad Brake, Signal, and Switch Operators and Locomotive Firers",High school diploma or equivalent,180,0.010900728,20,28.36315592,59000
FN,53-4022,"Railroad Brake, Signal, and Switch Operators and Locomotive Firers",High school diploma or equivalent,90,0.018981725,10,26.44282817,55000
SCC,53-4022,"Railroad Brake, Signal, and Switch Operators and Locomotive Firers",High school diploma or equivalent,20,0.00090067,0,28.23381822,58730
GS,53-4022,"Railroad Brake, Signal, and Switch Operators and Locomotive Firers",High school diploma or equivalent,60,-0.047012033,10,27.20960479,56600
IE/D,53-4022,"Railroad Brake, Signal, and Switch Operators and Locomotive Firers",High school diploma or equivalent,200,0.022853807,20,21.79994763,45340
OC,53-4022,"Railroad Brake, Signal, and Switch Operators and Locomotive Firers",High school diploma or equivalent,30,0.021395367,0,36.75009399,76440
LA,53-4022,"Railroad Brake, Signal, and Switch Operators and Locomotive Firers",High school diploma or equivalent,180,0.013003811,20,36.38426789,75680
CA,53-4022,"Railroad Brake, Signal, and Switch Operators and Locomotive Firers",High school diploma or equivalent,940,0.018644982,90,28.25,58760
Bay,53-4022,"Railroad Brake, Signal, and Switch Operators and Locomotive Firers",High school diploma or equivalent,170,0.052733737,20,31.40947144,65330
OC,53-4031,Railroad Conductors and Yardmasters,High school diploma or equivalent,90,-0.008129428,10,33.19531023,69050
CA,53-4031,Railroad Conductors and Yardmasters,High school diploma or equivalent,2910,0.007211355,260,33.63,69950
Bay,53-4031,Railroad Conductors and Yardmasters,High school diploma or equivalent,450,0.019080852,40,31.68017699,65890
IE/D,53-4031,Railroad Conductors and Yardmasters,High school diploma or equivalent,850,-0.003154089,70,46.55301245,96830
FN,53-4031,Railroad Conductors and Yardmasters,High school diploma or equivalent,60,-0.097547883,10,32.54302768,67690
GS,53-4031,Railroad Conductors and Yardmasters,High school diploma or equivalent,280,-0.043301004,20,30.0020055,62400
SCC,53-4031,Railroad Conductors and Yardmasters,High school diploma or equivalent,80,0.004691943,10,33.34788869,69360
SD/I,53-4031,Railroad Conductors and Yardmasters,High school diploma or equivalent,100,0.02928545,10,33.28289078,69230
CVML,53-4031,Railroad Conductors and Yardmasters,High school diploma or equivalent,480,0.044310538,50,33.29374544,69250
LA,53-4031,Railroad Conductors and Yardmasters,High school diploma or equivalent,520,0.019123655,50,33.24069613,69140
CVML,53-4041,Subway and Streetcar Operators,High school diploma or equivalent,190,0.059663871,20,39.44619603,82050
IE/D,53-4041,Subway and Streetcar Operators,High school diploma or equivalent,140,0.114794976,20,34.04740087,70820
LA,53-4041,Subway and Streetcar Operators,High school diploma or equivalent,150,0.10635996,20,41.25746919,85820
SD/I,53-4041,Subway and Streetcar Operators,High school diploma or equivalent,220,0.043235054,20,29.3682149,61090
Bay,53-4041,Subway and Streetcar Operators,High school diploma or equivalent,190,0.08729987,20,37.97528625,78990
GS,53-4041,Subway and Streetcar Operators,High school diploma or equivalent,70,0.122670543,10,39.60378704,82380
SCC,53-4041,Subway and Streetcar Operators,High school diploma or equivalent,60,0.069683886,10,35.05272535,72910
CA,53-4041,Subway and Streetcar Operators,High school diploma or equivalent,1170,0.075574845,130,37.83,78690
FN,53-4041,Subway and Streetcar Operators,High school diploma or equivalent,110,0.018152408,10,34.36018153,71470
OC,53-4041,Subway and Streetcar Operators,High school diploma or equivalent,40,0.114533804,0,37.49985795,78000
Bay,53-4099,"Rail Transportation Workers, All Other",High school diploma or equivalent,10,-0.088772122,0,31.3876247,65290
LA,53-4099,"Rail Transportation Workers, All Other",High school diploma or equivalent,160,-0.030646359,10,32.72471896,68070
SCC,53-4099,"Rail Transportation Workers, All Other",High school diploma or equivalent,10,-0.035388937,0,29.02,60360
CVML,53-4099,"Rail Transportation Workers, All Other",High school diploma or equivalent,10,0.043619564,0,28.35392051,58980
GS,53-4099,"Rail Transportation Workers, All Other",High school diploma or equivalent,0,0.03972795,0,29.12453041,60580
SD/I,53-4099,"Rail Transportation Workers, All Other",High school diploma or equivalent,0,0.033745358,0,27.37035734,56930
FN,53-4099,"Rail Transportation Workers, All Other",High school diploma or equivalent,0,-0.19631599,0,29.02,60360
OC,53-4099,"Rail Transportation Workers, All Other",High school diploma or equivalent,20,0.030965951,0,33.53932528,69760
CA,53-4099,"Rail Transportation Workers, All Other",High school diploma or equivalent,230,-0.012550941,20,29.02,60360
IE/D,53-4099,"Rail Transportation Workers, All Other",High school diploma or equivalent,10,0.167255765,0,27.17656595,56530
FN,53-5021,"Captains, Mates, and Pilots of Water Vessels",Postsecondary nondegree award,40,0.094506917,10,46.63281863,97000
CA,53-5021,"Captains, Mates, and Pilots of Water Vessels",Postsecondary nondegree award,4360,0.057058332,530,51.79570138,107740
IE/D,53-5021,"Captains, Mates, and Pilots of Water Vessels",Postsecondary nondegree award,230,0.037990936,30,48.30486372,100470
OC,53-5021,"Captains, Mates, and Pilots of Water Vessels",Postsecondary nondegree award,230,0.0825688,30,47.69864579,99210
SD/I,53-5021,"Captains, Mates, and Pilots of Water Vessels",Postsecondary nondegree award,900,0.04077806,100,36.59362575,76110
GS,53-5021,"Captains, Mates, and Pilots of Water Vessels",Postsecondary nondegree award,150,0.065223208,20,39.33125417,81810
CVML,53-5021,"Captains, Mates, and Pilots of Water Vessels",Postsecondary nondegree award,250,0.068451745,30,49.57994613,103130
SCC,53-5021,"Captains, Mates, and Pilots of Water Vessels",Postsecondary nondegree award,200,0.018713039,20,36.52488608,75970
LA,53-5021,"Captains, Mates, and Pilots of Water Vessels",Postsecondary nondegree award,1390,0.076597188,170,53.49046627,111260
Bay,53-5021,"Captains, Mates, and Pilots of Water Vessels",Postsecondary nondegree award,930,0.043149649,110,56.29761492,117100
LA,53-5022,Motorboat Operators,Postsecondary nondegree award,90,0.037993059,10,17.11902965,35610
FN,53-5022,Motorboat Operators,Postsecondary nondegree award,0,0.074820047,0,22.5619264,46930
Bay,53-5022,Motorboat Operators,Postsecondary nondegree award,80,0.00438179,10,32.62526981,67860
IE/D,53-5022,Motorboat Operators,Postsecondary nondegree award,30,0.099253679,0,18.91752952,39350
SD/I,53-5022,Motorboat Operators,Postsecondary nondegree award,100,0.030281332,10,19.11885541,39770
OC,53-5022,Motorboat Operators,Postsecondary nondegree award,40,0.074329041,0,29.58264667,61530
CVML,53-5022,Motorboat Operators,Postsecondary nondegree award,60,0.102131,10,23.14583138,48140
SCC,53-5022,Motorboat Operators,Postsecondary nondegree award,20,0.036408145,0,18.93600317,39390
GS,53-5022,Motorboat Operators,Postsecondary nondegree award,20,-0.007893965,0,21.22733137,44150
CA,53-5022,Motorboat Operators,Postsecondary nondegree award,450,0.050711028,50,16.61927526,34570
Bay,53-5031,Ship Engineers,Postsecondary nondegree award,230,0.006739797,30,51.96586941,108090
OC,53-5031,Ship Engineers,Postsecondary nondegree award,50,0.036654522,10,38.9322815,80980
FN,53-5031,Ship Engineers,Postsecondary nondegree award,10,-0.006825602,0,44.43853036,92430
IE/D,53-5031,Ship Engineers,Postsecondary nondegree award,70,0.02198252,10,45.24694009,94110
SD/I,53-5031,Ship Engineers,Postsecondary nondegree award,330,0.027300062,40,41.03978462,85360
LA,53-5031,Ship Engineers,Postsecondary nondegree award,400,0.028085255,50,41.67308388,86680
CVML,53-5031,Ship Engineers,Postsecondary nondegree award,70,0.084162175,10,47.49784063,98800
GS,53-5031,Ship Engineers,Postsecondary nondegree award,50,0.037591622,10,49.22122579,102380
SCC,53-5031,Ship Engineers,Postsecondary nondegree award,50,0.024265114,10,49.44280533,102840
CA,53-5031,Ship Engineers,Postsecondary nondegree award,1280,0.029179764,160,46.91349693,97580
OC,53-6051,Transportation Inspectors,High school diploma or equivalent,100,0.033928667,10,46.49574052,96710
Bay,53-6051,Transportation Inspectors,High school diploma or equivalent,380,0.042617181,40,44.71917061,93020
CA,53-6051,Transportation Inspectors,High school diploma or equivalent,2110,0.056750996,230,39.85406627,82900
SCC,53-6051,Transportation Inspectors,High school diploma or equivalent,110,0.064382133,10,33.13341324,68920
FN,53-6051,Transportation Inspectors,High school diploma or equivalent,40,0.039374219,0,36.22890193,75360
GS,53-6051,Transportation Inspectors,High school diploma or equivalent,260,0.064770217,30,39.05873429,81240
SD/I,53-6051,Transportation Inspectors,High school diploma or equivalent,260,0.032473063,30,39.83782768,82860
IE/D,53-6051,Transportation Inspectors,High school diploma or equivalent,200,0.086586268,20,39.11688238,81360
CVML,53-6051,Transportation Inspectors,High school diploma or equivalent,230,0.038244472,20,39.22730481,81590
LA,53-6051,Transportation Inspectors,High school diploma or equivalent,510,0.069531501,60,48.8656546,101640
Bay,53-7021,Crane and Tower Operators,High school diploma or equivalent,520,0.004162969,50,43.20256584,89860
CA,53-7021,Crane and Tower Operators,High school diploma or equivalent,2590,0.035721102,250,38.22861622,79520
SCC,53-7021,Crane and Tower Operators,High school diploma or equivalent,140,0.037621436,10,37.65090702,78310
FN,53-7021,Crane and Tower Operators,High school diploma or equivalent,40,0.098126626,0,36.82650135,76600
OC,53-7021,Crane and Tower Operators,High school diploma or equivalent,170,0.036743172,20,40.62998245,84510
GS,53-7021,Crane and Tower Operators,High school diploma or equivalent,200,0.056522853,20,31.25111758,65000
SD/I,53-7021,Crane and Tower Operators,High school diploma or equivalent,250,0.025994839,20,38.32937809,79730
LA,53-7021,Crane and Tower Operators,High school diploma or equivalent,510,0.0486757,50,38.67356191,80440
IE/D,53-7021,Crane and Tower Operators,High school diploma or equivalent,290,0.056527344,30,36.85268089,76650
CVML,53-7021,Crane and Tower Operators,High school diploma or equivalent,380,0.022731439,40,35.68070063,74220