District,College,Course ID,Control Number,Course Title,Sections Count,TOP Code,Credit Status,Transfer Status,Maximum Units,Minimum Units,Basic Skills Status,SAM Status,Prior To Transfer Status,Non-Credit Category,General Education Status,Support Status,Term
Allan Hancock CCD,Allan Hancock,MT189       ,CCC000000652,Independent Projects                                                ,1,Machining and Machine Tools-095630                                                   ,Credit - Degree Applicable                                                 ,Transferable to CSU only                                                   ,03.00,01.00,Course is not a basic skills course                                        ,Clearly Occupational (but not advanced)                                    ,Not applicable                                                             ,"Not Applicable, Credit course                                              ",Y,Course is not a support course                                             ,Fall 2025
Allan Hancock CCD,Allan Hancock,BUS375      ,CCC000001583,Patents and Copyrights                                              ,1,"Business and Commerce, General-050100                                                ",Credit - Degree Applicable                                                 ,Not transferable                                                           ,00.50,00.50,Course is not a basic skills course                                        ,Clearly Occupational (but not advanced)                                    ,Not applicable                                                             ,"Not Applicable, Credit course                                              ",Y,Course is not a support course                                             ,Fall 2025
Allan Hancock CCD,Allan Hancock,COMM103     ,CCC000002916,Interpersonal Communication                                         ,2,Speech Communication-150600                                                          ,Credit - Degree Applicable                                                 ,Transferable to both UC and CSU                                            ,03.00,03.00,Course is not a basic skills course                                        ,Non-Occupational                                                           ,Not applicable                                                             ,"Not Applicable, Credit course                                              ",Y,Course is not a support course                                             ,Fall 2025
Allan Hancock CCD,Allan Hancock,GRPH118     ,CCC000003375,User Interface Design                                               ,1,Graphic Art and Design-103000                                                        ,Credit - Degree Applicable                                                 ,Transferable to CSU only                                                   ,03.00,03.00,Course is not a basic skills course                                        ,Clearly Occupational (but not advanced)                                    ,Not applicable                                                             ,"Not Applicable, Credit course                                              ",Y,Course is not a support course                                             ,Fall 2025
Allan Hancock CCD,Allan Hancock,BUS110      ,CCC000004867,Business Law                                                        ,3,"Business and Commerce, General-050100                                                ",Credit - Degree Applicable                                                 ,Transferable to both UC and CSU                                            ,03.00,03.00,Course is not a basic skills course                                        ,Advanced Occupational (not limited to apprentices)                         ,Not applicable                                                             ,"Not Applicable, Credit course                                              ",Y,Course is not a support course                                             ,Fall 2025
Allan Hancock CCD,Allan Hancock,MUS145      ,CCC000008804,Big Band Jazz                                                       ,2,Music-100400                                                                         ,Credit - Degree Applicable                                                 ,Transferable to both UC and CSU                                            ,01.00,01.00,Course is not a basic skills course                                        ,Possibly Occupational                                                      ,Not applicable                                                             ,"Not Applicable, Credit course                                              ",Y,Course is not a support course                                             ,Fall 2025
Allan Hancock CCD,Allan Hancock,THEA101     ,CCC000011520,Applied Professional Acting I                                       ,1,Dramatic Arts-100700                                                                 ,Credit - Degree Applicable                                                 ,Transferable to both UC and CSU                                            ,10.00,10.00,Course is not a basic skills course                                        ,Possibly Occupational                                                      ,Not applicable                                                             ,"Not Applicable, Credit course                                              ",Y,Course is not a support course                                             ,Fall 2025
Allan Hancock CCD,Allan Hancock,ENGR152     ,CCC000013405,Statics                                                             ,2,"Engineering, General (requires Calculus) (Transfer)-090100                           ",Credit - Degree Applicable                                                 ,Transferable to both UC and CSU                                            ,03.00,03.00,Course is not a basic skills course                                        ,Clearly Occupational (but not advanced)                                    ,Not applicable                                                             ,"Not Applicable, Credit course                                              ",Y,Course is not a support course                                             ,Fall 2025
Allan Hancock CCD,Allan Hancock,ASL138      ,CCC000017189,History of Deaf                                                     ,1,Sign Language-085000                                                                 ,Credit - Degree Applicable                                                 ,Transferable to both UC and CSU                                            ,03.00,03.00,Course is not a basic skills course                                        ,Non-Occupational                                                           ,Not applicable                                                             ,"Not Applicable, Credit course                                              ",Y,Course is not a support course                                             ,Fall 2025
Allan Hancock CCD,Allan Hancock,DANC183     ,CCC000017219,Dance Ensemble                                                      ,1,Dance-100800                                                                         ,Credit - Degree Applicable                                                 ,Transferable to both UC and CSU                                            ,03.00,03.00,Course is not a basic skills course                                        ,Possibly Occupational                                                      ,Not applicable                                                             ,"Not Applicable, Credit course                                              ",Y,Course is not a support course                                             ,Fall 2025
Allan Hancock CCD,Allan Hancock,SOC106      ,CCC000023122,"Alcohol, Other Drugs, and Addi                                      ",1,Human Services-210400                                                                ,Credit - Degree Applicable                                                 ,Transferable to CSU only                                                   ,03.00,03.00,Course is not a basic skills course                                        ,Clearly Occupational (but not advanced)                                    ,Not applicable                                                             ,"Not Applicable, Credit course                                              ",Y,Course is not a support course                                             ,Fall 2025
Allan Hancock CCD,Allan Hancock,HUSV142     ,CCC000024926,Co-occ Disorders: Engagement                                        ,1,Human Services-210400                                                                ,Credit - Degree Applicable                                                 ,Transferable to CSU only                                                   ,03.00,03.00,Course is not a basic skills course                                        ,Clearly Occupational (but not advanced)                                    ,Not applicable                                                             ,"Not Applicable, Credit course                                              ",Y,Course is not a support course                                             ,Fall 2025
Allan Hancock CCD,Allan Hancock,CHEM151     ,CCC000026771,General Chemistry 2                                                 ,2,"Chemistry, General-190500                                                            ",Credit - Degree Applicable                                                 ,Transferable to both UC and CSU                                            ,05.00,05.00,Course is not a basic skills course                                        ,Non-Occupational                                                           ,Not applicable                                                             ,"Not Applicable, Credit course                                              ",Y,Course is not a support course                                             ,Fall 2025
Allan Hancock CCD,Allan Hancock,FCS131      ,CCC000027375,Life Management                                                     ,3,"Family and Consumer Sciences, General-130100                                         ",Credit - Degree Applicable                                                 ,Transferable to CSU only                                                   ,03.00,03.00,Course is not a basic skills course                                        ,Clearly Occupational (but not advanced)                                    ,Not applicable                                                             ,"Not Applicable, Credit course                                              ",Y,Course is not a support course                                             ,Fall 2025
Allan Hancock CCD,Allan Hancock,MUS143      ,CCC000027455,Jazz Band                                                           ,2,Music-100400                                                                         ,Credit - Degree Applicable                                                 ,Transferable to both UC and CSU                                            ,01.00,01.00,Course is not a basic skills course                                        ,Possibly Occupational                                                      ,Not applicable                                                             ,"Not Applicable, Credit course                                              ",Y,Course is not a support course                                             ,Fall 2025
Allan Hancock CCD,Allan Hancock,MUS111      ,CCC000028619,Music Theory 1                                                      ,1,Music-100400                                                                         ,Credit - Degree Applicable                                                 ,Transferable to both UC and CSU                                            ,04.00,04.00,Course is not a basic skills course                                        ,Non-Occupational                                                           ,Not applicable                                                             ,"Not Applicable, Credit course                                              ",Y,Course is not a support course                                             ,Fall 2025
Allan Hancock CCD,Allan Hancock,ARCH131     ,CCC000029276,Bldg Constr Materials/Methods                                       ,1,Drafting Technology-095300                                                           ,Credit - Degree Applicable                                                 ,Transferable to CSU only                                                   ,03.00,03.00,Course is not a basic skills course                                        ,Advanced Occupational (not limited to apprentices)                         ,Not applicable                                                             ,"Not Applicable, Credit course                                              ",Y,Course is not a support course                                             ,Fall 2025
Allan Hancock CCD,Allan Hancock,HUSV104     ,CCC000034084,Group Dynamics                                                      ,1,Human Services-210400                                                                ,Credit - Degree Applicable                                                 ,Transferable to CSU only                                                   ,03.00,03.00,Course is not a basic skills course                                        ,Clearly Occupational (but not advanced)                                    ,Not applicable                                                             ,"Not Applicable, Credit course                                              ",Y,Course is not a support course                                             ,Fall 2025
Allan Hancock CCD,Allan Hancock,CA119       ,CCC000035962,Intro to Hospitality Industry                                       ,1,"Nutrition, Foods, and Culinary Arts-130600                                           ",Credit - Degree Applicable                                                 ,Transferable to CSU only                                                   ,02.00,02.00,Course is not a basic skills course                                        ,Clearly Occupational (but not advanced)                                    ,Not applicable                                                             ,"Not Applicable, Credit course                                              ",Y,Course is not a support course                                             ,Fall 2025
Allan Hancock CCD,Allan Hancock,GEOG103     ,CCC000039900,World Regional Geography                                            ,1,Geography-220600                                                                     ,Credit - Degree Applicable                                                 ,Transferable to both UC and CSU                                            ,03.00,03.00,Course is not a basic skills course                                        ,Non-Occupational                                                           ,Not applicable                                                             ,"Not Applicable, Credit course                                              ",Y,Course is not a support course                                             ,Fall 2025
Allan Hancock CCD,Allan Hancock,DANC120     ,CCC000040295,Ballet Dance I                                                      ,1,Dance-100800                                                                         ,Credit - Degree Applicable                                                 ,Transferable to both UC and CSU                                            ,02.00,02.00,Course is not a basic skills course                                        ,Possibly Occupational                                                      ,Not applicable                                                             ,"Not Applicable, Credit course                                              ",Y,Course is not a support course                                             ,Fall 2025
Allan Hancock CCD,Allan Hancock,ENGR162     ,CCC000040424,Materials Science Lab                                               ,2,"Engineering, General (requires Calculus) (Transfer)-090100                           ",Credit - Degree Applicable                                                 ,Transferable to both UC and CSU                                            ,01.00,01.00,Course is not a basic skills course                                        ,Clearly Occupational (but not advanced)                                    ,Not applicable                                                             ,"Not Applicable, Credit course                                              ",Y,Course is not a support course                                             ,Fall 2025
Allan Hancock CCD,Allan Hancock,GEOG101     ,CCC000041894,Physical Geography                                                  ,4,Geography-220600                                                                     ,Credit - Degree Applicable                                                 ,Transferable to both UC and CSU                                            ,03.00,03.00,Course is not a basic skills course                                        ,Non-Occupational                                                           ,Not applicable                                                             ,"Not Applicable, Credit course                                              ",Y,Course is not a support course                                             ,Fall 2025
Allan Hancock CCD,Allan Hancock,PE140       ,CCC000043542,Physical Fitness Lab                                                ,1,Physical Education-083500                                                            ,Credit - Degree Applicable                                                 ,Transferable to CSU only                                                   ,01.00,01.00,Course is not a basic skills course                                        ,Non-Occupational                                                           ,Not applicable                                                             ,"Not Applicable, Credit course                                              ",Y,Course is not a support course                                             ,Fall 2025
Allan Hancock CCD,Allan Hancock,ART112      ,CCC000043655,Design Color Theory                                                 ,1,Applied Design-100900                                                                ,Credit - Degree Applicable                                                 ,Transferable to both UC and CSU                                            ,03.00,03.00,Course is not a basic skills course                                        ,Clearly Occupational (but not advanced)                                    ,Not applicable                                                             ,"Not Applicable, Credit course                                              ",Y,Course is not a support course                                             ,Fall 2025
Allan Hancock CCD,Allan Hancock,MUS106      ,CCC000043715,World Music Appreciation                                            ,1,Music-100400                                                                         ,Credit - Degree Applicable                                                 ,Transferable to both UC and CSU                                            ,03.00,03.00,Course is not a basic skills course                                        ,Non-Occupational                                                           ,Not applicable                                                             ,"Not Applicable, Credit course                                              ",Y,Course is not a support course                                             ,Fall 2025
Allan Hancock CCD,Allan Hancock,BUS369      ,CCC000043770,Employment Law                                                      ,1,"Business and Commerce, General-050100                                                ",Credit - Degree Applicable                                                 ,Not transferable                                                           ,00.50,00.50,Course is not a basic skills course                                        ,Clearly Occupational (but not advanced)                                    ,Not applicable                                                             ,"Not Applicable, Credit course                                              ",Y,Course is not a support course                                             ,Fall 2025
Allan Hancock CCD,Allan Hancock,AG125       ,CCC000046152,Introduction to Soil Science                                        ,2,"Viticulture, Enology, and Wine Business-010400                                       ",Credit - Degree Applicable                                                 ,Transferable to both UC and CSU                                            ,04.00,04.00,Course is not a basic skills course                                        ,Clearly Occupational (but not advanced)                                    ,Not applicable                                                             ,"Not Applicable, Credit course                                              ",Y,Course is not a support course                                             ,Fall 2025
Allan Hancock CCD,Allan Hancock,MUS119      ,CCC000050379,Electronic Music Technique                                          ,1,Commercial Music-100500                                                              ,Credit - Degree Applicable                                                 ,Transferable to CSU only                                                   ,01.00,01.00,Course is not a basic skills course                                        ,Possibly Occupational                                                      ,Not applicable                                                             ,"Not Applicable, Credit course                                              ",Y,Course is not a support course                                             ,Fall 2025
Allan Hancock CCD,Allan Hancock,FILM117     ,CCC000066933,3D Computer Animation 1                                             ,1,Digital Media-061400                                                                 ,Credit - Degree Applicable                                                 ,Transferable to CSU only                                                   ,03.00,03.00,Course is not a basic skills course                                        ,Clearly Occupational (but not advanced)                                    ,Not applicable                                                             ,"Not Applicable, Credit course                                              ",Y,Course is not a support course                                             ,Fall 2025
Allan Hancock CCD,Allan Hancock,ECON141     ,CCC000067437,Global Economics                                                    ,1,Economics-220400                                                                     ,Credit - Degree Applicable                                                 ,Transferable to both UC and CSU                                            ,03.00,03.00,Course is not a basic skills course                                        ,Non-Occupational                                                           ,Not applicable                                                             ,"Not Applicable, Credit course                                              ",Y,Course is not a support course                                             ,Fall 2025
Allan Hancock CCD,Allan Hancock,FILM126     ,CCC000068594,Intro to Motion Graphics                                            ,1,Digital Media-061400                                                                 ,Credit - Degree Applicable                                                 ,Transferable to CSU only                                                   ,03.00,03.00,Course is not a basic skills course                                        ,Possibly Occupational                                                      ,Not applicable                                                             ,"Not Applicable, Credit course                                              ",Y,Course is not a support course                                             ,Fall 2025
Allan Hancock CCD,Allan Hancock,CBOT337     ,CCC000070397,Presentation Design-PowerPoint                                      ,1,Office Technology/Office Computer Applications-051400                                ,Credit - Degree Applicable                                                 ,Not transferable                                                           ,03.00,03.00,Course is not a basic skills course                                        ,Clearly Occupational (but not advanced)                                    ,Not applicable                                                             ,"Not Applicable, Credit course                                              ",Y,Course is not a support course                                             ,Fall 2025
Allan Hancock CCD,Allan Hancock,VEN120      ,CCC000070731,Viticulture Operations 1                                            ,1,"Viticulture, Enology, and Wine Business-010400                                       ",Credit - Degree Applicable                                                 ,Transferable to CSU only                                                   ,03.00,03.00,Course is not a basic skills course                                        ,Clearly Occupational (but not advanced)                                    ,Not applicable                                                             ,"Not Applicable, Credit course                                              ",Y,Course is not a support course                                             ,Fall 2025
Allan Hancock CCD,Allan Hancock,HUSV102     ,CCC000072197,Case Management Skills                                              ,2,Human Services-210400                                                                ,Credit - Degree Applicable                                                 ,Transferable to CSU only                                                   ,03.00,03.00,Course is not a basic skills course                                        ,Clearly Occupational (but not advanced)                                    ,Not applicable                                                             ,"Not Applicable, Credit course                                              ",Y,Course is not a support course                                             ,Fall 2025
Allan Hancock CCD,Allan Hancock,BIOL100     ,CCC000072899,Introductory Biology                                                ,11,"Biology, General-040100                                                              ",Credit - Degree Applicable                                                 ,Transferable to CSU only                                                   ,04.00,04.00,Course is not a basic skills course                                        ,Non-Occupational                                                           ,Not applicable                                                             ,"Not Applicable, Credit course                                              ",Y,Course is not a support course                                             ,Fall 2025
Allan Hancock CCD,Allan Hancock,CBOT334     ,CCC000073033,Admin Office Procedures                                             ,1,Office Technology/Office Computer Applications-051400                                ,Credit - Degree Applicable                                                 ,Not transferable                                                           ,03.00,03.00,Course is not a basic skills course                                        ,Advanced Occupational (not limited to apprentices)                         ,Not applicable                                                             ,"Not Applicable, Credit course                                              ",Y,Course is not a support course                                             ,Fall 2025
Allan Hancock CCD,Allan Hancock,PHYS110     ,CCC000075872,Introductory Physics                                                ,2,"Physics, General-190200                                                              ",Credit - Degree Applicable                                                 ,Transferable to CSU only                                                   ,03.00,03.00,Course is not a basic skills course                                        ,Non-Occupational                                                           ,Not applicable                                                             ,"Not Applicable, Credit course                                              ",Y,Course is not a support course                                             ,Fall 2025
Allan Hancock CCD,Allan Hancock,MT109       ,CCC000083285,Survey of Machining and Mfg.                                        ,3,Machining and Machine Tools-095630                                                   ,Credit - Degree Applicable                                                 ,Transferable to CSU only                                                   ,04.00,04.00,Course is not a basic skills course                                        ,Clearly Occupational (but not advanced)                                    ,Not applicable                                                             ,"Not Applicable, Credit course                                              ",Y,Course is not a support course                                             ,Fall 2025
Allan Hancock CCD,Allan Hancock,ECS111      ,CCC000084344,Admin I: Programs in ECE                                            ,1,Child Development/Early Care and Education-130500                                    ,Credit - Degree Applicable                                                 ,Transferable to CSU only                                                   ,03.00,03.00,Course is not a basic skills course                                        ,Advanced Occupational (not limited to apprentices)                         ,Not applicable                                                             ,"Not Applicable, Credit course                                              ",Y,Course is not a support course                                             ,Fall 2025
Allan Hancock CCD,Allan Hancock,NURS330     ,CCC000085341,Care of Infants and Children                                        ,1,Licensed Vocational Nursing-123020                                                   ,Credit - Degree Applicable                                                 ,Not transferable                                                           ,01.50,01.50,Course is not a basic skills course                                        ,Advanced Occupational (not limited to apprentices)                         ,Not applicable                                                             ,"Not Applicable, Credit course                                              ",Y,Course is not a support course                                             ,Fall 2025
Allan Hancock CCD,Allan Hancock,CBOT305     ,CCC000085473,Legal Office Procedures                                             ,1,Office Technology/Office Computer Applications-051400                                ,Credit - Degree Applicable                                                 ,Not transferable                                                           ,03.00,03.00,Course is not a basic skills course                                        ,Clearly Occupational (but not advanced)                                    ,Not applicable                                                             ,"Not Applicable, Credit course                                              ",Y,Course is not a support course                                             ,Fall 2025
Allan Hancock CCD,Allan Hancock,PE122       ,CCC000086482,Swim Fitness Lab                                                    ,1,Physical Education-083500                                                            ,Credit - Degree Applicable                                                 ,Transferable to CSU only                                                   ,00.50,00.50,Course is not a basic skills course                                        ,Non-Occupational                                                           ,Not applicable                                                             ,"Not Applicable, Credit course                                              ",Y,Course is not a support course                                             ,Fall 2025
Allan Hancock CCD,Allan Hancock,COMM108     ,CCC000089162,Oral Interpretation                                                 ,1,Speech Communication-150600                                                          ,Credit - Degree Applicable                                                 ,Transferable to both UC and CSU                                            ,03.00,03.00,Course is not a basic skills course                                        ,Non-Occupational                                                           ,Not applicable                                                             ,"Not Applicable, Credit course                                              ",Y,Course is not a support course                                             ,Fall 2025
Allan Hancock CCD,Allan Hancock,ART108      ,CCC000090942,Design 1 on the Computer                                            ,1,Graphic Art and Design-103000                                                        ,Credit - Degree Applicable                                                 ,Transferable to CSU only                                                   ,03.00,03.00,Course is not a basic skills course                                        ,Possibly Occupational                                                      ,Not applicable                                                             ,"Not Applicable, Credit course                                              ",Y,Course is not a support course                                             ,Fall 2025
Allan Hancock CCD,Allan Hancock,BUS103      ,CCC000091991,Advertising                                                         ,1,"Business and Commerce, General-050100                                                ",Credit - Degree Applicable                                                 ,Transferable to CSU only                                                   ,03.00,03.00,Course is not a basic skills course                                        ,Clearly Occupational (but not advanced)                                    ,Not applicable                                                             ,"Not Applicable, Credit course                                              ",Y,Course is not a support course                                             ,Fall 2025
Allan Hancock CCD,Allan Hancock,ENGL107     ,CCC000092415,Literary Arts Journal 1                                             ,1,English-150100                                                                       ,Credit - Degree Applicable                                                 ,Transferable to CSU only                                                   ,03.00,03.00,Course is not a basic skills course                                        ,Non-Occupational                                                           ,Not applicable                                                             ,"Not Applicable, Credit course                                              ",Y,Course is not a support course                                             ,Fall 2025
Allan Hancock CCD,Allan Hancock,WLDT312     ,CCC000093168,Pipe Fitting & Welding                                              ,1,Welding Technology-095650                                                            ,Credit - Degree Applicable                                                 ,Not transferable                                                           ,04.00,03.00,Course is not a basic skills course                                        ,Advanced Occupational (not limited to apprentices)                         ,Not applicable                                                             ,"Not Applicable, Credit course                                              ",Y,Course is not a support course                                             ,Fall 2025
Allan Hancock CCD,Allan Hancock,FILM118     ,CCC000093336,3D Computer Animation 2                                             ,1,Digital Media-061400                                                                 ,Credit - Degree Applicable                                                 ,Transferable to CSU only                                                   ,03.00,03.00,Course is not a basic skills course                                        ,Clearly Occupational (but not advanced)                                    ,Not applicable                                                             ,"Not Applicable, Credit course                                              ",Y,Course is not a support course                                             ,Fall 2025
Allan Hancock CCD,Allan Hancock,HUSV121     ,CCC000093711,Human Servc Gen Prac Seminar                                        ,1,Human Services-210400                                                                ,Credit - Degree Applicable                                                 ,Transferable to CSU only                                                   ,02.00,02.00,Course is not a basic skills course                                        ,Clearly Occupational (but not advanced)                                    ,Not applicable                                                             ,"Not Applicable, Credit course                                              ",Y,Course is not a support course                                             ,Fall 2025
Allan Hancock CCD,Allan Hancock,CNET125     ,CCC000095210,Digital Devices & Circuits                                          ,1,Electronics and Electric Technology-093400                                           ,Credit - Degree Applicable                                                 ,Transferable to CSU only                                                   ,03.00,03.00,Course is not a basic skills course                                        ,Advanced Occupational (not limited to apprentices)                         ,Not applicable                                                             ,"Not Applicable, Credit course                                              ",Y,Course is not a support course                                             ,Fall 2025
Allan Hancock CCD,Allan Hancock,MATH184     ,CCC000098020,Linear Algebra Diff Equations                                       ,2,"Mathematics, General-170100                                                          ",Credit - Degree Applicable                                                 ,Transferable to both UC and CSU                                            ,05.00,05.00,Course is not a basic skills course                                        ,Non-Occupational                                                           ,Not applicable                                                             ,"Not Applicable, Credit course                                              ",Y,Course is not a support course                                             ,Fall 2025
Allan Hancock CCD,Allan Hancock,CHEM120     ,CCC000106949,Introductory Chemistry                                              ,12,"Chemistry, General-190500                                                            ",Credit - Degree Applicable                                                 ,Transferable to CSU only                                                   ,04.00,04.00,Course is not a basic skills course                                        ,Non-Occupational                                                           ,Not applicable                                                             ,"Not Applicable, Credit course                                              ",Y,Course is not a support course                                             ,Fall 2025
Allan Hancock CCD,Allan Hancock,WLDT306     ,CCC000107265,Layout Fabrication Interpretat                                      ,1,Welding Technology-095650                                                            ,Credit - Degree Applicable                                                 ,Not transferable                                                           ,03.00,03.00,Course is not a basic skills course                                        ,Clearly Occupational (but not advanced)                                    ,Not applicable                                                             ,"Not Applicable, Credit course                                              ",Y,Course is not a support course                                             ,Fall 2025
Allan Hancock CCD,Allan Hancock,BUS302      ,CCC000110059,Essentials of Management                                            ,1,"Business and Commerce, General-050100                                                ",Credit - Degree Applicable                                                 ,Not transferable                                                           ,03.00,03.00,Course is not a basic skills course                                        ,Clearly Occupational (but not advanced)                                    ,Not applicable                                                             ,"Not Applicable, Credit course                                              ",Y,Course is not a support course                                             ,Fall 2025
Allan Hancock CCD,Allan Hancock,HIST104     ,CCC000110995,Western Civilizations to 1650                                       ,3,History-220500                                                                       ,Credit - Degree Applicable                                                 ,Transferable to both UC and CSU                                            ,03.00,03.00,Course is not a basic skills course                                        ,Non-Occupational                                                           ,Not applicable                                                             ,"Not Applicable, Credit course                                              ",Y,Course is not a support course                                             ,Fall 2025
Allan Hancock CCD,Allan Hancock,MT300       ,CCC000112251,Shop Math and Measurement                                           ,2,"Mathematics, General-170100                                                          ",Credit - Degree Applicable                                                 ,Not transferable                                                           ,03.00,03.00,Course is not a basic skills course                                        ,Clearly Occupational (but not advanced)                                    ,One level below transfer                                                   ,"Not Applicable, Credit course                                              ",Y,Course is not a support course                                             ,Fall 2025
Allan Hancock CCD,Allan Hancock,DANC101     ,CCC000113527,Dance Appreciation                                                  ,2,Dance-100800                                                                         ,Credit - Degree Applicable                                                 ,Transferable to both UC and CSU                                            ,03.00,03.00,Course is not a basic skills course                                        ,Non-Occupational                                                           ,Not applicable                                                             ,"Not Applicable, Credit course                                              ",Y,Course is not a support course                                             ,Fall 2025
Allan Hancock CCD,Allan Hancock,STATC1000   ,CCC000115488,Introduction to Statistics                                          ,26,"Mathematics, General-170100                                                          ",Credit - Degree Applicable                                                 ,Transferable to both UC and CSU                                            ,04.00,04.00,Course is not a basic skills course                                        ,Non-Occupational                                                           ,Not applicable                                                             ,"Not Applicable, Credit course                                              ",B,Course is not a support course                                             ,Fall 2025
Allan Hancock CCD,Allan Hancock,AB360       ,CCC000115496,Collision Repair                                                    ,1,Automotive Collision Repair-094900                                                   ,Credit - Degree Applicable                                                 ,Not transferable                                                           ,05.00,05.00,Course is not a basic skills course                                        ,Advanced Occupational (not limited to apprentices)                         ,Not applicable                                                             ,"Not Applicable, Credit course                                              ",Y,Course is not a support course                                             ,Fall 2025
Allan Hancock CCD,Allan Hancock,PE141       ,CCC000122906,Physical Fitness Laboratory                                         ,1,Physical Education-083500                                                            ,Credit - Degree Applicable                                                 ,Transferable to CSU only                                                   ,00.50,00.50,Course is not a basic skills course                                        ,Non-Occupational                                                           ,Not applicable                                                             ,"Not Applicable, Credit course                                              ",Y,Course is not a support course                                             ,Fall 2025
Allan Hancock CCD,Allan Hancock,PHIL102     ,CCC000124318,Existence & Reality                                                 ,1,Philosophy-150900                                                                    ,Credit - Degree Applicable                                                 ,Transferable to both UC and CSU                                            ,03.00,03.00,Course is not a basic skills course                                        ,Non-Occupational                                                           ,Not applicable                                                             ,"Not Applicable, Credit course                                              ",Y,Course is not a support course                                             ,Fall 2025
Allan Hancock CCD,Allan Hancock,PHSC111     ,CCC000126384,Matter & Energy                                                     ,2,"Physical Sciences, General-190100                                                    ",Credit - Degree Applicable                                                 ,Transferable to CSU only                                                   ,04.00,04.00,Course is not a basic skills course                                        ,Non-Occupational                                                           ,Not applicable                                                             ,"Not Applicable, Credit course                                              ",Y,Course is not a support course                                             ,Fall 2025
Allan Hancock CCD,Allan Hancock,WLDT315     ,CCC000126443,Metal Fabrication                                                   ,1,Welding Technology-095650                                                            ,Credit - Degree Applicable                                                 ,Not transferable                                                           ,04.00,04.00,Course is not a basic skills course                                        ,Advanced Occupational (not limited to apprentices)                         ,Not applicable                                                             ,"Not Applicable, Credit course                                              ",Y,Course is not a support course                                             ,Fall 2025
Allan Hancock CCD,Allan Hancock,MATH121     ,CCC000126942,Trigonometry                                                        ,1,"Mathematics, General-170100                                                          ",Credit - Degree Applicable                                                 ,Transferable to CSU only                                                   ,03.00,03.00,Course is not a basic skills course                                        ,Non-Occupational                                                           ,Not applicable                                                             ,"Not Applicable, Credit course                                              ",Y,Course is not a support course                                             ,Fall 2025
Allan Hancock CCD,Allan Hancock,CNET118     ,CCC000128253,Fundamentals of DC and AC Circuits Analysis                         ,1,Electronics and Electric Technology-093400                                           ,Credit - Degree Applicable                                                 ,Transferable to CSU only                                                   ,03.00,03.00,Course is not a basic skills course                                        ,Clearly Occupational (but not advanced)                                    ,Not applicable                                                             ,"Not Applicable, Credit course                                              ",Y,Course is not a support course                                             ,Fall 2025
Allan Hancock CCD,Allan Hancock,AT323       ,CCC000130165,Power Trains                                                        ,1,Automotive Technology-094800                                                         ,Credit - Degree Applicable                                                 ,Not transferable                                                           ,05.00,05.00,Course is not a basic skills course                                        ,Advanced Occupational (not limited to apprentices)                         ,Not applicable                                                             ,"Not Applicable, Credit course                                              ",Y,Course is not a support course                                             ,Fall 2025
Allan Hancock CCD,Allan Hancock,CBIS142     ,CCC000133927,Microsoft Access-Comprehensive                                      ,1,Computer Information Systems-070200                                                  ,Credit - Degree Applicable                                                 ,Transferable to CSU only                                                   ,03.00,03.00,Course is not a basic skills course                                        ,Clearly Occupational (but not advanced)                                    ,Not applicable                                                             ,"Not Applicable, Credit course                                              ",Y,Course is not a support course                                             ,Fall 2025
Allan Hancock CCD,Allan Hancock,CS102       ,CCC000134254,Intro to Computing with HTML                                        ,2,Computer Science (Transfer)-070600                                                   ,Credit - Degree Applicable                                                 ,Transferable to both UC and CSU                                            ,03.00,03.00,Course is not a basic skills course                                        ,Non-Occupational                                                           ,Not applicable                                                             ,"Not Applicable, Credit course                                              ",C,Course is not a support course                                             ,Fall 2025
Allan Hancock CCD,Allan Hancock,CNET105     ,CCC000135657,PC Care and Upgrade                                                 ,1,Electronics and Electric Technology-093400                                           ,Credit - Degree Applicable                                                 ,Transferable to CSU only                                                   ,03.00,03.00,Course is not a basic skills course                                        ,Clearly Occupational (but not advanced)                                    ,Not applicable                                                             ,"Not Applicable, Credit course                                              ",Y,Course is not a support course                                             ,Fall 2025
Allan Hancock CCD,Allan Hancock,ET140       ,CCC000135862,Engineering Drawing                                                 ,1,"Engineering Technology, General (requires Trigonometry)-092400                       ",Credit - Degree Applicable                                                 ,Transferable to CSU only                                                   ,03.00,03.00,Course is not a basic skills course                                        ,Clearly Occupational (but not advanced)                                    ,Not applicable                                                             ,"Not Applicable, Credit course                                              ",Y,Course is not a support course                                             ,Fall 2025
Allan Hancock CCD,Allan Hancock,AT300       ,CCC000137675,Shop Math and Measurement                                           ,2,"Mathematics, General-170100                                                          ",Credit - Degree Applicable                                                 ,Not transferable                                                           ,03.00,03.00,Course is not a basic skills course                                        ,Non-Occupational                                                           ,One level below transfer                                                   ,"Not Applicable, Credit course                                              ",Y,Course is not a support course                                             ,Fall 2025
Allan Hancock CCD,Allan Hancock,DANC115     ,CCC000139272,Advanced Modern Dance                                               ,1,Dance-100800                                                                         ,Credit - Degree Applicable                                                 ,Transferable to both UC and CSU                                            ,03.00,03.00,Course is not a basic skills course                                        ,Non-Occupational                                                           ,Not applicable                                                             ,"Not Applicable, Credit course                                              ",Y,Course is not a support course                                             ,Fall 2025
Allan Hancock CCD,Allan Hancock,AT100       ,CCC000140781,Automotive Fundamentals                                             ,7,Automotive Technology-094800                                                         ,Credit - Degree Applicable                                                 ,Transferable to CSU only                                                   ,04.00,04.00,Course is not a basic skills course                                        ,Clearly Occupational (but not advanced)                                    ,Not applicable                                                             ,"Not Applicable, Credit course                                              ",Y,Course is not a support course                                             ,Fall 2025
Allan Hancock CCD,Allan Hancock,DANC121     ,CCC000140949,Ballet Dance II                                                     ,1,Dance-100800                                                                         ,Credit - Degree Applicable                                                 ,Transferable to both UC and CSU                                            ,02.00,02.00,Course is not a basic skills course                                        ,Possibly Occupational                                                      ,Not applicable                                                             ,"Not Applicable, Credit course                                              ",Y,Course is not a support course                                             ,Fall 2025
Allan Hancock CCD,Allan Hancock,ANTH101     ,CCC000141468,Intro to Biological Anthro                                          ,4,Anthropology-220200                                                                  ,Credit - Degree Applicable                                                 ,Transferable to both UC and CSU                                            ,03.00,03.00,Course is not a basic skills course                                        ,Non-Occupational                                                           ,Not applicable                                                             ,"Not Applicable, Credit course                                              ",Y,Course is not a support course                                             ,Fall 2025
Allan Hancock CCD,Allan Hancock,HUM102      ,CCC000141806,World Civilizations Since 1500                                      ,1,History-220500                                                                       ,Credit - Degree Applicable                                                 ,Transferable to both UC and CSU                                            ,03.00,03.00,Course is not a basic skills course                                        ,Non-Occupational                                                           ,Not applicable                                                             ,"Not Applicable, Credit course                                              ",Y,Course is not a support course                                             ,Fall 2025
Allan Hancock CCD,Allan Hancock,PHTO110     ,CCC000142762,Basic Photography                                                   ,6,Applied Photography-101200                                                           ,Credit - Degree Applicable                                                 ,Transferable to both UC and CSU                                            ,03.00,03.00,Course is not a basic skills course                                        ,Possibly Occupational                                                      ,Not applicable                                                             ,"Not Applicable, Credit course                                              ",Y,Course is not a support course                                             ,Fall 2025
Allan Hancock CCD,Allan Hancock,BUS370      ,CCC000143725,Ethics and Integrity                                                ,1,"Business and Commerce, General-050100                                                ",Credit - Degree Applicable                                                 ,Not transferable                                                           ,00.50,00.50,Course is not a basic skills course                                        ,Clearly Occupational (but not advanced)                                    ,Not applicable                                                             ,"Not Applicable, Credit course                                              ",Y,Course is not a support course                                             ,Fall 2025
Allan Hancock CCD,Allan Hancock,SPAN101     ,CCC000143948,Elementary Spanish I                                                ,6,Spanish-110500                                                                       ,Credit - Degree Applicable                                                 ,Transferable to both UC and CSU                                            ,05.00,05.00,Course is not a basic skills course                                        ,Non-Occupational                                                           ,Not applicable                                                             ,"Not Applicable, Credit course                                              ",Y,Course is not a support course                                             ,Fall 2025
Allan Hancock CCD,Allan Hancock,ET100       ,CCC000144286,Computer Aided Drafting and Design                                  ,1,"Engineering Technology, General (requires Trigonometry)-092400                       ",Credit - Degree Applicable                                                 ,Transferable to both UC and CSU                                            ,03.00,03.00,Course is not a basic skills course                                        ,Clearly Occupational (but not advanced)                                    ,Not applicable                                                             ,"Not Applicable, Credit course                                              ",Y,Course is not a support course                                             ,Fall 2025
Allan Hancock CCD,Allan Hancock,BUS141      ,CCC000144903,Global Economics                                                    ,1,Economics-220400                                                                     ,Credit - Degree Applicable                                                 ,Transferable to both UC and CSU                                            ,03.00,03.00,Course is not a basic skills course                                        ,Non-Occupational                                                           ,Not applicable                                                             ,"Not Applicable, Credit course                                              ",Y,Course is not a support course                                             ,Fall 2025
Allan Hancock CCD,Allan Hancock,NURS337     ,CCC000145655,Professional Relationships                                          ,1,Licensed Vocational Nursing-123020                                                   ,Credit - Degree Applicable                                                 ,Not transferable                                                           ,01.00,01.00,Course is not a basic skills course                                        ,Advanced Occupational (not limited to apprentices)                         ,Not applicable                                                             ,"Not Applicable, Credit course                                              ",Y,Course is not a support course                                             ,Fall 2025
Allan Hancock CCD,Allan Hancock,PHSC199H    ,CCC000145697,Eastern Sierra NV-Adv Studies                                       ,1,"Physical Sciences, General-190100                                                    ",Credit - Degree Applicable                                                 ,Not transferable                                                           ,02.00,02.00,Course is not a basic skills course                                        ,Non-Occupational                                                           ,Not applicable                                                             ,"Not Applicable, Credit course                                              ",Y,Course is not a support course                                             ,Fall 2025
Allan Hancock CCD,Allan Hancock,GEOG105     ,CCC000145958,Geography of California                                             ,1,"Social Sciences, General-220100                                                      ",Credit - Degree Applicable                                                 ,Transferable to CSU only                                                   ,03.00,03.00,Course is not a basic skills course                                        ,Non-Occupational                                                           ,Not applicable                                                             ,"Not Applicable, Credit course                                              ",Y,Course is not a support course                                             ,Fall 2025
Allan Hancock CCD,Allan Hancock,FILM115     ,CCC000146233,Introduction to Animation                                           ,1,Digital Media-061400                                                                 ,Credit - Degree Applicable                                                 ,Transferable to CSU only                                                   ,03.00,03.00,Course is not a basic skills course                                        ,Possibly Occupational                                                      ,Not applicable                                                             ,"Not Applicable, Credit course                                              ",Y,Course is not a support course                                             ,Fall 2025
Allan Hancock CCD,Allan Hancock,CBOT100     ,CCC000146248,Keyboarding                                                         ,4,Office Technology/Office Computer Applications-051400                                ,Credit - Degree Applicable                                                 ,Transferable to CSU only                                                   ,01.00,01.00,Course is not a basic skills course                                        ,Clearly Occupational (but not advanced)                                    ,Not applicable                                                             ,"Not Applicable, Credit course                                              ",Y,Course is not a support course                                             ,Fall 2025
Allan Hancock CCD,Allan Hancock,PE121       ,CCC000147232,Swim Fitness Lab                                                    ,1,Physical Education-083500                                                            ,Credit - Degree Applicable                                                 ,Transferable to CSU only                                                   ,01.00,01.00,Course is not a basic skills course                                        ,Non-Occupational                                                           ,Not applicable                                                             ,"Not Applicable, Credit course                                              ",Y,Course is not a support course                                             ,Fall 2025
Allan Hancock CCD,Allan Hancock,HIST119     ,CCC000150295,History of California                                               ,2,History-220500                                                                       ,Credit - Degree Applicable                                                 ,Transferable to both UC and CSU                                            ,03.00,03.00,Course is not a basic skills course                                        ,Non-Occupational                                                           ,Not applicable                                                             ,"Not Applicable, Credit course                                              ",Y,Course is not a support course                                             ,Fall 2025
Allan Hancock CCD,Allan Hancock,MUS118      ,CCC000150932,Intro to Electronic Music                                           ,1,Commercial Music-100500                                                              ,Credit - Degree Applicable                                                 ,Transferable to CSU only                                                   ,03.00,03.00,Course is not a basic skills course                                        ,Possibly Occupational                                                      ,Not applicable                                                             ,"Not Applicable, Credit course                                              ",Y,Course is not a support course                                             ,Fall 2025
Allan Hancock CCD,Allan Hancock,AJ104       ,CCC000152222,Legal Aspects of Evidence                                           ,1,Administration of Justice-210500                                                     ,Credit - Degree Applicable                                                 ,Transferable to CSU only                                                   ,03.00,03.00,Course is not a basic skills course                                        ,Clearly Occupational (but not advanced)                                    ,Not applicable                                                             ,"Not Applicable, Credit course                                              ",Y,Course is not a support course                                             ,Fall 2025
Allan Hancock CCD,Allan Hancock,AJ120       ,CCC000153322,Juvenile Law and Procedures                                         ,1,Administration of Justice-210500                                                     ,Credit - Degree Applicable                                                 ,Transferable to CSU only                                                   ,03.00,03.00,Course is not a basic skills course                                        ,Clearly Occupational (but not advanced)                                    ,Not applicable                                                             ,"Not Applicable, Credit course                                              ",Y,Course is not a support course                                             ,Fall 2025
Allan Hancock CCD,Allan Hancock,FASH101     ,CCC000154482,Fashion Industry and Marketing                                      ,2,Fashion-130300                                                                       ,Credit - Degree Applicable                                                 ,Transferable to both UC and CSU                                            ,03.00,03.00,Course is not a basic skills course                                        ,Clearly Occupational (but not advanced)                                    ,Not applicable                                                             ,"Not Applicable, Credit course                                              ",Y,Course is not a support course                                             ,Fall 2025
Allan Hancock CCD,Allan Hancock,BIOL120     ,CCC000155404,Humans & the Environment                                            ,3,"Biology, General-040100                                                              ",Credit - Degree Applicable                                                 ,Transferable to both UC and CSU                                            ,03.00,03.00,Course is not a basic skills course                                        ,Non-Occupational                                                           ,Not applicable                                                             ,"Not Applicable, Credit course                                              ",Y,Course is not a support course                                             ,Fall 2025
Allan Hancock CCD,Allan Hancock,CNET126     ,CCC000155409,Digital Devices & Circuits Lab                                      ,1,Electronics and Electric Technology-093400                                           ,Credit - Degree Applicable                                                 ,Transferable to CSU only                                                   ,02.00,02.00,Course is not a basic skills course                                        ,Clearly Occupational (but not advanced)                                    ,Not applicable                                                             ,"Not Applicable, Credit course                                              ",Y,Course is not a support course                                             ,Fall 2025
Allan Hancock CCD,Allan Hancock,ENGL106     ,CCC000158238,Creative Writing                                                    ,1,English-150100                                                                       ,Credit - Degree Applicable                                                 ,Transferable to both UC and CSU                                            ,03.00,03.00,Course is not a basic skills course                                        ,Non-Occupational                                                           ,Not applicable                                                             ,"Not Applicable, Credit course                                              ",Y,Course is not a support course                                             ,Fall 2025
Allan Hancock CCD,Allan Hancock,ACCT317     ,CCC000158576,Bookkeeping 1                                                       ,1,Accounting-050200                                                                    ,Credit - Degree Applicable                                                 ,Not transferable                                                           ,03.00,03.00,Course is not a basic skills course                                        ,Clearly Occupational (but not advanced)                                    ,Not applicable                                                             ,"Not Applicable, Credit course                                              ",Y,Course is not a support course                                             ,Fall 2025
Allan Hancock CCD,Allan Hancock,ARCH111     ,CCC000159598,Arch. Graphics & Design I                                           ,2,Drafting Technology-095300                                                           ,Credit - Degree Applicable                                                 ,Transferable to both UC and CSU                                            ,03.00,03.00,Course is not a basic skills course                                        ,Clearly Occupational (but not advanced)                                    ,Not applicable                                                             ,"Not Applicable, Credit course                                              ",Y,Course is not a support course                                             ,Fall 2025
Allan Hancock CCD,Allan Hancock,SPAN102     ,CCC000160238,Elementary Spanish II                                               ,2,Spanish-110500                                                                       ,Credit - Degree Applicable                                                 ,Transferable to both UC and CSU                                            ,05.00,05.00,Course is not a basic skills course                                        ,Non-Occupational                                                           ,Not applicable                                                             ,"Not Applicable, Credit course                                              ",Y,Course is not a support course                                             ,Fall 2025
Allan Hancock CCD,Allan Hancock,WFT104      ,CCC000161631,"Wild Fire Pio, Prev. Inv.                                           ",1,Wildland Fire Technology-213310                                                      ,Credit - Degree Applicable                                                 ,Transferable to CSU only                                                   ,03.00,03.00,Course is not a basic skills course                                        ,Clearly Occupational (but not advanced)                                    ,Not applicable                                                             ,"Not Applicable, Credit course                                              ",Y,Course is not a support course                                             ,Fall 2025
Allan Hancock CCD,Allan Hancock,FT102       ,CCC000162284,Fire Prevention Technology                                          ,2,Fire Technology-213300                                                               ,Credit - Degree Applicable                                                 ,Transferable to CSU only                                                   ,03.00,03.00,Course is not a basic skills course                                        ,Clearly Occupational (but not advanced)                                    ,Not applicable                                                             ,"Not Applicable, Credit course                                              ",Y,Course is not a support course                                             ,Fall 2025
Allan Hancock CCD,Allan Hancock,ENGR100     ,CCC000164120,Introduction to Engineering                                         ,2,"Engineering, General (requires Calculus) (Transfer)-090100                           ",Credit - Degree Applicable                                                 ,Transferable to both UC and CSU                                            ,01.00,01.00,Course is not a basic skills course                                        ,Non-Occupational                                                           ,Not applicable                                                             ,"Not Applicable, Credit course                                              ",Y,Course is not a support course                                             ,Fall 2025
Allan Hancock CCD,Allan Hancock,ANTH110     ,CCC000165313,Biological Anthropology Lab                                         ,1,Anthropology-220200                                                                  ,Credit - Degree Applicable                                                 ,Transferable to both UC and CSU                                            ,01.00,01.00,Course is not a basic skills course                                        ,Non-Occupational                                                           ,Not applicable                                                             ,"Not Applicable, Credit course                                              ",Y,Course is not a support course                                             ,Fall 2025
Allan Hancock CCD,Allan Hancock,EDUC130     ,CCC000166784,Exploring Teaching                                                  ,2,"Education, General-080100                                                            ",Credit - Degree Applicable                                                 ,Transferable to both UC and CSU                                            ,03.00,03.00,Course is not a basic skills course                                        ,Non-Occupational                                                           ,Not applicable                                                             ,"Not Applicable, Credit course                                              ",Y,Course is not a support course                                             ,Fall 2025
Allan Hancock CCD,Allan Hancock,THEA120     ,CCC000166785,Advanced Professional Acting I                                      ,1,Dramatic Arts-100700                                                                 ,Credit - Degree Applicable                                                 ,Transferable to both UC and CSU                                            ,10.00,10.00,Course is not a basic skills course                                        ,Advanced Occupational (not limited to apprentices)                         ,Not applicable                                                             ,"Not Applicable, Credit course                                              ",Y,Course is not a support course                                             ,Fall 2025
Allan Hancock CCD,Allan Hancock,CHEM150     ,CCC000167530,General Chemistry 1                                                 ,5,"Chemistry, General-190500                                                            ",Credit - Degree Applicable                                                 ,Transferable to both UC and CSU                                            ,05.00,05.00,Course is not a basic skills course                                        ,Non-Occupational                                                           ,Not applicable                                                             ,"Not Applicable, Credit course                                              ",Y,Course is not a support course                                             ,Fall 2025
Allan Hancock CCD,Allan Hancock,ART120      ,CCC000168615,Drawing 1                                                           ,3,Painting and Drawing-100210                                                          ,Credit - Degree Applicable                                                 ,Transferable to both UC and CSU                                            ,03.00,03.00,Course is not a basic skills course                                        ,Non-Occupational                                                           ,Not applicable                                                             ,"Not Applicable, Credit course                                              ",Y,Course is not a support course                                             ,Fall 2025
Allan Hancock CCD,Allan Hancock,FRCH101     ,CCC000169056,Elementary French                                                   ,1,French-110200                                                                        ,Credit - Degree Applicable                                                 ,Transferable to both UC and CSU                                            ,05.00,05.00,Course is not a basic skills course                                        ,Non-Occupational                                                           ,Not applicable                                                             ,"Not Applicable, Credit course                                              ",Y,Course is not a support course                                             ,Fall 2025
Allan Hancock CCD,Allan Hancock,PSY118      ,CCC000169234,Lifespan Development                                                ,2,"Psychology, General-200100                                                           ",Credit - Degree Applicable                                                 ,Transferable to both UC and CSU                                            ,03.00,03.00,Course is not a basic skills course                                        ,Non-Occupational                                                           ,Not applicable                                                             ,"Not Applicable, Credit course                                              ",Y,Course is not a support course                                             ,Fall 2025
Allan Hancock CCD,Allan Hancock,WLDT107     ,CCC000169776,Advanced Welding                                                    ,2,Welding Technology-095650                                                            ,Credit - Degree Applicable                                                 ,Transferable to CSU only                                                   ,03.00,03.00,Course is not a basic skills course                                        ,Clearly Occupational (but not advanced)                                    ,Not applicable                                                             ,"Not Applicable, Credit course                                              ",Y,Course is not a support course                                             ,Fall 2025
Allan Hancock CCD,Allan Hancock,DA314       ,CCC000173122,Introduction to Bio-Dental Sci                                      ,1,Dental Assistant-124010                                                              ,Credit - Degree Applicable                                                 ,Not transferable                                                           ,03.00,03.00,Course is not a basic skills course                                        ,Clearly Occupational (but not advanced)                                    ,Not applicable                                                             ,"Not Applicable, Credit course                                              ",Y,Course is not a support course                                             ,Fall 2025
Allan Hancock CCD,Allan Hancock,AB354       ,CCC000174413,Selected Auto Body Paint Proj                                       ,2,Automotive Collision Repair-094900                                                   ,Credit - Degree Applicable                                                 ,Not transferable                                                           ,01.00,01.00,Course is not a basic skills course                                        ,Clearly Occupational (but not advanced)                                    ,Not applicable                                                             ,"Not Applicable, Credit course                                              ",Y,Course is not a support course                                             ,Fall 2025
Allan Hancock CCD,Allan Hancock,BIOL125     ,CCC000175072,Human Physiology                                                    ,5,"Biology, General-040100                                                              ",Credit - Degree Applicable                                                 ,Transferable to both UC and CSU                                            ,04.00,04.00,Course is not a basic skills course                                        ,Non-Occupational                                                           ,Not applicable                                                             ,"Not Applicable, Credit course                                              ",Y,Course is not a support course                                             ,Fall 2025
Allan Hancock CCD,Allan Hancock,AJ102       ,CCC000175170,Criminal Procedures                                                 ,2,Administration of Justice-210500                                                     ,Credit - Degree Applicable                                                 ,Transferable to CSU only                                                   ,03.00,03.00,Course is not a basic skills course                                        ,Clearly Occupational (but not advanced)                                    ,Not applicable                                                             ,"Not Applicable, Credit course                                              ",Y,Course is not a support course                                             ,Fall 2025
Allan Hancock CCD,Allan Hancock,FILM102     ,CCC000176805,Hollywood & the American Film                                       ,1,Film Production-061220                                                               ,Credit - Degree Applicable                                                 ,Transferable to both UC and CSU                                            ,03.00,03.00,Course is not a basic skills course                                        ,Clearly Occupational (but not advanced)                                    ,Not applicable                                                             ,"Not Applicable, Credit course                                              ",Y,Course is not a support course                                             ,Fall 2025
Allan Hancock CCD,Allan Hancock,HIST120     ,CCC000178259,Chicano History                                                     ,6,History-220500                                                                       ,Credit - Degree Applicable                                                 ,Transferable to both UC and CSU                                            ,03.00,03.00,Course is not a basic skills course                                        ,Non-Occupational                                                           ,Not applicable                                                             ,"Not Applicable, Credit course                                              ",Y,Course is not a support course                                             ,Fall 2025
Allan Hancock CCD,Allan Hancock,PHSC199G    ,CCC000178339,Field Study:Eastern Sierra NV                                       ,1,"Physical Sciences, General-190100                                                    ",Credit - Degree Applicable                                                 ,Not transferable                                                           ,02.00,02.00,Course is not a basic skills course                                        ,Non-Occupational                                                           ,Not applicable                                                             ,"Not Applicable, Credit course                                              ",Y,Course is not a support course                                             ,Fall 2025
Allan Hancock CCD,Allan Hancock,ECON101     ,CCC000179046,Principles of Macro-Economics                                       ,7,Economics-220400                                                                     ,Credit - Degree Applicable                                                 ,Transferable to both UC and CSU                                            ,03.00,03.00,Course is not a basic skills course                                        ,Non-Occupational                                                           ,Not applicable                                                             ,"Not Applicable, Credit course                                              ",Y,Course is not a support course                                             ,Fall 2025
Allan Hancock CCD,Allan Hancock,HIST108     ,CCC000180663,U S History 1877 to Present                                         ,3,History-220500                                                                       ,Credit - Degree Applicable                                                 ,Transferable to CSU only                                                   ,03.00,03.00,Course is not a basic skills course                                        ,Non-Occupational                                                           ,Not applicable                                                             ,"Not Applicable, Credit course                                              ",Y,Course is not a support course                                             ,Fall 2025
Allan Hancock CCD,Allan Hancock,ECS106      ,CCC000181011,Intro to EC Curriculum                                              ,2,Child Development/Early Care and Education-130500                                    ,Credit - Degree Applicable                                                 ,Transferable to CSU only                                                   ,03.00,03.00,Course is not a basic skills course                                        ,Clearly Occupational (but not advanced)                                    ,Not applicable                                                             ,"Not Applicable, Credit course                                              ",Y,Course is not a support course                                             ,Fall 2025
Allan Hancock CCD,Allan Hancock,CITZ7000    ,CCC000181176,Preparation for Citizenship                                         ,2,Citizenship / ESL Civics-493090                                                      ,Noncredit                                                                  ,Not transferable                                                           ,00.00,00.00,Course is not a basic skills course                                        ,Non-Occupational                                                           ,Not applicable                                                             ,Immigrant Education (Citizenship/Civic Education)                          ,Y,Course is not a support course                                             ,Fall 2025
Allan Hancock CCD,Allan Hancock,PHIL121     ,CCC000182108,Religions of the Modern World                                       ,1,Philosophy-150900                                                                    ,Credit - Degree Applicable                                                 ,Transferable to both UC and CSU                                            ,03.00,03.00,Course is not a basic skills course                                        ,Non-Occupational                                                           ,Not applicable                                                             ,"Not Applicable, Credit course                                              ",Y,Course is not a support course                                             ,Fall 2025
Allan Hancock CCD,Allan Hancock,MUS100      ,CCC000182171,Music Appreciation                                                  ,2,Music-100400                                                                         ,Credit - Degree Applicable                                                 ,Transferable to both UC and CSU                                            ,03.00,03.00,Course is not a basic skills course                                        ,Non-Occupational                                                           ,Not applicable                                                             ,"Not Applicable, Credit course                                              ",Y,Course is not a support course                                             ,Fall 2025
Allan Hancock CCD,Allan Hancock,AT343       ,CCC000184030,Engine Performance/Diagnosis                                        ,1,Automotive Technology-094800                                                         ,Credit - Degree Applicable                                                 ,Not transferable                                                           ,05.00,05.00,Course is not a basic skills course                                        ,Advanced Occupational (not limited to apprentices)                         ,Not applicable                                                             ,"Not Applicable, Credit course                                              ",Y,Course is not a support course                                             ,Fall 2025
Allan Hancock CCD,Allan Hancock,PD101       ,CCC000185145,Success in College                                                  ,9,Career Guidance and Orientation-493010                                               ,Credit - Degree Applicable                                                 ,Transferable to both UC and CSU                                            ,03.00,03.00,Course is not a basic skills course                                        ,Non-Occupational                                                           ,Not applicable                                                             ,"Not Applicable, Credit course                                              ",Y,Course is not a support course                                             ,Fall 2025
Allan Hancock CCD,Allan Hancock,ENGL145     ,CCC000186096,British Lit to 1800                                                 ,1,English-150100                                                                       ,Credit - Degree Applicable                                                 ,Transferable to both UC and CSU                                            ,03.00,03.00,Course is not a basic skills course                                        ,Non-Occupational                                                           ,Not applicable                                                             ,"Not Applicable, Credit course                                              ",Y,Course is not a support course                                             ,Fall 2025
Allan Hancock CCD,Allan Hancock,NURS310     ,CCC000189064,Pharmacology                                                        ,1,Licensed Vocational Nursing-123020                                                   ,Credit - Degree Applicable                                                 ,Not transferable                                                           ,03.00,03.00,Course is not a basic skills course                                        ,Advanced Occupational (not limited to apprentices)                         ,Not applicable                                                             ,"Not Applicable, Credit course                                              ",Y,Course is not a support course                                             ,Fall 2025
Allan Hancock CCD,Allan Hancock,PE142       ,CCC000190491,Low Impact Condition Exercises                                      ,1,Physical Education-083500                                                            ,Credit - Degree Applicable                                                 ,Transferable to CSU only                                                   ,01.00,01.00,Course is not a basic skills course                                        ,Non-Occupational                                                           ,Not applicable                                                             ,"Not Applicable, Credit course                                              ",Y,Course is not a support course                                             ,Fall 2025
Allan Hancock CCD,Allan Hancock,APRN481     ,CCC000194637,Electricity                                                         ,2,Electrical-095220                                                                    ,Credit - Not Degree Applicable                                             ,Not transferable                                                           ,03.00,03.00,Course is not a basic skills course                                        ,Apprenticeship (offered to apprentices only)                               ,Not applicable                                                             ,"Not Applicable, Credit course                                              ",Y,Course is not a support course                                             ,Fall 2025
Allan Hancock CCD,Allan Hancock,MMAC126     ,CCC000195624,Intro to Motion Graphics                                            ,1,Digital Media-061400                                                                 ,Credit - Degree Applicable                                                 ,Transferable to CSU only                                                   ,03.00,03.00,Course is not a basic skills course                                        ,Possibly Occupational                                                      ,Not applicable                                                             ,"Not Applicable, Credit course                                              ",Y,Course is not a support course                                             ,Fall 2025
Allan Hancock CCD,Allan Hancock,HUM101      ,CCC000195731,World Civilizations to 1600                                         ,4,History-220500                                                                       ,Credit - Degree Applicable                                                 ,Transferable to both UC and CSU                                            ,03.00,03.00,Course is not a basic skills course                                        ,Non-Occupational                                                           ,Not applicable                                                             ,"Not Applicable, Credit course                                              ",Y,Course is not a support course                                             ,Fall 2025
Allan Hancock CCD,Allan Hancock,SPAN189     ,CCC000195918,Independent Projects                                                ,1,Spanish-110500                                                                       ,Credit - Degree Applicable                                                 ,Transferable to CSU only                                                   ,03.00,01.00,Course is not a basic skills course                                        ,Non-Occupational                                                           ,Not applicable                                                             ,"Not Applicable, Credit course                                              ",Y,Course is not a support course                                             ,Fall 2025
Allan Hancock CCD,Allan Hancock,ASL121      ,CCC000199668,American Sign Language 2                                            ,1,Sign Language-085000                                                                 ,Credit - Degree Applicable                                                 ,Transferable to both UC and CSU                                            ,03.00,03.00,Course is not a basic skills course                                        ,Non-Occupational                                                           ,Not applicable                                                             ,"Not Applicable, Credit course                                              ",Y,Course is not a support course                                             ,Fall 2025
Allan Hancock CCD,Allan Hancock,PE154       ,CCC000199734,Jogging/Walking                                                     ,1,Physical Education-083500                                                            ,Credit - Degree Applicable                                                 ,Transferable to CSU only                                                   ,01.00,01.00,Course is not a basic skills course                                        ,Non-Occupational                                                           ,Not applicable                                                             ,"Not Applicable, Credit course                                              ",Y,Course is not a support course                                             ,Fall 2025
Allan Hancock CCD,Allan Hancock,DRMA104     ,CCC000202563,Acting I                                                            ,1,Dramatic Arts-100700                                                                 ,Credit - Degree Applicable                                                 ,Transferable to both UC and CSU                                            ,03.00,03.00,Course is not a basic skills course                                        ,Possibly Occupational                                                      ,Not applicable                                                             ,"Not Applicable, Credit course                                              ",Y,Course is not a support course                                             ,Fall 2025
Allan Hancock CCD,Allan Hancock,PSYCC1000   ,CCC000203455,Introduction to Psychology                                          ,16,"Psychology, General-200100                                                           ",Credit - Degree Applicable                                                 ,Transferable to both UC and CSU                                            ,03.00,03.00,Course is not a basic skills course                                        ,Non-Occupational                                                           ,Not applicable                                                             ,"Not Applicable, Credit course                                              ",Y,Course is not a support course                                             ,Fall 2025
Allan Hancock CCD,Allan Hancock,PHIL105     ,CCC000203651,Ethics                                                              ,3,Philosophy-150900                                                                    ,Credit - Degree Applicable                                                 ,Transferable to both UC and CSU                                            ,03.00,03.00,Course is not a basic skills course                                        ,Non-Occupational                                                           ,Not applicable                                                             ,"Not Applicable, Credit course                                              ",Y,Course is not a support course                                             ,Fall 2025
Allan Hancock CCD,Allan Hancock,ENGR161     ,CCC000205460,Materials Science                                                   ,1,"Engineering, General (requires Calculus) (Transfer)-090100                           ",Credit - Degree Applicable                                                 ,Transferable to both UC and CSU                                            ,03.00,03.00,Course is not a basic skills course                                        ,Clearly Occupational (but not advanced)                                    ,Not applicable                                                             ,"Not Applicable, Credit course                                              ",Y,Course is not a support course                                             ,Fall 2025
Allan Hancock CCD,Allan Hancock,CBOT312     ,CCC000205638,Keyboarding Speed & Developmen                                      ,2,Office Technology/Office Computer Applications-051400                                ,Credit - Degree Applicable                                                 ,Not transferable                                                           ,01.00,01.00,Course is not a basic skills course                                        ,Clearly Occupational (but not advanced)                                    ,Not applicable                                                             ,"Not Applicable, Credit course                                              ",Y,Course is not a support course                                             ,Fall 2025
Allan Hancock CCD,Allan Hancock,ENGL130     ,CCC000205648,American Lit to 1865                                                ,1,English-150100                                                                       ,Credit - Degree Applicable                                                 ,Transferable to both UC and CSU                                            ,03.00,03.00,Course is not a basic skills course                                        ,Non-Occupational                                                           ,Not applicable                                                             ,"Not Applicable, Credit course                                              ",Y,Course is not a support course                                             ,Fall 2025
Allan Hancock CCD,Allan Hancock,SOC101      ,CCC000206723,Intro to Sociology                                                  ,8,Sociology-220800                                                                     ,Credit - Degree Applicable                                                 ,Transferable to both UC and CSU                                            ,03.00,03.00,Course is not a basic skills course                                        ,Non-Occupational                                                           ,Not applicable                                                             ,"Not Applicable, Credit course                                              ",Y,Course is not a support course                                             ,Fall 2025
Allan Hancock CCD,Allan Hancock,PE132       ,CCC000209903,Cardio Kickboxing                                                   ,1,Physical Education-083500                                                            ,Credit - Degree Applicable                                                 ,Transferable to CSU only                                                   ,01.00,01.00,Course is not a basic skills course                                        ,Non-Occupational                                                           ,Not applicable                                                             ,"Not Applicable, Credit course                                              ",Y,Course is not a support course                                             ,Fall 2025
Allan Hancock CCD,Allan Hancock,HUSV111     ,CCC000211327,Addiction Treatment & Recovery                                      ,2,Human Services-210400                                                                ,Credit - Degree Applicable                                                 ,Transferable to CSU only                                                   ,03.00,03.00,Course is not a basic skills course                                        ,Clearly Occupational (but not advanced)                                    ,Not applicable                                                             ,"Not Applicable, Credit course                                              ",Y,Course is not a support course                                             ,Fall 2025
Allan Hancock CCD,Allan Hancock,HIST138     ,CCC000213227,History of Deaf                                                     ,1,Sign Language-085000                                                                 ,Credit - Degree Applicable                                                 ,Transferable to both UC and CSU                                            ,03.00,03.00,Course is not a basic skills course                                        ,Non-Occupational                                                           ,Not applicable                                                             ,"Not Applicable, Credit course                                              ",Y,Course is not a support course                                             ,Fall 2025
Allan Hancock CCD,Allan Hancock,NURS322     ,CCC000214513,Maternal and Infant Health                                          ,1,Licensed Vocational Nursing-123020                                                   ,Credit - Degree Applicable                                                 ,Not transferable                                                           ,02.00,02.00,Course is not a basic skills course                                        ,Advanced Occupational (not limited to apprentices)                         ,Not applicable                                                             ,"Not Applicable, Credit course                                              ",Y,Course is not a support course                                             ,Fall 2025
Allan Hancock CCD,Allan Hancock,HUM105      ,CCC000215844,Western Civilization Since 165                                      ,1,History-220500                                                                       ,Credit - Degree Applicable                                                 ,Transferable to both UC and CSU                                            ,03.00,03.00,Course is not a basic skills course                                        ,Non-Occupational                                                           ,Not applicable                                                             ,"Not Applicable, Credit course                                              ",Y,Course is not a support course                                             ,Fall 2025
Allan Hancock CCD,Allan Hancock,MATH135     ,CCC000216597,Calculus with Applications                                          ,3,"Mathematics, General-170100                                                          ",Credit - Degree Applicable                                                 ,Transferable to CSU only                                                   ,04.00,04.00,Course is not a basic skills course                                        ,Non-Occupational                                                           ,Not applicable                                                             ,"Not Applicable, Credit course                                              ",Y,Course is not a support course                                             ,Fall 2025
Allan Hancock CCD,Allan Hancock,ART106      ,CCC000216844,Art of the 20th Century                                             ,1,"Fine Arts, General-100100                                                            ",Credit - Degree Applicable                                                 ,Transferable to both UC and CSU                                            ,03.00,03.00,Course is not a basic skills course                                        ,Non-Occupational                                                           ,Not applicable                                                             ,"Not Applicable, Credit course                                              ",Y,Course is not a support course                                             ,Fall 2025
Allan Hancock CCD,Allan Hancock,BUS373      ,CCC000217371,Forming a Small Business                                            ,1,"Business and Commerce, General-050100                                                ",Credit - Degree Applicable                                                 ,Not transferable                                                           ,00.50,00.50,Course is not a basic skills course                                        ,Clearly Occupational (but not advanced)                                    ,Not applicable                                                             ,"Not Applicable, Credit course                                              ",Y,Course is not a support course                                             ,Fall 2025
Allan Hancock CCD,Allan Hancock,AB353       ,CCC000217463,Auto Body Repair                                                    ,1,Automotive Collision Repair-094900                                                   ,Credit - Degree Applicable                                                 ,Not transferable                                                           ,03.00,03.00,Course is not a basic skills course                                        ,Clearly Occupational (but not advanced)                                    ,Not applicable                                                             ,"Not Applicable, Credit course                                              ",Y,Course is not a support course                                             ,Fall 2025
Allan Hancock CCD,Allan Hancock,GEOL114     ,CCC000217922,Oceanography                                                        ,1,Geology-191400                                                                       ,Credit - Degree Applicable                                                 ,Transferable to both UC and CSU                                            ,03.50,03.50,Course is not a basic skills course                                        ,Non-Occupational                                                           ,Not applicable                                                             ,"Not Applicable, Credit course                                              ",Y,Course is not a support course                                             ,Fall 2025
Allan Hancock CCD,Allan Hancock,VEN101      ,CCC000219889,Intro to Winemaking/Enology                                         ,1,"Viticulture, Enology, and Wine Business-010400                                       ",Credit - Degree Applicable                                                 ,Transferable to both UC and CSU                                            ,03.00,03.00,Course is not a basic skills course                                        ,Clearly Occupational (but not advanced)                                    ,Not applicable                                                             ,"Not Applicable, Credit course                                              ",Y,Course is not a support course                                             ,Fall 2025
Allan Hancock CCD,Allan Hancock,SPAN103     ,CCC000220818,Intermediate Spanish I                                              ,1,Spanish-110500                                                                       ,Credit - Degree Applicable                                                 ,Transferable to both UC and CSU                                            ,05.00,05.00,Course is not a basic skills course                                        ,Non-Occupational                                                           ,Not applicable                                                             ,"Not Applicable, Credit course                                              ",Y,Course is not a support course                                             ,Fall 2025
Allan Hancock CCD,Allan Hancock,DANC170     ,CCC000223568,Music for Dancers                                                   ,1,Dance-100800                                                                         ,Credit - Degree Applicable                                                 ,Transferable to both UC and CSU                                            ,01.00,01.00,Course is not a basic skills course                                        ,Non-Occupational                                                           ,Not applicable                                                             ,"Not Applicable, Credit course                                              ",Y,Course is not a support course                                             ,Fall 2025
Allan Hancock CCD,Allan Hancock,MUS121      ,CCC000226116,Piano 3                                                             ,1,Music-100400                                                                         ,Credit - Degree Applicable                                                 ,Transferable to both UC and CSU                                            ,01.00,01.00,Course is not a basic skills course                                        ,Non-Occupational                                                           ,Not applicable                                                             ,"Not Applicable, Credit course                                              ",Y,Course is not a support course                                             ,Fall 2025
Allan Hancock CCD,Allan Hancock,SOC102      ,CCC000226995,Social Problems                                                     ,2,Sociology-220800                                                                     ,Credit - Degree Applicable                                                 ,Transferable to both UC and CSU                                            ,03.00,03.00,Course is not a basic skills course                                        ,Non-Occupational                                                           ,Not applicable                                                             ,"Not Applicable, Credit course                                              ",Y,Course is not a support course                                             ,Fall 2025
Allan Hancock CCD,Allan Hancock,FT103       ,CCC000228189,Fire Protection Equipment Syst                                      ,1,Fire Technology-213300                                                               ,Credit - Degree Applicable                                                 ,Transferable to CSU only                                                   ,03.00,03.00,Course is not a basic skills course                                        ,Clearly Occupational (but not advanced)                                    ,Not applicable                                                             ,"Not Applicable, Credit course                                              ",Y,Course is not a support course                                             ,Fall 2025
Allan Hancock CCD,Allan Hancock,CBOT132     ,CCC000229201,Advanced Word Processing                                            ,1,Office Technology/Office Computer Applications-051400                                ,Credit - Degree Applicable                                                 ,Transferable to CSU only                                                   ,03.00,03.00,Course is not a basic skills course                                        ,Clearly Occupational (but not advanced)                                    ,Not applicable                                                             ,"Not Applicable, Credit course                                              ",Y,Course is not a support course                                             ,Fall 2025
Allan Hancock CCD,Allan Hancock,BIOL124     ,CCC000229607,Human Anatomy                                                       ,9,"Biology, General-040100                                                              ",Credit - Degree Applicable                                                 ,Transferable to both UC and CSU                                            ,04.00,04.00,Course is not a basic skills course                                        ,Non-Occupational                                                           ,Not applicable                                                             ,"Not Applicable, Credit course                                              ",Y,Course is not a support course                                             ,Fall 2025
Allan Hancock CCD,Allan Hancock,NURS108     ,CCC000230430,RN Practicum 2                                                      ,1,Registered Nursing-123010                                                            ,Credit - Degree Applicable                                                 ,Transferable to CSU only                                                   ,05.00,05.00,Course is not a basic skills course                                        ,Clearly Occupational (but not advanced)                                    ,Not applicable                                                             ,"Not Applicable, Credit course                                              ",Y,Course is not a support course                                             ,Fall 2025
Allan Hancock CCD,Allan Hancock,FT101       ,CCC000233143,Fire Protection Organization                                        ,2,Fire Technology-213300                                                               ,Credit - Degree Applicable                                                 ,Transferable to CSU only                                                   ,03.00,03.00,Course is not a basic skills course                                        ,Clearly Occupational (but not advanced)                                    ,Not applicable                                                             ,"Not Applicable, Credit course                                              ",Y,Course is not a support course                                             ,Fall 2025
Allan Hancock CCD,Allan Hancock,ANTH102     ,CCC000233721,Intro to Cultural Anthro                                            ,3,Anthropology-220200                                                                  ,Credit - Degree Applicable                                                 ,Transferable to both UC and CSU                                            ,03.00,03.00,Course is not a basic skills course                                        ,Non-Occupational                                                           ,Not applicable                                                             ,"Not Applicable, Credit course                                              ",Y,Course is not a support course                                             ,Fall 2025
Allan Hancock CCD,Allan Hancock,VEN102      ,CCC000235098,Intro to Viticulture                                                ,1,"Viticulture, Enology, and Wine Business-010400                                       ",Credit - Degree Applicable                                                 ,Transferable to both UC and CSU                                            ,03.00,03.00,Course is not a basic skills course                                        ,Clearly Occupational (but not advanced)                                    ,Not applicable                                                             ,"Not Applicable, Credit course                                              ",Y,Course is not a support course                                             ,Fall 2025
Allan Hancock CCD,Allan Hancock,PSY119      ,CCC000235313,Abnormal Psychology                                                 ,1,"Psychology, General-200100                                                           ",Credit - Degree Applicable                                                 ,Transferable to both UC and CSU                                            ,03.00,03.00,Course is not a basic skills course                                        ,Non-Occupational                                                           ,Not applicable                                                             ,"Not Applicable, Credit course                                              ",Y,Course is not a support course                                             ,Fall 2025
Allan Hancock CCD,Allan Hancock,CBOT131     ,CCC000236954,Intro to Word Processing                                            ,1,Office Technology/Office Computer Applications-051400                                ,Credit - Degree Applicable                                                 ,Transferable to CSU only                                                   ,03.00,03.00,Course is not a basic skills course                                        ,Clearly Occupational (but not advanced)                                    ,Not applicable                                                             ,"Not Applicable, Credit course                                              ",Y,Course is not a support course                                             ,Fall 2025
Allan Hancock CCD,Allan Hancock,HIST107     ,CCC000239362,US History to 1877                                                  ,22,History-220500                                                                       ,Credit - Degree Applicable                                                 ,Transferable to CSU only                                                   ,03.00,03.00,Course is not a basic skills course                                        ,Non-Occupational                                                           ,Not applicable                                                             ,"Not Applicable, Credit course                                              ",Y,Course is not a support course                                             ,Fall 2025
Allan Hancock CCD,Allan Hancock,GRPH110     ,CCC000239734,Introduction to Graphic Design                                      ,1,Graphic Art and Design-103000                                                        ,Credit - Degree Applicable                                                 ,Transferable to CSU only                                                   ,03.00,03.00,Course is not a basic skills course                                        ,Possibly Occupational                                                      ,Not applicable                                                             ,"Not Applicable, Credit course                                              ",Y,Course is not a support course                                             ,Fall 2025
Allan Hancock CCD,Allan Hancock,WFT102      ,CCC000240055,Wild Fire Safety & Survival                                         ,1,Wildland Fire Technology-213310                                                      ,Credit - Degree Applicable                                                 ,Transferable to CSU only                                                   ,03.00,03.00,Course is not a basic skills course                                        ,Clearly Occupational (but not advanced)                                    ,Not applicable                                                             ,"Not Applicable, Credit course                                              ",Y,Course is not a support course                                             ,Fall 2025
Allan Hancock CCD,Allan Hancock,WFT105      ,CCC000241615,Wld Fire Plan Log Fin.                                              ,1,Wildland Fire Technology-213310                                                      ,Credit - Degree Applicable                                                 ,Transferable to CSU only                                                   ,03.00,03.00,Course is not a basic skills course                                        ,Clearly Occupational (but not advanced)                                    ,Not applicable                                                             ,"Not Applicable, Credit course                                              ",Y,Course is not a support course                                             ,Fall 2025
Allan Hancock CCD,Allan Hancock,HUSV101     ,CCC000242279,Introduction to Human Services                                      ,1,Human Services-210400                                                                ,Credit - Degree Applicable                                                 ,Transferable to CSU only                                                   ,03.00,03.00,Course is not a basic skills course                                        ,Possibly Occupational                                                      ,Not applicable                                                             ,"Not Applicable, Credit course                                              ",Y,Course is not a support course                                             ,Fall 2025
Allan Hancock CCD,Allan Hancock,DANC111     ,CCC000242688,Modern Dance II                                                     ,1,Dance-100800                                                                         ,Credit - Degree Applicable                                                 ,Transferable to both UC and CSU                                            ,02.00,02.00,Course is not a basic skills course                                        ,Possibly Occupational                                                      ,Not applicable                                                             ,"Not Applicable, Credit course                                              ",Y,Course is not a support course                                             ,Fall 2025
Allan Hancock CCD,Allan Hancock,MUS125      ,CCC000243378,Beginning Guitar                                                    ,1,Music-100400                                                                         ,Credit - Degree Applicable                                                 ,Transferable to both UC and CSU                                            ,01.00,01.00,Course is not a basic skills course                                        ,Non-Occupational                                                           ,Not applicable                                                             ,"Not Applicable, Credit course                                              ",Y,Course is not a support course                                             ,Fall 2025
Allan Hancock CCD,Allan Hancock,GRPH112     ,CCC000243565,Digital Imagery                                                     ,2,Graphic Art and Design-103000                                                        ,Credit - Degree Applicable                                                 ,Transferable to CSU only                                                   ,03.00,03.00,Course is not a basic skills course                                        ,Clearly Occupational (but not advanced)                                    ,Not applicable                                                             ,"Not Applicable, Credit course                                              ",Y,Course is not a support course                                             ,Fall 2025
Allan Hancock CCD,Allan Hancock,PD110       ,CCC000243779,College Success Seminar                                             ,2,Career Guidance and Orientation-493010                                               ,Credit - Degree Applicable                                                 ,Transferable to CSU only                                                   ,01.00,01.00,Course is not a basic skills course                                        ,Non-Occupational                                                           ,Not applicable                                                             ,"Not Applicable, Credit course                                              ",Y,Course is not a support course                                             ,Fall 2025
Allan Hancock CCD,Allan Hancock,BIOL155     ,CCC000244319,General Zoology                                                     ,1,"Biology, General-040100                                                              ",Credit - Degree Applicable                                                 ,Transferable to both UC and CSU                                            ,05.00,05.00,Course is not a basic skills course                                        ,Non-Occupational                                                           ,Not applicable                                                             ,"Not Applicable, Credit course                                              ",Y,Course is not a support course                                             ,Fall 2025
Allan Hancock CCD,Allan Hancock,ARCH121     ,CCC000245785,Architectural Practice 1                                            ,1,Drafting Technology-095300                                                           ,Credit - Degree Applicable                                                 ,Transferable to CSU only                                                   ,04.00,04.00,Course is not a basic skills course                                        ,Clearly Occupational (but not advanced)                                    ,Not applicable                                                             ,"Not Applicable, Credit course                                              ",Y,Course is not a support course                                             ,Fall 2025
Allan Hancock CCD,Allan Hancock,ACCT150     ,CCC000245831,Intro to Acct Info Systems                                          ,1,Accounting-050200                                                                    ,Credit - Degree Applicable                                                 ,Transferable to CSU only                                                   ,03.00,03.00,Course is not a basic skills course                                        ,Clearly Occupational (but not advanced)                                    ,Not applicable                                                             ,"Not Applicable, Credit course                                              ",Y,Course is not a support course                                             ,Fall 2025
Allan Hancock CCD,Allan Hancock,PHIL114     ,CCC000249868,Critical Thinking                                                   ,1,Philosophy-150900                                                                    ,Credit - Degree Applicable                                                 ,Transferable to both UC and CSU                                            ,03.00,03.00,Course is not a basic skills course                                        ,Non-Occupational                                                           ,Not applicable                                                             ,"Not Applicable, Credit course                                              ",Y,Course is not a support course                                             ,Fall 2025
Allan Hancock CCD,Allan Hancock,BUS160      ,CCC000252077,Business Communications                                             ,1,"Business and Commerce, General-050100                                                ",Credit - Degree Applicable                                                 ,Transferable to CSU only                                                   ,03.00,03.00,Course is not a basic skills course                                        ,Clearly Occupational (but not advanced)                                    ,Not applicable                                                             ,"Not Applicable, Credit course                                              ",Y,Course is not a support course                                             ,Fall 2025
Allan Hancock CCD,Allan Hancock,ENGL102     ,CCC000252696,Freshman Comp: Literature                                           ,2,English-150100                                                                       ,Credit - Degree Applicable                                                 ,Transferable to both UC and CSU                                            ,03.00,03.00,Course is not a basic skills course                                        ,Non-Occupational                                                           ,Not applicable                                                             ,"Not Applicable, Credit course                                              ",Y,Course is not a support course                                             ,Fall 2025
Allan Hancock CCD,Allan Hancock,RE303       ,CCC000253775,Real Estate Practices                                               ,1,Real Estate-051100                                                                   ,Credit - Degree Applicable                                                 ,Not transferable                                                           ,03.00,03.00,Course is not a basic skills course                                        ,Clearly Occupational (but not advanced)                                    ,Not applicable                                                             ,"Not Applicable, Credit course                                              ",Y,Course is not a support course                                             ,Fall 2025
Allan Hancock CCD,Allan Hancock,FILM110     ,CCC000254084,Intro Motion Picture/Video Pro                                      ,1,Film Production-061220                                                               ,Credit - Degree Applicable                                                 ,Transferable to CSU only                                                   ,04.00,04.00,Course is not a basic skills course                                        ,Clearly Occupational (but not advanced)                                    ,Not applicable                                                             ,"Not Applicable, Credit course                                              ",Y,Course is not a support course                                             ,Fall 2025
Allan Hancock CCD,Allan Hancock,GEOG102     ,CCC000257949,Human Geography                                                     ,2,Geography-220600                                                                     ,Credit - Degree Applicable                                                 ,Transferable to both UC and CSU                                            ,03.00,03.00,Course is not a basic skills course                                        ,Non-Occupational                                                           ,Not applicable                                                             ,"Not Applicable, Credit course                                              ",Y,Course is not a support course                                             ,Fall 2025
Allan Hancock CCD,Allan Hancock,ART107      ,CCC000257975,Introduction to Digital Art                                         ,1,Painting and Drawing-100210                                                          ,Credit - Degree Applicable                                                 ,Transferable to CSU only                                                   ,03.00,03.00,Course is not a basic skills course                                        ,Possibly Occupational                                                      ,Not applicable                                                             ,"Not Applicable, Credit course                                              ",Y,Course is not a support course                                             ,Fall 2025
Allan Hancock CCD,Allan Hancock,ART164      ,CCC000258493,Sculpture 1                                                         ,1,Ceramics-100230                                                                      ,Credit - Degree Applicable                                                 ,Transferable to both UC and CSU                                            ,03.00,02.00,Course is not a basic skills course                                        ,Non-Occupational                                                           ,Not applicable                                                             ,"Not Applicable, Credit course                                              ",Y,Course is not a support course                                             ,Fall 2025
Allan Hancock CCD,Allan Hancock,FILM101     ,CCC000259164,Film Art & Communication                                            ,5,Film Production-061220                                                               ,Credit - Degree Applicable                                                 ,Transferable to both UC and CSU                                            ,03.00,03.00,Course is not a basic skills course                                        ,Clearly Occupational (but not advanced)                                    ,Not applicable                                                             ,"Not Applicable, Credit course                                              ",Y,Course is not a support course                                             ,Fall 2025
Allan Hancock CCD,Allan Hancock,HED100      ,CCC000260093,Health and Wellness                                                 ,17,Health Education-083700                                                              ,Credit - Degree Applicable                                                 ,Transferable to both UC and CSU                                            ,03.00,03.00,Course is not a basic skills course                                        ,Non-Occupational                                                           ,Not applicable                                                             ,"Not Applicable, Credit course                                              ",Y,Course is not a support course                                             ,Fall 2025
Allan Hancock CCD,Allan Hancock,MUS151      ,CCC000260296,Concert Band                                                        ,1,Music-100400                                                                         ,Credit - Degree Applicable                                                 ,Transferable to both UC and CSU                                            ,01.00,01.00,Course is not a basic skills course                                        ,Possibly Occupational                                                      ,Not applicable                                                             ,"Not Applicable, Credit course                                              ",Y,Course is not a support course                                             ,Fall 2025
Allan Hancock CCD,Allan Hancock,MUS101      ,CCC000261865,Music History Ancient-Baroque                                       ,1,Music-100400                                                                         ,Credit - Degree Applicable                                                 ,Transferable to both UC and CSU                                            ,03.00,03.00,Course is not a basic skills course                                        ,Non-Occupational                                                           ,Not applicable                                                             ,"Not Applicable, Credit course                                              ",Y,Course is not a support course                                             ,Fall 2025
Allan Hancock CCD,Allan Hancock,ASTR100     ,CCC000263952,Elementary Astronomy                                                ,3,Astronomy-191100                                                                     ,Credit - Degree Applicable                                                 ,Transferable to both UC and CSU                                            ,03.00,03.00,Course is not a basic skills course                                        ,Non-Occupational                                                           ,Not applicable                                                             ,"Not Applicable, Credit course                                              ",Y,Course is not a support course                                             ,Fall 2025
Allan Hancock CCD,Allan Hancock,CBIS141     ,CCC000263965,Microsoft Excel-Comprehensive                                       ,2,Computer Information Systems-070200                                                  ,Credit - Degree Applicable                                                 ,Transferable to CSU only                                                   ,03.00,03.00,Course is not a basic skills course                                        ,Clearly Occupational (but not advanced)                                    ,Not applicable                                                             ,"Not Applicable, Credit course                                              ",Y,Course is not a support course                                             ,Fall 2025
Allan Hancock CCD,Allan Hancock,WLDT300     ,CCC000264007,Shop Math and Measurement                                           ,2,"Mathematics, General-170100                                                          ",Credit - Degree Applicable                                                 ,Not transferable                                                           ,03.00,03.00,Course is not a basic skills course                                        ,Clearly Occupational (but not advanced)                                    ,One level below transfer                                                   ,"Not Applicable, Credit course                                              ",Y,Course is not a support course                                             ,Fall 2025
Allan Hancock CCD,Allan Hancock,PE167       ,CCC000264280,Basketball                                                          ,1,Physical Education-083500                                                            ,Credit - Degree Applicable                                                 ,Transferable to CSU only                                                   ,01.00,01.00,Course is not a basic skills course                                        ,Non-Occupational                                                           ,Not applicable                                                             ,"Not Applicable, Credit course                                              ",Y,Course is not a support course                                             ,Fall 2025
Allan Hancock CCD,Allan Hancock,NURS338     ,CCC000265953,Clinical Lab 3                                                      ,1,Licensed Vocational Nursing-123020                                                   ,Credit - Degree Applicable                                                 ,Not transferable                                                           ,08.00,08.00,Course is not a basic skills course                                        ,Advanced Occupational (not limited to apprentices)                         ,Not applicable                                                             ,"Not Applicable, Credit course                                              ",Y,Course is not a support course                                             ,Fall 2025
Allan Hancock CCD,Allan Hancock,BUS104      ,CCC000266926,Business Organization & Mgmt                                        ,1,"Business and Commerce, General-050100                                                ",Credit - Degree Applicable                                                 ,Transferable to CSU only                                                   ,03.00,03.00,Course is not a basic skills course                                        ,Clearly Occupational (but not advanced)                                    ,Not applicable                                                             ,"Not Applicable, Credit course                                              ",Y,Course is not a support course                                             ,Fall 2025
Allan Hancock CCD,Allan Hancock,SPAN111     ,CCC000267475,Intermediate Span Conversation                                      ,1,Spanish-110500                                                                       ,Credit - Degree Applicable                                                 ,Transferable to both UC and CSU                                            ,02.00,02.00,Course is not a basic skills course                                        ,Non-Occupational                                                           ,Not applicable                                                             ,"Not Applicable, Credit course                                              ",Y,Course is not a support course                                             ,Fall 2025
Allan Hancock CCD,Allan Hancock,PSY113      ,CCC000268914,Theories of Personality                                             ,1,"Psychology, General-200100                                                           ",Credit - Degree Applicable                                                 ,Transferable to both UC and CSU                                            ,03.00,03.00,Course is not a basic skills course                                        ,Non-Occupational                                                           ,Not applicable                                                             ,"Not Applicable, Credit course                                              ",Y,Course is not a support course                                             ,Fall 2025
Allan Hancock CCD,Allan Hancock,MUS104      ,CCC000269037,"Roots of Pop, Rock, Jazz                                            ",1,Music-100400                                                                         ,Credit - Degree Applicable                                                 ,Transferable to both UC and CSU                                            ,03.00,03.00,Course is not a basic skills course                                        ,Non-Occupational                                                           ,Not applicable                                                             ,"Not Applicable, Credit course                                              ",Y,Course is not a support course                                             ,Fall 2025
Allan Hancock CCD,Allan Hancock,DANC156     ,CCC000271051,Techniques for Stretch                                              ,1,Dance-100800                                                                         ,Credit - Degree Applicable                                                 ,Transferable to both UC and CSU                                            ,01.00,01.00,Course is not a basic skills course                                        ,Non-Occupational                                                           ,Not applicable                                                             ,"Not Applicable, Credit course                                              ",Y,Course is not a support course                                             ,Fall 2025
Allan Hancock CCD,Allan Hancock,ECS322      ,CCC000271529,Admin:Parents as Partners                                           ,1,Child Development/Early Care and Education-130500                                    ,Credit - Degree Applicable                                                 ,Not transferable                                                           ,01.00,01.00,Course is not a basic skills course                                        ,Advanced Occupational (not limited to apprentices)                         ,Not applicable                                                             ,"Not Applicable, Credit course                                              ",Y,Course is not a support course                                             ,Fall 2025
Allan Hancock CCD,Allan Hancock,COMM106     ,CCC000272048,Argumentation and Debate                                            ,1,Speech Communication-150600                                                          ,Credit - Degree Applicable                                                 ,Transferable to both UC and CSU                                            ,03.00,03.00,Course is not a basic skills course                                        ,Non-Occupational                                                           ,Not applicable                                                             ,"Not Applicable, Credit course                                              ",Y,Course is not a support course                                             ,Fall 2025
Allan Hancock CCD,Allan Hancock,AJ103       ,CCC000272960,Concepts of Criminal Law                                            ,4,Administration of Justice-210500                                                     ,Credit - Degree Applicable                                                 ,Transferable to both UC and CSU                                            ,03.00,03.00,Course is not a basic skills course                                        ,Clearly Occupational (but not advanced)                                    ,Not applicable                                                             ,"Not Applicable, Credit course                                              ",Y,Course is not a support course                                             ,Fall 2025
Allan Hancock CCD,Allan Hancock,ART101      ,CCC000274551,Art Appreciation                                                    ,13,"Fine Arts, General-100100                                                            ",Credit - Degree Applicable                                                 ,Transferable to both UC and CSU                                            ,03.00,03.00,Course is not a basic skills course                                        ,Non-Occupational                                                           ,Not applicable                                                             ,"Not Applicable, Credit course                                              ",Y,Course is not a support course                                             ,Fall 2025
Allan Hancock CCD,Allan Hancock,EMS306      ,CCC000275051,CPR for Healthcare Providers                                        ,3,Emergency Medical Services-125000                                                    ,Credit - Degree Applicable                                                 ,Not transferable                                                           ,00.50,00.50,Course is not a basic skills course                                        ,Possibly Occupational                                                      ,Not applicable                                                             ,"Not Applicable, Credit course                                              ",Y,Course is not a support course                                             ,Fall 2025
Allan Hancock CCD,Allan Hancock,PE130       ,CCC000275930,Self Defense                                                        ,1,Physical Education-083500                                                            ,Credit - Degree Applicable                                                 ,Transferable to CSU only                                                   ,01.00,01.00,Course is not a basic skills course                                        ,Non-Occupational                                                           ,Not applicable                                                             ,"Not Applicable, Credit course                                              ",Y,Course is not a support course                                             ,Fall 2025
Allan Hancock CCD,Allan Hancock,HUM104      ,CCC000276279,Western Civilizations to 1650                                       ,2,History-220500                                                                       ,Credit - Degree Applicable                                                 ,Transferable to both UC and CSU                                            ,03.00,03.00,Course is not a basic skills course                                        ,Non-Occupational                                                           ,Not applicable                                                             ,"Not Applicable, Credit course                                              ",Y,Course is not a support course                                             ,Fall 2025
Allan Hancock CCD,Allan Hancock,CBIS321     ,CCC000276350,Internet Business Applications                                      ,1,Computer Information Systems-070200                                                  ,Credit - Degree Applicable                                                 ,Not transferable                                                           ,03.00,03.00,Course is not a basic skills course                                        ,Clearly Occupational (but not advanced)                                    ,Not applicable                                                             ,"Not Applicable, Credit course                                              ",Y,Course is not a support course                                             ,Fall 2025
Allan Hancock CCD,Allan Hancock,HUSV131     ,CCC000279102,Addiction Studies Prac Seminar                                      ,1,Human Services-210400                                                                ,Credit - Degree Applicable                                                 ,Transferable to CSU only                                                   ,02.00,02.00,Course is not a basic skills course                                        ,Clearly Occupational (but not advanced)                                    ,Not applicable                                                             ,"Not Applicable, Credit course                                              ",Y,Course is not a support course                                             ,Fall 2025
Allan Hancock CCD,Allan Hancock,ECS100      ,CCC000280012,Child Growth and Development                                        ,10,Child Development/Early Care and Education-130500                                    ,Credit - Degree Applicable                                                 ,Transferable to both UC and CSU                                            ,03.00,03.00,Course is not a basic skills course                                        ,Clearly Occupational (but not advanced)                                    ,Not applicable                                                             ,"Not Applicable, Credit course                                              ",Y,Course is not a support course                                             ,Fall 2025
Allan Hancock CCD,Allan Hancock,POLSC1000   ,CCC000281451,American Government & Politics                                      ,17,Political Science-220700                                                             ,Credit - Degree Applicable                                                 ,Transferable to both UC and CSU                                            ,03.00,03.00,Course is not a basic skills course                                        ,Non-Occupational                                                           ,Not applicable                                                             ,"Not Applicable, Credit course                                              ",Y,Course is not a support course                                             ,Fall 2025
Allan Hancock CCD,Allan Hancock,ET189       ,CCC000282170,Independent Projects                                                ,1,"Engineering Technology, General (requires Trigonometry)-092400                       ",Credit - Degree Applicable                                                 ,Transferable to CSU only                                                   ,03.00,01.00,Course is not a basic skills course                                        ,Advanced Occupational (not limited to apprentices)                         ,Not applicable                                                             ,"Not Applicable, Credit course                                              ",Y,Course is not a support course                                             ,Fall 2025
Allan Hancock CCD,Allan Hancock,BUS102      ,CCC000282322,Marketing                                                           ,2,"Business and Commerce, General-050100                                                ",Credit - Degree Applicable                                                 ,Transferable to CSU only                                                   ,03.00,03.00,Course is not a basic skills course                                        ,Clearly Occupational (but not advanced)                                    ,Not applicable                                                             ,"Not Applicable, Credit course                                              ",Y,Course is not a support course                                             ,Fall 2025
Allan Hancock CCD,Allan Hancock,FT105       ,CCC000282833,Fire Behavior & Combustion                                          ,1,Fire Technology-213300                                                               ,Credit - Degree Applicable                                                 ,Transferable to CSU only                                                   ,03.00,03.00,Course is not a basic skills course                                        ,Clearly Occupational (but not advanced)                                    ,Not applicable                                                             ,"Not Applicable, Credit course                                              ",Y,Course is not a support course                                             ,Fall 2025
Allan Hancock CCD,Allan Hancock,PSY106      ,CCC000283674,"Alcohol, Other Drugs, and Addi                                      ",1,Human Services-210400                                                                ,Credit - Degree Applicable                                                 ,Transferable to CSU only                                                   ,03.00,03.00,Course is not a basic skills course                                        ,Clearly Occupational (but not advanced)                                    ,Not applicable                                                             ,"Not Applicable, Credit course                                              ",Y,Course is not a support course                                             ,Fall 2025
Allan Hancock CCD,Allan Hancock,FILM111     ,CCC000283770,Intermed Motion Pic/Video Prod                                      ,1,Film Production-061220                                                               ,Credit - Degree Applicable                                                 ,Transferable to CSU only                                                   ,04.00,04.00,Course is not a basic skills course                                        ,Clearly Occupational (but not advanced)                                    ,Not applicable                                                             ,"Not Applicable, Credit course                                              ",Y,Course is not a support course                                             ,Fall 2025
Allan Hancock CCD,Allan Hancock,FASH103     ,CCC000283862,Textiles                                                            ,1,Fashion-130300                                                                       ,Credit - Degree Applicable                                                 ,Transferable to both UC and CSU                                            ,03.00,03.00,Course is not a basic skills course                                        ,Clearly Occupational (but not advanced)                                    ,Not applicable                                                             ,"Not Applicable, Credit course                                              ",Y,Course is not a support course                                             ,Fall 2025
Allan Hancock CCD,Allan Hancock,ECS116      ,CCC000284736,Teaching in a Diverse Society                                       ,3,Child Development/Early Care and Education-130500                                    ,Credit - Degree Applicable                                                 ,Transferable to CSU only                                                   ,03.00,03.00,Course is not a basic skills course                                        ,Clearly Occupational (but not advanced)                                    ,Not applicable                                                             ,"Not Applicable, Credit course                                              ",Y,Course is not a support course                                             ,Fall 2025
Allan Hancock CCD,Allan Hancock,ECS117      ,CCC000286610,Teaching Strategies for Multilingual Learners                       ,1,Child Development/Early Care and Education-130500                                    ,Credit - Degree Applicable                                                 ,Transferable to CSU only                                                   ,03.00,03.00,Course is not a basic skills course                                        ,Clearly Occupational (but not advanced)                                    ,Not applicable                                                             ,"Not Applicable, Credit course                                              ",Y,Course is not a support course                                             ,Fall 2025
Allan Hancock CCD,Allan Hancock,HUSV120     ,CCC000288899,Human Services (General) Pract                                      ,1,Human Services-210400                                                                ,Credit - Degree Applicable                                                 ,Transferable to CSU only                                                   ,02.00,02.00,Course is not a basic skills course                                        ,Clearly Occupational (but not advanced)                                    ,Not applicable                                                             ,"Not Applicable, Credit course                                              ",Y,Course is not a support course                                             ,Fall 2025
Allan Hancock CCD,Allan Hancock,PHIL101     ,CCC000290116,Survey of Philosophy                                                ,3,Philosophy-150900                                                                    ,Credit - Degree Applicable                                                 ,Transferable to both UC and CSU                                            ,03.00,03.00,Course is not a basic skills course                                        ,Non-Occupational                                                           ,Not applicable                                                             ,"Not Applicable, Credit course                                              ",Y,Course is not a support course                                             ,Fall 2025
Allan Hancock CCD,Allan Hancock,CNET119     ,CCC000291041,Fund of DC and AC Circuits Lab                                      ,1,Electronics and Electric Technology-093400                                           ,Credit - Degree Applicable                                                 ,Transferable to CSU only                                                   ,03.00,02.00,Course is not a basic skills course                                        ,Clearly Occupational (but not advanced)                                    ,Not applicable                                                             ,"Not Applicable, Credit course                                              ",Y,Course is not a support course                                             ,Fall 2025
Allan Hancock CCD,Allan Hancock,CBIS337     ,CCC000291052,Presentation Design-PowerPoint                                      ,1,Office Technology/Office Computer Applications-051400                                ,Credit - Degree Applicable                                                 ,Not transferable                                                           ,03.00,03.00,Course is not a basic skills course                                        ,Clearly Occupational (but not advanced)                                    ,Not applicable                                                             ,"Not Applicable, Credit course                                              ",Y,Course is not a support course                                             ,Fall 2025
Allan Hancock CCD,Allan Hancock,ECON102     ,CCC000291120,Principles of Micro-Economics                                       ,3,Economics-220400                                                                     ,Credit - Degree Applicable                                                 ,Transferable to both UC and CSU                                            ,03.00,03.00,Course is not a basic skills course                                        ,Non-Occupational                                                           ,Not applicable                                                             ,"Not Applicable, Credit course                                              ",Y,Course is not a support course                                             ,Fall 2025
Allan Hancock CCD,Allan Hancock,MUS126      ,CCC000291299,Intermediate Guitar                                                 ,1,Music-100400                                                                         ,Credit - Degree Applicable                                                 ,Transferable to both UC and CSU                                            ,01.00,01.00,Course is not a basic skills course                                        ,Non-Occupational                                                           ,Not applicable                                                             ,"Not Applicable, Credit course                                              ",Y,Course is not a support course                                             ,Fall 2025
Allan Hancock CCD,Allan Hancock,AJ111       ,CCC000291466,Criminal Investigation                                              ,2,Administration of Justice-210500                                                     ,Credit - Degree Applicable                                                 ,Transferable to CSU only                                                   ,03.00,03.00,Course is not a basic skills course                                        ,Clearly Occupational (but not advanced)                                    ,Not applicable                                                             ,"Not Applicable, Credit course                                              ",Y,Course is not a support course                                             ,Fall 2025
Allan Hancock CCD,Allan Hancock,PD115       ,CCC000291624,Career Planning                                                     ,1,Career Guidance and Orientation-493010                                               ,Credit - Degree Applicable                                                 ,Transferable to CSU only                                                   ,01.00,01.00,Course is not a basic skills course                                        ,Non-Occupational                                                           ,Not applicable                                                             ,"Not Applicable, Credit course                                              ",Y,Course is not a support course                                             ,Fall 2025
Allan Hancock CCD,Allan Hancock,AJ105       ,CCC000292995,Community Relations                                                 ,2,Administration of Justice-210500                                                     ,Credit - Degree Applicable                                                 ,Transferable to both UC and CSU                                            ,03.00,03.00,Course is not a basic skills course                                        ,Clearly Occupational (but not advanced)                                    ,Not applicable                                                             ,"Not Applicable, Credit course                                              ",Y,Course is not a support course                                             ,Fall 2025
Allan Hancock CCD,Allan Hancock,WLDT308     ,CCC000293098,T.I.G. Welding                                                      ,1,Welding Technology-095650                                                            ,Credit - Degree Applicable                                                 ,Not transferable                                                           ,03.00,03.00,Course is not a basic skills course                                        ,Advanced Occupational (not limited to apprentices)                         ,Not applicable                                                             ,"Not Applicable, Credit course                                              ",Y,Course is not a support course                                             ,Fall 2025
Allan Hancock CCD,Allan Hancock,BASK7011    ,CCC000294257,Basic Math                                                          ,2,"Mathematics, General-170100                                                          ",Noncredit                                                                  ,Not transferable                                                           ,00.00,00.00,Course is a basic skills course                                            ,Non-Occupational                                                           ,Not applicable                                                             ,Elementary and Secondary Basic Skills                                      ,Y,Course is not a support course                                             ,Fall 2025
Allan Hancock CCD,Allan Hancock,POLS101     ,CCC000294676,Intro to Political Science                                          ,2,Political Science-220700                                                             ,Credit - Degree Applicable                                                 ,Transferable to both UC and CSU                                            ,03.00,03.00,Course is not a basic skills course                                        ,Non-Occupational                                                           ,Not applicable                                                             ,"Not Applicable, Credit course                                              ",Y,Course is not a support course                                             ,Fall 2025
Allan Hancock CCD,Allan Hancock,WLDT106     ,CCC000294875,Beginning Welding                                                   ,2,Welding Technology-095650                                                            ,Credit - Degree Applicable                                                 ,Transferable to CSU only                                                   ,03.00,03.00,Course is not a basic skills course                                        ,Clearly Occupational (but not advanced)                                    ,Not applicable                                                             ,"Not Applicable, Credit course                                              ",Y,Course is not a support course                                             ,Fall 2025
Allan Hancock CCD,Allan Hancock,MATH100     ,CCC000295804,Nature of Modern Mathematics                                        ,8,"Mathematics, General-170100                                                          ",Credit - Degree Applicable                                                 ,Transferable to both UC and CSU                                            ,03.00,03.00,Course is not a basic skills course                                        ,Non-Occupational                                                           ,Not applicable                                                             ,"Not Applicable, Credit course                                              ",Y,Course is not a support course                                             ,Fall 2025
Allan Hancock CCD,Allan Hancock,PE133       ,CCC000296367,Beginning Yoga Fitness                                              ,5,Physical Education-083500                                                            ,Credit - Degree Applicable                                                 ,Transferable to CSU only                                                   ,01.00,01.00,Course is not a basic skills course                                        ,Non-Occupational                                                           ,Not applicable                                                             ,"Not Applicable, Credit course                                              ",Y,Course is not a support course                                             ,Fall 2025
Allan Hancock CCD,Allan Hancock,MATH131     ,CCC000299913,College Algebra                                                     ,13,"Mathematics, General-170100                                                          ",Credit - Degree Applicable                                                 ,Transferable to CSU only                                                   ,03.00,03.00,Course is not a basic skills course                                        ,Non-Occupational                                                           ,Not applicable                                                             ,"Not Applicable, Credit course                                              ",Y,Course is not a support course                                             ,Fall 2025
Allan Hancock CCD,Allan Hancock,HIST102     ,CCC000300582,World Civilizations Since 1500                                      ,1,History-220500                                                                       ,Credit - Degree Applicable                                                 ,Transferable to both UC and CSU                                            ,03.00,03.00,Course is not a basic skills course                                        ,Non-Occupational                                                           ,Not applicable                                                             ,"Not Applicable, Credit course                                              ",Y,Course is not a support course                                             ,Fall 2025
Allan Hancock CCD,Allan Hancock,SOC120      ,CCC000301419,Race and Ethnic Groups                                              ,2,Sociology-220800                                                                     ,Credit - Degree Applicable                                                 ,Transferable to both UC and CSU                                            ,03.00,03.00,Course is not a basic skills course                                        ,Non-Occupational                                                           ,Not applicable                                                             ,"Not Applicable, Credit course                                              ",Y,Course is not a support course                                             ,Fall 2025
Allan Hancock CCD,Allan Hancock,WFT101      ,CCC000301558,Wildland Fire Behavior                                              ,1,Wildland Fire Technology-213310                                                      ,Credit - Degree Applicable                                                 ,Transferable to CSU only                                                   ,03.00,02.00,Course is not a basic skills course                                        ,Clearly Occupational (but not advanced)                                    ,Not applicable                                                             ,"Not Applicable, Credit course                                              ",Y,Course is not a support course                                             ,Fall 2025
Allan Hancock CCD,Allan Hancock,ACCT140     ,CCC000302484,Managerial Accounting                                               ,2,Accounting-050200                                                                    ,Credit - Degree Applicable                                                 ,Transferable to both UC and CSU                                            ,03.00,03.00,Course is not a basic skills course                                        ,Advanced Occupational (not limited to apprentices)                         ,Not applicable                                                             ,"Not Applicable, Credit course                                              ",Y,Course is not a support course                                             ,Fall 2025
Allan Hancock CCD,Allan Hancock,SOC110      ,CCC000303168,Intro to Marriage and Family                                        ,2,Sociology-220800                                                                     ,Credit - Degree Applicable                                                 ,Transferable to both UC and CSU                                            ,03.00,03.00,Course is not a basic skills course                                        ,Non-Occupational                                                           ,Not applicable                                                             ,"Not Applicable, Credit course                                              ",Y,Course is not a support course                                             ,Fall 2025
Allan Hancock CCD,Allan Hancock,ART110      ,CCC000304940,Design 1                                                            ,2,Applied Design-100900                                                                ,Credit - Degree Applicable                                                 ,Transferable to both UC and CSU                                            ,03.00,03.00,Course is not a basic skills course                                        ,Clearly Occupational (but not advanced)                                    ,Not applicable                                                             ,"Not Applicable, Credit course                                              ",Y,Course is not a support course                                             ,Fall 2025
Allan Hancock CCD,Allan Hancock,ACCT170     ,CCC000306155,Introduction to Tax Accounting                                      ,1,Accounting-050200                                                                    ,Credit - Degree Applicable                                                 ,Transferable to CSU only                                                   ,03.00,03.00,Course is not a basic skills course                                        ,Advanced Occupational (not limited to apprentices)                         ,Not applicable                                                             ,"Not Applicable, Credit course                                              ",Y,Course is not a support course                                             ,Fall 2025
Allan Hancock CCD,Allan Hancock,HIST105     ,CCC000306320,Western Civilization Since 165                                      ,1,History-220500                                                                       ,Credit - Degree Applicable                                                 ,Transferable to both UC and CSU                                            ,03.00,03.00,Course is not a basic skills course                                        ,Non-Occupational                                                           ,Not applicable                                                             ,"Not Applicable, Credit course                                              ",Y,Course is not a support course                                             ,Fall 2025
Allan Hancock CCD,Allan Hancock,BASK7008A   ,CCC000306561,Success in College Lab                                              ,1,Study Skills-493014                                                                  ,Noncredit                                                                  ,Not transferable                                                           ,00.00,00.00,Course is a basic skills course                                            ,Non-Occupational                                                           ,Not applicable                                                             ,Elementary and Secondary Basic Skills                                      ,Y,Course is not a support course                                             ,Fall 2025
Allan Hancock CCD,Allan Hancock,ECS105      ,CCC000306633,Observation and Assessment                                          ,1,Child Development/Early Care and Education-130500                                    ,Credit - Degree Applicable                                                 ,Transferable to CSU only                                                   ,03.00,03.00,Course is not a basic skills course                                        ,Clearly Occupational (but not advanced)                                    ,Not applicable                                                             ,"Not Applicable, Credit course                                              ",Y,Course is not a support course                                             ,Fall 2025
Allan Hancock CCD,Allan Hancock,HUSV103     ,CCC000306814,Basic Counseling Skills                                             ,1,Human Services-210400                                                                ,Credit - Degree Applicable                                                 ,Transferable to CSU only                                                   ,03.00,03.00,Course is not a basic skills course                                        ,Clearly Occupational (but not advanced)                                    ,Not applicable                                                             ,"Not Applicable, Credit course                                              ",Y,Course is not a support course                                             ,Fall 2025
Allan Hancock CCD,Allan Hancock,WFT103      ,CCC000306911,Wildland Fire Operations                                            ,1,Wildland Fire Technology-213310                                                      ,Credit - Degree Applicable                                                 ,Transferable to CSU only                                                   ,03.00,03.00,Course is not a basic skills course                                        ,Clearly Occupational (but not advanced)                                    ,Not applicable                                                             ,"Not Applicable, Credit course                                              ",Y,Course is not a support course                                             ,Fall 2025
Allan Hancock CCD,Allan Hancock,PSY117      ,CCC000307029,Child Psychology                                                    ,3,"Psychology, General-200100                                                           ",Credit - Degree Applicable                                                 ,Transferable to both UC and CSU                                            ,03.00,03.00,Course is not a basic skills course                                        ,Non-Occupational                                                           ,Not applicable                                                             ,"Not Applicable, Credit course                                              ",Y,Course is not a support course                                             ,Fall 2025
Allan Hancock CCD,Allan Hancock,ECS321      ,CCC000307285,Admin:Professional Ethics                                           ,1,Child Development/Early Care and Education-130500                                    ,Credit - Degree Applicable                                                 ,Not transferable                                                           ,01.00,01.00,Course is not a basic skills course                                        ,Advanced Occupational (not limited to apprentices)                         ,Not applicable                                                             ,"Not Applicable, Credit course                                              ",Y,Course is not a support course                                             ,Fall 2025
Allan Hancock CCD,Allan Hancock,AT341       ,CCC000308652,Fuel Injection/Turbocharging                                        ,1,Automotive Technology-094800                                                         ,Credit - Degree Applicable                                                 ,Not transferable                                                           ,05.00,05.00,Course is not a basic skills course                                        ,Advanced Occupational (not limited to apprentices)                         ,Not applicable                                                             ,"Not Applicable, Credit course                                              ",Y,Course is not a support course                                             ,Fall 2025
Allan Hancock CCD,Allan Hancock,HIST101     ,CCC000309012,World Civilizations to 1600                                         ,14,History-220500                                                                       ,Credit - Degree Applicable                                                 ,Transferable to both UC and CSU                                            ,03.00,03.00,Course is not a basic skills course                                        ,Non-Occupational                                                           ,Not applicable                                                             ,"Not Applicable, Credit course                                              ",Y,Course is not a support course                                             ,Fall 2025
Allan Hancock CCD,Allan Hancock,FT104       ,CCC000309070,Build Construction/Fire Protec                                      ,1,Fire Technology-213300                                                               ,Credit - Degree Applicable                                                 ,Transferable to CSU only                                                   ,03.00,03.00,Course is not a basic skills course                                        ,Clearly Occupational (but not advanced)                                    ,Not applicable                                                             ,"Not Applicable, Credit course                                              ",Y,Course is not a support course                                             ,Fall 2025
Allan Hancock CCD,Allan Hancock,ART115      ,CCC000309630,Introduction to Animation                                           ,1,Digital Media-061400                                                                 ,Credit - Degree Applicable                                                 ,Transferable to CSU only                                                   ,03.00,03.00,Course is not a basic skills course                                        ,Possibly Occupational                                                      ,Not applicable                                                             ,"Not Applicable, Credit course                                              ",Y,Course is not a support course                                             ,Fall 2025
Allan Hancock CCD,Allan Hancock,ECS320      ,CCC000310273,Admin: Staff Leadership                                             ,1,Child Development/Early Care and Education-130500                                    ,Credit - Degree Applicable                                                 ,Not transferable                                                           ,01.00,01.00,Course is not a basic skills course                                        ,Advanced Occupational (not limited to apprentices)                         ,Not applicable                                                             ,"Not Applicable, Credit course                                              ",Y,Course is not a support course                                             ,Fall 2025
Allan Hancock CCD,Allan Hancock,AJ101       ,CCC000311169,Intro to Criminal Justice                                           ,9,Administration of Justice-210500                                                     ,Credit - Degree Applicable                                                 ,Transferable to both UC and CSU                                            ,03.00,03.00,Course is not a basic skills course                                        ,Clearly Occupational (but not advanced)                                    ,Not applicable                                                             ,"Not Applicable, Credit course                                              ",Y,Course is not a support course                                             ,Fall 2025
Allan Hancock CCD,Allan Hancock,ART165      ,CCC000311914,Sculpture 2                                                         ,1,Ceramics-100230                                                                      ,Credit - Degree Applicable                                                 ,Transferable to both UC and CSU                                            ,03.00,03.00,Course is not a basic skills course                                        ,Non-Occupational                                                           ,Not applicable                                                             ,"Not Applicable, Credit course                                              ",Y,Course is not a support course                                             ,Fall 2025
Allan Hancock CCD,Allan Hancock,HIST118     ,CCC000312171,U S History                                                         ,5,History-220500                                                                       ,Credit - Degree Applicable                                                 ,Transferable to CSU only                                                   ,03.00,03.00,Course is not a basic skills course                                        ,Non-Occupational                                                           ,Not applicable                                                             ,"Not Applicable, Credit course                                              ",Y,Course is not a support course                                             ,Fall 2025
Allan Hancock CCD,Allan Hancock,EMS301      ,CCC000313410,EMS Academy - 1A (EMT)                                              ,1,Emergency Medical Services-125000                                                    ,Credit - Degree Applicable                                                 ,Not transferable                                                           ,06.00,06.00,Course is not a basic skills course                                        ,Clearly Occupational (but not advanced)                                    ,Not applicable                                                             ,"Not Applicable, Credit course                                              ",Y,Course is not a support course                                             ,Fall 2025
Allan Hancock CCD,Allan Hancock,ART103      ,CCC000313959,Art History Ancient to Medieva                                      ,1,"Fine Arts, General-100100                                                            ",Credit - Degree Applicable                                                 ,Transferable to both UC and CSU                                            ,03.00,03.00,Course is not a basic skills course                                        ,Non-Occupational                                                           ,Not applicable                                                             ,"Not Applicable, Credit course                                              ",Y,Course is not a support course                                             ,Fall 2025
Allan Hancock CCD,Allan Hancock,NURS332     ,CCC000313969,Neurosensory System                                                 ,1,Licensed Vocational Nursing-123020                                                   ,Credit - Degree Applicable                                                 ,Not transferable                                                           ,02.00,02.00,Course is not a basic skills course                                        ,Advanced Occupational (not limited to apprentices)                         ,Not applicable                                                             ,"Not Applicable, Credit course                                              ",Y,Course is not a support course                                             ,Fall 2025
Allan Hancock CCD,Allan Hancock,COMM102     ,CCC000314362,Small Group Communication                                           ,4,Speech Communication-150600                                                          ,Credit - Degree Applicable                                                 ,Transferable to both UC and CSU                                            ,03.00,03.00,Course is not a basic skills course                                        ,Non-Occupational                                                           ,Not applicable                                                             ,"Not Applicable, Credit course                                              ",Y,Course is not a support course                                             ,Fall 2025
Allan Hancock CCD,Allan Hancock,ART123      ,CCC000314892,Life Drawing 2                                                      ,1,Painting and Drawing-100210                                                          ,Credit - Degree Applicable                                                 ,Transferable to both UC and CSU                                            ,03.00,02.00,Course is not a basic skills course                                        ,Non-Occupational                                                           ,Not applicable                                                             ,"Not Applicable, Credit course                                              ",Y,Course is not a support course                                             ,Fall 2025
Allan Hancock CCD,Allan Hancock,CBOT333     ,CCC000315044,Business Desktop Publishing                                         ,1,Office Technology/Office Computer Applications-051400                                ,Credit - Degree Applicable                                                 ,Not transferable                                                           ,03.00,03.00,Course is not a basic skills course                                        ,Clearly Occupational (but not advanced)                                    ,Not applicable                                                             ,"Not Applicable, Credit course                                              ",Y,Course is not a support course                                             ,Fall 2025
Allan Hancock CCD,Allan Hancock,ASL120      ,CCC000315173,American Sign Language 1                                            ,4,Sign Language-085000                                                                 ,Credit - Degree Applicable                                                 ,Transferable to both UC and CSU                                            ,03.00,03.00,Course is not a basic skills course                                        ,Non-Occupational                                                           ,Not applicable                                                             ,"Not Applicable, Credit course                                              ",Y,Course is not a support course                                             ,Fall 2025
Allan Hancock CCD,Allan Hancock,ART160      ,CCC000315943,Ceramics 1                                                          ,3,Ceramics-100230                                                                      ,Credit - Degree Applicable                                                 ,Transferable to both UC and CSU                                            ,03.00,03.00,Course is not a basic skills course                                        ,Non-Occupational                                                           ,Not applicable                                                             ,"Not Applicable, Credit course                                              ",Y,Course is not a support course                                             ,Fall 2025
Allan Hancock CCD,Allan Hancock,BUS107      ,CCC000317394,Human Relations in Business                                         ,1,"Business and Commerce, General-050100                                                ",Credit - Degree Applicable                                                 ,Transferable to CSU only                                                   ,03.00,03.00,Course is not a basic skills course                                        ,Clearly Occupational (but not advanced)                                    ,Not applicable                                                             ,"Not Applicable, Credit course                                              ",Y,Course is not a support course                                             ,Fall 2025
Allan Hancock CCD,Allan Hancock,AT133       ,CCC000319106,Automotive Engine Rebuilding                                        ,1,Automotive Technology-094800                                                         ,Credit - Degree Applicable                                                 ,Transferable to CSU only                                                   ,05.00,05.00,Course is not a basic skills course                                        ,Advanced Occupational (not limited to apprentices)                         ,Not applicable                                                             ,"Not Applicable, Credit course                                              ",Y,Course is not a support course                                             ,Fall 2025
Allan Hancock CCD,Allan Hancock,PSY112      ,CCC000319522,Human Sexuality                                                     ,2,"Psychology, General-200100                                                           ",Credit - Degree Applicable                                                 ,Transferable to both UC and CSU                                            ,03.00,03.00,Course is not a basic skills course                                        ,Non-Occupational                                                           ,Not applicable                                                             ,"Not Applicable, Credit course                                              ",Y,Course is not a support course                                             ,Fall 2025
Allan Hancock CCD,Allan Hancock,AB355       ,CCC000320910,Selected Auto Body Metal Proj                                       ,1,Automotive Collision Repair-094900                                                   ,Credit - Degree Applicable                                                 ,Not transferable                                                           ,01.00,01.00,Course is not a basic skills course                                        ,Clearly Occupational (but not advanced)                                    ,Not applicable                                                             ,"Not Applicable, Credit course                                              ",Y,Course is not a support course                                             ,Fall 2025
Allan Hancock CCD,Allan Hancock,CBIS301     ,CCC000321179,Computer Fundamentals 1                                             ,1,Computer Information Systems-070200                                                  ,Credit - Degree Applicable                                                 ,Not transferable                                                           ,03.00,03.00,Course is not a basic skills course                                        ,Clearly Occupational (but not advanced)                                    ,Not applicable                                                             ,"Not Applicable, Credit course                                              ",Y,Course is not a support course                                             ,Fall 2025
Allan Hancock CCD,Allan Hancock,GEOL100     ,CCC000321226,Physical Geology                                                    ,1,Geology-191400                                                                       ,Credit - Degree Applicable                                                 ,Transferable to both UC and CSU                                            ,04.00,04.00,Course is not a basic skills course                                        ,Non-Occupational                                                           ,Not applicable                                                             ,"Not Applicable, Credit course                                              ",Y,Course is not a support course                                             ,Fall 2025
Allan Hancock CCD,Allan Hancock,AB356       ,CCC000321246,Automotive Painting Techniques                                      ,1,Automotive Collision Repair-094900                                                   ,Credit - Degree Applicable                                                 ,Not transferable                                                           ,03.00,03.00,Course is not a basic skills course                                        ,Clearly Occupational (but not advanced)                                    ,Not applicable                                                             ,"Not Applicable, Credit course                                              ",Y,Course is not a support course                                             ,Fall 2025
Allan Hancock CCD,Allan Hancock,VEN103      ,CCC000322307,Sensory Evaluation of Wine                                          ,1,"Viticulture, Enology, and Wine Business-010400                                       ",Credit - Degree Applicable                                                 ,Transferable to CSU only                                                   ,03.00,03.00,Course is not a basic skills course                                        ,Clearly Occupational (but not advanced)                                    ,Not applicable                                                             ,"Not Applicable, Credit course                                              ",Y,Course is not a support course                                             ,Fall 2025
Allan Hancock CCD,Allan Hancock,RE100       ,CCC000322313,Real Estate Principles                                              ,1,Real Estate-051100                                                                   ,Credit - Degree Applicable                                                 ,Transferable to CSU only                                                   ,03.00,03.00,Course is not a basic skills course                                        ,Clearly Occupational (but not advanced)                                    ,Not applicable                                                             ,"Not Applicable, Credit course                                              ",Y,Course is not a support course                                             ,Fall 2025
Allan Hancock CCD,Allan Hancock,AB351       ,CCC000324945,Auto Body Metal                                                     ,2,Automotive Collision Repair-094900                                                   ,Credit - Degree Applicable                                                 ,Not transferable                                                           ,03.00,03.00,Course is not a basic skills course                                        ,Clearly Occupational (but not advanced)                                    ,Not applicable                                                             ,"Not Applicable, Credit course                                              ",Y,Course is not a support course                                             ,Fall 2025
Allan Hancock CCD,Allan Hancock,OLDR7212A   ,CCC000325873,Watercolor Painting                                                 ,3,Painting and Drawing-100210                                                          ,Noncredit                                                                  ,Not transferable                                                           ,00.00,00.00,Course is not a basic skills course                                        ,Non-Occupational                                                           ,Not applicable                                                             ,Courses for Older Adults                                                   ,Y,Course is not a support course                                             ,Fall 2025
Allan Hancock CCD,Allan Hancock,PD100       ,CCC000327019,Personal & Career Exploration                                       ,4,Career Guidance and Orientation-493010                                               ,Credit - Degree Applicable                                                 ,Transferable to both UC and CSU                                            ,03.00,03.00,Course is not a basic skills course                                        ,Non-Occupational                                                           ,Not applicable                                                             ,"Not Applicable, Credit course                                              ",Y,Course is not a support course                                             ,Fall 2025
Allan Hancock CCD,Allan Hancock,DRMA103     ,CCC000328574,Introduction to Theatre                                             ,2,Dramatic Arts-100700                                                                 ,Credit - Degree Applicable                                                 ,Transferable to both UC and CSU                                            ,03.00,03.00,Course is not a basic skills course                                        ,Non-Occupational                                                           ,Not applicable                                                             ,"Not Applicable, Credit course                                              ",Y,Course is not a support course                                             ,Fall 2025
Allan Hancock CCD,Allan Hancock,PHIL112     ,CCC000329302,Logic                                                               ,2,Philosophy-150900                                                                    ,Credit - Degree Applicable                                                 ,Transferable to both UC and CSU                                            ,03.00,03.00,Course is not a basic skills course                                        ,Non-Occupational                                                           ,Not applicable                                                             ,"Not Applicable, Credit course                                              ",Y,Course is not a support course                                             ,Fall 2025
Allan Hancock CCD,Allan Hancock,ENGLC1001   ,CCC000330623,Critical Thinking and Writing                                       ,19,English-150100                                                                       ,Credit - Degree Applicable                                                 ,Transferable to both UC and CSU                                            ,03.00,03.00,Course is not a basic skills course                                        ,Non-Occupational                                                           ,Not applicable                                                             ,"Not Applicable, Credit course                                              ",A,Course is not a support course                                             ,Fall 2025
Allan Hancock CCD,Allan Hancock,MUS113      ,CCC000331837,Music Theory 3                                                      ,1,Music-100400                                                                         ,Credit - Degree Applicable                                                 ,Transferable to both UC and CSU                                            ,04.00,04.00,Course is not a basic skills course                                        ,Non-Occupational                                                           ,Not applicable                                                             ,"Not Applicable, Credit course                                              ",Y,Course is not a support course                                             ,Fall 2025
Allan Hancock CCD,Allan Hancock,CBIS371     ,CCC000332113,Intro to Excel                                                      ,1,Computer Information Systems-070200                                                  ,Credit - Degree Applicable                                                 ,Not transferable                                                           ,01.00,00.50,Course is not a basic skills course                                        ,Clearly Occupational (but not advanced)                                    ,Not applicable                                                             ,"Not Applicable, Credit course                                              ",Y,Course is not a support course                                             ,Fall 2025
Allan Hancock CCD,Allan Hancock,EL106       ,CCC000333032,Networking Essentials 1                                             ,3,Electronics and Electric Technology-093400                                           ,Credit - Degree Applicable                                                 ,Transferable to CSU only                                                   ,03.00,02.00,Course is not a basic skills course                                        ,Clearly Occupational (but not advanced)                                    ,Not applicable                                                             ,"Not Applicable, Credit course                                              ",Y,Course is not a support course                                             ,Fall 2025
Allan Hancock CCD,Allan Hancock,BUS371      ,CCC000333499,Sexual Harassment Law                                               ,1,"Business and Commerce, General-050100                                                ",Credit - Degree Applicable                                                 ,Not transferable                                                           ,00.50,00.50,Course is not a basic skills course                                        ,Clearly Occupational (but not advanced)                                    ,Not applicable                                                             ,"Not Applicable, Credit course                                              ",Y,Course is not a support course                                             ,Fall 2025
Allan Hancock CCD,Allan Hancock,ENVT101     ,CCC000335225,Introduction Environmental Health & Occupational Safety             ,1,Environmental Technology-030300                                                      ,Credit - Degree Applicable                                                 ,Transferable to CSU only                                                   ,03.00,03.00,Course is not a basic skills course                                        ,Clearly Occupational (but not advanced)                                    ,Not applicable                                                             ,"Not Applicable, Credit course                                              ",Y,Course is not a support course                                             ,Fall 2025
Allan Hancock CCD,Allan Hancock,HUSV110     ,CCC000336637,"Alcohol, Other Drugs, and Addi                                      ",1,Human Services-210400                                                                ,Credit - Degree Applicable                                                 ,Transferable to CSU only                                                   ,03.00,03.00,Course is not a basic skills course                                        ,Clearly Occupational (but not advanced)                                    ,Not applicable                                                             ,"Not Applicable, Credit course                                              ",Y,Course is not a support course                                             ,Fall 2025
Allan Hancock CCD,Allan Hancock,INTD171     ,CCC000337461,Interior Design Materials                                           ,1,Interior Design and Merchandising-130200                                             ,Credit - Degree Applicable                                                 ,Transferable to CSU only                                                   ,03.00,03.00,Course is not a basic skills course                                        ,Advanced Occupational (not limited to apprentices)                         ,Not applicable                                                             ,"Not Applicable, Credit course                                              ",Y,Course is not a support course                                             ,Fall 2025
Allan Hancock CCD,Allan Hancock,COMMC1000   ,CCC000337646,Public Speaking                                                     ,24,Speech Communication-150600                                                          ,Credit - Degree Applicable                                                 ,Transferable to both UC and CSU                                            ,03.00,03.00,Course is not a basic skills course                                        ,Non-Occupational                                                           ,Not applicable                                                             ,"Not Applicable, Credit course                                              ",Y,Course is not a support course                                             ,Fall 2025
Allan Hancock CCD,Allan Hancock,ECS101      ,CCC000337821,"Child, Family and Community                                         ",3,Child Development/Early Care and Education-130500                                    ,Credit - Degree Applicable                                                 ,Transferable to both UC and CSU                                            ,03.00,03.00,Course is not a basic skills course                                        ,Clearly Occupational (but not advanced)                                    ,Not applicable                                                             ,"Not Applicable, Credit course                                              ",Y,Course is not a support course                                             ,Fall 2025
Allan Hancock CCD,Allan Hancock,AT313       ,CCC000337885,Automotive Brakes                                                   ,2,Automotive Technology-094800                                                         ,Credit - Degree Applicable                                                 ,Not transferable                                                           ,04.00,04.00,Course is not a basic skills course                                        ,Advanced Occupational (not limited to apprentices)                         ,Not applicable                                                             ,"Not Applicable, Credit course                                              ",Y,Course is not a support course                                             ,Fall 2025
Allan Hancock CCD,Allan Hancock,MUS120      ,CCC000338261,Piano 2                                                             ,1,Music-100400                                                                         ,Credit - Degree Applicable                                                 ,Transferable to both UC and CSU                                            ,01.00,01.00,Course is not a basic skills course                                        ,Non-Occupational                                                           ,Not applicable                                                             ,"Not Applicable, Credit course                                              ",Y,Course is not a support course                                             ,Fall 2025
Allan Hancock CCD,Allan Hancock,NURS331     ,CCC000339444,Cardiovascular Conditions                                           ,1,Licensed Vocational Nursing-123020                                                   ,Credit - Degree Applicable                                                 ,Not transferable                                                           ,02.00,02.00,Course is not a basic skills course                                        ,Advanced Occupational (not limited to apprentices)                         ,Not applicable                                                             ,"Not Applicable, Credit course                                              ",Y,Course is not a support course                                             ,Fall 2025
Allan Hancock CCD,Allan Hancock,ENGLC1000   ,CCC000339486,Academic Reading and Writing                                        ,71,English-150100                                                                       ,Credit - Degree Applicable                                                 ,Transferable to both UC and CSU                                            ,04.00,04.00,Course is not a basic skills course                                        ,Non-Occupational                                                           ,Not applicable                                                             ,"Not Applicable, Credit course                                              ",A,Course is not a support course                                             ,Fall 2025
Allan Hancock CCD,Allan Hancock,BUS101      ,CCC000339488,Introduction to Business                                            ,6,"Business and Commerce, General-050100                                                ",Credit - Degree Applicable                                                 ,Transferable to both UC and CSU                                            ,03.00,03.00,Course is not a basic skills course                                        ,Clearly Occupational (but not advanced)                                    ,Not applicable                                                             ,"Not Applicable, Credit course                                              ",Y,Course is not a support course                                             ,Fall 2025
Allan Hancock CCD,Allan Hancock,ART122      ,CCC000339819,Life Drawing 1                                                      ,1,Painting and Drawing-100210                                                          ,Credit - Degree Applicable                                                 ,Transferable to both UC and CSU                                            ,03.00,02.00,Course is not a basic skills course                                        ,Non-Occupational                                                           ,Not applicable                                                             ,"Not Applicable, Credit course                                              ",Y,Course is not a support course                                             ,Fall 2025
Allan Hancock CCD,Allan Hancock,CBOT302     ,CCC000340632,Records Management                                                  ,1,Office Technology/Office Computer Applications-051400                                ,Credit - Degree Applicable                                                 ,Not transferable                                                           ,02.00,02.00,Course is not a basic skills course                                        ,Clearly Occupational (but not advanced)                                    ,Not applicable                                                             ,"Not Applicable, Credit course                                              ",Y,Course is not a support course                                             ,Fall 2025
Allan Hancock CCD,Allan Hancock,PE120       ,CCC000340637,Beginning & Intermediate Swim                                       ,1,Physical Education-083500                                                            ,Credit - Degree Applicable                                                 ,Transferable to CSU only                                                   ,01.00,01.00,Course is not a basic skills course                                        ,Non-Occupational                                                           ,Not applicable                                                             ,"Not Applicable, Credit course                                              ",Y,Course is not a support course                                             ,Fall 2025
Allan Hancock CCD,Allan Hancock,BIOL189     ,CCC000341026,Independent Projects                                                ,1,"Biology, General-040100                                                              ",Credit - Degree Applicable                                                 ,Transferable to CSU only                                                   ,03.00,01.00,Course is not a basic skills course                                        ,Non-Occupational                                                           ,Not applicable                                                             ,"Not Applicable, Credit course                                              ",Y,Course is not a support course                                             ,Fall 2025
Allan Hancock CCD,Allan Hancock,ARCH160     ,CCC000342307,Digital Tools in Architecture                                       ,1,Drafting Technology-095300                                                           ,Credit - Degree Applicable                                                 ,Transferable to CSU only                                                   ,03.00,03.00,Course is not a basic skills course                                        ,Clearly Occupational (but not advanced)                                    ,Not applicable                                                             ,"Not Applicable, Credit course                                              ",Y,Course is not a support course                                             ,Fall 2025
Allan Hancock CCD,Allan Hancock,COMM110     ,CCC000342743,Intercultural Communication                                         ,1,Speech Communication-150600                                                          ,Credit - Degree Applicable                                                 ,Transferable to both UC and CSU                                            ,03.00,03.00,Course is not a basic skills course                                        ,Non-Occupational                                                           ,Not applicable                                                             ,"Not Applicable, Credit course                                              ",Y,Course is not a support course                                             ,Fall 2025
Allan Hancock CCD,Allan Hancock,FT107       ,CCC000387473,Apparatus and Equipment                                             ,1,Fire Technology-213300                                                               ,Credit - Degree Applicable                                                 ,Transferable to CSU only                                                   ,03.00,03.00,Course is not a basic skills course                                        ,Clearly Occupational (but not advanced)                                    ,Not applicable                                                             ,"Not Applicable, Credit course                                              ",Y,Course is not a support course                                             ,Fall 2025
Allan Hancock CCD,Allan Hancock,BASK7014    ,CCC000391484,Mathematics Lab                                                     ,1,"Mathematics, General-170100                                                          ",Noncredit                                                                  ,Not transferable                                                           ,00.00,00.00,Course is a basic skills course                                            ,Non-Occupational                                                           ,Three levels below transfer                                                ,Elementary and Secondary Basic Skills                                      ,Y,Course is not a support course                                             ,Fall 2025
Allan Hancock CCD,Allan Hancock,GBST141     ,CCC000391488,Global Economics                                                    ,1,Economics-220400                                                                     ,Credit - Degree Applicable                                                 ,Transferable to both UC and CSU                                            ,03.00,03.00,Course is not a basic skills course                                        ,Non-Occupational                                                           ,Not applicable                                                             ,"Not Applicable, Credit course                                              ",Y,Course is not a support course                                             ,Fall 2025
Allan Hancock CCD,Allan Hancock,PSY142      ,CCC000403843,Co-occ Disorders: Engagement                                        ,1,Human Services-210400                                                                ,Credit - Degree Applicable                                                 ,Transferable to CSU only                                                   ,03.00,03.00,Course is not a basic skills course                                        ,Clearly Occupational (but not advanced)                                    ,Not applicable                                                             ,"Not Applicable, Credit course                                              ",Y,Course is not a support course                                             ,Fall 2025
Allan Hancock CCD,Allan Hancock,CNET104     ,CCC000414262,Introduction to Robotics and Mechatronics                           ,1,Computer Electronics-093410                                                          ,Credit - Degree Applicable                                                 ,Transferable to CSU only                                                   ,03.00,03.00,Course is not a basic skills course                                        ,Clearly Occupational (but not advanced)                                    ,Not applicable                                                             ,"Not Applicable, Credit course                                              ",Y,Course is not a support course                                             ,Fall 2025
Allan Hancock CCD,Allan Hancock,HOEC7023    ,CCC000414345,Vegetarian Cooking                                                  ,1,"Nutrition, Foods, and Culinary Arts-130600                                           ",Noncredit                                                                  ,Not transferable                                                           ,00.00,00.00,Course is not a basic skills course                                        ,Non-Occupational                                                           ,Not applicable                                                             ,Home Economics/Family & Consumer Science                                   ,Y,Course is not a support course                                             ,Fall 2025
Allan Hancock CCD,Allan Hancock,CHEM110     ,CCC000415216,Chemistry and Society                                               ,1,"Chemistry, General-190500                                                            ",Credit - Degree Applicable                                                 ,Transferable to CSU only                                                   ,04.00,04.00,Course is not a basic skills course                                        ,Non-Occupational                                                           ,Not applicable                                                             ,"Not Applicable, Credit course                                              ",Y,Course is not a support course                                             ,Fall 2025
Allan Hancock CCD,Allan Hancock,FILM120     ,CCC000416020,Intro Sound Recording & Mixing                                      ,1,Commercial Music-100500                                                              ,Credit - Degree Applicable                                                 ,Transferable to CSU only                                                   ,03.00,03.00,Course is not a basic skills course                                        ,Clearly Occupational (but not advanced)                                    ,Not applicable                                                             ,"Not Applicable, Credit course                                              ",Y,Course is not a support course                                             ,Fall 2025
Allan Hancock CCD,Allan Hancock,CS111       ,CCC000418875,Fundamentals of Programming 1                                       ,3,Computer Science (Transfer)-070600                                                   ,Credit - Degree Applicable                                                 ,Transferable to both UC and CSU                                            ,04.00,04.00,Course is not a basic skills course                                        ,Non-Occupational                                                           ,Not applicable                                                             ,"Not Applicable, Credit course                                              ",C,Course is not a support course                                             ,Fall 2025
Allan Hancock CCD,Allan Hancock,AB300       ,CCC000425258,Shop Math and Measurement                                           ,2,"Mathematics, General-170100                                                          ",Credit - Degree Applicable                                                 ,Not transferable                                                           ,03.00,03.00,Course is not a basic skills course                                        ,Possibly Occupational                                                      ,One level below transfer                                                   ,"Not Applicable, Credit course                                              ",Y,Course is not a support course                                             ,Fall 2025
Allan Hancock CCD,Allan Hancock,MUS189      ,CCC000436363,Independent Projects                                                ,1,Music-100400                                                                         ,Credit - Degree Applicable                                                 ,Transferable to CSU only                                                   ,03.00,01.00,Course is not a basic skills course                                        ,Possibly Occupational                                                      ,Not applicable                                                             ,"Not Applicable, Credit course                                              ",Y,Course is not a support course                                             ,Fall 2025
Allan Hancock CCD,Allan Hancock,BUS374      ,CCC000436686,Business Incorporation                                              ,1,"Business and Commerce, General-050100                                                ",Credit - Degree Applicable                                                 ,Not transferable                                                           ,00.50,00.50,Course is not a basic skills course                                        ,Clearly Occupational (but not advanced)                                    ,Not applicable                                                             ,"Not Applicable, Credit course                                              ",Y,Course is not a support course                                             ,Fall 2025
Allan Hancock CCD,Allan Hancock,BUS121      ,CCC000436707,Business Economics                                                  ,1,Economics-220400                                                                     ,Credit - Degree Applicable                                                 ,Transferable to CSU only                                                   ,03.00,03.00,Course is not a basic skills course                                        ,Clearly Occupational (but not advanced)                                    ,Not applicable                                                             ,"Not Applicable, Credit course                                              ",Y,Course is not a support course                                             ,Fall 2025
Allan Hancock CCD,Allan Hancock,ECON121     ,CCC000436708,Business Economics                                                  ,1,Economics-220400                                                                     ,Credit - Degree Applicable                                                 ,Transferable to CSU only                                                   ,03.00,03.00,Course is not a basic skills course                                        ,Non-Occupational                                                           ,Not applicable                                                             ,"Not Applicable, Credit course                                              ",Y,Course is not a support course                                             ,Fall 2025
Allan Hancock CCD,Allan Hancock,MUS115      ,CCC000436730,Intro Sound Recording & Mixing                                      ,1,Commercial Music-100500                                                              ,Credit - Degree Applicable                                                 ,Transferable to CSU only                                                   ,03.00,03.00,Course is not a basic skills course                                        ,Possibly Occupational                                                      ,Not applicable                                                             ,"Not Applicable, Credit course                                              ",Y,Course is not a support course                                             ,Fall 2025
Allan Hancock CCD,Allan Hancock,BUS389      ,CCC000436732,Customer Service: Series                                            ,1,"Business and Commerce, General-050100                                                ",Credit - Degree Applicable                                                 ,Not transferable                                                           ,03.00,03.00,Course is not a basic skills course                                        ,Clearly Occupational (but not advanced)                                    ,Not applicable                                                             ,"Not Applicable, Credit course                                              ",Y,Course is not a support course                                             ,Fall 2025
Allan Hancock CCD,Allan Hancock,BUS111      ,CCC000436748,Internet Marketing                                                  ,1,"Business and Commerce, General-050100                                                ",Credit - Degree Applicable                                                 ,Transferable to CSU only                                                   ,03.00,03.00,Course is not a basic skills course                                        ,Clearly Occupational (but not advanced)                                    ,Not applicable                                                             ,"Not Applicable, Credit course                                              ",Y,Course is not a support course                                             ,Fall 2025
Allan Hancock CCD,Allan Hancock,ANTH105     ,CCC000437197,Language and Culture                                                ,1,Human Services-210400                                                                ,Credit - Degree Applicable                                                 ,Transferable to both UC and CSU                                            ,03.00,03.00,Course is not a basic skills course                                        ,Non-Occupational                                                           ,Not applicable                                                             ,"Not Applicable, Credit course                                              ",Y,Course is not a support course                                             ,Fall 2025
Allan Hancock CCD,Allan Hancock,MMAC115     ,CCC000437251,Introduction to Animation                                           ,1,Digital Media-061400                                                                 ,Credit - Degree Applicable                                                 ,Transferable to CSU only                                                   ,03.00,03.00,Course is not a basic skills course                                        ,Possibly Occupational                                                      ,Not applicable                                                             ,"Not Applicable, Credit course                                              ",Y,Course is not a support course                                             ,Fall 2025
Allan Hancock CCD,Allan Hancock,MMAC117     ,CCC000437262,3D Computer Animation 1                                             ,1,Digital Media-061400                                                                 ,Credit - Degree Applicable                                                 ,Transferable to CSU only                                                   ,03.00,03.00,Course is not a basic skills course                                        ,Possibly Occupational                                                      ,Not applicable                                                             ,"Not Applicable, Credit course                                              ",Y,Course is not a support course                                             ,Fall 2025
Allan Hancock CCD,Allan Hancock,MMAC118     ,CCC000437263,3D Computer Animation 2                                             ,1,Digital Media-061400                                                                 ,Credit - Degree Applicable                                                 ,Transferable to CSU only                                                   ,03.00,03.00,Course is not a basic skills course                                        ,Clearly Occupational (but not advanced)                                    ,Not applicable                                                             ,"Not Applicable, Credit course                                              ",Y,Course is not a support course                                             ,Fall 2025
Allan Hancock CCD,Allan Hancock,NURS370     ,CCC000437264,Intravenous Therapy                                                 ,1,Licensed Vocational Nursing-123020                                                   ,Credit - Degree Applicable                                                 ,Not transferable                                                           ,02.00,02.00,Course is not a basic skills course                                        ,Advanced Occupational (not limited to apprentices)                         ,Not applicable                                                             ,"Not Applicable, Credit course                                              ",Y,Course is not a support course                                             ,Fall 2025
Allan Hancock CCD,Allan Hancock,FT319       ,CCC000437275,Emergency Resp to Terrorism                                         ,1,Fire Technology-213300                                                               ,Credit - Degree Applicable                                                 ,Not transferable                                                           ,03.00,03.00,Course is not a basic skills course                                        ,Clearly Occupational (but not advanced)                                    ,Not applicable                                                             ,"Not Applicable, Credit course                                              ",Y,Course is not a support course                                             ,Fall 2025
Allan Hancock CCD,Allan Hancock,EMS319      ,CCC000437276,Emerg Resp to Terrorism                                             ,1,Fire Technology-213300                                                               ,Credit - Degree Applicable                                                 ,Not transferable                                                           ,03.00,03.00,Course is not a basic skills course                                        ,Clearly Occupational (but not advanced)                                    ,Not applicable                                                             ,"Not Applicable, Credit course                                              ",Y,Course is not a support course                                             ,Fall 2025
Allan Hancock CCD,Allan Hancock,EMS130      ,CCC000437284,Principles of Emergency Mgmt                                        ,1,Emergency Medical Services-125000                                                    ,Credit - Degree Applicable                                                 ,Transferable to CSU only                                                   ,03.00,03.00,Course is not a basic skills course                                        ,Clearly Occupational (but not advanced)                                    ,Not applicable                                                             ,"Not Applicable, Credit course                                              ",Y,Course is not a support course                                             ,Fall 2025
Allan Hancock CCD,Allan Hancock,FT130       ,CCC000437285,Principles of Emergency Mgmt                                        ,1,Emergency Medical Services-125000                                                    ,Credit - Degree Applicable                                                 ,Transferable to CSU only                                                   ,03.00,03.00,Course is not a basic skills course                                        ,Clearly Occupational (but not advanced)                                    ,Not applicable                                                             ,"Not Applicable, Credit course                                              ",Y,Course is not a support course                                             ,Fall 2025
Allan Hancock CCD,Allan Hancock,LDER112     ,CCC000437299,Prac/App of Leadership Princip                                      ,1,Student Government-220710                                                            ,Credit - Degree Applicable                                                 ,Transferable to CSU only                                                   ,03.00,03.00,Course is not a basic skills course                                        ,Non-Occupational                                                           ,Not applicable                                                             ,"Not Applicable, Credit course                                              ",Y,Course is not a support course                                             ,Fall 2025
Allan Hancock CCD,Allan Hancock,LDER111     ,CCC000437300,Prin/Prac Student Government                                        ,1,Student Government-220710                                                            ,Credit - Degree Applicable                                                 ,Transferable to CSU only                                                   ,03.00,03.00,Course is not a basic skills course                                        ,Non-Occupational                                                           ,Not applicable                                                             ,"Not Applicable, Credit course                                              ",Y,Course is not a support course                                             ,Fall 2025
Allan Hancock CCD,Allan Hancock,MA305       ,CCC000437730,Body Systems And Disease                                            ,1,Medical Assisting-120800                                                             ,Credit - Degree Applicable                                                 ,Not transferable                                                           ,05.00,05.00,Course is not a basic skills course                                        ,Clearly Occupational (but not advanced)                                    ,Not applicable                                                             ,"Not Applicable, Credit course                                              ",Y,Course is not a support course                                             ,Fall 2025
Allan Hancock CCD,Allan Hancock,EMS102      ,CCC000446556,First Aid & Safety                                                  ,5,Emergency Medical Services-125000                                                    ,Credit - Degree Applicable                                                 ,Transferable to both UC and CSU                                            ,03.00,03.00,Course is not a basic skills course                                        ,Clearly Occupational (but not advanced)                                    ,Not applicable                                                             ,"Not Applicable, Credit course                                              ",Y,Course is not a support course                                             ,Fall 2025
Allan Hancock CCD,Allan Hancock,PSY121      ,CCC000446562,Social Psychology                                                   ,1,"Psychology, General-200100                                                           ",Credit - Degree Applicable                                                 ,Transferable to both UC and CSU                                            ,03.00,03.00,Course is not a basic skills course                                        ,Non-Occupational                                                           ,Not applicable                                                             ,"Not Applicable, Credit course                                              ",Y,Course is not a support course                                             ,Fall 2025
Allan Hancock CCD,Allan Hancock,PHYS141     ,CCC000446564,General Physics 1                                                   ,2,"Physics, General-190200                                                              ",Credit - Degree Applicable                                                 ,Transferable to CSU only                                                   ,04.00,04.00,Course is not a basic skills course                                        ,Non-Occupational                                                           ,Not applicable                                                             ,"Not Applicable, Credit course                                              ",Y,Course is not a support course                                             ,Fall 2025
Allan Hancock CCD,Allan Hancock,BIOL150     ,CCC000458873,Cellular Biology                                                    ,2,"Biology, General-040100                                                              ",Credit - Degree Applicable                                                 ,Transferable to both UC and CSU                                            ,05.00,05.00,Course is not a basic skills course                                        ,Non-Occupational                                                           ,Not applicable                                                             ,"Not Applicable, Credit course                                              ",Y,Course is not a support course                                             ,Fall 2025
Allan Hancock CCD,Allan Hancock,ECS102      ,CCC000497810,"Child Health, Safety & Nutriti                                      ",3,Child Development/Early Care and Education-130500                                    ,Credit - Degree Applicable                                                 ,Transferable to CSU only                                                   ,03.00,03.00,Course is not a basic skills course                                        ,Clearly Occupational (but not advanced)                                    ,Not applicable                                                             ,"Not Applicable, Credit course                                              ",Y,Course is not a support course                                             ,Fall 2025
Allan Hancock CCD,Allan Hancock,FILM107     ,CCC000503426,History of World Cinema                                             ,1,Film Production-061220                                                               ,Credit - Degree Applicable                                                 ,Transferable to both UC and CSU                                            ,03.00,03.00,Course is not a basic skills course                                        ,Possibly Occupational                                                      ,Not applicable                                                             ,"Not Applicable, Credit course                                              ",Y,Course is not a support course                                             ,Fall 2025
Allan Hancock CCD,Allan Hancock,ECS118      ,CCC000503434,Practicum: Preschool                                                ,1,Child Development/Early Care and Education-130500                                    ,Credit - Degree Applicable                                                 ,Transferable to CSU only                                                   ,03.00,03.00,Course is not a basic skills course                                        ,Advanced Occupational (not limited to apprentices)                         ,Not applicable                                                             ,"Not Applicable, Credit course                                              ",Y,Course is not a support course                                             ,Fall 2025
Allan Hancock CCD,Allan Hancock,ECS119      ,CCC000503435,Practicum: Infant/Toddler                                           ,1,Child Development/Early Care and Education-130500                                    ,Credit - Degree Applicable                                                 ,Transferable to CSU only                                                   ,03.00,03.00,Course is not a basic skills course                                        ,Advanced Occupational (not limited to apprentices)                         ,Not applicable                                                             ,"Not Applicable, Credit course                                              ",Y,Course is not a support course                                             ,Fall 2025
Allan Hancock CCD,Allan Hancock,ENGL100     ,CCC000510128,Writing in Career/Tech Fields                                       ,4,English-150100                                                                       ,Credit - Degree Applicable                                                 ,Transferable to CSU only                                                   ,04.00,04.00,Course is not a basic skills course                                        ,Non-Occupational                                                           ,Not applicable                                                             ,"Not Applicable, Credit course                                              ",Y,Course is not a support course                                             ,Fall 2025
Allan Hancock CCD,Allan Hancock,BUS386      ,CCC000510146,Business Resume Writing                                             ,1,Business Management-050600                                                           ,Credit - Degree Applicable                                                 ,Not transferable                                                           ,01.00,01.00,Course is not a basic skills course                                        ,Clearly Occupational (but not advanced)                                    ,Not applicable                                                             ,"Not Applicable, Credit course                                              ",Y,Course is not a support course                                             ,Fall 2025
Allan Hancock CCD,Allan Hancock,DA317       ,CCC000510150,Dental Assisting Theory                                             ,1,Dental Assistant-124010                                                              ,Credit - Degree Applicable                                                 ,Not transferable                                                           ,07.00,07.00,Course is not a basic skills course                                        ,Clearly Occupational (but not advanced)                                    ,Not applicable                                                             ,"Not Applicable, Credit course                                              ",Y,Course is not a support course                                             ,Fall 2025
Allan Hancock CCD,Allan Hancock,DA318       ,CCC000510154,Basic Dental Assisting Skills                                       ,2,Dental Assistant-124010                                                              ,Credit - Degree Applicable                                                 ,Not transferable                                                           ,03.00,03.00,Course is not a basic skills course                                        ,Clearly Occupational (but not advanced)                                    ,Not applicable                                                             ,"Not Applicable, Credit course                                              ",Y,Course is not a support course                                             ,Fall 2025
Allan Hancock CCD,Allan Hancock,ECS104      ,CCC000510157,Principles and Practices                                            ,3,Child Development/Early Care and Education-130500                                    ,Credit - Degree Applicable                                                 ,Transferable to CSU only                                                   ,03.00,03.00,Course is not a basic skills course                                        ,Clearly Occupational (but not advanced)                                    ,Not applicable                                                             ,"Not Applicable, Credit course                                              ",Y,Course is not a support course                                             ,Fall 2025
Allan Hancock CCD,Allan Hancock,MUS146      ,CCC000510158,Jazz Ensemble                                                       ,1,Music-100400                                                                         ,Credit - Degree Applicable                                                 ,Transferable to both UC and CSU                                            ,01.00,01.00,Course is not a basic skills course                                        ,Non-Occupational                                                           ,Not applicable                                                             ,"Not Applicable, Credit course                                              ",Y,Course is not a support course                                             ,Fall 2025
Allan Hancock CCD,Allan Hancock,FILM128     ,CCC000510159,Intermediate Motion Graphics                                        ,1,Digital Media-061400                                                                 ,Credit - Degree Applicable                                                 ,Transferable to CSU only                                                   ,03.00,03.00,Course is not a basic skills course                                        ,Possibly Occupational                                                      ,Not applicable                                                             ,"Not Applicable, Credit course                                              ",Y,Course is not a support course                                             ,Fall 2025
Allan Hancock CCD,Allan Hancock,MMAC128     ,CCC000510160,Intermediate Motion Graphics                                        ,1,Digital Media-061400                                                                 ,Credit - Degree Applicable                                                 ,Transferable to CSU only                                                   ,03.00,03.00,Course is not a basic skills course                                        ,Clearly Occupational (but not advanced)                                    ,Not applicable                                                             ,"Not Applicable, Credit course                                              ",Y,Course is not a support course                                             ,Fall 2025
Allan Hancock CCD,Allan Hancock,REC101      ,CCC000510168,Intro to Recreation Management                                      ,1,Recreation Assistant-083610                                                          ,Credit - Degree Applicable                                                 ,Transferable to both UC and CSU                                            ,03.00,03.00,Course is not a basic skills course                                        ,Possibly Occupational                                                      ,Not applicable                                                             ,"Not Applicable, Credit course                                              ",Y,Course is not a support course                                             ,Fall 2025
Allan Hancock CCD,Allan Hancock,REC105      ,CCC000510170,Program Planning for Recreatio                                      ,1,Recreation Assistant-083610                                                          ,Credit - Degree Applicable                                                 ,Transferable to CSU only                                                   ,03.00,03.00,Course is not a basic skills course                                        ,Clearly Occupational (but not advanced)                                    ,Not applicable                                                             ,"Not Applicable, Credit course                                              ",Y,Course is not a support course                                             ,Fall 2025
Allan Hancock CCD,Allan Hancock,ELD521      ,CCC000510176,High Intermediate Reading                                           ,1,English as a Second Language - Reading-493085                                        ,Credit - Not Degree Applicable                                             ,Not transferable                                                           ,04.00,04.00,Course is a basic skills course                                            ,Non-Occupational                                                           ,Four levels below transfer                                                 ,"Not Applicable, Credit course                                              ",Y,Course is not a support course                                             ,Fall 2025
Allan Hancock CCD,Allan Hancock,ELD531      ,CCC000510177,High Intermediate Writing                                           ,2,English as a Second Language - Writing-493084                                        ,Credit - Not Degree Applicable                                             ,Not transferable                                                           ,04.00,04.00,Course is a basic skills course                                            ,Non-Occupational                                                           ,Four levels below transfer                                                 ,"Not Applicable, Credit course                                              ",Y,Course is not a support course                                             ,Fall 2025
Allan Hancock CCD,Allan Hancock,ELD522      ,CCC000510178,Low Advanced Reading                                                ,1,English as a Second Language - Reading-493085                                        ,Credit - Not Degree Applicable                                             ,Not transferable                                                           ,04.00,04.00,Course is a basic skills course                                            ,Non-Occupational                                                           ,Three levels below transfer                                                ,"Not Applicable, Credit course                                              ",Y,Course is not a support course                                             ,Fall 2025
Allan Hancock CCD,Allan Hancock,ELD502      ,CCC000510181,Low Advanced Grammar                                                ,1,English as a Second Language - Integrated-493087                                     ,Credit - Not Degree Applicable                                             ,Not transferable                                                           ,03.00,03.00,Course is a basic skills course                                            ,Non-Occupational                                                           ,Four levels below transfer                                                 ,"Not Applicable, Credit course                                              ",Y,Course is not a support course                                             ,Fall 2025
Allan Hancock CCD,Allan Hancock,FSN109      ,CCC000510188,Basic Nutrition for Health                                          ,4,"Nutrition, Foods, and Culinary Arts-130600                                           ",Credit - Degree Applicable                                                 ,Transferable to CSU only                                                   ,03.00,03.00,Course is not a basic skills course                                        ,Clearly Occupational (but not advanced)                                    ,Not applicable                                                             ,"Not Applicable, Credit course                                              ",Y,Course is not a support course                                             ,Fall 2025
Allan Hancock CCD,Allan Hancock,FSN110      ,CCC000510189,Nutrition Science                                                   ,5,"Nutrition, Foods, and Culinary Arts-130600                                           ",Credit - Degree Applicable                                                 ,Transferable to both UC and CSU                                            ,03.00,03.00,Course is not a basic skills course                                        ,Clearly Occupational (but not advanced)                                    ,Not applicable                                                             ,"Not Applicable, Credit course                                              ",Y,Course is not a support course                                             ,Fall 2025
Allan Hancock CCD,Allan Hancock,CA118       ,CCC000510191,Beverage Management                                                 ,1,"Nutrition, Foods, and Culinary Arts-130600                                           ",Credit - Degree Applicable                                                 ,Transferable to CSU only                                                   ,01.00,01.00,Course is not a basic skills course                                        ,Clearly Occupational (but not advanced)                                    ,Not applicable                                                             ,"Not Applicable, Credit course                                              ",Y,Course is not a support course                                             ,Fall 2025
Allan Hancock CCD,Allan Hancock,CA120       ,CCC000510192,Principles of Foods 1                                               ,3,"Nutrition, Foods, and Culinary Arts-130600                                           ",Credit - Degree Applicable                                                 ,Transferable to CSU only                                                   ,04.00,04.00,Course is not a basic skills course                                        ,Clearly Occupational (but not advanced)                                    ,Not applicable                                                             ,"Not Applicable, Credit course                                              ",Y,Course is not a support course                                             ,Fall 2025
Allan Hancock CCD,Allan Hancock,CA121       ,CCC000510193,Basic Baking and Pastry                                             ,2,"Nutrition, Foods, and Culinary Arts-130600                                           ",Credit - Degree Applicable                                                 ,Transferable to CSU only                                                   ,03.00,03.00,Course is not a basic skills course                                        ,Clearly Occupational (but not advanced)                                    ,Not applicable                                                             ,"Not Applicable, Credit course                                              ",Y,Course is not a support course                                             ,Fall 2025
Allan Hancock CCD,Allan Hancock,CA122       ,CCC000510194,Advanced Baking and Pastry                                          ,1,"Nutrition, Foods, and Culinary Arts-130600                                           ",Credit - Degree Applicable                                                 ,Transferable to CSU only                                                   ,03.00,03.00,Course is not a basic skills course                                        ,Clearly Occupational (but not advanced)                                    ,Not applicable                                                             ,"Not Applicable, Credit course                                              ",Y,Course is not a support course                                             ,Fall 2025
Allan Hancock CCD,Allan Hancock,CA123       ,CCC000510195,Principles of Foods 2                                               ,1,"Nutrition, Foods, and Culinary Arts-130600                                           ",Credit - Degree Applicable                                                 ,Transferable to CSU only                                                   ,02.00,02.00,Course is not a basic skills course                                        ,Clearly Occupational (but not advanced)                                    ,Not applicable                                                             ,"Not Applicable, Credit course                                              ",Y,Course is not a support course                                             ,Fall 2025
Allan Hancock CCD,Allan Hancock,CA124       ,CCC000510196,"Sanitation, Safety & Equipment                                      ",5,"Nutrition, Foods, and Culinary Arts-130600                                           ",Credit - Degree Applicable                                                 ,Transferable to CSU only                                                   ,03.00,03.00,Course is not a basic skills course                                        ,Clearly Occupational (but not advanced)                                    ,Not applicable                                                             ,"Not Applicable, Credit course                                              ",Y,Course is not a support course                                             ,Fall 2025
Allan Hancock CCD,Allan Hancock,CA125       ,CCC000510197,Supervision and Training Techniques                                 ,1,"Nutrition, Foods, and Culinary Arts-130600                                           ",Credit - Degree Applicable                                                 ,Transferable to CSU only                                                   ,03.00,03.00,Course is not a basic skills course                                        ,Clearly Occupational (but not advanced)                                    ,Not applicable                                                             ,"Not Applicable, Credit course                                              ",Y,Course is not a support course                                             ,Fall 2025
Allan Hancock CCD,Allan Hancock,CA126       ,CCC000510198,"Food Production Cost, Control                                       ",1,"Nutrition, Foods, and Culinary Arts-130600                                           ",Credit - Degree Applicable                                                 ,Transferable to CSU only                                                   ,03.00,03.00,Course is not a basic skills course                                        ,Clearly Occupational (but not advanced)                                    ,Not applicable                                                             ,"Not Applicable, Credit course                                              ",Y,Course is not a support course                                             ,Fall 2025
Allan Hancock CCD,Allan Hancock,CA129       ,CCC000510201,Catering & Events Management                                        ,1,"Nutrition, Foods, and Culinary Arts-130600                                           ",Credit - Degree Applicable                                                 ,Transferable to CSU only                                                   ,03.00,03.00,Course is not a basic skills course                                        ,Clearly Occupational (but not advanced)                                    ,Not applicable                                                             ,"Not Applicable, Credit course                                              ",Y,Course is not a support course                                             ,Fall 2025
Allan Hancock CCD,Allan Hancock,FSN132      ,CCC000510202,Intro to Culinology Profession                                      ,1,"Nutrition, Foods, and Culinary Arts-130600                                           ",Credit - Degree Applicable                                                 ,Transferable to CSU only                                                   ,01.00,01.00,Course is not a basic skills course                                        ,Clearly Occupational (but not advanced)                                    ,Not applicable                                                             ,"Not Applicable, Credit course                                              ",Y,Course is not a support course                                             ,Fall 2025
Allan Hancock CCD,Allan Hancock,DA319       ,CCC000510210,DA Administrative Skills                                            ,1,Dental Assistant-124010                                                              ,Credit - Degree Applicable                                                 ,Not transferable                                                           ,03.00,03.00,Course is not a basic skills course                                        ,Clearly Occupational (but not advanced)                                    ,Not applicable                                                             ,"Not Applicable, Credit course                                              ",Y,Course is not a support course                                             ,Fall 2025
Allan Hancock CCD,Allan Hancock,CBIS101     ,CCC000510211,Computer Concepts & Apps                                            ,4,Computer Information Systems-070200                                                  ,Credit - Degree Applicable                                                 ,Transferable to both UC and CSU                                            ,03.00,03.00,Course is not a basic skills course                                        ,Clearly Occupational (but not advanced)                                    ,Not applicable                                                             ,"Not Applicable, Credit course                                              ",C,Course is not a support course                                             ,Fall 2025
Allan Hancock CCD,Allan Hancock,HEAL7021    ,CCC000513139,Balance and Mobility                                                ,4,Physical Fitness and Body Movement-083510                                            ,Noncredit                                                                  ,Not transferable                                                           ,00.00,00.00,Course is not a basic skills course                                        ,Non-Occupational                                                           ,Not applicable                                                             ,Health and Safety                                                          ,Y,Course is not a support course                                             ,Fall 2025
Allan Hancock CCD,Allan Hancock,MA352       ,CCC000517309,MA Administrative Procedures                                        ,1,Medical Assisting-120800                                                             ,Credit - Not Degree Applicable                                             ,Not transferable                                                           ,04.00,04.00,Course is not a basic skills course                                        ,Clearly Occupational (but not advanced)                                    ,Not applicable                                                             ,"Not Applicable, Credit course                                              ",Y,Course is not a support course                                             ,Fall 2025
Allan Hancock CCD,Allan Hancock,MA350       ,CCC000517330,MA Fundamentals                                                     ,1,Medical Assisting-120800                                                             ,Credit - Not Degree Applicable                                             ,Not transferable                                                           ,02.00,02.00,Course is not a basic skills course                                        ,Clearly Occupational (but not advanced)                                    ,Not applicable                                                             ,"Not Applicable, Credit course                                              ",Y,Course is not a support course                                             ,Fall 2025
Allan Hancock CCD,Allan Hancock,MA351       ,CCC000517343,MA Clinical Procedures 1                                            ,1,Medical Assisting-120800                                                             ,Credit - Not Degree Applicable                                             ,Not transferable                                                           ,03.00,03.00,Course is not a basic skills course                                        ,Clearly Occupational (but not advanced)                                    ,Not applicable                                                             ,"Not Applicable, Credit course                                              ",Y,Course is not a support course                                             ,Fall 2025
Allan Hancock CCD,Allan Hancock,PEIA140     ,CCC000517629,Intercollegiate Baseball                                            ,1,Intercollegiate Athletics-083550                                                     ,Credit - Degree Applicable                                                 ,Transferable to CSU only                                                   ,03.00,03.00,Course is not a basic skills course                                        ,Non-Occupational                                                           ,Not applicable                                                             ,"Not Applicable, Credit course                                              ",Y,Course is not a support course                                             ,Fall 2025
Allan Hancock CCD,Allan Hancock,PEIA130     ,CCC000517630,"Intercollegiate Basketball, M                                       ",1,Intercollegiate Athletics-083550                                                     ,Credit - Degree Applicable                                                 ,Transferable to CSU only                                                   ,03.00,01.50,Course is not a basic skills course                                        ,Non-Occupational                                                           ,Not applicable                                                             ,"Not Applicable, Credit course                                              ",Y,Course is not a support course                                             ,Fall 2025
Allan Hancock CCD,Allan Hancock,PEIA135     ,CCC000517631,"Intercollegiate Basketball, W                                       ",1,Intercollegiate Athletics-083550                                                     ,Credit - Degree Applicable                                                 ,Transferable to CSU only                                                   ,03.00,01.50,Course is not a basic skills course                                        ,Non-Occupational                                                           ,Not applicable                                                             ,"Not Applicable, Credit course                                              ",Y,Course is not a support course                                             ,Fall 2025
Allan Hancock CCD,Allan Hancock,PEIA120     ,CCC000517632,Intercollegiate Cross Country                                       ,1,Intercollegiate Athletics-083550                                                     ,Credit - Degree Applicable                                                 ,Transferable to CSU only                                                   ,03.00,03.00,Course is not a basic skills course                                        ,Non-Occupational                                                           ,Not applicable                                                             ,"Not Applicable, Credit course                                              ",Y,Course is not a support course                                             ,Fall 2025
Allan Hancock CCD,Allan Hancock,PEIA100     ,CCC000517633,Intercollegiate Football                                            ,3,Intercollegiate Athletics-083550                                                     ,Credit - Degree Applicable                                                 ,Transferable to CSU only                                                   ,03.00,03.00,Course is not a basic skills course                                        ,Non-Occupational                                                           ,Not applicable                                                             ,"Not Applicable, Credit course                                              ",Y,Course is not a support course                                             ,Fall 2025
Allan Hancock CCD,Allan Hancock,PEIA170     ,CCC000517634,Intercollegiate Golf                                                ,1,Intercollegiate Athletics-083550                                                     ,Credit - Degree Applicable                                                 ,Transferable to CSU only                                                   ,03.00,03.00,Course is not a basic skills course                                        ,Non-Occupational                                                           ,Not applicable                                                             ,"Not Applicable, Credit course                                              ",Y,Course is not a support course                                             ,Fall 2025
Allan Hancock CCD,Allan Hancock,PEIA145     ,CCC000517636,Intercollegiate Softball                                            ,1,Intercollegiate Athletics-083550                                                     ,Credit - Degree Applicable                                                 ,Transferable to CSU only                                                   ,03.00,03.00,Course is not a basic skills course                                        ,Non-Occupational                                                           ,Not applicable                                                             ,"Not Applicable, Credit course                                              ",Y,Course is not a support course                                             ,Fall 2025
Allan Hancock CCD,Allan Hancock,PEIA125     ,CCC000517641,Intercollegiate Volleyball                                          ,1,Intercollegiate Athletics-083550                                                     ,Credit - Degree Applicable                                                 ,Transferable to CSU only                                                   ,03.00,03.00,Course is not a basic skills course                                        ,Non-Occupational                                                           ,Not applicable                                                             ,"Not Applicable, Credit course                                              ",Y,Course is not a support course                                             ,Fall 2025
Allan Hancock CCD,Allan Hancock,PEIA110     ,CCC000517642,"Intercollegiate Soccer, Men                                         ",1,Intercollegiate Athletics-083550                                                     ,Credit - Degree Applicable                                                 ,Transferable to CSU only                                                   ,03.00,03.00,Course is not a basic skills course                                        ,Non-Occupational                                                           ,Not applicable                                                             ,"Not Applicable, Credit course                                              ",Y,Course is not a support course                                             ,Fall 2025
Allan Hancock CCD,Allan Hancock,PEIA105     ,CCC000517643,"Intercollegiate Soccer, Women                                       ",1,Intercollegiate Athletics-083550                                                     ,Credit - Degree Applicable                                                 ,Transferable to CSU only                                                   ,03.00,03.00,Course is not a basic skills course                                        ,Non-Occupational                                                           ,Not applicable                                                             ,"Not Applicable, Credit course                                              ",Y,Course is not a support course                                             ,Fall 2025
Allan Hancock CCD,Allan Hancock,PLGL101     ,CCC000517898,Intro to Paralegal Studies                                          ,1,Paralegal-140200                                                                     ,Credit - Degree Applicable                                                 ,Transferable to CSU only                                                   ,03.00,03.00,Course is not a basic skills course                                        ,Clearly Occupational (but not advanced)                                    ,Not applicable                                                             ,"Not Applicable, Credit course                                              ",Y,Course is not a support course                                             ,Fall 2025
Allan Hancock CCD,Allan Hancock,PLGL103     ,CCC000517901,Civil Litigation                                                    ,1,Paralegal-140200                                                                     ,Credit - Degree Applicable                                                 ,Transferable to CSU only                                                   ,03.00,03.00,Course is not a basic skills course                                        ,Clearly Occupational (but not advanced)                                    ,Not applicable                                                             ,"Not Applicable, Credit course                                              ",Y,Course is not a support course                                             ,Fall 2025
Allan Hancock CCD,Allan Hancock,PLGL104     ,CCC000517902,Legal Research & Writing                                            ,1,Paralegal-140200                                                                     ,Credit - Degree Applicable                                                 ,Transferable to CSU only                                                   ,03.00,03.00,Course is not a basic skills course                                        ,Clearly Occupational (but not advanced)                                    ,Not applicable                                                             ,"Not Applicable, Credit course                                              ",Y,Course is not a support course                                             ,Fall 2025
Allan Hancock CCD,Allan Hancock,PLGL109     ,CCC000517906,Family Law                                                          ,1,Paralegal-140200                                                                     ,Credit - Degree Applicable                                                 ,Transferable to CSU only                                                   ,03.00,03.00,Course is not a basic skills course                                        ,Clearly Occupational (but not advanced)                                    ,Not applicable                                                             ,"Not Applicable, Credit course                                              ",Y,Course is not a support course                                             ,Fall 2025
Allan Hancock CCD,Allan Hancock,WEE149      ,CCC000519266,Work Exp: Occupational                                              ,24,General Work Experience-493200                                                       ,Credit - Degree Applicable                                                 ,Not transferable                                                           ,08.00,01.00,Course is not a basic skills course                                        ,Advanced Occupational (not limited to apprentices)                         ,Not applicable                                                             ,"Not Applicable, Credit course                                              ",Y,Course is not a support course                                             ,Fall 2025
Allan Hancock CCD,Allan Hancock,LE351       ,CCC000519278,Field Training Officer                                              ,1,Police Academy-210550                                                                ,Credit - Degree Applicable                                                 ,Not transferable                                                           ,02.50,02.50,Course is not a basic skills course                                        ,Advanced Occupational (not limited to apprentices)                         ,Not applicable                                                             ,"Not Applicable, Credit course                                              ",Y,Course is not a support course                                             ,Fall 2025
Allan Hancock CCD,Allan Hancock,ENTR101     ,CCC000521972,Intro to Entrepreneurship                                           ,1,Small Business and Entrepreneurship-050640                                           ,Credit - Degree Applicable                                                 ,Transferable to CSU only                                                   ,03.00,03.00,Course is not a basic skills course                                        ,Clearly Occupational (but not advanced)                                    ,Not applicable                                                             ,"Not Applicable, Credit course                                              ",Y,Course is not a support course                                             ,Fall 2025
Allan Hancock CCD,Allan Hancock,VEN114      ,CCC000521974,Wine Business                                                       ,1,"Viticulture, Enology, and Wine Business-010400                                       ",Credit - Degree Applicable                                                 ,Transferable to CSU only                                                   ,03.00,03.00,Course is not a basic skills course                                        ,Clearly Occupational (but not advanced)                                    ,Not applicable                                                             ,"Not Applicable, Credit course                                              ",Y,Course is not a support course                                             ,Fall 2025
Allan Hancock CCD,Allan Hancock,CS112       ,CCC000521996,Fundamentals of Programming 2                                       ,2,Computer Science (Transfer)-070600                                                   ,Credit - Degree Applicable                                                 ,Transferable to both UC and CSU                                            ,04.00,04.00,Course is not a basic skills course                                        ,Clearly Occupational (but not advanced)                                    ,Not applicable                                                             ,"Not Applicable, Credit course                                              ",Y,Course is not a support course                                             ,Fall 2025
Allan Hancock CCD,Allan Hancock,VOCE7402B   ,CCC000522294,Floral Design:Beyond Basics II                                      ,1,Floriculture / Floristry-010920                                                      ,Noncredit                                                                  ,Not transferable                                                           ,00.00,00.00,Course is not a basic skills course                                        ,Clearly Occupational (but not advanced)                                    ,Not applicable                                                             ,Short-term Vocational Program/Career Techincal                             ,Y,Course is not a support course                                             ,Fall 2025
Allan Hancock CCD,Allan Hancock,VOCE7401B   ,CCC000522295,Floral Design: Beyond Basics                                        ,1,Floriculture / Floristry-010920                                                      ,Noncredit                                                                  ,Not transferable                                                           ,00.00,00.00,Course is not a basic skills course                                        ,Clearly Occupational (but not advanced)                                    ,Not applicable                                                             ,Short-term Vocational Program/Career Techincal                             ,Y,Course is not a support course                                             ,Fall 2025
Allan Hancock CCD,Allan Hancock,HOEC7030    ,CCC000522301,Chocolate Desserts                                                  ,1,"Nutrition, Foods, and Culinary Arts-130600                                           ",Noncredit                                                                  ,Not transferable                                                           ,00.00,00.00,Course is not a basic skills course                                        ,Non-Occupational                                                           ,Not applicable                                                             ,Home Economics/Family & Consumer Science                                   ,Y,Course is not a support course                                             ,Fall 2025
Allan Hancock CCD,Allan Hancock,OLDR7201A   ,CCC000522367,"Jewelry, Sculpture & Repousse                                       ",1,Art-100200                                                                           ,Noncredit                                                                  ,Not transferable                                                           ,00.00,00.00,Course is not a basic skills course                                        ,Non-Occupational                                                           ,Not applicable                                                             ,Courses for Older Adults                                                   ,Y,Course is not a support course                                             ,Fall 2025
Allan Hancock CCD,Allan Hancock,HOEC7108A   ,CCC000523440,Serger Sewing                                                       ,2,Fashion-130300                                                                       ,Noncredit                                                                  ,Not transferable                                                           ,00.00,00.00,Course is not a basic skills course                                        ,Possibly Occupational                                                      ,Not applicable                                                             ,Short-term Vocational Program/Career Techincal                             ,Y,Course is not a support course                                             ,Fall 2025
Allan Hancock CCD,Allan Hancock,VOCE7405    ,CCC000523840,Floral Seasonal Celebrations                                        ,1,Floriculture / Floristry-010920                                                      ,Noncredit                                                                  ,Not transferable                                                           ,00.00,00.00,Course is not a basic skills course                                        ,Clearly Occupational (but not advanced)                                    ,Not applicable                                                             ,Short-term Vocational Program/Career Techincal                             ,Y,Course is not a support course                                             ,Fall 2025
Allan Hancock CCD,Allan Hancock,OLDR7204B   ,CCC000523871,Sketching for Painters                                              ,1,Painting and Drawing-100210                                                          ,Noncredit                                                                  ,Not transferable                                                           ,00.00,00.00,Course is not a basic skills course                                        ,Non-Occupational                                                           ,Not applicable                                                             ,Courses for Older Adults                                                   ,Y,Course is not a support course                                             ,Fall 2025
Allan Hancock CCD,Allan Hancock,BASK7004A   ,CCC000524910,Supervised Tutoring                                                 ,1,Supervised Tutoring-493009                                                           ,Noncredit                                                                  ,Not transferable                                                           ,00.00,00.00,Course is a basic skills course                                            ,Non-Occupational                                                           ,Not applicable                                                             ,Elementary and Secondary Basic Skills                                      ,Y,Course is not a support course                                             ,Fall 2025
Allan Hancock CCD,Allan Hancock,HOEC7101A   ,CCC000525021,Clothing Construction 2                                             ,2,Fashion-130300                                                                       ,Noncredit                                                                  ,Not transferable                                                           ,00.00,00.00,Course is not a basic skills course                                        ,Clearly Occupational (but not advanced)                                    ,Not applicable                                                             ,Short-term Vocational Program/Career Techincal                             ,Y,Course is not a support course                                             ,Fall 2025
Allan Hancock CCD,Allan Hancock,HOEC7102A   ,CCC000525031,Sewing Studio-Open Lab                                              ,5,Fashion-130300                                                                       ,Noncredit                                                                  ,Not transferable                                                           ,00.00,00.00,Course is not a basic skills course                                        ,Clearly Occupational (but not advanced)                                    ,Not applicable                                                             ,Short-term Vocational Program/Career Techincal                             ,Y,Course is not a support course                                             ,Fall 2025
Allan Hancock CCD,Allan Hancock,FT106       ,CCC000526570,Princ of Fire & Emer Saf &Surv                                      ,2,Fire Technology-213300                                                               ,Credit - Degree Applicable                                                 ,Transferable to CSU only                                                   ,03.00,03.00,Course is not a basic skills course                                        ,Clearly Occupational (but not advanced)                                    ,Not applicable                                                             ,"Not Applicable, Credit course                                              ",Y,Course is not a support course                                             ,Fall 2025
Allan Hancock CCD,Allan Hancock,HOEC7110A   ,CCC000526960,Embroidery Machine Basics                                           ,1,Fashion-130300                                                                       ,Noncredit                                                                  ,Not transferable                                                           ,00.00,00.00,Course is not a basic skills course                                        ,Clearly Occupational (but not advanced)                                    ,Not applicable                                                             ,Short-term Vocational Program/Career Techincal                             ,Y,Course is not a support course                                             ,Fall 2025
Allan Hancock CCD,Allan Hancock,HOEC7111A   ,CCC000528066,Creative Sewing                                                     ,1,Fashion-130300                                                                       ,Noncredit                                                                  ,Not transferable                                                           ,00.00,00.00,Course is not a basic skills course                                        ,Possibly Occupational                                                      ,Not applicable                                                             ,Short-term Vocational Program/Career Techincal                             ,Y,Course is not a support course                                             ,Fall 2025
Allan Hancock CCD,Allan Hancock,MT113       ,CCC000529029,SolidWorks 1                                                        ,3,Machining and Machine Tools-095630                                                   ,Credit - Degree Applicable                                                 ,Transferable to CSU only                                                   ,03.00,03.00,Course is not a basic skills course                                        ,Clearly Occupational (but not advanced)                                    ,Not applicable                                                             ,"Not Applicable, Credit course                                              ",Y,Course is not a support course                                             ,Fall 2025
Allan Hancock CCD,Allan Hancock,POLS105     ,CCC000529068,Comparative Politics                                                ,1,Political Science-220700                                                             ,Credit - Degree Applicable                                                 ,Transferable to both UC and CSU                                            ,03.00,03.00,Course is not a basic skills course                                        ,Non-Occupational                                                           ,Not applicable                                                             ,"Not Applicable, Credit course                                              ",Y,Course is not a support course                                             ,Fall 2025
Allan Hancock CCD,Allan Hancock,AJ130       ,CCC000529147,Intro to Corrections                                                ,1,Administration of Justice-210500                                                     ,Credit - Degree Applicable                                                 ,Transferable to CSU only                                                   ,03.00,03.00,Course is not a basic skills course                                        ,Non-Occupational                                                           ,Not applicable                                                             ,"Not Applicable, Credit course                                              ",Y,Course is not a support course                                             ,Fall 2025
Allan Hancock CCD,Allan Hancock,MT111       ,CCC000529354,CNC CAD/CAM                                                         ,1,Machining and Machine Tools-095630                                                   ,Credit - Degree Applicable                                                 ,Transferable to CSU only                                                   ,04.00,04.00,Course is not a basic skills course                                        ,Clearly Occupational (but not advanced)                                    ,Not applicable                                                             ,"Not Applicable, Credit course                                              ",Y,Course is not a support course                                             ,Fall 2025
Allan Hancock CCD,Allan Hancock,GRPH117     ,CCC000531652,Typography                                                          ,1,Graphic Art and Design-103000                                                        ,Credit - Degree Applicable                                                 ,Transferable to CSU only                                                   ,03.00,03.00,Course is not a basic skills course                                        ,Clearly Occupational (but not advanced)                                    ,Not applicable                                                             ,"Not Applicable, Credit course                                              ",Y,Course is not a support course                                             ,Fall 2025
Allan Hancock CCD,Allan Hancock,CHEM180     ,CCC000533695,Organic Chemistry I                                                 ,2,"Chemistry, General-190500                                                            ",Credit - Degree Applicable                                                 ,Transferable to CSU only                                                   ,05.00,05.00,Course is not a basic skills course                                        ,Non-Occupational                                                           ,Not applicable                                                             ,"Not Applicable, Credit course                                              ",Y,Course is not a support course                                             ,Fall 2025
Allan Hancock CCD,Allan Hancock,ART366      ,CCC000533716,Working the Potter's Wheel                                          ,1,Ceramics-100230                                                                      ,Credit - Degree Applicable                                                 ,Not transferable                                                           ,02.00,02.00,Course is not a basic skills course                                        ,Possibly Occupational                                                      ,Not applicable                                                             ,"Not Applicable, Credit course                                              ",Y,Course is not a support course                                             ,Fall 2025
Allan Hancock CCD,Allan Hancock,ART367      ,CCC000533717,Advanced Potter's Wheel                                             ,1,Ceramics-100230                                                                      ,Credit - Degree Applicable                                                 ,Not transferable                                                           ,02.00,02.00,Course is not a basic skills course                                        ,Possibly Occupational                                                      ,Not applicable                                                             ,"Not Applicable, Credit course                                              ",Y,Course is not a support course                                             ,Fall 2025
Allan Hancock CCD,Allan Hancock,LE329       ,CCC000533721,State Hospital Peace Officer                                        ,2,Police Academy-210550                                                                ,Credit - Degree Applicable                                                 ,Not transferable                                                           ,17.00,17.00,Course is not a basic skills course                                        ,Advanced Occupational (not limited to apprentices)                         ,Not applicable                                                             ,"Not Applicable, Credit course                                              ",Y,Course is not a support course                                             ,Fall 2025
Allan Hancock CCD,Allan Hancock,ART368      ,CCC000533726,Modifying Forms from the Wheel                                      ,1,Ceramics-100230                                                                      ,Credit - Degree Applicable                                                 ,Not transferable                                                           ,02.00,02.00,Course is not a basic skills course                                        ,Possibly Occupational                                                      ,Not applicable                                                             ,"Not Applicable, Credit course                                              ",Y,Course is not a support course                                             ,Fall 2025
Allan Hancock CCD,Allan Hancock,VT301       ,CCC000533932,"Vet. Anat., Phys., & Terminol                                       ",1,Veterinary Technician (Licensed)-010210                                              ,Credit - Degree Applicable                                                 ,Not transferable                                                           ,03.00,03.00,Course is not a basic skills course                                        ,Clearly Occupational (but not advanced)                                    ,Not applicable                                                             ,"Not Applicable, Credit course                                              ",Y,Course is not a support course                                             ,Fall 2025
Allan Hancock CCD,Allan Hancock,VT302       ,CCC000533933,Veterinary Office Procedures                                        ,1,Veterinary Technician (Licensed)-010210                                              ,Credit - Degree Applicable                                                 ,Not transferable                                                           ,02.00,02.00,Course is not a basic skills course                                        ,Clearly Occupational (but not advanced)                                    ,Not applicable                                                             ,"Not Applicable, Credit course                                              ",Y,Course is not a support course                                             ,Fall 2025
Allan Hancock CCD,Allan Hancock,VT303       ,CCC000533934,Veterinary Pharmacology                                             ,1,Veterinary Technician (Licensed)-010210                                              ,Credit - Degree Applicable                                                 ,Not transferable                                                           ,02.00,02.00,Course is not a basic skills course                                        ,Clearly Occupational (but not advanced)                                    ,Not applicable                                                             ,"Not Applicable, Credit course                                              ",Y,Course is not a support course                                             ,Fall 2025
Allan Hancock CCD,Allan Hancock,VT304       ,CCC000533935,Clin. Pathology & Microbiology                                      ,1,Veterinary Technician (Licensed)-010210                                              ,Credit - Degree Applicable                                                 ,Not transferable                                                           ,03.00,03.00,Course is not a basic skills course                                        ,Clearly Occupational (but not advanced)                                    ,Not applicable                                                             ,"Not Applicable, Credit course                                              ",Y,Course is not a support course                                             ,Fall 2025
Allan Hancock CCD,Allan Hancock,ARCH151     ,CCC000533995,Architectural Design Studio I                                       ,1,Architecture and Architectural Technology-020100                                     ,Credit - Degree Applicable                                                 ,Transferable to CSU only                                                   ,05.00,05.00,Course is not a basic skills course                                        ,Clearly Occupational (but not advanced)                                    ,Not applicable                                                             ,"Not Applicable, Credit course                                              ",Y,Course is not a support course                                             ,Fall 2025
Allan Hancock CCD,Allan Hancock,AG152       ,CCC000534482,Introduction to Animal Science                                      ,2,Animal Science-010200                                                                ,Credit - Degree Applicable                                                 ,Transferable to CSU only                                                   ,03.00,03.00,Course is not a basic skills course                                        ,Clearly Occupational (but not advanced)                                    ,Not applicable                                                             ,"Not Applicable, Credit course                                              ",Y,Course is not a support course                                             ,Fall 2025
Allan Hancock CCD,Allan Hancock,AG150       ,CCC000534569,Intro to Agribusiness                                               ,3,"Agriculture Technology and Sciences, General-010100                                  ",Credit - Degree Applicable                                                 ,Not transferable                                                           ,03.00,03.00,Course is not a basic skills course                                        ,Clearly Occupational (but not advanced)                                    ,Not applicable                                                             ,"Not Applicable, Credit course                                              ",Y,Course is not a support course                                             ,Fall 2025
Allan Hancock CCD,Allan Hancock,AG154       ,CCC000534570,Introduction to Fruit Science                                       ,2,Plant Science-010300                                                                 ,Credit - Degree Applicable                                                 ,Transferable to CSU only                                                   ,03.00,03.00,Course is not a basic skills course                                        ,Clearly Occupational (but not advanced)                                    ,Not applicable                                                             ,"Not Applicable, Credit course                                              ",Y,Course is not a support course                                             ,Fall 2025
Allan Hancock CCD,Allan Hancock,MT118       ,CCC000534589,Understanding & Measuring GD&T                                      ,1,Manufacturing and Industrial Technology-095600                                       ,Credit - Degree Applicable                                                 ,Transferable to CSU only                                                   ,03.00,03.00,Course is not a basic skills course                                        ,Clearly Occupational (but not advanced)                                    ,Not applicable                                                             ,"Not Applicable, Credit course                                              ",Y,Course is not a support course                                             ,Fall 2025
Allan Hancock CCD,Allan Hancock,AG153       ,CCC000535546,Introduction to Sustainable Ag                                      ,3,"Agriculture Technology and Sciences, General-010100                                  ",Credit - Degree Applicable                                                 ,Transferable to CSU only                                                   ,03.00,03.00,Course is not a basic skills course                                        ,Clearly Occupational (but not advanced)                                    ,Not applicable                                                             ,"Not Applicable, Credit course                                              ",Y,Course is not a support course                                             ,Fall 2025
Allan Hancock CCD,Allan Hancock,ART137      ,CCC000544768,Life Drawing 3                                                      ,1,Painting and Drawing-100210                                                          ,Credit - Degree Applicable                                                 ,Transferable to CSU only                                                   ,03.00,03.00,Course is not a basic skills course                                        ,Non-Occupational                                                           ,Not applicable                                                             ,"Not Applicable, Credit course                                              ",Y,Course is not a support course                                             ,Fall 2025
Allan Hancock CCD,Allan Hancock,ENVT199     ,CCC000544774,Topics in Environmental Technl                                      ,1,Environmental Technology-030300                                                      ,Credit - Degree Applicable                                                 ,Transferable to CSU only                                                   ,02.50,00.50,Course is not a basic skills course                                        ,Clearly Occupational (but not advanced)                                    ,Not applicable                                                             ,"Not Applicable, Credit course                                              ",Y,Course is not a support course                                             ,Fall 2025
Allan Hancock CCD,Allan Hancock,THEA103     ,CCC000545646,Begin Prof Thea Dance Styles                                        ,2,Other Fine and Applied Arts-109900                                                   ,Credit - Degree Applicable                                                 ,Not transferable                                                           ,02.00,02.00,Course is not a basic skills course                                        ,Non-Occupational                                                           ,Not applicable                                                             ,"Not Applicable, Credit course                                              ",Y,Course is not a support course                                             ,Fall 2025
Allan Hancock CCD,Allan Hancock,THEA110     ,CCC000545647,Beg Production Lab                                                  ,1,Technical Theater-100600                                                             ,Credit - Degree Applicable                                                 ,Transferable to CSU only                                                   ,03.00,03.00,Course is not a basic skills course                                        ,Possibly Occupational                                                      ,Not applicable                                                             ,"Not Applicable, Credit course                                              ",Y,Course is not a support course                                             ,Fall 2025
Allan Hancock CCD,Allan Hancock,THEA114     ,CCC000545648,Beg Performance Lab                                                 ,1,Technical Theater-100600                                                             ,Credit - Degree Applicable                                                 ,Transferable to CSU only                                                   ,03.00,03.00,Course is not a basic skills course                                        ,Possibly Occupational                                                      ,Not applicable                                                             ,"Not Applicable, Credit course                                              ",Y,Course is not a support course                                             ,Fall 2025
Allan Hancock CCD,Allan Hancock,THEA301     ,CCC000545649,Beg Prep for Rep Production                                         ,1,Technical Theater-100600                                                             ,Credit - Degree Applicable                                                 ,Not transferable                                                           ,01.00,01.00,Course is not a basic skills course                                        ,Possibly Occupational                                                      ,Not applicable                                                             ,"Not Applicable, Credit course                                              ",Y,Course is not a support course                                             ,Fall 2025
Allan Hancock CCD,Allan Hancock,THEA112     ,CCC000545719,Adv-Inter Production Lab                                            ,1,Technical Theater-100600                                                             ,Credit - Degree Applicable                                                 ,Transferable to CSU only                                                   ,03.00,03.00,Course is not a basic skills course                                        ,Possibly Occupational                                                      ,Not applicable                                                             ,"Not Applicable, Credit course                                              ",Y,Course is not a support course                                             ,Fall 2025
Allan Hancock CCD,Allan Hancock,THEA116     ,CCC000545722,Adv-Inter Performance Lab                                           ,1,Technical Theater-100600                                                             ,Credit - Degree Applicable                                                 ,Transferable to CSU only                                                   ,03.00,03.00,Course is not a basic skills course                                        ,Clearly Occupational (but not advanced)                                    ,Not applicable                                                             ,"Not Applicable, Credit course                                              ",Y,Course is not a support course                                             ,Fall 2025
Allan Hancock CCD,Allan Hancock,THEA122     ,CCC000545724,Adv-Int Prof Thea Dance Styles                                      ,2,Other Fine and Applied Arts-109900                                                   ,Credit - Degree Applicable                                                 ,Transferable to CSU only                                                   ,02.00,02.00,Course is not a basic skills course                                        ,Clearly Occupational (but not advanced)                                    ,Not applicable                                                             ,"Not Applicable, Credit course                                              ",Y,Course is not a support course                                             ,Fall 2025
Allan Hancock CCD,Allan Hancock,THEA302     ,CCC000545726,Interm Prep for Rep Production                                      ,1,Technical Theater-100600                                                             ,Credit - Degree Applicable                                                 ,Not transferable                                                           ,01.00,01.00,Course is not a basic skills course                                        ,Clearly Occupational (but not advanced)                                    ,Not applicable                                                             ,"Not Applicable, Credit course                                              ",Y,Course is not a support course                                             ,Fall 2025
Allan Hancock CCD,Allan Hancock,THEA303     ,CCC000545727,Adv-Int Prep for Rep Prod                                           ,1,Technical Theater-100600                                                             ,Credit - Degree Applicable                                                 ,Not transferable                                                           ,01.00,01.00,Course is not a basic skills course                                        ,Clearly Occupational (but not advanced)                                    ,Not applicable                                                             ,"Not Applicable, Credit course                                              ",Y,Course is not a support course                                             ,Fall 2025
Allan Hancock CCD,Allan Hancock,THEA304     ,CCC000545728,Adv Prep for Rep Prod                                               ,1,Technical Theater-100600                                                             ,Credit - Degree Applicable                                                 ,Not transferable                                                           ,01.00,01.00,Course is not a basic skills course                                        ,Advanced Occupational (not limited to apprentices)                         ,Not applicable                                                             ,"Not Applicable, Credit course                                              ",Y,Course is not a support course                                             ,Fall 2025
Allan Hancock CCD,Allan Hancock,THEA305     ,CCC000545729,"Materials, Tools, & Tech 1                                          ",1,Technical Theater-100600                                                             ,Credit - Degree Applicable                                                 ,Not transferable                                                           ,10.00,10.00,Course is not a basic skills course                                        ,Possibly Occupational                                                      ,Not applicable                                                             ,"Not Applicable, Credit course                                              ",Y,Course is not a support course                                             ,Fall 2025
Allan Hancock CCD,Allan Hancock,THEA307     ,CCC000545731,"Planning, Prod., and Mgmt. 1                                        ",1,Technical Theater-100600                                                             ,Credit - Degree Applicable                                                 ,Not transferable                                                           ,10.00,10.00,Course is not a basic skills course                                        ,Clearly Occupational (but not advanced)                                    ,Not applicable                                                             ,"Not Applicable, Credit course                                              ",Y,Course is not a support course                                             ,Fall 2025
Allan Hancock CCD,Allan Hancock,PEIA195     ,CCC000549955,Intercollegiate Conditioning                                        ,6,Intercollegiate Athletics-083550                                                     ,Credit - Degree Applicable                                                 ,Transferable to CSU only                                                   ,03.00,00.50,Course is not a basic skills course                                        ,Non-Occupational                                                           ,Not applicable                                                             ,"Not Applicable, Credit course                                              ",Y,Course is not a support course                                             ,Fall 2025
Allan Hancock CCD,Allan Hancock,PEIA185     ,CCC000551013,Intercollegiate Swimming Women                                      ,1,Intercollegiate Athletics-083550                                                     ,Credit - Degree Applicable                                                 ,Transferable to CSU only                                                   ,03.00,03.00,Course is not a basic skills course                                        ,Non-Occupational                                                           ,Not applicable                                                             ,"Not Applicable, Credit course                                              ",Y,Course is not a support course                                             ,Fall 2025
Allan Hancock CCD,Allan Hancock,AT336       ,CCC000551459,Automotive Machining 2                                              ,1,Automotive Technology-094800                                                         ,Credit - Degree Applicable                                                 ,Not transferable                                                           ,04.00,04.00,Course is not a basic skills course                                        ,Clearly Occupational (but not advanced)                                    ,Not applicable                                                             ,"Not Applicable, Credit course                                              ",Y,Course is not a support course                                             ,Fall 2025
Allan Hancock CCD,Allan Hancock,AJ150       ,CCC000551901,Introduction to Forensics                                           ,1,Administration of Justice-210500                                                     ,Credit - Degree Applicable                                                 ,Transferable to CSU only                                                   ,03.00,03.00,Course is not a basic skills course                                        ,Possibly Occupational                                                      ,Not applicable                                                             ,"Not Applicable, Credit course                                              ",Y,Course is not a support course                                             ,Fall 2025
Allan Hancock CCD,Allan Hancock,GRPH127     ,CCC000554472,History of Graphic Design                                           ,1,Graphic Art and Design-103000                                                        ,Credit - Degree Applicable                                                 ,Transferable to both UC and CSU                                            ,03.00,03.00,Course is not a basic skills course                                        ,Clearly Occupational (but not advanced)                                    ,Not applicable                                                             ,"Not Applicable, Credit course                                              ",Y,Course is not a support course                                             ,Fall 2025
Allan Hancock CCD,Allan Hancock,PSY105      ,CCC000555224,Research Methods in Psychology                                      ,2,"Psychology, General-200100                                                           ",Credit - Degree Applicable                                                 ,Transferable to CSU only                                                   ,03.00,03.00,Course is not a basic skills course                                        ,Non-Occupational                                                           ,Not applicable                                                             ,"Not Applicable, Credit course                                              ",Y,Course is not a support course                                             ,Fall 2025
Allan Hancock CCD,Allan Hancock,MUS128      ,CCC000556668,Piano 1                                                             ,1,Music-100400                                                                         ,Credit - Degree Applicable                                                 ,Transferable to both UC and CSU                                            ,01.00,01.00,Course is not a basic skills course                                        ,Non-Occupational                                                           ,Not applicable                                                             ,"Not Applicable, Credit course                                              ",Y,Course is not a support course                                             ,Fall 2025
Allan Hancock CCD,Allan Hancock,MT115       ,CCC000556725,Lean Manufacturing                                                  ,1,Machining and Machine Tools-095630                                                   ,Credit - Degree Applicable                                                 ,Transferable to CSU only                                                   ,03.00,03.00,Course is not a basic skills course                                        ,Clearly Occupational (but not advanced)                                    ,Not applicable                                                             ,"Not Applicable, Credit course                                              ",Y,Course is not a support course                                             ,Fall 2025
Allan Hancock CCD,Allan Hancock,AT303       ,CCC000558311,Automotive Electricity                                              ,1,Automotive Technology-094800                                                         ,Credit - Degree Applicable                                                 ,Not transferable                                                           ,05.00,05.00,Course is not a basic skills course                                        ,Advanced Occupational (not limited to apprentices)                         ,Not applicable                                                             ,"Not Applicable, Credit course                                              ",Y,Course is not a support course                                             ,Fall 2025
Allan Hancock CCD,Allan Hancock,MUS129      ,CCC000558973,Voice 1                                                             ,1,Music-100400                                                                         ,Credit - Degree Applicable                                                 ,Transferable to both UC and CSU                                            ,02.00,02.00,Course is not a basic skills course                                        ,Non-Occupational                                                           ,Not applicable                                                             ,"Not Applicable, Credit course                                              ",Y,Course is not a support course                                             ,Fall 2025
Allan Hancock CCD,Allan Hancock,PHTO140     ,CCC000559002,Intro to Color Photography                                          ,1,Applied Photography-101200                                                           ,Credit - Degree Applicable                                                 ,Transferable to CSU only                                                   ,03.00,03.00,Course is not a basic skills course                                        ,Possibly Occupational                                                      ,Not applicable                                                             ,"Not Applicable, Credit course                                              ",Y,Course is not a support course                                             ,Fall 2025
Allan Hancock CCD,Allan Hancock,WLDT317     ,CCC000559205,Ornamental Iron 1                                                   ,1,Welding Technology-095650                                                            ,Credit - Degree Applicable                                                 ,Not transferable                                                           ,01.00,01.00,Course is not a basic skills course                                        ,Clearly Occupational (but not advanced)                                    ,Not applicable                                                             ,"Not Applicable, Credit course                                              ",Y,Course is not a support course                                             ,Fall 2025
Allan Hancock CCD,Allan Hancock,PHTO170     ,CCC000559883,Digital Photography                                                 ,1,Applied Photography-101200                                                           ,Credit - Degree Applicable                                                 ,Transferable to CSU only                                                   ,03.00,03.00,Course is not a basic skills course                                        ,Possibly Occupational                                                      ,Not applicable                                                             ,"Not Applicable, Credit course                                              ",Y,Course is not a support course                                             ,Fall 2025
Allan Hancock CCD,Allan Hancock,HUSV130     ,CCC000559899,Addiction Studies Practicum                                         ,1,Human Services-210400                                                                ,Credit - Degree Applicable                                                 ,Transferable to CSU only                                                   ,04.00,04.00,Course is not a basic skills course                                        ,Clearly Occupational (but not advanced)                                    ,Not applicable                                                             ,"Not Applicable, Credit course                                              ",Y,Course is not a support course                                             ,Fall 2025
Allan Hancock CCD,Allan Hancock,VEN321      ,CCC000561118,Winemaking Operations III                                           ,1,"Viticulture, Enology, and Wine Business-010400                                       ",Credit - Degree Applicable                                                 ,Not transferable                                                           ,02.00,02.00,Course is not a basic skills course                                        ,Clearly Occupational (but not advanced)                                    ,Not applicable                                                             ,"Not Applicable, Credit course                                              ",Y,Course is not a support course                                             ,Fall 2025
Allan Hancock CCD,Allan Hancock,AG158       ,CCC000561120,Agricultural Economics                                              ,2,"Agriculture Technology and Sciences, General-010100                                  ",Credit - Degree Applicable                                                 ,Transferable to both UC and CSU                                            ,03.00,03.00,Course is not a basic skills course                                        ,Clearly Occupational (but not advanced)                                    ,Not applicable                                                             ,"Not Applicable, Credit course                                              ",Y,Course is not a support course                                             ,Fall 2025
Allan Hancock CCD,Allan Hancock,CS131       ,CCC000561753,Computer Organization                                               ,1,Computer Science (Transfer)-070600                                                   ,Credit - Degree Applicable                                                 ,Transferable to CSU only                                                   ,03.00,03.00,Course is not a basic skills course                                        ,Possibly Occupational                                                      ,Not applicable                                                             ,"Not Applicable, Credit course                                              ",Y,Course is not a support course                                             ,Fall 2025
Allan Hancock CCD,Allan Hancock,VT300       ,CCC000561912,Intro to Veterinary Technology                                      ,1,Veterinary Technician (Licensed)-010210                                              ,Credit - Degree Applicable                                                 ,Not transferable                                                           ,02.00,02.00,Course is not a basic skills course                                        ,Clearly Occupational (but not advanced)                                    ,Not applicable                                                             ,"Not Applicable, Credit course                                              ",Y,Course is not a support course                                             ,Fall 2025
Allan Hancock CCD,Allan Hancock,PROD301     ,CCC000571990,Life/Career Planning Intro                                          ,29,Office Technology/Office Computer Applications-051400                                ,Credit - Degree Applicable                                                 ,Not transferable                                                           ,03.00,03.00,Course is not a basic skills course                                        ,Clearly Occupational (but not advanced)                                    ,Not applicable                                                             ,"Not Applicable, Credit course                                              ",Y,Course is not a support course                                             ,Fall 2025
Allan Hancock CCD,Allan Hancock,STEM100     ,CCC000572254,STEM Success Strategies                                             ,2,Academic Guidance-493013                                                             ,Credit - Degree Applicable                                                 ,Transferable to CSU only                                                   ,01.00,01.00,Course is not a basic skills course                                        ,Non-Occupational                                                           ,Not applicable                                                             ,"Not Applicable, Credit course                                              ",Y,Course is not a support course                                             ,Fall 2025
Allan Hancock CCD,Allan Hancock,MATH141     ,CCC000572351,Precalculus                                                         ,5,"Mathematics, General-170100                                                          ",Credit - Degree Applicable                                                 ,Transferable to CSU only                                                   ,06.00,06.00,Course is not a basic skills course                                        ,Non-Occupational                                                           ,Not applicable                                                             ,"Not Applicable, Credit course                                              ",Y,Course is not a support course                                             ,Fall 2025
Allan Hancock CCD,Allan Hancock,MATH182     ,CCC000573604,Calculus 2                                                          ,3,"Mathematics, General-170100                                                          ",Credit - Degree Applicable                                                 ,Transferable to both UC and CSU                                            ,04.00,04.00,Course is not a basic skills course                                        ,Non-Occupational                                                           ,Not applicable                                                             ,"Not Applicable, Credit course                                              ",Y,Course is not a support course                                             ,Fall 2025
Allan Hancock CCD,Allan Hancock,LE426       ,CCC000573796,Patrol Rifle Course                                                 ,1,Police Academy-210550                                                                ,Credit - Not Degree Applicable                                             ,Not transferable                                                           ,00.50,00.50,Course is not a basic skills course                                        ,Clearly Occupational (but not advanced)                                    ,Not applicable                                                             ,"Not Applicable, Credit course                                              ",Y,Course is not a support course                                             ,Fall 2025
Allan Hancock CCD,Allan Hancock,BASK7013    ,CCC000574231,Computer Skills H.S. EQ Prep                                        ,1,Secondary Education (Grades 9-12) and G.E.D.-493062                                  ,Noncredit                                                                  ,Not transferable                                                           ,00.00,00.00,Course is a basic skills course                                            ,Non-Occupational                                                           ,Three levels below transfer                                                ,Elementary and Secondary Basic Skills                                      ,Y,Course is not a support course                                             ,Fall 2025
Allan Hancock CCD,Allan Hancock,ECS151      ,CCC000574814,Infant and Toddler Development                                      ,1,Child Development/Early Care and Education-130500                                    ,Credit - Degree Applicable                                                 ,Transferable to CSU only                                                   ,03.00,03.00,Course is not a basic skills course                                        ,Clearly Occupational (but not advanced)                                    ,Not applicable                                                             ,"Not Applicable, Credit course                                              ",Y,Course is not a support course                                             ,Fall 2025
Allan Hancock CCD,Allan Hancock,WEE302      ,CCC000575685,Coop. Work Exp: General                                             ,7,General Work Experience-493200                                                       ,Credit - Degree Applicable                                                 ,Not transferable                                                           ,06.00,01.00,Course is not a basic skills course                                        ,Advanced Occupational (not limited to apprentices)                         ,Not applicable                                                             ,"Not Applicable, Credit course                                              ",Y,Course is not a support course                                             ,Fall 2025
Allan Hancock CCD,Allan Hancock,ELDN7470    ,CCC000576067,High Intermediate                                                   ,6,English as a Second Language - Integrated-493087                                     ,Noncredit                                                                  ,Not transferable                                                           ,00.00,00.00,Course is a basic skills course                                            ,Non-Occupational                                                           ,Three levels below transfer                                                ,English as a Second Language (ESL)                                         ,Y,Course is not a support course                                             ,Fall 2025
Allan Hancock CCD,Allan Hancock,ELDN7460    ,CCC000576069,Low Intermediate                                                    ,11,English as a Second Language - Integrated-493087                                     ,Noncredit                                                                  ,Not transferable                                                           ,00.00,00.00,Course is a basic skills course                                            ,Non-Occupational                                                           ,Four levels below transfer                                                 ,English as a Second Language (ESL)                                         ,Y,Course is not a support course                                             ,Fall 2025
Allan Hancock CCD,Allan Hancock,ELDN7440    ,CCC000576071,High Beginning                                                      ,10,English as a Second Language - Integrated-493087                                     ,Noncredit                                                                  ,Not transferable                                                           ,00.00,00.00,Course is a basic skills course                                            ,Non-Occupational                                                           ,Five levels below transfer                                                 ,English as a Second Language (ESL)                                         ,Y,Course is not a support course                                             ,Fall 2025
Allan Hancock CCD,Allan Hancock,MATH183     ,CCC000576414,Multivariable Calculus                                              ,2,"Mathematics, General-170100                                                          ",Credit - Degree Applicable                                                 ,Transferable to both UC and CSU                                            ,04.00,04.00,Course is not a basic skills course                                        ,Non-Occupational                                                           ,Not applicable                                                             ,"Not Applicable, Credit course                                              ",Y,Course is not a support course                                             ,Fall 2025
Allan Hancock CCD,Allan Hancock,MATH181     ,CCC000576415,Calculus 1                                                          ,8,"Mathematics, General-170100                                                          ",Credit - Degree Applicable                                                 ,Transferable to CSU only                                                   ,04.00,04.00,Course is not a basic skills course                                        ,Non-Occupational                                                           ,Not applicable                                                             ,"Not Applicable, Credit course                                              ",Y,Course is not a support course                                             ,Fall 2025
Allan Hancock CCD,Allan Hancock,KIN100      ,CCC000576479,Introduction to Kinesiology                                         ,3,Kinesiology-127000                                                                   ,Credit - Degree Applicable                                                 ,Transferable to both UC and CSU                                            ,03.00,03.00,Course is not a basic skills course                                        ,Non-Occupational                                                           ,Not applicable                                                             ,"Not Applicable, Credit course                                              ",Y,Course is not a support course                                             ,Fall 2025
Allan Hancock CCD,Allan Hancock,ELDN7430    ,CCC000576847,Low Beginning                                                       ,14,English as a Second Language - Integrated-493087                                     ,Noncredit                                                                  ,Not transferable                                                           ,00.00,00.00,Course is a basic skills course                                            ,Non-Occupational                                                           ,Six levels below transfer                                                  ,English as a Second Language (ESL)                                         ,Y,Course is not a support course                                             ,Fall 2025
Allan Hancock CCD,Allan Hancock,PHYS161     ,CCC000577129,Engineering Physics 1                                               ,2,"Physics, General-190200                                                              ",Credit - Degree Applicable                                                 ,Transferable to CSU only                                                   ,04.00,04.00,Course is not a basic skills course                                        ,Non-Occupational                                                           ,Not applicable                                                             ,"Not Applicable, Credit course                                              ",Y,Course is not a support course                                             ,Fall 2025
Allan Hancock CCD,Allan Hancock,PHYS163     ,CCC000577130,Engineering Physics 3                                               ,3,"Physics, General-190200                                                              ",Credit - Degree Applicable                                                 ,Transferable to CSU only                                                   ,04.00,04.00,Course is not a basic skills course                                        ,Non-Occupational                                                           ,Not applicable                                                             ,"Not Applicable, Credit course                                              ",Y,Course is not a support course                                             ,Fall 2025
Allan Hancock CCD,Allan Hancock,GEOG110     ,CCC000580376,Introduction to Weather and Climate                                 ,1,Geography-220600                                                                     ,Credit - Degree Applicable                                                 ,Transferable to both UC and CSU                                            ,03.00,03.00,Course is not a basic skills course                                        ,Non-Occupational                                                           ,Not applicable                                                             ,"Not Applicable, Credit course                                              ",Y,Course is not a support course                                             ,Fall 2025
Allan Hancock CCD,Allan Hancock,CNET106     ,CCC000581257,Networking Essentials 1                                             ,4,Electronics and Electric Technology-093400                                           ,Credit - Degree Applicable                                                 ,Transferable to CSU only                                                   ,03.00,03.00,Course is not a basic skills course                                        ,Clearly Occupational (but not advanced)                                    ,Not applicable                                                             ,"Not Applicable, Credit course                                              ",Y,Course is not a support course                                             ,Fall 2025
Allan Hancock CCD,Allan Hancock,GRPH108     ,CCC000587315,Design 1 on the Computer                                            ,1,Graphic Art and Design-103000                                                        ,Credit - Degree Applicable                                                 ,Transferable to CSU only                                                   ,03.00,03.00,Course is not a basic skills course                                        ,Clearly Occupational (but not advanced)                                    ,Not applicable                                                             ,"Not Applicable, Credit course                                              ",Y,Course is not a support course                                             ,Fall 2025
Allan Hancock CCD,Allan Hancock,DANC152     ,CCC000587346,Beginning Tap                                                       ,1,Commercial Dance-100810                                                              ,Credit - Degree Applicable                                                 ,Transferable to both UC and CSU                                            ,02.00,02.00,Course is not a basic skills course                                        ,Possibly Occupational                                                      ,Not applicable                                                             ,"Not Applicable, Credit course                                              ",Y,Course is not a support course                                             ,Fall 2025
Allan Hancock CCD,Allan Hancock,DANC145     ,CCC000587532,Folklorico Zapateados                                               ,1,Commercial Dance-100810                                                              ,Credit - Degree Applicable                                                 ,Transferable to both UC and CSU                                            ,01.00,01.00,Course is not a basic skills course                                        ,Possibly Occupational                                                      ,Not applicable                                                             ,"Not Applicable, Credit course                                              ",Y,Course is not a support course                                             ,Fall 2025
Allan Hancock CCD,Allan Hancock,HUSV135     ,CCC000587616,Ethics for Human Services Prof                                      ,1,Human Services-210400                                                                ,Credit - Degree Applicable                                                 ,Not transferable                                                           ,03.00,03.00,Course is not a basic skills course                                        ,Clearly Occupational (but not advanced)                                    ,Not applicable                                                             ,"Not Applicable, Credit course                                              ",Y,Course is not a support course                                             ,Fall 2025
Allan Hancock CCD,Allan Hancock,ENGL112     ,CCC000588311,Transfer Engl Composition Skil                                      ,13,English-150100                                                                       ,Credit - Degree Applicable                                                 ,Not transferable                                                           ,02.00,02.00,Course is not a basic skills course                                        ,Non-Occupational                                                           ,Not applicable                                                             ,"Not Applicable, Credit course                                              ",Y,Course is a support course                                                 ,Fall 2025
Allan Hancock CCD,Allan Hancock,GRPH129     ,CCC000589272,Digital Tools for Visual Media                                      ,1,Graphic Art and Design-103000                                                        ,Credit - Degree Applicable                                                 ,Transferable to CSU only                                                   ,03.00,03.00,Course is not a basic skills course                                        ,Clearly Occupational (but not advanced)                                    ,Not applicable                                                             ,"Not Applicable, Credit course                                              ",Y,Course is not a support course                                             ,Fall 2025
Allan Hancock CCD,Allan Hancock,BUS130      ,CCC000591051,Consumer and Family Finance                                         ,1,Economics-220400                                                                     ,Credit - Degree Applicable                                                 ,Transferable to CSU only                                                   ,03.00,03.00,Course is not a basic skills course                                        ,Non-Occupational                                                           ,Not applicable                                                             ,"Not Applicable, Credit course                                              ",Y,Course is not a support course                                             ,Fall 2025
Allan Hancock CCD,Allan Hancock,LE310       ,CCC000591125,Intro to LE Acad (Pre-Academy)                                      ,1,Police Academy-210550                                                                ,Credit - Degree Applicable                                                 ,Not transferable                                                           ,01.00,01.00,Course is not a basic skills course                                        ,Clearly Occupational (but not advanced)                                    ,Not applicable                                                             ,"Not Applicable, Credit course                                              ",Y,Course is not a support course                                             ,Fall 2025
Allan Hancock CCD,Allan Hancock,DANC110     ,CCC000591182,Modern Dance I                                                      ,1,Dance-100800                                                                         ,Credit - Degree Applicable                                                 ,Transferable to both UC and CSU                                            ,02.00,02.00,Course is not a basic skills course                                        ,Non-Occupational                                                           ,Not applicable                                                             ,"Not Applicable, Credit course                                              ",Y,Course is not a support course                                             ,Fall 2025
Allan Hancock CCD,Allan Hancock,FCS130      ,CCC000591183,Consumer and Family Finance                                         ,1,Economics-220400                                                                     ,Credit - Degree Applicable                                                 ,Transferable to CSU only                                                   ,03.00,03.00,Course is not a basic skills course                                        ,Non-Occupational                                                           ,Not applicable                                                             ,"Not Applicable, Credit course                                              ",Y,Course is not a support course                                             ,Fall 2025
Allan Hancock CCD,Allan Hancock,BASK7015    ,CCC000592352,Reading and Writing Lab                                             ,1,English-150100                                                                       ,Noncredit                                                                  ,Not transferable                                                           ,00.00,00.00,Course is a basic skills course                                            ,Non-Occupational                                                           ,One level below transfer                                                   ,Elementary and Secondary Basic Skills                                      ,Y,Course is not a support course                                             ,Fall 2025
Allan Hancock CCD,Allan Hancock,MUS123      ,CCC000592641,Voice 2                                                             ,1,Music-100400                                                                         ,Credit - Degree Applicable                                                 ,Transferable to both UC and CSU                                            ,02.00,02.00,Course is not a basic skills course                                        ,Non-Occupational                                                           ,Not applicable                                                             ,"Not Applicable, Credit course                                              ",Y,Course is not a support course                                             ,Fall 2025
Allan Hancock CCD,Allan Hancock,MUS124      ,CCC000592642,Voice 3                                                             ,1,Music-100400                                                                         ,Credit - Degree Applicable                                                 ,Transferable to both UC and CSU                                            ,02.00,02.00,Course is not a basic skills course                                        ,Non-Occupational                                                           ,Not applicable                                                             ,"Not Applicable, Credit course                                              ",Y,Course is not a support course                                             ,Fall 2025
Allan Hancock CCD,Allan Hancock,VEN310      ,CCC000593004,Winemaking Operations 1                                             ,1,"Viticulture, Enology, and Wine Business-010400                                       ",Credit - Degree Applicable                                                 ,Not transferable                                                           ,02.00,02.00,Course is not a basic skills course                                        ,Clearly Occupational (but not advanced)                                    ,Not applicable                                                             ,"Not Applicable, Credit course                                              ",Y,Course is not a support course                                             ,Fall 2025
Allan Hancock CCD,Allan Hancock,ECS149      ,CCC000595163,Cooperative Education                                               ,2,Child Development/Early Care and Education-130500                                    ,Credit - Degree Applicable                                                 ,Transferable to CSU only                                                   ,08.00,01.00,Course is not a basic skills course                                        ,Advanced Occupational (not limited to apprentices)                         ,Not applicable                                                             ,"Not Applicable, Credit course                                              ",Y,Course is not a support course                                             ,Fall 2025
Allan Hancock CCD,Allan Hancock,BIOL128     ,CCC000596255,Microbiology                                                        ,3,"Biology, General-040100                                                              ",Credit - Degree Applicable                                                 ,Transferable to both UC and CSU                                            ,04.50,04.50,Course is not a basic skills course                                        ,Non-Occupational                                                           ,Not applicable                                                             ,"Not Applicable, Credit course                                              ",Y,Course is not a support course                                             ,Fall 2025
Allan Hancock CCD,Allan Hancock,DA320       ,CCC000596256,DA Practicum in the Community                                       ,1,Dental Assistant-124010                                                              ,Credit - Degree Applicable                                                 ,Not transferable                                                           ,01.00,01.00,Course is not a basic skills course                                        ,Clearly Occupational (but not advanced)                                    ,Not applicable                                                             ,"Not Applicable, Credit course                                              ",Y,Course is not a support course                                             ,Fall 2025
Allan Hancock CCD,Allan Hancock,MMAC129     ,CCC000597385,Digital Tools for Visual Media                                      ,1,Graphic Art and Design-103000                                                        ,Credit - Degree Applicable                                                 ,Transferable to CSU only                                                   ,03.00,03.00,Course is not a basic skills course                                        ,Clearly Occupational (but not advanced)                                    ,Not applicable                                                             ,"Not Applicable, Credit course                                              ",Y,Course is not a support course                                             ,Fall 2025
Allan Hancock CCD,Allan Hancock,AG149       ,CCC000597696,Cooperative Education                                               ,3,"Viticulture, Enology, and Wine Business-010400                                       ",Credit - Degree Applicable                                                 ,Transferable to both UC and CSU                                            ,08.00,01.00,Course is not a basic skills course                                        ,Clearly Occupational (but not advanced)                                    ,Not applicable                                                             ,"Not Applicable, Credit course                                              ",Y,Course is not a support course                                             ,Fall 2025
Allan Hancock CCD,Allan Hancock,ELDV7313    ,CCC000598374,Observation Made Easy                                               ,1,Vocational ESL-493100                                                                ,Noncredit                                                                  ,Not transferable                                                           ,00.00,00.00,Course is a basic skills course                                            ,Clearly Occupational (but not advanced)                                    ,Four levels below transfer                                                 ,English as a Second Language (ESL)                                         ,Y,Course is not a support course                                             ,Fall 2025
Allan Hancock CCD,Allan Hancock,ELDV7300    ,CCC000598882,Family Childcare Business                                           ,1,Vocational ESL-493100                                                                ,Noncredit                                                                  ,Not transferable                                                           ,00.00,00.00,Course is a basic skills course                                            ,Clearly Occupational (but not advanced)                                    ,Four levels below transfer                                                 ,English as a Second Language (ESL)                                         ,Y,Course is not a support course                                             ,Fall 2025
Allan Hancock CCD,Allan Hancock,ELDV7301    ,CCC000598883,Child Health and Safety                                             ,1,Vocational ESL-493100                                                                ,Noncredit                                                                  ,Not transferable                                                           ,00.00,00.00,Course is a basic skills course                                            ,Clearly Occupational (but not advanced)                                    ,Four levels below transfer                                                 ,English as a Second Language (ESL)                                         ,Y,Course is not a support course                                             ,Fall 2025
Allan Hancock CCD,Allan Hancock,ELDV7304    ,CCC000598885,Ethics and Business Contracts                                       ,1,Vocational ESL-493100                                                                ,Noncredit                                                                  ,Not transferable                                                           ,00.00,00.00,Course is a basic skills course                                            ,Clearly Occupational (but not advanced)                                    ,Four levels below transfer                                                 ,English as a Second Language (ESL)                                         ,Y,Course is not a support course                                             ,Fall 2025
Allan Hancock CCD,Allan Hancock,LE372       ,CCC000600526,Physical Training Instructor                                        ,1,Police Academy-210550                                                                ,Credit - Degree Applicable                                                 ,Not transferable                                                           ,02.50,02.50,Course is not a basic skills course                                        ,Advanced Occupational (not limited to apprentices)                         ,Not applicable                                                             ,"Not Applicable, Credit course                                              ",Y,Course is not a support course                                             ,Fall 2025
Allan Hancock CCD,Allan Hancock,PE135       ,CCC000600529,Intermediate Yoga Fitness                                           ,4,Physical Fitness and Body Movement-083510                                            ,Credit - Degree Applicable                                                 ,Transferable to CSU only                                                   ,01.00,01.00,Course is not a basic skills course                                        ,Non-Occupational                                                           ,Not applicable                                                             ,"Not Applicable, Credit course                                              ",Y,Course is not a support course                                             ,Fall 2025
Allan Hancock CCD,Allan Hancock,NURS106     ,CCC000600706,Leadership & Management                                             ,1,Registered Nursing-123010                                                            ,Credit - Degree Applicable                                                 ,Transferable to CSU only                                                   ,01.50,01.50,Course is not a basic skills course                                        ,Clearly Occupational (but not advanced)                                    ,Not applicable                                                             ,"Not Applicable, Credit course                                              ",Y,Course is not a support course                                             ,Fall 2025
Allan Hancock CCD,Allan Hancock,NURS109     ,CCC000600707,Med Surg Nursing 3                                                  ,1,Registered Nursing-123010                                                            ,Credit - Degree Applicable                                                 ,Transferable to CSU only                                                   ,03.00,03.00,Course is not a basic skills course                                        ,Clearly Occupational (but not advanced)                                    ,Not applicable                                                             ,"Not Applicable, Credit course                                              ",Y,Course is not a support course                                             ,Fall 2025
Allan Hancock CCD,Allan Hancock,NURS110     ,CCC000600708,Mental Health Nursing                                               ,1,Registered Nursing-123010                                                            ,Credit - Degree Applicable                                                 ,Transferable to CSU only                                                   ,03.00,03.00,Course is not a basic skills course                                        ,Clearly Occupational (but not advanced)                                    ,Not applicable                                                             ,"Not Applicable, Credit course                                              ",Y,Course is not a support course                                             ,Fall 2025
Allan Hancock CCD,Allan Hancock,NURS112     ,CCC000600710,RN Skills 2                                                         ,1,Registered Nursing-123010                                                            ,Credit - Degree Applicable                                                 ,Transferable to CSU only                                                   ,00.50,00.50,Course is not a basic skills course                                        ,Clearly Occupational (but not advanced)                                    ,Not applicable                                                             ,"Not Applicable, Credit course                                              ",Y,Course is not a support course                                             ,Fall 2025
Allan Hancock CCD,Allan Hancock,ECSN7300    ,CCC000602334,Family Childcare Business                                           ,1,Child Development/Early Care and Education-130500                                    ,Noncredit                                                                  ,Not transferable                                                           ,00.00,00.00,Course is not a basic skills course                                        ,Clearly Occupational (but not advanced)                                    ,Not applicable                                                             ,Short-term Vocational Program/Career Techincal                             ,Y,Course is not a support course                                             ,Fall 2025
Allan Hancock CCD,Allan Hancock,AG100       ,CCC000602500,Intro to Ag Studies and Career                                      ,1,"Agriculture Technology and Sciences, General-010100                                  ",Credit - Degree Applicable                                                 ,Transferable to CSU only                                                   ,01.00,01.00,Course is not a basic skills course                                        ,Clearly Occupational (but not advanced)                                    ,Not applicable                                                             ,"Not Applicable, Credit course                                              ",Y,Course is not a support course                                             ,Fall 2025
Allan Hancock CCD,Allan Hancock,ECSN7301    ,CCC000602555,Child Health and Safety                                             ,1,Child Development/Early Care and Education-130500                                    ,Noncredit                                                                  ,Not transferable                                                           ,00.00,00.00,Course is not a basic skills course                                        ,Clearly Occupational (but not advanced)                                    ,Not applicable                                                             ,Short-term Vocational Program/Career Techincal                             ,Y,Course is not a support course                                             ,Fall 2025
Allan Hancock CCD,Allan Hancock,VOCE7112    ,CCC000602640,Intro to Microsoft PowerPoint                                       ,1,"Information Technology, General-070100                                               ",Noncredit                                                                  ,Not transferable                                                           ,00.00,00.00,Course is not a basic skills course                                        ,Possibly Occupational                                                      ,Not applicable                                                             ,Short-term Vocational Program/Career Techincal                             ,Y,Course is not a support course                                             ,Fall 2025
Allan Hancock CCD,Allan Hancock,ECSN7304    ,CCC000602643,Ethics and Business Contracts                                       ,1,Child Development/Early Care and Education-130500                                    ,Noncredit                                                                  ,Not transferable                                                           ,00.00,00.00,Course is not a basic skills course                                        ,Clearly Occupational (but not advanced)                                    ,Not applicable                                                             ,Short-term Vocational Program/Career Techincal                             ,Y,Course is not a support course                                             ,Fall 2025
Allan Hancock CCD,Allan Hancock,ECSN7313    ,CCC000602647,Observation Made Easy                                               ,1,Child Development/Early Care and Education-130500                                    ,Noncredit                                                                  ,Not transferable                                                           ,00.00,00.00,Course is not a basic skills course                                        ,Clearly Occupational (but not advanced)                                    ,Not applicable                                                             ,Short-term Vocational Program/Career Techincal                             ,Y,Course is not a support course                                             ,Fall 2025
Allan Hancock CCD,Allan Hancock,MATH123S    ,CCC000603012,Support for STAT C1000                                              ,3,"Mathematics, General-170100                                                          ",Credit - Degree Applicable                                                 ,Not transferable                                                           ,01.00,01.00,Course is not a basic skills course                                        ,Non-Occupational                                                           ,Not applicable                                                             ,"Not Applicable, Credit course                                              ",Y,Course is a support course                                                 ,Fall 2025
Allan Hancock CCD,Allan Hancock,MATH131S    ,CCC000603177,Support for Math 131: College                                       ,1,"Mathematics, General-170100                                                          ",Credit - Degree Applicable                                                 ,Not transferable                                                           ,01.50,01.50,Course is not a basic skills course                                        ,Non-Occupational                                                           ,Not applicable                                                             ,"Not Applicable, Credit course                                              ",Y,Course is a support course                                                 ,Fall 2025
Allan Hancock CCD,Allan Hancock,MATH135S    ,CCC000603178,Support for Math 135: Calc w/A                                      ,1,"Mathematics, General-170100                                                          ",Credit - Degree Applicable                                                 ,Not transferable                                                           ,01.50,01.50,Course is not a basic skills course                                        ,Non-Occupational                                                           ,Not applicable                                                             ,"Not Applicable, Credit course                                              ",Y,Course is a support course                                                 ,Fall 2025
Allan Hancock CCD,Allan Hancock,MATH141S    ,CCC000603179,Support for Math 141: Precalcu                                      ,1,"Mathematics, General-170100                                                          ",Credit - Degree Applicable                                                 ,Not transferable                                                           ,01.50,01.50,Course is not a basic skills course                                        ,Non-Occupational                                                           ,Not applicable                                                             ,"Not Applicable, Credit course                                              ",Y,Course is a support course                                                 ,Fall 2025
Allan Hancock CCD,Allan Hancock,MATH105     ,CCC000603312,Mathematics for Teachers                                            ,1,"Mathematics, General-170100                                                          ",Credit - Degree Applicable                                                 ,Transferable to both UC and CSU                                            ,04.00,04.00,Course is not a basic skills course                                        ,Non-Occupational                                                           ,Not applicable                                                             ,"Not Applicable, Credit course                                              ",Y,Course is not a support course                                             ,Fall 2025
Allan Hancock CCD,Allan Hancock,MUS140      ,CCC000603737,Symphonic Band                                                      ,1,Music-100400                                                                         ,Credit - Degree Applicable                                                 ,Transferable to both UC and CSU                                            ,01.00,01.00,Course is not a basic skills course                                        ,Non-Occupational                                                           ,Not applicable                                                             ,"Not Applicable, Credit course                                              ",Y,Course is not a support course                                             ,Fall 2025
Allan Hancock CCD,Allan Hancock,ELD532      ,CCC000603775,Low Advanced Writing                                                ,2,English as a Second Language - Writing-493084                                        ,Credit - Not Degree Applicable                                             ,Not transferable                                                           ,04.00,04.00,Course is a basic skills course                                            ,Non-Occupational                                                           ,Three levels below transfer                                                ,"Not Applicable, Credit course                                              ",Y,Course is not a support course                                             ,Fall 2025
Allan Hancock CCD,Allan Hancock,ELD511      ,CCC000603776,High Intermediate Conversation                                      ,1,English as a Second Language - Listening and Speaking-493086                         ,Credit - Not Degree Applicable                                             ,Not transferable                                                           ,03.00,03.00,Course is a basic skills course                                            ,Non-Occupational                                                           ,Four levels below transfer                                                 ,"Not Applicable, Credit course                                              ",Y,Course is not a support course                                             ,Fall 2025
Allan Hancock CCD,Allan Hancock,ELDN7425    ,CCC000604163,ELD Lab                                                             ,1,English as a Second Language - Integrated-493087                                     ,Noncredit                                                                  ,Not transferable                                                           ,00.00,00.00,Course is a basic skills course                                            ,Non-Occupational                                                           ,Three levels below transfer                                                ,English as a Second Language (ESL)                                         ,Y,Course is not a support course                                             ,Fall 2025
Allan Hancock CCD,Allan Hancock,VOCE7113    ,CCC000604165,Intro to Microsoft Publisher                                        ,2,Office Technology/Office Computer Applications-051400                                ,Noncredit                                                                  ,Not transferable                                                           ,00.00,00.00,Course is not a basic skills course                                        ,Possibly Occupational                                                      ,Not applicable                                                             ,Short-term Vocational Program/Career Techincal                             ,Y,Course is not a support course                                             ,Fall 2025
Allan Hancock CCD,Allan Hancock,VOCE7100    ,CCC000604483,Computers and You: Level 1                                          ,3,"Information Technology, General-070100                                               ",Noncredit                                                                  ,Not transferable                                                           ,00.00,00.00,Course is not a basic skills course                                        ,Possibly Occupational                                                      ,Not applicable                                                             ,Short-term Vocational Program/Career Techincal                             ,Y,Course is not a support course                                             ,Fall 2025
Allan Hancock CCD,Allan Hancock,ART151      ,CCC000605438,Painting 1                                                          ,1,Painting and Drawing-100210                                                          ,Credit - Degree Applicable                                                 ,Transferable to CSU only                                                   ,03.00,03.00,Course is not a basic skills course                                        ,Non-Occupational                                                           ,Not applicable                                                             ,"Not Applicable, Credit course                                              ",Y,Course is not a support course                                             ,Fall 2025
Allan Hancock CCD,Allan Hancock,GEOG115     ,CCC000606156,Physical Geography Lab                                              ,1,Geography-220600                                                                     ,Credit - Degree Applicable                                                 ,Transferable to CSU only                                                   ,01.00,01.00,Course is not a basic skills course                                        ,Non-Occupational                                                           ,Not applicable                                                             ,"Not Applicable, Credit course                                              ",Y,Course is not a support course                                             ,Fall 2025
Allan Hancock CCD,Allan Hancock,ACCT105     ,CCC000606645,Introduction to Accounting                                          ,1,Accounting-050200                                                                    ,Credit - Degree Applicable                                                 ,Transferable to CSU only                                                   ,03.00,03.00,Course is not a basic skills course                                        ,Clearly Occupational (but not advanced)                                    ,Not applicable                                                             ,"Not Applicable, Credit course                                              ",Y,Course is not a support course                                             ,Fall 2025
Allan Hancock CCD,Allan Hancock,ACCT131     ,CCC000606646,Financial Accounting 1                                              ,6,Accounting-050200                                                                    ,Credit - Degree Applicable                                                 ,Not transferable                                                           ,03.00,03.00,Course is not a basic skills course                                        ,Clearly Occupational (but not advanced)                                    ,Not applicable                                                             ,"Not Applicable, Credit course                                              ",Y,Course is not a support course                                             ,Fall 2025
Allan Hancock CCD,Allan Hancock,ACCT132     ,CCC000606647,Financial Accounting 2                                              ,3,Accounting-050200                                                                    ,Credit - Degree Applicable                                                 ,Transferable to CSU only                                                   ,03.00,03.00,Course is not a basic skills course                                        ,Clearly Occupational (but not advanced)                                    ,Not applicable                                                             ,"Not Applicable, Credit course                                              ",Y,Course is not a support course                                             ,Fall 2025
Allan Hancock CCD,Allan Hancock,AG161       ,CCC000607600,Introduction to Plant Science                                       ,2,Plant Science-010300                                                                 ,Credit - Degree Applicable                                                 ,Transferable to CSU only                                                   ,04.00,04.00,Course is not a basic skills course                                        ,Clearly Occupational (but not advanced)                                    ,Not applicable                                                             ,"Not Applicable, Credit course                                              ",Y,Course is not a support course                                             ,Fall 2025
Allan Hancock CCD,Allan Hancock,ATH104      ,CCC000608187,Care/Prevention-Ath Injuries                                        ,2,Athletic Training and Sports Medicine-122800                                         ,Credit - Degree Applicable                                                 ,Transferable to both UC and CSU                                            ,03.00,03.00,Course is not a basic skills course                                        ,Clearly Occupational (but not advanced)                                    ,Not applicable                                                             ,"Not Applicable, Credit course                                              ",Y,Course is not a support course                                             ,Fall 2025
Allan Hancock CCD,Allan Hancock,CS161       ,CCC000608188,Discrete Structures                                                 ,1,Computer Science (Transfer)-070600                                                   ,Credit - Degree Applicable                                                 ,Transferable to both UC and CSU                                            ,03.00,03.00,Course is not a basic skills course                                        ,Non-Occupational                                                           ,Not applicable                                                             ,"Not Applicable, Credit course                                              ",Y,Course is not a support course                                             ,Fall 2025
Allan Hancock CCD,Allan Hancock,LE424       ,CCC000608608,PC 832 Arrest                                                       ,2,Police Academy-210550                                                                ,Credit - Degree Applicable                                                 ,Not transferable                                                           ,02.00,02.00,Course is not a basic skills course                                        ,Clearly Occupational (but not advanced)                                    ,Not applicable                                                             ,"Not Applicable, Credit course                                              ",Y,Course is not a support course                                             ,Fall 2025
Allan Hancock CCD,Allan Hancock,ENGL105     ,CCC000608917,Language and Culture                                                ,1,Linguistics-150110                                                                   ,Credit - Degree Applicable                                                 ,Transferable to both UC and CSU                                            ,03.00,03.00,Course is not a basic skills course                                        ,Non-Occupational                                                           ,Not applicable                                                             ,"Not Applicable, Credit course                                              ",Y,Course is not a support course                                             ,Fall 2025
Allan Hancock CCD,Allan Hancock,BASK7005    ,CCC000610996,H.S. Equivalency Exam Preparation                                   ,6,Secondary Education (Grades 9-12) and G.E.D.-493062                                  ,Noncredit                                                                  ,Not transferable                                                           ,00.00,00.00,Course is a basic skills course                                            ,Non-Occupational                                                           ,Three levels below transfer                                                ,Elementary and Secondary Basic Skills                                      ,Y,Course is not a support course                                             ,Fall 2025
Allan Hancock CCD,Allan Hancock,LE425       ,CCC000611471,PC 832 Firearms                                                     ,1,Police Academy-210550                                                                ,Credit - Degree Applicable                                                 ,Not transferable                                                           ,00.50,00.50,Course is not a basic skills course                                        ,Clearly Occupational (but not advanced)                                    ,Not applicable                                                             ,"Not Applicable, Credit course                                              ",Y,Course is not a support course                                             ,Fall 2025
Allan Hancock CCD,Allan Hancock,PHTO151     ,CCC000612610,Portrait Photography                                                ,1,Applied Photography-101200                                                           ,Credit - Degree Applicable                                                 ,Transferable to CSU only                                                   ,02.00,02.00,Course is not a basic skills course                                        ,Clearly Occupational (but not advanced)                                    ,Not applicable                                                             ,"Not Applicable, Credit course                                              ",Y,Course is not a support course                                             ,Fall 2025
Allan Hancock CCD,Allan Hancock,LE321       ,CCC000612700,Basic Law Enforcement Academy                                       ,1,Police Academy-210550                                                                ,Credit - Degree Applicable                                                 ,Not transferable                                                           ,10.00,10.00,Course is not a basic skills course                                        ,Clearly Occupational (but not advanced)                                    ,Not applicable                                                             ,"Not Applicable, Credit course                                              ",Y,Course is not a support course                                             ,Fall 2025
Allan Hancock CCD,Allan Hancock,OLDR7100    ,CCC000612701,Sensory Awareness                                                   ,6,Physical Education-083500                                                            ,Noncredit                                                                  ,Not transferable                                                           ,00.00,00.00,Course is not a basic skills course                                        ,Non-Occupational                                                           ,Not applicable                                                             ,Courses for Older Adults                                                   ,Y,Course is not a support course                                             ,Fall 2025
Allan Hancock CCD,Allan Hancock,PARN7002    ,CCC000612758,Topics of Parenting                                                 ,2,Child Development/Early Care and Education-130500                                    ,Noncredit                                                                  ,Not transferable                                                           ,00.00,00.00,Course is not a basic skills course                                        ,Possibly Occupational                                                      ,Not applicable                                                             ,Parenting                                                                  ,Y,Course is not a support course                                             ,Fall 2025
Allan Hancock CCD,Allan Hancock,LGBT101     ,CCC000613014,Intro to LGBT Studies                                               ,1,Sociology-220800                                                                     ,Credit - Degree Applicable                                                 ,Transferable to CSU only                                                   ,03.00,03.00,Course is not a basic skills course                                        ,Non-Occupational                                                           ,Not applicable                                                             ,"Not Applicable, Credit course                                              ",Y,Course is not a support course                                             ,Fall 2025
Allan Hancock CCD,Allan Hancock,LE322       ,CCC000614860,Basic Law Enforcement Academy                                       ,1,Police Academy-210550                                                                ,Credit - Degree Applicable                                                 ,Not transferable                                                           ,10.00,10.00,Course is not a basic skills course                                        ,Clearly Occupational (but not advanced)                                    ,Not applicable                                                             ,"Not Applicable, Credit course                                              ",Y,Course is not a support course                                             ,Fall 2025
Allan Hancock CCD,Allan Hancock,ECON130     ,CCC000615178,Consumer and Family Finance                                         ,1,Economics-220400                                                                     ,Credit - Degree Applicable                                                 ,Transferable to CSU only                                                   ,03.00,03.00,Course is not a basic skills course                                        ,Non-Occupational                                                           ,Not applicable                                                             ,"Not Applicable, Credit course                                              ",Y,Course is not a support course                                             ,Fall 2025
Allan Hancock CCD,Allan Hancock,LBRY170     ,CCC000615179,Research Methods                                                    ,1,Other Interdisciplinary Studies-499900                                               ,Credit - Degree Applicable                                                 ,Transferable to both UC and CSU                                            ,02.00,02.00,Course is not a basic skills course                                        ,Non-Occupational                                                           ,Not applicable                                                             ,"Not Applicable, Credit course                                              ",Y,Course is not a support course                                             ,Fall 2025
Allan Hancock CCD,Allan Hancock,PHTO101     ,CCC000615180,History of Photography                                              ,1,Photography-101100                                                                   ,Credit - Degree Applicable                                                 ,Transferable to CSU only                                                   ,03.00,03.00,Course is not a basic skills course                                        ,Non-Occupational                                                           ,Not applicable                                                             ,"Not Applicable, Credit course                                              ",Y,Course is not a support course                                             ,Fall 2025
Allan Hancock CCD,Allan Hancock,GEOG155     ,CCC000616776,Intro to GIS with Lab                                               ,1,Geography-220600                                                                     ,Credit - Degree Applicable                                                 ,Transferable to CSU only                                                   ,02.00,02.00,Course is not a basic skills course                                        ,Non-Occupational                                                           ,Not applicable                                                             ,"Not Applicable, Credit course                                              ",Y,Course is not a support course                                             ,Fall 2025
Allan Hancock CCD,Allan Hancock,MB305       ,CCC000619303,Body Systems and Diseases                                           ,1,Medical Assisting-120800                                                             ,Credit - Degree Applicable                                                 ,Not transferable                                                           ,05.00,05.00,Course is not a basic skills course                                        ,Clearly Occupational (but not advanced)                                    ,Not applicable                                                             ,"Not Applicable, Credit course                                              ",Y,Course is not a support course                                             ,Fall 2025
Allan Hancock CCD,Allan Hancock,OLDR7401    ,CCC000619852,Jazz Ensemble                                                       ,2,Music-100400                                                                         ,Noncredit                                                                  ,Not transferable                                                           ,00.00,00.00,Course is not a basic skills course                                        ,Non-Occupational                                                           ,Not applicable                                                             ,Courses for Older Adults                                                   ,Y,Course is not a support course                                             ,Fall 2025
Allan Hancock CCD,Allan Hancock,LE318       ,CCC000620881,Traffic Collision Invest                                            ,1,Police Academy-210550                                                                ,Credit - Degree Applicable                                                 ,Not transferable                                                           ,00.50,00.50,Course is not a basic skills course                                        ,Clearly Occupational (but not advanced)                                    ,Not applicable                                                             ,"Not Applicable, Credit course                                              ",Y,Course is not a support course                                             ,Fall 2025
Allan Hancock CCD,Allan Hancock,ELDN7502    ,CCC000622458,Low Advanced Grammar                                                ,1,English as a Second Language - Integrated-493087                                     ,Noncredit                                                                  ,Not transferable                                                           ,00.00,00.00,Course is a basic skills course                                            ,Non-Occupational                                                           ,Four levels below transfer                                                 ,English as a Second Language (ESL)                                         ,Y,Course is not a support course                                             ,Fall 2025
Allan Hancock CCD,Allan Hancock,EMSP300     ,CCC000622633,Anatomy & Physiology for Preho                                      ,1,Emergency Medical Services-125000                                                    ,Credit - Degree Applicable                                                 ,Not transferable                                                           ,03.00,03.00,Course is not a basic skills course                                        ,Clearly Occupational (but not advanced)                                    ,Not applicable                                                             ,"Not Applicable, Credit course                                              ",Y,Course is not a support course                                             ,Fall 2025
Allan Hancock CCD,Allan Hancock,MB352       ,CCC000622755,MB Administrative Procedures                                        ,1,Administrative Medical Assisting-120820                                              ,Credit - Degree Applicable                                                 ,Not transferable                                                           ,04.00,04.00,Course is not a basic skills course                                        ,Clearly Occupational (but not advanced)                                    ,Not applicable                                                             ,"Not Applicable, Credit course                                              ",Y,Course is not a support course                                             ,Fall 2025
Allan Hancock CCD,Allan Hancock,VOCE7101    ,CCC000622759,Computers and You: Level 2                                          ,2,"Information Technology, General-070100                                               ",Noncredit                                                                  ,Not transferable                                                           ,00.00,00.00,Course is not a basic skills course                                        ,Clearly Occupational (but not advanced)                                    ,Not applicable                                                             ,Short-term Vocational Program/Career Techincal                             ,Y,Course is not a support course                                             ,Fall 2025
Allan Hancock CCD,Allan Hancock,VOCE7105    ,CCC000622761,Intro to Microsoft Word                                             ,1,Software Applications-070210                                                         ,Noncredit                                                                  ,Not transferable                                                           ,00.00,00.00,Course is not a basic skills course                                        ,Clearly Occupational (but not advanced)                                    ,Not applicable                                                             ,Short-term Vocational Program/Career Techincal                             ,Y,Course is not a support course                                             ,Fall 2025
Allan Hancock CCD,Allan Hancock,VOCE7107    ,CCC000622762,Intro to Microsoft Excel                                            ,2,Software Applications-070210                                                         ,Noncredit                                                                  ,Not transferable                                                           ,00.00,00.00,Course is not a basic skills course                                        ,Possibly Occupational                                                      ,Not applicable                                                             ,Short-term Vocational Program/Career Techincal                             ,Y,Course is not a support course                                             ,Fall 2025
Allan Hancock CCD,Allan Hancock,VOCE7108    ,CCC000622763,Computer Skills Lab                                                 ,2,Office Technology/Office Computer Applications-051400                                ,Noncredit                                                                  ,Not transferable                                                           ,00.00,00.00,Course is not a basic skills course                                        ,Clearly Occupational (but not advanced)                                    ,Not applicable                                                             ,Short-term Vocational Program/Career Techincal                             ,Y,Course is not a support course                                             ,Fall 2025
Allan Hancock CCD,Allan Hancock,FT149       ,CCC000622915,Coop Work Exp: Occupational                                         ,2,Fire Technology-213300                                                               ,Credit - Degree Applicable                                                 ,Transferable to CSU only                                                   ,08.00,01.00,Course is not a basic skills course                                        ,Clearly Occupational (but not advanced)                                    ,Not applicable                                                             ,"Not Applicable, Credit course                                              ",Y,Course is not a support course                                             ,Fall 2025
Allan Hancock CCD,Allan Hancock,CBIS311     ,CCC000622923,Info Security Planning for Bus                                      ,1,Computer Information Systems-070200                                                  ,Credit - Degree Applicable                                                 ,Not transferable                                                           ,03.00,03.00,Course is not a basic skills course                                        ,Clearly Occupational (but not advanced)                                    ,Not applicable                                                             ,"Not Applicable, Credit course                                              ",Y,Course is not a support course                                             ,Fall 2025
Allan Hancock CCD,Allan Hancock,ELDN7450    ,CCC000622931,Beginning Conversation                                              ,8,English as a Second Language - Listening and Speaking-493086                         ,Noncredit                                                                  ,Not transferable                                                           ,00.00,00.00,Course is a basic skills course                                            ,Non-Occupational                                                           ,Five levels below transfer                                                 ,English as a Second Language (ESL)                                         ,Y,Course is not a support course                                             ,Fall 2025
Allan Hancock CCD,Allan Hancock,ELDN7480    ,CCC000622932,Intermediate Conversation                                           ,7,English as a Second Language - Listening and Speaking-493086                         ,Noncredit                                                                  ,Not transferable                                                           ,00.00,00.00,Course is a basic skills course                                            ,Non-Occupational                                                           ,Three levels below transfer                                                ,English as a Second Language (ESL)                                         ,Y,Course is not a support course                                             ,Fall 2025
Allan Hancock CCD,Allan Hancock,ES121       ,CCC000622999,African American History                                            ,4,Social Justice: African American Studies-220180                                      ,Credit - Degree Applicable                                                 ,Transferable to CSU only                                                   ,03.00,03.00,Course is not a basic skills course                                        ,Non-Occupational                                                           ,Not applicable                                                             ,"Not Applicable, Credit course                                              ",Y,Course is not a support course                                             ,Fall 2025
Allan Hancock CCD,Allan Hancock,PEIA180     ,CCC000623001,"Intercollegiate Swimming, Men                                       ",1,Intercollegiate Athletics-083550                                                     ,Credit - Degree Applicable                                                 ,Transferable to CSU only                                                   ,03.00,03.00,Course is not a basic skills course                                        ,Non-Occupational                                                           ,Not applicable                                                             ,"Not Applicable, Credit course                                              ",Y,Course is not a support course                                             ,Fall 2025
Allan Hancock CCD,Allan Hancock,LE330       ,CCC000623336,Core Custody Academy                                                ,1,Corrections-210510                                                                   ,Credit - Degree Applicable                                                 ,Not transferable                                                           ,13.50,13.50,Course is not a basic skills course                                        ,Clearly Occupational (but not advanced)                                    ,Not applicable                                                             ,"Not Applicable, Credit course                                              ",Y,Course is not a support course                                             ,Fall 2025
Allan Hancock CCD,Allan Hancock,OLDR7213    ,CCC000623796,Painting in Oils and Acrylics                                       ,1,Painting and Drawing-100210                                                          ,Noncredit                                                                  ,Not transferable                                                           ,00.00,00.00,Course is not a basic skills course                                        ,Non-Occupational                                                           ,Not applicable                                                             ,Courses for Older Adults                                                   ,Y,Course is not a support course                                             ,Fall 2025
Allan Hancock CCD,Allan Hancock,MUS170      ,CCC000623905,Applied Music                                                       ,1,Music-100400                                                                         ,Credit - Degree Applicable                                                 ,Transferable to CSU only                                                   ,00.50,00.50,Course is not a basic skills course                                        ,Non-Occupational                                                           ,Not applicable                                                             ,"Not Applicable, Credit course                                              ",Y,Course is not a support course                                             ,Fall 2025
Allan Hancock CCD,Allan Hancock,OLDR7200    ,CCC000623906,Int. Watercolor Painting                                            ,2,Painting and Drawing-100210                                                          ,Noncredit                                                                  ,Not transferable                                                           ,00.00,00.00,Course is not a basic skills course                                        ,Non-Occupational                                                           ,Not applicable                                                             ,Courses for Older Adults                                                   ,Y,Course is not a support course                                             ,Fall 2025
Allan Hancock CCD,Allan Hancock,OLDR7209    ,CCC000623980,Botanical Illustration                                              ,2,Painting and Drawing-100210                                                          ,Noncredit                                                                  ,Not transferable                                                           ,00.00,00.00,Course is not a basic skills course                                        ,Non-Occupational                                                           ,Not applicable                                                             ,Courses for Older Adults                                                   ,Y,Course is not a support course                                             ,Fall 2025
Allan Hancock CCD,Allan Hancock,OLDR7211    ,CCC000623981,The Joy of Drawing                                                  ,1,Painting and Drawing-100210                                                          ,Noncredit                                                                  ,Not transferable                                                           ,00.00,00.00,Course is not a basic skills course                                        ,Non-Occupational                                                           ,Not applicable                                                             ,Courses for Older Adults                                                   ,Y,Course is not a support course                                             ,Fall 2025
Allan Hancock CCD,Allan Hancock,ARCH100     ,CCC000624464,Computer Aided Drafting and Design                                  ,1,Architectural Drafting-095310                                                        ,Credit - Degree Applicable                                                 ,Transferable to CSU only                                                   ,03.00,03.00,Course is not a basic skills course                                        ,Clearly Occupational (but not advanced)                                    ,Not applicable                                                             ,"Not Applicable, Credit course                                              ",Y,Course is not a support course                                             ,Fall 2025
Allan Hancock CCD,Allan Hancock,CA325       ,CCC000625522,Specialty Cakes - Baking and Decorating                             ,1,Culinary Arts-130630                                                                 ,Credit - Degree Applicable                                                 ,Not transferable                                                           ,02.00,02.00,Course is not a basic skills course                                        ,Clearly Occupational (but not advanced)                                    ,Not applicable                                                             ,"Not Applicable, Credit course                                              ",Y,Course is not a support course                                             ,Fall 2025
Allan Hancock CCD,Allan Hancock,EMSP324     ,CCC000625524,Paramedicine Laboratory 1                                           ,1,Paramedic-125100                                                                     ,Credit - Degree Applicable                                                 ,Not transferable                                                           ,02.00,02.00,Course is not a basic skills course                                        ,Clearly Occupational (but not advanced)                                    ,Not applicable                                                             ,"Not Applicable, Credit course                                              ",Y,Course is not a support course                                             ,Fall 2025
Allan Hancock CCD,Allan Hancock,EMSP334     ,CCC000625525,Paramedicine Laboratory 2                                           ,1,Paramedic-125100                                                                     ,Credit - Degree Applicable                                                 ,Not transferable                                                           ,02.00,02.00,Course is not a basic skills course                                        ,Clearly Occupational (but not advanced)                                    ,Not applicable                                                             ,"Not Applicable, Credit course                                              ",Y,Course is not a support course                                             ,Fall 2025
Allan Hancock CCD,Allan Hancock,PD114       ,CCC000626668,Navigating University Transfer                                      ,3,Career Guidance and Orientation-493010                                               ,Credit - Degree Applicable                                                 ,Transferable to CSU only                                                   ,01.00,01.00,Course is not a basic skills course                                        ,Non-Occupational                                                           ,Not applicable                                                             ,"Not Applicable, Credit course                                              ",Y,Course is not a support course                                             ,Fall 2025
Allan Hancock CCD,Allan Hancock,ELDN7400    ,CCC000626950,Spanish Literacy 1                                                  ,2,English as a Second Language - Integrated-493087                                     ,Noncredit                                                                  ,Not transferable                                                           ,00.00,00.00,Course is a basic skills course                                            ,Non-Occupational                                                           ,Eight levels below transfer                                                ,English as a Second Language (ESL)                                         ,Y,Course is not a support course                                             ,Fall 2025
Allan Hancock CCD,Allan Hancock,ELDN7420    ,CCC000627043,Newcomer                                                            ,9,English as a Second Language - Integrated-493087                                     ,Noncredit                                                                  ,Not transferable                                                           ,00.00,00.00,Course is a basic skills course                                            ,Non-Occupational                                                           ,Seven levels below transfer                                                ,English as a Second Language (ESL)                                         ,Y,Course is not a support course                                             ,Fall 2025
Allan Hancock CCD,Allan Hancock,CNET108     ,CCC000627173,Networking Essentials 3                                             ,1,Electronics and Electric Technology-093400                                           ,Credit - Degree Applicable                                                 ,Transferable to CSU only                                                   ,04.00,04.00,Course is not a basic skills course                                        ,Clearly Occupational (but not advanced)                                    ,Not applicable                                                             ,"Not Applicable, Credit course                                              ",Y,Course is not a support course                                             ,Fall 2025
Allan Hancock CCD,Allan Hancock,MUS133      ,CCC000627427,Chamber Voices                                                      ,1,Music-100400                                                                         ,Credit - Degree Applicable                                                 ,Transferable to both UC and CSU                                            ,01.00,01.00,Course is not a basic skills course                                        ,Non-Occupational                                                           ,Not applicable                                                             ,"Not Applicable, Credit course                                              ",Y,Course is not a support course                                             ,Fall 2025
Allan Hancock CCD,Allan Hancock,MUS137      ,CCC000627428,Concert Chorale                                                     ,1,Music-100400                                                                         ,Credit - Degree Applicable                                                 ,Transferable to both UC and CSU                                            ,01.00,01.00,Course is not a basic skills course                                        ,Non-Occupational                                                           ,Not applicable                                                             ,"Not Applicable, Credit course                                              ",Y,Course is not a support course                                             ,Fall 2025
Allan Hancock CCD,Allan Hancock,MUS130      ,CCC000627581,Mixed Ensemble                                                      ,1,Music-100400                                                                         ,Credit - Degree Applicable                                                 ,Transferable to both UC and CSU                                            ,01.00,01.00,Course is not a basic skills course                                        ,Non-Occupational                                                           ,Not applicable                                                             ,"Not Applicable, Credit course                                              ",Y,Course is not a support course                                             ,Fall 2025
Allan Hancock CCD,Allan Hancock,MUS132      ,CCC000627582,Masterworks Chorale                                                 ,1,Music-100400                                                                         ,Credit - Degree Applicable                                                 ,Transferable to both UC and CSU                                            ,01.00,01.00,Course is not a basic skills course                                        ,Non-Occupational                                                           ,Not applicable                                                             ,"Not Applicable, Credit course                                              ",Y,Course is not a support course                                             ,Fall 2025
Allan Hancock CCD,Allan Hancock,NURS300     ,CCC000630120,CNA/Acute Care Aide                                                 ,2,Certified Nurse Assistant-123030                                                     ,Credit - Degree Applicable                                                 ,Not transferable                                                           ,12.00,12.00,Course is not a basic skills course                                        ,Clearly Occupational (but not advanced)                                    ,Not applicable                                                             ,"Not Applicable, Credit course                                              ",Y,Course is not a support course                                             ,Fall 2025
Allan Hancock CCD,Allan Hancock,PE118       ,CCC000630121,Indoor Cycle                                                        ,2,Physical Education-083500                                                            ,Credit - Degree Applicable                                                 ,Transferable to CSU only                                                   ,01.00,01.00,Course is not a basic skills course                                        ,Non-Occupational                                                           ,Not applicable                                                             ,"Not Applicable, Credit course                                              ",Y,Course is not a support course                                             ,Fall 2025
Allan Hancock CCD,Allan Hancock,HLTH7113    ,CCC000630248,Think Like a Registered Nurse                                       ,2,Health Education-083700                                                              ,Noncredit                                                                  ,Not transferable                                                           ,00.00,00.00,Course is not a basic skills course                                        ,Non-Occupational                                                           ,Not applicable                                                             ,Health and Safety                                                          ,Y,Course is not a support course                                             ,Fall 2025
Allan Hancock CCD,Allan Hancock,HLTH7114    ,CCC000630249,Think Like a Vocational Nurse                                       ,1,Health Education-083700                                                              ,Noncredit                                                                  ,Not transferable                                                           ,00.00,00.00,Course is not a basic skills course                                        ,Non-Occupational                                                           ,Not applicable                                                             ,Health and Safety                                                          ,Y,Course is not a support course                                             ,Fall 2025
Allan Hancock CCD,Allan Hancock,ES120       ,CCC000630323,Chicano History                                                     ,9,Social Justice: Chicano Studies-220160                                               ,Credit - Degree Applicable                                                 ,Transferable to CSU only                                                   ,03.00,03.00,Course is not a basic skills course                                        ,Non-Occupational                                                           ,Not applicable                                                             ,"Not Applicable, Credit course                                              ",Y,Course is not a support course                                             ,Fall 2025
Allan Hancock CCD,Allan Hancock,AJ106       ,CCC000630354,Police Patrol Procedures                                            ,1,Police Academy-210550                                                                ,Credit - Degree Applicable                                                 ,Transferable to CSU only                                                   ,03.00,03.00,Course is not a basic skills course                                        ,Clearly Occupational (but not advanced)                                    ,Not applicable                                                             ,"Not Applicable, Credit course                                              ",Y,Course is not a support course                                             ,Fall 2025
Allan Hancock CCD,Allan Hancock,ELDN7523    ,CCC000632654,Advanced Reading                                                    ,1,English as a Second Language - Reading-493085                                        ,Noncredit                                                                  ,Not transferable                                                           ,00.00,00.00,Course is not a basic skills course                                        ,Non-Occupational                                                           ,One level below transfer                                                   ,English as a Second Language (ESL)                                         ,Y,Course is not a support course                                             ,Fall 2025
Allan Hancock CCD,Allan Hancock,ELDN7521    ,CCC000632655,High Intermediate Reading                                           ,1,English as a Second Language - Reading-493085                                        ,Noncredit                                                                  ,Not transferable                                                           ,00.00,00.00,Course is a basic skills course                                            ,Non-Occupational                                                           ,Four levels below transfer                                                 ,English as a Second Language (ESL)                                         ,Y,Course is not a support course                                             ,Fall 2025
Allan Hancock CCD,Allan Hancock,ELDN7531    ,CCC000632656,High Intermediate Writing                                           ,2,English as a Second Language - Writing-493084                                        ,Noncredit                                                                  ,Not transferable                                                           ,00.00,00.00,Course is a basic skills course                                            ,Non-Occupational                                                           ,Four levels below transfer                                                 ,English as a Second Language (ESL)                                         ,Y,Course is not a support course                                             ,Fall 2025
Allan Hancock CCD,Allan Hancock,ELDN7522    ,CCC000632657,Low Advanced Reading                                                ,1,English as a Second Language - Reading-493085                                        ,Noncredit                                                                  ,Not transferable                                                           ,00.00,00.00,Course is a basic skills course                                            ,Non-Occupational                                                           ,Three levels below transfer                                                ,English as a Second Language (ESL)                                         ,Y,Course is not a support course                                             ,Fall 2025
Allan Hancock CCD,Allan Hancock,ELDN7532    ,CCC000632658,Low Advanced Writing                                                ,2,English as a Second Language - Writing-493084                                        ,Noncredit                                                                  ,Not transferable                                                           ,00.00,00.00,Course is a basic skills course                                            ,Non-Occupational                                                           ,Three levels below transfer                                                ,English as a Second Language (ESL)                                         ,Y,Course is not a support course                                             ,Fall 2025
Allan Hancock CCD,Allan Hancock,ELDN7511    ,CCC000632659,High Intermediate Conversation                                      ,1,English as a Second Language - Listening and Speaking-493086                         ,Noncredit                                                                  ,Not transferable                                                           ,00.00,00.00,Course is a basic skills course                                            ,Non-Occupational                                                           ,Four levels below transfer                                                 ,English as a Second Language (ESL)                                         ,Y,Course is not a support course                                             ,Fall 2025
Allan Hancock CCD,Allan Hancock,OLDR7400    ,CCC000632905,Mixed Ensemble                                                      ,1,Music-100400                                                                         ,Noncredit                                                                  ,Not transferable                                                           ,00.00,00.00,Course is not a basic skills course                                        ,Non-Occupational                                                           ,Not applicable                                                             ,Courses for Older Adults                                                   ,Y,Course is not a support course                                             ,Fall 2025
Allan Hancock CCD,Allan Hancock,HIST121     ,CCC000636207,African American History                                            ,4,History-220500                                                                       ,Credit - Degree Applicable                                                 ,Transferable to CSU only                                                   ,03.00,03.00,Course is not a basic skills course                                        ,Non-Occupational                                                           ,Not applicable                                                             ,"Not Applicable, Credit course                                              ",Y,Course is not a support course                                             ,Fall 2025
Allan Hancock CCD,Allan Hancock,OLDR7035    ,CCC000636490,Jewelry Making & Repair                                             ,2,Jewelry-100910                                                                       ,Noncredit                                                                  ,Not transferable                                                           ,00.00,00.00,Course is not a basic skills course                                        ,Non-Occupational                                                           ,Not applicable                                                             ,Courses for Older Adults                                                   ,Y,Course is not a support course                                             ,Fall 2025
Allan Hancock CCD,Allan Hancock,POLS110     ,CCC000636491,Political Theory                                                    ,1,Political Science-220700                                                             ,Credit - Degree Applicable                                                 ,Transferable to CSU only                                                   ,03.00,03.00,Course is not a basic skills course                                        ,Non-Occupational                                                           ,Not applicable                                                             ,"Not Applicable, Credit course                                              ",Y,Course is not a support course                                             ,Fall 2025
Allan Hancock CCD,Allan Hancock,CITZ7001    ,CCC000636539,U. S. Citizenship Interview Pr                                      ,3,Citizenship / ESL Civics-493090                                                      ,Noncredit                                                                  ,Not transferable                                                           ,00.00,00.00,Course is not a basic skills course                                        ,Non-Occupational                                                           ,Not applicable                                                             ,Immigrant Education (Citizenship/Civic Education)                          ,Y,Course is not a support course                                             ,Fall 2025
Allan Hancock CCD,Allan Hancock,BASK7006    ,CCC000637164,Math Reasoning                                                      ,1,Secondary Education (Grades 9-12) and G.E.D.-493062                                  ,Noncredit                                                                  ,Not transferable                                                           ,00.00,00.00,Course is a basic skills course                                            ,Non-Occupational                                                           ,Three levels below transfer                                                ,Elementary and Secondary Basic Skills                                      ,Y,Course is not a support course                                             ,Fall 2025
Allan Hancock CCD,Allan Hancock,FASH105     ,CCC000637250,Race and Ethnicity in Fashion                                       ,2,Fashion-130300                                                                       ,Credit - Degree Applicable                                                 ,Not transferable                                                           ,03.00,03.00,Course is not a basic skills course                                        ,Clearly Occupational (but not advanced)                                    ,Not applicable                                                             ,"Not Applicable, Credit course                                              ",Y,Course is not a support course                                             ,Fall 2025
Allan Hancock CCD,Allan Hancock,MMAC101     ,CCC000637921,Introduction to Multimedia                                          ,1,Digital Media-061400                                                                 ,Credit - Degree Applicable                                                 ,Transferable to CSU only                                                   ,03.00,03.00,Course is not a basic skills course                                        ,Possibly Occupational                                                      ,Not applicable                                                             ,"Not Applicable, Credit course                                              ",Y,Course is not a support course                                             ,Fall 2025
Allan Hancock CCD,Allan Hancock,DANC104     ,CCC000638258,Dancing for the Camera                                              ,1,Commercial Dance-100810                                                              ,Credit - Degree Applicable                                                 ,Transferable to CSU only                                                   ,02.00,02.00,Course is not a basic skills course                                        ,Clearly Occupational (but not advanced)                                    ,Not applicable                                                             ,"Not Applicable, Credit course                                              ",Y,Course is not a support course                                             ,Fall 2025
Allan Hancock CCD,Allan Hancock,DANC107     ,CCC000638259,Intercollegiate Conditioning-Dance                                  ,1,Commercial Dance-100810                                                              ,Credit - Degree Applicable                                                 ,Transferable to both UC and CSU                                            ,03.00,03.00,Course is not a basic skills course                                        ,Clearly Occupational (but not advanced)                                    ,Not applicable                                                             ,"Not Applicable, Credit course                                              ",Y,Course is not a support course                                             ,Fall 2025
Allan Hancock CCD,Allan Hancock,AJ149       ,CCC000638991,Cooperative Education                                               ,2,Administration of Justice-210500                                                     ,Credit - Degree Applicable                                                 ,Transferable to CSU only                                                   ,08.00,01.00,Course is not a basic skills course                                        ,Clearly Occupational (but not advanced)                                    ,Not applicable                                                             ,"Not Applicable, Credit course                                              ",Y,Course is not a support course                                             ,Fall 2025
Allan Hancock CCD,Allan Hancock,DANC142     ,CCC000638992,Ballet Folklorico II                                                ,1,Commercial Dance-100810                                                              ,Credit - Degree Applicable                                                 ,Transferable to both UC and CSU                                            ,02.00,02.00,Course is not a basic skills course                                        ,Possibly Occupational                                                      ,Not applicable                                                             ,"Not Applicable, Credit course                                              ",Y,Course is not a support course                                             ,Fall 2025
Allan Hancock CCD,Allan Hancock,OLDR7405    ,CCC000639060,Symphonic Band                                                      ,1,Music-100400                                                                         ,Noncredit                                                                  ,Not transferable                                                           ,00.00,00.00,Course is not a basic skills course                                        ,Non-Occupational                                                           ,Not applicable                                                             ,Courses for Older Adults                                                   ,Y,Course is not a support course                                             ,Fall 2025
Allan Hancock CCD,Allan Hancock,TRCK7802    ,CCC000639067,Public Road Truck Driving                                           ,59,Truck and Bus Driving-094750                                                         ,Noncredit                                                                  ,Not transferable                                                           ,00.00,00.00,Course is not a basic skills course                                        ,Clearly Occupational (but not advanced)                                    ,Not applicable                                                             ,Short-term Vocational Program/Career Techincal                             ,Y,Course is not a support course                                             ,Fall 2025
Allan Hancock CCD,Allan Hancock,PDNC7100    ,CCC000639138,College Connect                                                     ,2,Academic Guidance-493013                                                             ,Noncredit                                                                  ,Not transferable                                                           ,00.00,00.00,Course is not a basic skills course                                        ,Non-Occupational                                                           ,Not applicable                                                             ,Workforce Preparation                                                      ,Y,Course is not a support course                                             ,Fall 2025
Allan Hancock CCD,Allan Hancock,TRCK7800    ,CCC000639141,Truck Driving Theory                                                ,5,Truck and Bus Driving-094750                                                         ,Noncredit                                                                  ,Not transferable                                                           ,00.00,00.00,Course is not a basic skills course                                        ,Clearly Occupational (but not advanced)                                    ,Not applicable                                                             ,Short-term Vocational Program/Career Techincal                             ,Y,Course is not a support course                                             ,Fall 2025
Allan Hancock CCD,Allan Hancock,AG190       ,CCC000640553,"Ag Production Enterprise, Fall                                      ",3,"Agriculture Technology and Sciences, General-010100                                  ",Credit - Degree Applicable                                                 ,Transferable to CSU only                                                   ,02.00,02.00,Course is not a basic skills course                                        ,Clearly Occupational (but not advanced)                                    ,Not applicable                                                             ,"Not Applicable, Credit course                                              ",Y,Course is not a support course                                             ,Fall 2025
Allan Hancock CCD,Allan Hancock,ARCH101     ,CCC000640556,Principles of Environmental Design                                  ,1,Architecture and Architectural Technology-020100                                     ,Credit - Degree Applicable                                                 ,Transferable to CSU only                                                   ,03.00,03.00,Course is not a basic skills course                                        ,Possibly Occupational                                                      ,Not applicable                                                             ,"Not Applicable, Credit course                                              ",Y,Course is not a support course                                             ,Fall 2025
Allan Hancock CCD,Allan Hancock,COMM100     ,CCC000640561,Survey of Comm Studies                                              ,2,Speech Communication-150600                                                          ,Credit - Degree Applicable                                                 ,Transferable to CSU only                                                   ,03.00,03.00,Course is not a basic skills course                                        ,Non-Occupational                                                           ,Not applicable                                                             ,"Not Applicable, Credit course                                              ",Y,Course is not a support course                                             ,Fall 2025
Allan Hancock CCD,Allan Hancock,MATH181S    ,CCC000640563,Support for Math 181: Calculus 1                                    ,1,"Mathematics, General-170100                                                          ",Credit - Degree Applicable                                                 ,Not transferable                                                           ,02.00,02.00,Course is not a basic skills course                                        ,Non-Occupational                                                           ,Not applicable                                                             ,"Not Applicable, Credit course                                              ",Y,Course is a support course                                                 ,Fall 2025
Allan Hancock CCD,Allan Hancock,FASN7000    ,CCC000640581,Introduction to Basic Sewing                                        ,2,Fashion-130300                                                                       ,Noncredit                                                                  ,Not transferable                                                           ,00.00,00.00,Course is not a basic skills course                                        ,Possibly Occupational                                                      ,Not applicable                                                             ,Short-term Vocational Program/Career Techincal                             ,Y,Course is not a support course                                             ,Fall 2025
Allan Hancock CCD,Allan Hancock,FASN7001    ,CCC000640582,Clothing Construction 1                                             ,4,Fashion-130300                                                                       ,Noncredit                                                                  ,Not transferable                                                           ,00.00,00.00,Course is not a basic skills course                                        ,Possibly Occupational                                                      ,Not applicable                                                             ,Short-term Vocational Program/Career Techincal                             ,Y,Course is not a support course                                             ,Fall 2025
Allan Hancock CCD,Allan Hancock,FASN7003    ,CCC000640584,Clothing Construction 3                                             ,1,Fashion-130300                                                                       ,Noncredit                                                                  ,Not transferable                                                           ,00.00,00.00,Course is not a basic skills course                                        ,Possibly Occupational                                                      ,Not applicable                                                             ,Short-term Vocational Program/Career Techincal                             ,Y,Course is not a support course                                             ,Fall 2025
Allan Hancock CCD,Allan Hancock,TRCK7801    ,CCC000640592,Yard Skills                                                         ,65,Truck and Bus Driving-094750                                                         ,Noncredit                                                                  ,Not transferable                                                           ,00.00,00.00,Course is not a basic skills course                                        ,Clearly Occupational (but not advanced)                                    ,Not applicable                                                             ,Short-term Vocational Program/Career Techincal                             ,Y,Course is not a support course                                             ,Fall 2025
Allan Hancock CCD,Allan Hancock,ELD523      ,CCC000640654,Advanced Reading                                                    ,1,English as a Second Language - Reading-493085                                        ,Credit - Degree Applicable                                                 ,Not transferable                                                           ,03.00,03.00,Course is not a basic skills course                                        ,Non-Occupational                                                           ,One level below transfer                                                   ,"Not Applicable, Credit course                                              ",Y,Course is not a support course                                             ,Fall 2025
Allan Hancock CCD,Allan Hancock,ELDN7533    ,CCC000640696,Advanced Writing                                                    ,1,English as a Second Language - Writing-493084                                        ,Noncredit                                                                  ,Not transferable                                                           ,00.00,00.00,Course is a basic skills course                                            ,Non-Occupational                                                           ,One level below transfer                                                   ,English as a Second Language (ESL)                                         ,Y,Course is not a support course                                             ,Fall 2025
Allan Hancock CCD,Allan Hancock,ELDN7410    ,CCC000640728,Spanish Literacy 2                                                  ,1,English as a Second Language - Integrated-493087                                     ,Noncredit                                                                  ,Not transferable                                                           ,00.00,00.00,Course is not a basic skills course                                        ,Non-Occupational                                                           ,Eight levels below transfer                                                ,English as a Second Language (ESL)                                         ,Y,Course is not a support course                                             ,Fall 2025
Allan Hancock CCD,Allan Hancock,BIOL175     ,CCC000641627,Cadaver Lab I                                                       ,1,"Biology, General-040100                                                              ",Credit - Degree Applicable                                                 ,Transferable to CSU only                                                   ,01.00,01.00,Course is not a basic skills course                                        ,Non-Occupational                                                           ,Not applicable                                                             ,"Not Applicable, Credit course                                              ",Y,Course is not a support course                                             ,Fall 2025
Allan Hancock CCD,Allan Hancock,BIOL176     ,CCC000641628,Cadaver Lab II                                                      ,1,"Biology, General-040100                                                              ",Credit - Degree Applicable                                                 ,Transferable to CSU only                                                   ,01.00,01.00,Course is not a basic skills course                                        ,Non-Occupational                                                           ,Not applicable                                                             ,"Not Applicable, Credit course                                              ",Y,Course is not a support course                                             ,Fall 2025
Allan Hancock CCD,Allan Hancock,FTNC7002    ,CCC000644078,Fall Firefighter In-Service Training                                ,5,Fire Technology-213300                                                               ,Noncredit                                                                  ,Not transferable                                                           ,00.00,00.00,Course is not a basic skills course                                        ,Advanced Occupational (not limited to apprentices)                         ,Not applicable                                                             ,Workforce Preparation                                                      ,Y,Course is not a support course                                             ,Fall 2025
Allan Hancock CCD,Allan Hancock,FT306       ,CCC000645100,Firefighter I Pre-Academy                                           ,1,Fire Academy-213350                                                                  ,Credit - Degree Applicable                                                 ,Not transferable                                                           ,00.50,00.50,Course is not a basic skills course                                        ,Clearly Occupational (but not advanced)                                    ,Not applicable                                                             ,"Not Applicable, Credit course                                              ",Y,Course is not a support course                                             ,Fall 2025
Allan Hancock CCD,Allan Hancock,FT307       ,CCC000645125,Firefighter 1 Academy 1A                                            ,1,Fire Academy-213350                                                                  ,Credit - Degree Applicable                                                 ,Not transferable                                                           ,10.50,10.50,Course is not a basic skills course                                        ,Clearly Occupational (but not advanced)                                    ,Not applicable                                                             ,"Not Applicable, Credit course                                              ",Y,Course is not a support course                                             ,Fall 2025
Allan Hancock CCD,Allan Hancock,FT308       ,CCC000645126,Firefighter 1 Academy 1B                                            ,1,Fire Academy-213350                                                                  ,Credit - Degree Applicable                                                 ,Not transferable                                                           ,10.50,10.50,Course is not a basic skills course                                        ,Clearly Occupational (but not advanced)                                    ,Not applicable                                                             ,"Not Applicable, Credit course                                              ",Y,Course is not a support course                                             ,Fall 2025
Allan Hancock CCD,Allan Hancock,HIT135      ,CCC000648040,Basic Medical Terminology                                           ,1,Radiologic Technology-122500                                                         ,Credit - Degree Applicable                                                 ,Transferable to CSU only                                                   ,03.00,03.00,Course is not a basic skills course                                        ,Possibly Occupational                                                      ,Not applicable                                                             ,"Not Applicable, Credit course                                              ",Y,Course is not a support course                                             ,Fall 2025
Allan Hancock CCD,Allan Hancock,RT100       ,CCC000648041,Radiography and Health Care                                         ,1,Radiologic Technology-122500                                                         ,Credit - Degree Applicable                                                 ,Transferable to both UC and CSU                                            ,03.00,03.00,Course is not a basic skills course                                        ,Possibly Occupational                                                      ,Not applicable                                                             ,"Not Applicable, Credit course                                              ",Y,Course is not a support course                                             ,Fall 2025
Allan Hancock CCD,Allan Hancock,RT101       ,CCC000648042,Introduction to Radiography                                         ,1,Radiologic Technology-122500                                                         ,Credit - Degree Applicable                                                 ,Transferable to both UC and CSU                                            ,03.00,03.00,Course is not a basic skills course                                        ,Possibly Occupational                                                      ,Not applicable                                                             ,"Not Applicable, Credit course                                              ",Y,Course is not a support course                                             ,Fall 2025
Allan Hancock CCD,Allan Hancock,MMAC131     ,CCC000648086,3D Character Creation                                               ,1,Digital Media-061400                                                                 ,Credit - Degree Applicable                                                 ,Transferable to CSU only                                                   ,03.00,03.00,Course is not a basic skills course                                        ,Possibly Occupational                                                      ,Not applicable                                                             ,"Not Applicable, Credit course                                              ",Y,Course is not a support course                                             ,Fall 2025
Allan Hancock CCD,Allan Hancock,AJ160       ,CCC000648527,Introduction to Cybercrime                                          ,2,Computer Networking-070810                                                           ,Credit - Degree Applicable                                                 ,Transferable to CSU only                                                   ,03.00,03.00,Course is not a basic skills course                                        ,Clearly Occupational (but not advanced)                                    ,Not applicable                                                             ,"Not Applicable, Credit course                                              ",Y,Course is not a support course                                             ,Fall 2025
Allan Hancock CCD,Allan Hancock,PE124       ,CCC000648529,Advanced Swimming                                                   ,1,Physical Education-083500                                                            ,Credit - Degree Applicable                                                 ,Transferable to both UC and CSU                                            ,01.00,01.00,Course is not a basic skills course                                        ,Non-Occupational                                                           ,Not applicable                                                             ,"Not Applicable, Credit course                                              ",Y,Course is not a support course                                             ,Fall 2025
Allan Hancock CCD,Allan Hancock,PE137       ,CCC000648531,Intermediate Cardio Kickboxing                                      ,1,Physical Education-083500                                                            ,Credit - Degree Applicable                                                 ,Transferable to CSU only                                                   ,01.00,01.00,Course is not a basic skills course                                        ,Non-Occupational                                                           ,Not applicable                                                             ,"Not Applicable, Credit course                                              ",Y,Course is not a support course                                             ,Fall 2025
Allan Hancock CCD,Allan Hancock,OLDR7411    ,CCC000648693,Barbershop Harmony Chorus                                           ,1,Music-100400                                                                         ,Noncredit                                                                  ,Not transferable                                                           ,00.00,00.00,Course is not a basic skills course                                        ,Non-Occupational                                                           ,Not applicable                                                             ,Courses for Older Adults                                                   ,Y,Course is not a support course                                             ,Fall 2025
Allan Hancock CCD,Allan Hancock,ELDN7426    ,CCC000649270,ELD Reading & Writing Lab                                           ,1,English as a Second Language - Integrated-493087                                     ,Noncredit                                                                  ,Not transferable                                                           ,00.00,00.00,Course is a basic skills course                                            ,Non-Occupational                                                           ,One level below transfer                                                   ,English as a Second Language (ESL)                                         ,Y,Course is not a support course                                             ,Fall 2025
Allan Hancock CCD,Allan Hancock,ELD533      ,CCC000650397,Advanced Writing                                                    ,1,English as a Second Language - Integrated-493087                                     ,Credit - Not Degree Applicable                                             ,Not transferable                                                           ,04.00,04.00,Course is not a basic skills course                                        ,Non-Occupational                                                           ,One level below transfer                                                   ,"Not Applicable, Credit course                                              ",Y,Course is not a support course                                             ,Fall 2025
Allan Hancock CCD,Allan Hancock,TRCK7805    ,CCC000650494,DMV Refresher                                                       ,1,Truck and Bus Driving-094750                                                         ,Noncredit                                                                  ,Not transferable                                                           ,00.00,00.00,Course is not a basic skills course                                        ,Clearly Occupational (but not advanced)                                    ,Not applicable                                                             ,Short-term Vocational Program/Career Techincal                             ,Y,Course is not a support course                                             ,Fall 2025
Allan Hancock CCD,Allan Hancock,NURX7110    ,CCC000650550,Lifelong Learning in Nursing 1                                      ,1,Health Education-083700                                                              ,Noncredit                                                                  ,Not transferable                                                           ,00.00,00.00,Course is not a basic skills course                                        ,Non-Occupational                                                           ,Not applicable                                                             ,Health and Safety                                                          ,Y,Course is not a support course                                             ,Fall 2025
Allan Hancock CCD,Allan Hancock,HLCR100     ,CCC000650646,Introduction to Health Careers                                      ,2,Nursing-123000                                                                       ,Credit - Degree Applicable                                                 ,Transferable to both UC and CSU                                            ,01.00,01.00,Course is not a basic skills course                                        ,Possibly Occupational                                                      ,Not applicable                                                             ,"Not Applicable, Credit course                                              ",Y,Course is not a support course                                             ,Fall 2025
Allan Hancock CCD,Allan Hancock,EMS321      ,CCC000651294,Advanced Cardiac Life Support                                       ,1,Emergency Medical Services-125000                                                    ,Credit - Degree Applicable                                                 ,Not transferable                                                           ,00.50,00.50,Course is not a basic skills course                                        ,Clearly Occupational (but not advanced)                                    ,Not applicable                                                             ,"Not Applicable, Credit course                                              ",Y,Course is not a support course                                             ,Fall 2025
Allan Hancock CCD,Allan Hancock,EMS322      ,CCC000651295,Pediatric Advanced Life Suppor                                      ,1,Emergency Medical Services-125000                                                    ,Credit - Degree Applicable                                                 ,Not transferable                                                           ,00.50,00.50,Course is not a basic skills course                                        ,Clearly Occupational (but not advanced)                                    ,Not applicable                                                             ,"Not Applicable, Credit course                                              ",Y,Course is not a support course                                             ,Fall 2025
Allan Hancock CCD,Allan Hancock,EMSP323     ,CCC000651299,Paramedicine Theory 1                                               ,1,Emergency Medical Services-125000                                                    ,Credit - Degree Applicable                                                 ,Not transferable                                                           ,05.50,05.50,Course is not a basic skills course                                        ,Clearly Occupational (but not advanced)                                    ,Not applicable                                                             ,"Not Applicable, Credit course                                              ",Y,Course is not a support course                                             ,Fall 2025
Allan Hancock CCD,Allan Hancock,EMSP333     ,CCC000651302,Paramedicine Theory 2                                               ,1,Emergency Medical Services-125000                                                    ,Credit - Degree Applicable                                                 ,Not transferable                                                           ,05.50,05.50,Course is not a basic skills course                                        ,Clearly Occupational (but not advanced)                                    ,Not applicable                                                             ,"Not Applicable, Credit course                                              ",Y,Course is not a support course                                             ,Fall 2025