District,College,Course ID,Control Number,Course Title,Sections Count,TOP Code,Credit Status,Transfer Status,Maximum Units,Minimum Units,Basic Skills Status,SAM Status,Prior To Transfer Status,Non-Credit Category,General Education Status,Support Status,Term
Kern CCD,Porterville,AGRIP105    ,CCC000006582,Farm Accounting                                                     ,1,"Agriculture Business, Sales and Service-011200                                       ",Credit - Degree Applicable                                                 ,Transferable to both UC and CSU                                            ,03.00,03.00,Course is not a basic skills course                                        ,Clearly Occupational (but not advanced)                                    ,Not applicable                                                             ,"Not Applicable, Credit course                                              ",Y,Course is not a support course                                             ,Fall 2025
Kern CCD,Bakersfield,ANSCB94     ,CCC000009047,Caged Birds/Lab/Extc Anmls Med                                      ,1,Animal Science-010200                                                                ,Credit - Degree Applicable                                                 ,Not transferable                                                           ,02.00,02.00,Course is not a basic skills course                                        ,Clearly Occupational (but not advanced)                                    ,Not applicable                                                             ,"Not Applicable, Credit course                                              ",Y,Course is not a support course                                             ,Fall 2025
Kern CCD,Cerro Coso,SOCIC210    ,CCC000012213,Race and Ethnicity in Film                                          ,4,Ethnic Studies-220300                                                                ,Credit - Degree Applicable                                                 ,Transferable to both UC and CSU                                            ,03.00,03.00,Course is not a basic skills course                                        ,Non-Occupational                                                           ,Not applicable                                                             ,"Not Applicable, Credit course                                              ",Y,Course is not a support course                                             ,Fall 2025
Kern CCD,Cerro Coso,PARAC101    ,CCC000018246,Intro to Paralegal Studies                                          ,2,Paralegal-140200                                                                     ,Credit - Degree Applicable                                                 ,Transferable to CSU only                                                   ,03.00,03.00,Course is not a basic skills course                                        ,Clearly Occupational (but not advanced)                                    ,Not applicable                                                             ,"Not Applicable, Credit course                                              ",Y,Course is not a support course                                             ,Fall 2025
Kern CCD,Cerro Coso,CHDVC203    ,CCC000021199,Practicum - Field Experience                                        ,2,Child Development/Early Care and Education-130500                                    ,Credit - Degree Applicable                                                 ,Transferable to CSU only                                                   ,03.00,03.00,Course is not a basic skills course                                        ,Advanced Occupational (not limited to apprentices)                         ,Not applicable                                                             ,"Not Applicable, Credit course                                              ",Y,Course is not a support course                                             ,Fall 2025
Kern CCD,Bakersfield,HMSVB40     ,CCC000022319,Intro to Human Services                                             ,2,Human Services-210400                                                                ,Credit - Degree Applicable                                                 ,Transferable to CSU only                                                   ,03.00,03.00,Course is not a basic skills course                                        ,Clearly Occupational (but not advanced)                                    ,Not applicable                                                             ,"Not Applicable, Credit course                                              ",Y,Course is not a support course                                             ,Fall 2025
Kern CCD,Bakersfield,ERSCB10     ,CCC000030057,Introduction to Earth Science                                       ,6,Earth Science-193000                                                                 ,Credit - Degree Applicable                                                 ,Transferable to both UC and CSU                                            ,03.00,03.00,Course is not a basic skills course                                        ,Non-Occupational                                                           ,Not applicable                                                             ,"Not Applicable, Credit course                                              ",Y,Course is not a support course                                             ,Fall 2025
Kern CCD,Bakersfield,PHSCB12     ,CCC000032384,Physical Science                                                    ,4,"Physical Sciences, General-190100                                                    ",Credit - Degree Applicable                                                 ,Transferable to both UC and CSU                                            ,04.00,04.00,Course is not a basic skills course                                        ,Non-Occupational                                                           ,Not applicable                                                             ,"Not Applicable, Credit course                                              ",Y,Course is not a support course                                             ,Fall 2025
Kern CCD,Cerro Coso,HISTC103    ,CCC000040011,Western Civilization - Antiquity to the Renaissance                 ,6,History-220500                                                                       ,Credit - Degree Applicable                                                 ,Transferable to both UC and CSU                                            ,03.00,03.00,Course is not a basic skills course                                        ,Non-Occupational                                                           ,Not applicable                                                             ,"Not Applicable, Credit course                                              ",Y,Course is not a support course                                             ,Fall 2025
Kern CCD,Cerro Coso,BIOLC101    ,CCC000040985,Concepts of Biology Lecture                                         ,3,"Biology, General-040100                                                              ",Credit - Degree Applicable                                                 ,Transferable to both UC and CSU                                            ,03.00,03.00,Course is not a basic skills course                                        ,Non-Occupational                                                           ,Not applicable                                                             ,"Not Applicable, Credit course                                              ",Y,Course is not a support course                                             ,Fall 2025
Kern CCD,Cerro Coso,BIOLC105H   ,CCC000041306,Concepts of Biology: Honors                                         ,1,"Biology, General-040100                                                              ",Credit - Degree Applicable                                                 ,Transferable to both UC and CSU                                            ,05.00,05.00,Course is not a basic skills course                                        ,Non-Occupational                                                           ,Not applicable                                                             ,"Not Applicable, Credit course                                              ",Y,Course is not a support course                                             ,Fall 2025
Kern CCD,Porterville,FIREP101    ,CCC000048956,Principles of Emrgncy Services                                      ,1,Fire Technology-213300                                                               ,Credit - Degree Applicable                                                 ,Transferable to CSU only                                                   ,03.00,03.00,Course is not a basic skills course                                        ,Clearly Occupational (but not advanced)                                    ,Not applicable                                                             ,"Not Applicable, Credit course                                              ",Y,Course is not a support course                                             ,Fall 2025
Kern CCD,Bakersfield,HISTB25     ,CCC000055311,Intro to Women in Amer History                                      ,2,History-220500                                                                       ,Credit - Degree Applicable                                                 ,Transferable to both UC and CSU                                            ,03.00,03.00,Course is not a basic skills course                                        ,Non-Occupational                                                           ,Not applicable                                                             ,"Not Applicable, Credit course                                              ",Y,Course is not a support course                                             ,Fall 2025
Kern CCD,Bakersfield,COMMB4      ,CCC000069027,Persuasive Communication                                            ,8,Speech Communication-150600                                                          ,Credit - Degree Applicable                                                 ,Transferable to both UC and CSU                                            ,03.00,03.00,Course is not a basic skills course                                        ,Non-Occupational                                                           ,Not applicable                                                             ,"Not Applicable, Credit course                                              ",Y,Course is not a support course                                             ,Fall 2025
Kern CCD,Porterville,AGRIP107    ,CCC000073074,Agricultural Marketing                                              ,1,"Agriculture Business, Sales and Service-011200                                       ",Credit - Degree Applicable                                                 ,Transferable to CSU only                                                   ,03.00,03.00,Course is not a basic skills course                                        ,Clearly Occupational (but not advanced)                                    ,Not applicable                                                             ,"Not Applicable, Credit course                                              ",Y,Course is not a support course                                             ,Fall 2025
Kern CCD,Bakersfield,CRPSB3      ,CCC000076829,Integrated Pest Management                                          ,1,Plant Science-010300                                                                 ,Credit - Degree Applicable                                                 ,Transferable to CSU only                                                   ,03.00,03.00,Course is not a basic skills course                                        ,Clearly Occupational (but not advanced)                                    ,Not applicable                                                             ,"Not Applicable, Credit course                                              ",Y,Course is not a support course                                             ,Fall 2025
Kern CCD,Porterville,AGRIP102    ,CCC000077247,Agricultural Economics                                              ,1,"Agriculture Technology and Sciences, General-010100                                  ",Credit - Degree Applicable                                                 ,Transferable to both UC and CSU                                            ,03.00,03.00,Course is not a basic skills course                                        ,Clearly Occupational (but not advanced)                                    ,Not applicable                                                             ,"Not Applicable, Credit course                                              ",Y,Course is not a support course                                             ,Fall 2025
Kern CCD,Porterville,ENGLP134A   ,CCC000078235,Intro to Research for Writing                                       ,1,English-150100                                                                       ,Credit - Degree Applicable                                                 ,Transferable to CSU only                                                   ,01.00,01.00,Course is not a basic skills course                                        ,Non-Occupational                                                           ,Not applicable                                                             ,"Not Applicable, Credit course                                              ",Y,Course is not a support course                                             ,Fall 2025
Kern CCD,Bakersfield,APPRB60-1   ,CCC000092600,Apprentice Inside Wireman 1                                         ,1,Electrical-095220                                                                    ,Credit - Degree Applicable                                                 ,Not transferable                                                           ,04.00,04.00,Course is not a basic skills course                                        ,Apprenticeship (offered to apprentices only)                               ,Not applicable                                                             ,"Not Applicable, Credit course                                              ",Y,Course is not a support course                                             ,Fall 2025
Kern CCD,Cerro Coso,BIOLC111H   ,CCC000093679,General Biology I: Honors                                           ,1,"Biology, General-040100                                                              ",Credit - Degree Applicable                                                 ,Transferable to both UC and CSU                                            ,06.00,06.00,Course is not a basic skills course                                        ,Non-Occupational                                                           ,Not applicable                                                             ,"Not Applicable, Credit course                                              ",Y,Course is not a support course                                             ,Fall 2025
Kern CCD,Bakersfield,ENGLB21     ,CCC000094439,African-American Literature                                         ,1,Comparative Literature-150300                                                        ,Credit - Degree Applicable                                                 ,Transferable to both UC and CSU                                            ,03.00,03.00,Course is not a basic skills course                                        ,Non-Occupational                                                           ,Not applicable                                                             ,"Not Applicable, Credit course                                              ",Y,Course is not a support course                                             ,Fall 2025
Kern CCD,Cerro Coso,HISTC132    ,CCC000095769,History of United States from 1877 to Present                       ,6,History-220500                                                                       ,Credit - Degree Applicable                                                 ,Transferable to both UC and CSU                                            ,03.00,03.00,Course is not a basic skills course                                        ,Non-Occupational                                                           ,Not applicable                                                             ,"Not Applicable, Credit course                                              ",Y,Course is not a support course                                             ,Fall 2025
Kern CCD,Cerro Coso,ENGLC232    ,CCC000097064,Surv. Brit. Lit II: 1785-Pres.                                      ,1,Comparative Literature-150300                                                        ,Credit - Degree Applicable                                                 ,Transferable to both UC and CSU                                            ,03.00,03.00,Course is not a basic skills course                                        ,Non-Occupational                                                           ,Not applicable                                                             ,"Not Applicable, Credit course                                              ",Y,Course is not a support course                                             ,Fall 2025
Kern CCD,Porterville,CGRAP110    ,CCC000100132,Introduction to Digital Art                                         ,1,Computer Graphics and Digital Imagery-061460                                         ,Credit - Degree Applicable                                                 ,Transferable to both UC and CSU                                            ,03.00,03.00,Course is not a basic skills course                                        ,Possibly Occupational                                                      ,Not applicable                                                             ,"Not Applicable, Credit course                                              ",Y,Course is not a support course                                             ,Fall 2025
Kern CCD,Bakersfield,BIOLB16     ,CCC000100154,General Microbiology                                                ,6,MicroBiology-040300                                                                  ,Credit - Degree Applicable                                                 ,Transferable to both UC and CSU                                            ,05.00,05.00,Course is not a basic skills course                                        ,Non-Occupational                                                           ,Not applicable                                                             ,"Not Applicable, Credit course                                              ",Y,Course is not a support course                                             ,Fall 2025
Kern CCD,Cerro Coso,CHDVC149    ,CCC000103720,Play and Meaning                                                    ,1,Child Development/Early Care and Education-130500                                    ,Credit - Degree Applicable                                                 ,Transferable to CSU only                                                   ,03.00,03.00,Course is not a basic skills course                                        ,Clearly Occupational (but not advanced)                                    ,Not applicable                                                             ,"Not Applicable, Credit course                                              ",Y,Course is not a support course                                             ,Fall 2025
Kern CCD,Cerro Coso,ECONC101    ,CCC000105446,Introduction to Economics                                           ,2,Economics-220400                                                                     ,Credit - Degree Applicable                                                 ,Transferable to both UC and CSU                                            ,03.00,03.00,Course is not a basic skills course                                        ,Non-Occupational                                                           ,Not applicable                                                             ,"Not Applicable, Credit course                                              ",Y,Course is not a support course                                             ,Fall 2025
Kern CCD,Porterville,MUSCP110    ,CCC000108056,Exploring World Through Music                                       ,2,Music-100400                                                                         ,Credit - Degree Applicable                                                 ,Transferable to both UC and CSU                                            ,03.00,03.00,Course is not a basic skills course                                        ,Non-Occupational                                                           ,Not applicable                                                             ,"Not Applicable, Credit course                                              ",Y,Course is not a support course                                             ,Fall 2025
Kern CCD,Bakersfield,APPRB60-8   ,CCC000110526,Apprentice Inside Wireman 8                                         ,1,Electrical-095220                                                                    ,Credit - Degree Applicable                                                 ,Not transferable                                                           ,04.00,04.00,Course is not a basic skills course                                        ,Apprenticeship (offered to apprentices only)                               ,Not applicable                                                             ,"Not Applicable, Credit course                                              ",Y,Course is not a support course                                             ,Fall 2025
Kern CCD,Porterville,PSYCP126    ,CCC000112951,Lifespan Human Development                                          ,1,"Psychology, General-200100                                                           ",Credit - Degree Applicable                                                 ,Transferable to both UC and CSU                                            ,03.00,03.00,Course is not a basic skills course                                        ,Non-Occupational                                                           ,Not applicable                                                             ,"Not Applicable, Credit course                                              ",Y,Course is not a support course                                             ,Fall 2025
Kern CCD,Porterville,ASLP101     ,CCC000113428,Beg American Sign Language                                          ,2,Sign Language-085000                                                                 ,Credit - Degree Applicable                                                 ,Transferable to both UC and CSU                                            ,04.00,03.00,Course is not a basic skills course                                        ,Non-Occupational                                                           ,Not applicable                                                             ,"Not Applicable, Credit course                                              ",Y,Course is not a support course                                             ,Fall 2025
Kern CCD,Bakersfield,CHDVB13C    ,CCC000116699,Child Growth:Infant/Toddler                                         ,1,Child Development/Early Care and Education-130500                                    ,Credit - Degree Applicable                                                 ,Transferable to CSU only                                                   ,03.00,03.00,Course is not a basic skills course                                        ,Clearly Occupational (but not advanced)                                    ,Not applicable                                                             ,"Not Applicable, Credit course                                              ",Y,Course is not a support course                                             ,Fall 2025
Kern CCD,Bakersfield,INDRB20B    ,CCC000118139,Computer Aided Drafting/Design                                      ,1,Drafting Technology-095300                                                           ,Credit - Degree Applicable                                                 ,Transferable to both UC and CSU                                            ,03.00,03.00,Course is not a basic skills course                                        ,Clearly Occupational (but not advanced)                                    ,Not applicable                                                             ,"Not Applicable, Credit course                                              ",Y,Course is not a support course                                             ,Fall 2025
Kern CCD,Porterville,AGRIP106    ,CCC000120376,Introduction to Soil Science                                        ,3,Plant Science-010300                                                                 ,Credit - Degree Applicable                                                 ,Transferable to both UC and CSU                                            ,03.00,03.00,Course is not a basic skills course                                        ,Clearly Occupational (but not advanced)                                    ,Not applicable                                                             ,"Not Applicable, Credit course                                              ",Y,Course is not a support course                                             ,Fall 2025
Kern CCD,Bakersfield,SOCIB28     ,CCC000120571,Introduction to Gender                                              ,3,Sociology-220800                                                                     ,Credit - Degree Applicable                                                 ,Transferable to both UC and CSU                                            ,03.00,03.00,Course is not a basic skills course                                        ,Non-Occupational                                                           ,Not applicable                                                             ,"Not Applicable, Credit course                                              ",Y,Course is not a support course                                             ,Fall 2025
Kern CCD,Porterville,MUSCP143A   ,CCC000121152,Beginning Class Piano                                               ,2,Music-100400                                                                         ,Credit - Degree Applicable                                                 ,Transferable to both UC and CSU                                            ,02.00,02.00,Course is not a basic skills course                                        ,Non-Occupational                                                           ,Not applicable                                                             ,"Not Applicable, Credit course                                              ",Y,Course is not a support course                                             ,Fall 2025
Kern CCD,Porterville,POLSP102    ,CCC000121983,Intro to Comparative Politics                                       ,1,Political Science-220700                                                             ,Credit - Degree Applicable                                                 ,Transferable to both UC and CSU                                            ,03.00,03.00,Course is not a basic skills course                                        ,Non-Occupational                                                           ,Not applicable                                                             ,"Not Applicable, Credit course                                              ",Y,Course is not a support course                                             ,Fall 2025
Kern CCD,Porterville,AGRIP101    ,CCC000124219,Introduction to Agribusiness                                        ,2,"Agriculture Business, Sales and Service-011200                                       ",Credit - Degree Applicable                                                 ,Transferable to CSU only                                                   ,03.00,03.00,Course is not a basic skills course                                        ,Clearly Occupational (but not advanced)                                    ,Not applicable                                                             ,"Not Applicable, Credit course                                              ",Y,Course is not a support course                                             ,Fall 2025
Kern CCD,Bakersfield,POLSB3      ,CCC000131447,International Politics                                              ,1,Political Science-220700                                                             ,Credit - Degree Applicable                                                 ,Transferable to both UC and CSU                                            ,03.00,03.00,Course is not a basic skills course                                        ,Non-Occupational                                                           ,Not applicable                                                             ,"Not Applicable, Credit course                                              ",Y,Course is not a support course                                             ,Fall 2025
Kern CCD,Porterville,HISTP118    ,CCC000131692,History of the United States from 1865                              ,8,History-220500                                                                       ,Credit - Degree Applicable                                                 ,Transferable to both UC and CSU                                            ,03.00,03.00,Course is not a basic skills course                                        ,Non-Occupational                                                           ,Not applicable                                                             ,"Not Applicable, Credit course                                              ",Y,Course is not a support course                                             ,Fall 2025
Kern CCD,Cerro Coso,CHDVC251    ,CCC000135519,Administration I: Programs in Early Childhood Education             ,1,Child Development/Early Care and Education-130500                                    ,Credit - Degree Applicable                                                 ,Transferable to CSU only                                                   ,03.00,03.00,Course is not a basic skills course                                        ,Clearly Occupational (but not advanced)                                    ,Not applicable                                                             ,"Not Applicable, Credit course                                              ",Y,Course is not a support course                                             ,Fall 2025
Kern CCD,Cerro Coso,BSADC155    ,CCC000137196,Human Resource Management                                           ,1,Management Development and Supervision-050630                                        ,Credit - Degree Applicable                                                 ,Transferable to CSU only                                                   ,03.00,03.00,Course is not a basic skills course                                        ,Clearly Occupational (but not advanced)                                    ,Not applicable                                                             ,"Not Applicable, Credit course                                              ",Y,Course is not a support course                                             ,Fall 2025
Kern CCD,Cerro Coso,ENGLC245    ,CCC000137641,Women's Literature                                                  ,1,Classics-150400                                                                      ,Credit - Degree Applicable                                                 ,Transferable to both UC and CSU                                            ,03.00,03.00,Course is not a basic skills course                                        ,Non-Occupational                                                           ,Not applicable                                                             ,"Not Applicable, Credit course                                              ",Y,Course is not a support course                                             ,Fall 2025
Kern CCD,Porterville,CHDVP119    ,CCC000138784,"Health, Safety and Nutrition                                        ",3,Child Development/Early Care and Education-130500                                    ,Credit - Degree Applicable                                                 ,Transferable to both UC and CSU                                            ,03.00,03.00,Course is not a basic skills course                                        ,Clearly Occupational (but not advanced)                                    ,Not applicable                                                             ,"Not Applicable, Credit course                                              ",Y,Course is not a support course                                             ,Fall 2025
Kern CCD,Bakersfield,BIOLB3B     ,CCC000141753,General Biology II                                                  ,2,"Biology, General-040100                                                              ",Credit - Degree Applicable                                                 ,Transferable to both UC and CSU                                            ,05.00,05.00,Course is not a basic skills course                                        ,Non-Occupational                                                           ,Not applicable                                                             ,"Not Applicable, Credit course                                              ",Y,Course is not a support course                                             ,Fall 2025
Kern CCD,Porterville,AGRIP131    ,CCC000147250,Introduction to Plant Science                                       ,3,Plant Science-010300                                                                 ,Credit - Degree Applicable                                                 ,Transferable to both UC and CSU                                            ,03.00,03.00,Course is not a basic skills course                                        ,Clearly Occupational (but not advanced)                                    ,Not applicable                                                             ,"Not Applicable, Credit course                                              ",Y,Course is not a support course                                             ,Fall 2025
Kern CCD,Bakersfield,RADTB5      ,CCC000148490,Radiation Physics                                                   ,1,Radiologic Technology-122500                                                         ,Credit - Degree Applicable                                                 ,Transferable to CSU only                                                   ,03.00,03.00,Course is not a basic skills course                                        ,Clearly Occupational (but not advanced)                                    ,Not applicable                                                             ,"Not Applicable, Credit course                                              ",Y,Course is not a support course                                             ,Fall 2025
Kern CCD,Bakersfield,ENGLB28     ,CCC000149670,Classical Mythology                                                 ,1,Classics-150400                                                                      ,Credit - Degree Applicable                                                 ,Transferable to both UC and CSU                                            ,03.00,03.00,Course is not a basic skills course                                        ,Non-Occupational                                                           ,Not applicable                                                             ,"Not Applicable, Credit course                                              ",Y,Course is not a support course                                             ,Fall 2025
Kern CCD,Bakersfield,ARTB47      ,CCC000150249,Advanced Photography II                                             ,1,Applied Photography-101200                                                           ,Credit - Degree Applicable                                                 ,Transferable to both UC and CSU                                            ,03.00,03.00,Course is not a basic skills course                                        ,Advanced Occupational (not limited to apprentices)                         ,Not applicable                                                             ,"Not Applicable, Credit course                                              ",Y,Course is not a support course                                             ,Fall 2025
Kern CCD,Bakersfield,ANSCB88     ,CCC000157879,Surgery/Dental/Anesth Vet Tech                                      ,1,Veterinary Technician (Licensed)-010210                                              ,Credit - Degree Applicable                                                 ,Not transferable                                                           ,01.50,01.50,Course is not a basic skills course                                        ,Clearly Occupational (but not advanced)                                    ,Not applicable                                                             ,"Not Applicable, Credit course                                              ",Y,Course is not a support course                                             ,Fall 2025
Kern CCD,Bakersfield,GEOGB2      ,CCC000158360,Human Geography                                                     ,1,Geography-220600                                                                     ,Credit - Degree Applicable                                                 ,Transferable to both UC and CSU                                            ,03.00,03.00,Course is not a basic skills course                                        ,Non-Occupational                                                           ,Not applicable                                                             ,"Not Applicable, Credit course                                              ",Y,Course is not a support course                                             ,Fall 2025
Kern CCD,Bakersfield,ENGRB37     ,CCC000159185,Engineering Mechanics-Dynamics                                      ,1,"Engineering, General (requires Calculus) (Transfer)-090100                           ",Credit - Degree Applicable                                                 ,Transferable to both UC and CSU                                            ,03.00,03.00,Course is not a basic skills course                                        ,Non-Occupational                                                           ,Not applicable                                                             ,"Not Applicable, Credit course                                              ",Y,Course is not a support course                                             ,Fall 2025
Kern CCD,Porterville,CHEMP101A   ,CCC000160886,General Chemistry I                                                 ,1,"Chemistry, General-190500                                                            ",Credit - Degree Applicable                                                 ,Transferable to both UC and CSU                                            ,05.00,05.00,Course is not a basic skills course                                        ,Non-Occupational                                                           ,Not applicable                                                             ,"Not Applicable, Credit course                                              ",Y,Course is not a support course                                             ,Fall 2025
Kern CCD,Bakersfield,ORNHB8      ,CCC000162406,Intro to Landscape Design                                           ,1,Horticulture-010900                                                                  ,Credit - Degree Applicable                                                 ,Transferable to CSU only                                                   ,03.00,03.00,Course is not a basic skills course                                        ,Clearly Occupational (but not advanced)                                    ,Not applicable                                                             ,"Not Applicable, Credit course                                              ",Y,Course is not a support course                                             ,Fall 2025
Kern CCD,Porterville,ERSCP110    ,CCC000163147,Introduction to Earth Science                                       ,4,Earth Science-193000                                                                 ,Credit - Degree Applicable                                                 ,Transferable to both UC and CSU                                            ,04.00,04.00,Course is not a basic skills course                                        ,Non-Occupational                                                           ,Not applicable                                                             ,"Not Applicable, Credit course                                              ",Y,Course is not a support course                                             ,Fall 2025
Kern CCD,Porterville,MUSCP111    ,CCC000164940,Music Apprec: Music thru 1800                                       ,5,Music-100400                                                                         ,Credit - Degree Applicable                                                 ,Transferable to both UC and CSU                                            ,03.00,03.00,Course is not a basic skills course                                        ,Non-Occupational                                                           ,Not applicable                                                             ,"Not Applicable, Credit course                                              ",Y,Course is not a support course                                             ,Fall 2025
Kern CCD,Bakersfield,THEAB2B     ,CCC000165706,Elements of Acting                                                  ,1,Dramatic Arts-100700                                                                 ,Credit - Degree Applicable                                                 ,Transferable to both UC and CSU                                            ,03.00,03.00,Course is not a basic skills course                                        ,Non-Occupational                                                           ,Not applicable                                                             ,"Not Applicable, Credit course                                              ",Y,Course is not a support course                                             ,Fall 2025
Kern CCD,Porterville,STSSP107    ,CCC000169981,Strategies for Personal/Academ                                      ,2,Academic Guidance-493013                                                             ,Credit - Degree Applicable                                                 ,Transferable to both UC and CSU                                            ,02.00,02.00,Course is not a basic skills course                                        ,Non-Occupational                                                           ,Not applicable                                                             ,"Not Applicable, Credit course                                              ",Y,Course is not a support course                                             ,Fall 2025
Kern CCD,Porterville,ENGLP115    ,CCC000171268,Forms of Lit: Women Writers                                         ,1,Comparative Literature-150300                                                        ,Credit - Degree Applicable                                                 ,Transferable to both UC and CSU                                            ,03.00,03.00,Course is not a basic skills course                                        ,Non-Occupational                                                           ,Not applicable                                                             ,"Not Applicable, Credit course                                              ",Y,Course is not a support course                                             ,Fall 2025
Kern CCD,Bakersfield,ARTB4       ,CCC000171283,Two Dimensional Design                                              ,3,Art-100200                                                                           ,Credit - Degree Applicable                                                 ,Transferable to both UC and CSU                                            ,03.00,03.00,Course is not a basic skills course                                        ,Non-Occupational                                                           ,Not applicable                                                             ,"Not Applicable, Credit course                                              ",Y,Course is not a support course                                             ,Fall 2025
Kern CCD,Porterville,STSSP106    ,CCC000173626,Personal/Career Exploration                                         ,5,Career Guidance and Orientation-493010                                               ,Credit - Degree Applicable                                                 ,Transferable to both UC and CSU                                            ,02.00,02.00,Course is not a basic skills course                                        ,Non-Occupational                                                           ,Not applicable                                                             ,"Not Applicable, Credit course                                              ",Y,Course is not a support course                                             ,Fall 2025
Kern CCD,Bakersfield,POLSB12     ,CCC000175147,Issues: CA State/Local Governm                                      ,1,Political Science-220700                                                             ,Credit - Degree Applicable                                                 ,Transferable to both UC and CSU                                            ,03.00,03.00,Course is not a basic skills course                                        ,Non-Occupational                                                           ,Not applicable                                                             ,"Not Applicable, Credit course                                              ",Y,Course is not a support course                                             ,Fall 2025
Kern CCD,Bakersfield,CHDVB33     ,CCC000175173,Survey of Special Education                                         ,1,Children with Special Needs-130520                                                   ,Credit - Degree Applicable                                                 ,Transferable to CSU only                                                   ,03.00,03.00,Course is not a basic skills course                                        ,Clearly Occupational (but not advanced)                                    ,Not applicable                                                             ,"Not Applicable, Credit course                                              ",Y,Course is not a support course                                             ,Fall 2025
Kern CCD,Bakersfield,WELDB74B    ,CCC000175283,Intro to Gas Tungsten Arc Weld                                      ,2,Welding Technology-095650                                                            ,Credit - Degree Applicable                                                 ,Not transferable                                                           ,02.00,02.00,Course is not a basic skills course                                        ,Advanced Occupational (not limited to apprentices)                         ,Not applicable                                                             ,"Not Applicable, Credit course                                              ",Y,Course is not a support course                                             ,Fall 2025
Kern CCD,Cerro Coso,ENGLC211    ,CCC000175526,Survey of Literary Genres                                           ,1,Comparative Literature-150300                                                        ,Credit - Degree Applicable                                                 ,Transferable to both UC and CSU                                            ,03.00,03.00,Course is not a basic skills course                                        ,Non-Occupational                                                           ,Not applicable                                                             ,"Not Applicable, Credit course                                              ",Y,Course is not a support course                                             ,Fall 2025
Kern CCD,Cerro Coso,CHEMC101    ,CCC000178314,Introduction to Chemistry                                           ,2,"Chemistry, General-190500                                                            ",Credit - Degree Applicable                                                 ,Transferable to both UC and CSU                                            ,04.00,04.00,Course is not a basic skills course                                        ,Non-Occupational                                                           ,Not applicable                                                             ,"Not Applicable, Credit course                                              ",Y,Course is not a support course                                             ,Fall 2025
Kern CCD,Cerro Coso,CHDVC125    ,CCC000178322,Diversity in Education                                              ,3,Child Development/Early Care and Education-130500                                    ,Credit - Degree Applicable                                                 ,Transferable to CSU only                                                   ,03.00,03.00,Course is not a basic skills course                                        ,Clearly Occupational (but not advanced)                                    ,Not applicable                                                             ,"Not Applicable, Credit course                                              ",Y,Course is not a support course                                             ,Fall 2025
Kern CCD,Cerro Coso,SOCIC101    ,CCC000182922,Introduction to Sociology                                           ,3,Sociology-220800                                                                     ,Credit - Degree Applicable                                                 ,Transferable to both UC and CSU                                            ,03.00,03.00,Course is not a basic skills course                                        ,Non-Occupational                                                           ,Not applicable                                                             ,"Not Applicable, Credit course                                              ",Y,Course is not a support course                                             ,Fall 2025
Kern CCD,Bakersfield,WELDB54B    ,CCC000184069,Template Dev/Layout for Wldrs                                       ,1,Welding Technology-095650                                                            ,Credit - Degree Applicable                                                 ,Not transferable                                                           ,03.00,03.00,Course is not a basic skills course                                        ,Clearly Occupational (but not advanced)                                    ,Not applicable                                                             ,"Not Applicable, Credit course                                              ",Y,Course is not a support course                                             ,Fall 2025
Kern CCD,Bakersfield,ARTB10      ,CCC000184712,Ceramics I                                                          ,3,Ceramics-100230                                                                      ,Credit - Degree Applicable                                                 ,Transferable to both UC and CSU                                            ,03.00,03.00,Course is not a basic skills course                                        ,Non-Occupational                                                           ,Not applicable                                                             ,"Not Applicable, Credit course                                              ",Y,Course is not a support course                                             ,Fall 2025
Kern CCD,Cerro Coso,ARTC151     ,CCC000185505,Sculpture I                                                         ,1,Sculpture-100220                                                                     ,Credit - Degree Applicable                                                 ,Transferable to both UC and CSU                                            ,03.00,03.00,Course is not a basic skills course                                        ,Non-Occupational                                                           ,Not applicable                                                             ,"Not Applicable, Credit course                                              ",Y,Course is not a support course                                             ,Fall 2025
Kern CCD,Bakersfield,ORNHB1      ,CCC000185648,Intro/Ornamental Horticulture                                       ,1,Horticulture-010900                                                                  ,Credit - Degree Applicable                                                 ,Transferable to CSU only                                                   ,03.00,03.00,Course is not a basic skills course                                        ,Possibly Occupational                                                      ,Not applicable                                                             ,"Not Applicable, Credit course                                              ",Y,Course is not a support course                                             ,Fall 2025
Kern CCD,Bakersfield,CHDVB20     ,CCC000187856,Principles and Practices                                            ,9,Child Development/Early Care and Education-130500                                    ,Credit - Degree Applicable                                                 ,Transferable to CSU only                                                   ,03.00,03.00,Course is not a basic skills course                                        ,Clearly Occupational (but not advanced)                                    ,Not applicable                                                             ,"Not Applicable, Credit course                                              ",Y,Course is not a support course                                             ,Fall 2025
Kern CCD,Cerro Coso,BIOLC111    ,CCC000188908,General Biology I                                                   ,1,"Biology, General-040100                                                              ",Credit - Degree Applicable                                                 ,Transferable to both UC and CSU                                            ,05.00,05.00,Course is not a basic skills course                                        ,Non-Occupational                                                           ,Not applicable                                                             ,"Not Applicable, Credit course                                              ",Y,Course is not a support course                                             ,Fall 2025
Kern CCD,Bakersfield,AGRIB1      ,CCC000189036,Agriculture/Environmnt/Society                                      ,9,Other Agriculture and Natural Resources-019900                                       ,Credit - Degree Applicable                                                 ,Transferable to both UC and CSU                                            ,03.00,03.00,Course is not a basic skills course                                        ,Possibly Occupational                                                      ,Not applicable                                                             ,"Not Applicable, Credit course                                              ",Y,Course is not a support course                                             ,Fall 2025
Kern CCD,Cerro Coso,COLLC052    ,CCC000192720,Becoming a Successful Online Student                                ,3,Interpersonal Skills-493011                                                          ,Credit - Degree Applicable                                                 ,Not transferable                                                           ,01.00,01.00,Course is not a basic skills course                                        ,Non-Occupational                                                           ,Not applicable                                                             ,"Not Applicable, Credit course                                              ",Y,Course is not a support course                                             ,Fall 2025
Kern CCD,Bakersfield,POLSB2      ,CCC000194287,Comparative Government                                              ,1,Political Science-220700                                                             ,Credit - Degree Applicable                                                 ,Transferable to both UC and CSU                                            ,03.00,03.00,Course is not a basic skills course                                        ,Non-Occupational                                                           ,Not applicable                                                             ,"Not Applicable, Credit course                                              ",Y,Course is not a support course                                             ,Fall 2025
Kern CCD,Bakersfield,GEOGB1L     ,CCC000196130,Physical Geography Laboratory                                       ,2,Geography-220600                                                                     ,Credit - Degree Applicable                                                 ,Transferable to both UC and CSU                                            ,01.00,01.00,Course is not a basic skills course                                        ,Non-Occupational                                                           ,Not applicable                                                             ,"Not Applicable, Credit course                                              ",Y,Course is not a support course                                             ,Fall 2025
Kern CCD,Cerro Coso,KINSC105    ,CCC000196376,Strength Training                                                   ,3,Physical Education-083500                                                            ,Credit - Degree Applicable                                                 ,Transferable to both UC and CSU                                            ,01.00,01.00,Course is not a basic skills course                                        ,Non-Occupational                                                           ,Not applicable                                                             ,"Not Applicable, Credit course                                              ",Y,Course is not a support course                                             ,Fall 2025
Kern CCD,Bakersfield,CHDVB36     ,CCC000196870,Develop Appropriate Curriculum                                      ,7,Child Development/Early Care and Education-130500                                    ,Credit - Degree Applicable                                                 ,Transferable to CSU only                                                   ,03.00,03.00,Course is not a basic skills course                                        ,Clearly Occupational (but not advanced)                                    ,Not applicable                                                             ,"Not Applicable, Credit course                                              ",Y,Course is not a support course                                             ,Fall 2025
Kern CCD,Cerro Coso,MATHC055    ,CCC000206467,Intermediate Algebra                                                ,2,"Mathematics, General-170100                                                          ",Credit - Degree Applicable                                                 ,Not transferable                                                           ,04.00,04.00,Course is not a basic skills course                                        ,Non-Occupational                                                           ,One level below transfer                                                   ,"Not Applicable, Credit course                                              ",Y,Course is not a support course                                             ,Fall 2025
Kern CCD,Bakersfield,ECONB2      ,CCC000206926,Principles of Economics-Macro                                       ,11,Economics-220400                                                                     ,Credit - Degree Applicable                                                 ,Transferable to both UC and CSU                                            ,03.00,03.00,Course is not a basic skills course                                        ,Non-Occupational                                                           ,Not applicable                                                             ,"Not Applicable, Credit course                                              ",Y,Course is not a support course                                             ,Fall 2025
Kern CCD,Bakersfield,APPRB60-3   ,CCC000207838,Apprentice Inside Wireman 3                                         ,1,Electrical-095220                                                                    ,Credit - Degree Applicable                                                 ,Not transferable                                                           ,04.00,04.00,Course is not a basic skills course                                        ,Apprenticeship (offered to apprentices only)                               ,Not applicable                                                             ,"Not Applicable, Credit course                                              ",Y,Course is not a support course                                             ,Fall 2025
Kern CCD,Cerro Coso,KINSC113    ,CCC000209141,Tennis I                                                            ,1,Physical Education-083500                                                            ,Credit - Degree Applicable                                                 ,Transferable to both UC and CSU                                            ,01.00,01.00,Course is not a basic skills course                                        ,Non-Occupational                                                           ,Not applicable                                                             ,"Not Applicable, Credit course                                              ",Y,Course is not a support course                                             ,Fall 2025
Kern CCD,Cerro Coso,ENGLC101    ,CCC000209431,Academic Reading and Writing                                        ,35,English-150100                                                                       ,Credit - Degree Applicable                                                 ,Transferable to both UC and CSU                                            ,04.00,04.00,Course is not a basic skills course                                        ,Non-Occupational                                                           ,Not applicable                                                             ,"Not Applicable, Credit course                                              ",A,Course is not a support course                                             ,Fall 2025
Kern CCD,Bakersfield,HISTB4A     ,CCC000211042,European Civilization-pre 1650                                      ,24,History-220500                                                                       ,Credit - Degree Applicable                                                 ,Transferable to both UC and CSU                                            ,03.00,03.00,Course is not a basic skills course                                        ,Non-Occupational                                                           ,Not applicable                                                             ,"Not Applicable, Credit course                                              ",Y,Course is not a support course                                             ,Fall 2025
Kern CCD,Bakersfield,ARTB41      ,CCC000211813,Advertising Design                                                  ,1,Graphic Art and Design-103000                                                        ,Credit - Degree Applicable                                                 ,Transferable to CSU only                                                   ,03.00,03.00,Course is not a basic skills course                                        ,Clearly Occupational (but not advanced)                                    ,Not applicable                                                             ,"Not Applicable, Credit course                                              ",Y,Course is not a support course                                             ,Fall 2025
Kern CCD,Cerro Coso,KINSC101    ,CCC000214199,Introduction to Kinesiology                                         ,4,Kinesiology-127000                                                                   ,Credit - Degree Applicable                                                 ,Transferable to both UC and CSU                                            ,03.00,03.00,Course is not a basic skills course                                        ,Non-Occupational                                                           ,Not applicable                                                             ,"Not Applicable, Credit course                                              ",Y,Course is not a support course                                             ,Fall 2025
Kern CCD,Bakersfield,ANSCB84     ,CCC000214519,Small Animal Diseases                                               ,1,Veterinary Technician (Licensed)-010210                                              ,Credit - Degree Applicable                                                 ,Not transferable                                                           ,01.50,01.50,Course is not a basic skills course                                        ,Clearly Occupational (but not advanced)                                    ,Not applicable                                                             ,"Not Applicable, Credit course                                              ",Y,Course is not a support course                                             ,Fall 2025
Kern CCD,Bakersfield,FOREB1      ,CCC000216700,Introduction to Forestry                                            ,1,Forestry-011400                                                                      ,Credit - Degree Applicable                                                 ,Transferable to both UC and CSU                                            ,03.00,03.00,Course is not a basic skills course                                        ,Possibly Occupational                                                      ,Not applicable                                                             ,"Not Applicable, Credit course                                              ",Y,Course is not a support course                                             ,Fall 2025
Kern CCD,Bakersfield,RADTB2C     ,CCC000218387,Radiograph Anatomy/Position 3                                       ,2,Radiologic Technology-122500                                                         ,Credit - Degree Applicable                                                 ,Transferable to CSU only                                                   ,03.00,02.50,Course is not a basic skills course                                        ,Clearly Occupational (but not advanced)                                    ,Not applicable                                                             ,"Not Applicable, Credit course                                              ",Y,Course is not a support course                                             ,Fall 2025
Kern CCD,Cerro Coso,WELDC102    ,CCC000219011,Shielded Metal Arc Welding                                          ,1,Welding Technology-095650                                                            ,Credit - Degree Applicable                                                 ,Transferable to CSU only                                                   ,02.00,02.00,Course is not a basic skills course                                        ,Clearly Occupational (but not advanced)                                    ,Not applicable                                                             ,"Not Applicable, Credit course                                              ",Y,Course is not a support course                                             ,Fall 2025
Kern CCD,Bakersfield,HISTB1      ,CCC000222012,World History to 1500                                               ,27,History-220500                                                                       ,Credit - Degree Applicable                                                 ,Transferable to both UC and CSU                                            ,03.00,03.00,Course is not a basic skills course                                        ,Non-Occupational                                                           ,Not applicable                                                             ,"Not Applicable, Credit course                                              ",Y,Course is not a support course                                             ,Fall 2025
Kern CCD,Bakersfield,FDSVB50     ,CCC000222040,Intro/Foodservice Industry                                          ,6,"Nutrition, Foods, and Culinary Arts-130600                                           ",Credit - Degree Applicable                                                 ,Not transferable                                                           ,02.00,02.00,Course is not a basic skills course                                        ,Clearly Occupational (but not advanced)                                    ,Not applicable                                                             ,"Not Applicable, Credit course                                              ",Y,Course is not a support course                                             ,Fall 2025
Kern CCD,Cerro Coso,ARTC221     ,CCC000222421,Drawing II                                                          ,2,Painting and Drawing-100210                                                          ,Credit - Degree Applicable                                                 ,Transferable to both UC and CSU                                            ,03.00,01.50,Course is not a basic skills course                                        ,Non-Occupational                                                           ,Not applicable                                                             ,"Not Applicable, Credit course                                              ",Y,Course is not a support course                                             ,Fall 2025
Kern CCD,Bakersfield,WELDB54A    ,CCC000222767,"Blueprint Reading,Wldrs/Mach                                        ",1,Welding Technology-095650                                                            ,Credit - Degree Applicable                                                 ,Not transferable                                                           ,03.00,03.00,Course is not a basic skills course                                        ,Clearly Occupational (but not advanced)                                    ,Not applicable                                                             ,"Not Applicable, Credit course                                              ",Y,Course is not a support course                                             ,Fall 2025
Kern CCD,Cerro Coso,ADMJC105    ,CCC000223206,Concepts of Criminal Law                                            ,5,Administration of Justice-210500                                                     ,Credit - Degree Applicable                                                 ,Transferable to both UC and CSU                                            ,03.00,03.00,Course is not a basic skills course                                        ,Clearly Occupational (but not advanced)                                    ,Not applicable                                                             ,"Not Applicable, Credit course                                              ",Y,Course is not a support course                                             ,Fall 2025
Kern CCD,Bakersfield,ARTB8       ,CCC000223639,Figure Drawing I                                                    ,1,Painting and Drawing-100210                                                          ,Credit - Degree Applicable                                                 ,Transferable to both UC and CSU                                            ,03.00,03.00,Course is not a basic skills course                                        ,Non-Occupational                                                           ,Not applicable                                                             ,"Not Applicable, Credit course                                              ",Y,Course is not a support course                                             ,Fall 2025
Kern CCD,Porterville,CHDVP117    ,CCC000224072,Teaching in a Diverse Society                                       ,2,Child Development/Early Care and Education-130500                                    ,Credit - Degree Applicable                                                 ,Transferable to both UC and CSU                                            ,03.00,03.00,Course is not a basic skills course                                        ,Clearly Occupational (but not advanced)                                    ,Not applicable                                                             ,"Not Applicable, Credit course                                              ",Y,Course is not a support course                                             ,Fall 2025
Kern CCD,Porterville,ADMJP066A   ,CCC000225095,"Police Reserve Trn, Level III                                       ",1,Administration of Justice-210500                                                     ,Credit - Degree Applicable                                                 ,Not transferable                                                           ,07.00,07.00,Course is not a basic skills course                                        ,Clearly Occupational (but not advanced)                                    ,Not applicable                                                             ,"Not Applicable, Credit course                                              ",Y,Course is not a support course                                             ,Fall 2025
Kern CCD,Cerro Coso,BSADC152    ,CCC000225288,Managing Diversity in the Work                                      ,1,"Business and Commerce, General-050100                                                ",Credit - Degree Applicable                                                 ,Transferable to CSU only                                                   ,03.00,03.00,Course is not a basic skills course                                        ,Clearly Occupational (but not advanced)                                    ,Not applicable                                                             ,"Not Applicable, Credit course                                              ",Y,Course is not a support course                                             ,Fall 2025
Kern CCD,Porterville,MUSCP101    ,CCC000227728,Music Theory and Musicianship I                                     ,1,Music-100400                                                                         ,Credit - Degree Applicable                                                 ,Transferable to both UC and CSU                                            ,04.00,04.00,Course is not a basic skills course                                        ,Non-Occupational                                                           ,Not applicable                                                             ,"Not Applicable, Credit course                                              ",Y,Course is not a support course                                             ,Fall 2025
Kern CCD,Cerro Coso,POLSC101    ,CCC000229520,American Government and Politics                                    ,20,Political Science-220700                                                             ,Credit - Degree Applicable                                                 ,Transferable to both UC and CSU                                            ,03.00,03.00,Course is not a basic skills course                                        ,Non-Occupational                                                           ,Not applicable                                                             ,"Not Applicable, Credit course                                              ",Y,Course is not a support course                                             ,Fall 2025
Kern CCD,Bakersfield,SOCIB20     ,CCC000231280,Social Psychology                                                   ,3,Sociology-220800                                                                     ,Credit - Degree Applicable                                                 ,Transferable to both UC and CSU                                            ,03.00,03.00,Course is not a basic skills course                                        ,Non-Occupational                                                           ,Not applicable                                                             ,"Not Applicable, Credit course                                              ",Y,Course is not a support course                                             ,Fall 2025
Kern CCD,Porterville,COMMP101    ,CCC000231328,Intro to Public Speaking                                            ,12,Speech Communication-150600                                                          ,Credit - Degree Applicable                                                 ,Transferable to both UC and CSU                                            ,03.00,03.00,Course is not a basic skills course                                        ,Non-Occupational                                                           ,Not applicable                                                             ,"Not Applicable, Credit course                                              ",Y,Course is not a support course                                             ,Fall 2025
Kern CCD,Bakersfield,COMMB5      ,CCC000231777,Argumentation and Debate                                            ,9,Speech Communication-150600                                                          ,Credit - Degree Applicable                                                 ,Transferable to both UC and CSU                                            ,03.00,03.00,Course is not a basic skills course                                        ,Non-Occupational                                                           ,Not applicable                                                             ,"Not Applicable, Credit course                                              ",A,Course is not a support course                                             ,Fall 2025
Kern CCD,Bakersfield,PSYCB30     ,CCC000233093,Human Sexuality                                                     ,5,"Psychology, General-200100                                                           ",Credit - Degree Applicable                                                 ,Transferable to both UC and CSU                                            ,03.00,03.00,Course is not a basic skills course                                        ,Non-Occupational                                                           ,Not applicable                                                             ,"Not Applicable, Credit course                                              ",Y,Course is not a support course                                             ,Fall 2025
Kern CCD,Porterville,INFSP052    ,CCC000233272,Introduction to Web Design                                          ,1,World Wide Web Administration-070900                                                 ,Credit - Degree Applicable                                                 ,Not transferable                                                           ,03.00,03.00,Course is not a basic skills course                                        ,Advanced Occupational (not limited to apprentices)                         ,Not applicable                                                             ,"Not Applicable, Credit course                                              ",Y,Course is not a support course                                             ,Fall 2025
Kern CCD,Cerro Coso,CHDVC200    ,CCC000236703,Observation and Assessment                                          ,1,Child Development/Early Care and Education-130500                                    ,Credit - Degree Applicable                                                 ,Transferable to CSU only                                                   ,03.00,03.00,Course is not a basic skills course                                        ,Clearly Occupational (but not advanced)                                    ,Not applicable                                                             ,"Not Applicable, Credit course                                              ",Y,Course is not a support course                                             ,Fall 2025
Kern CCD,Cerro Coso,PHSCC125    ,CCC000239308,Astronomy                                                           ,5,Astronomy-191100                                                                     ,Credit - Degree Applicable                                                 ,Transferable to both UC and CSU                                            ,04.00,04.00,Course is not a basic skills course                                        ,Non-Occupational                                                           ,Not applicable                                                             ,"Not Applicable, Credit course                                              ",Y,Course is not a support course                                             ,Fall 2025
Kern CCD,Bakersfield,APPRB60-7   ,CCC000241328,Apprentice Inside Wireman 7                                         ,1,Electrical-095220                                                                    ,Credit - Degree Applicable                                                 ,Not transferable                                                           ,04.00,04.00,Course is not a basic skills course                                        ,Apprenticeship (offered to apprentices only)                               ,Not applicable                                                             ,"Not Applicable, Credit course                                              ",Y,Course is not a support course                                             ,Fall 2025
Kern CCD,Bakersfield,ARCHB6      ,CCC000241668,Materials of Construction                                           ,1,Architecture and Architectural Technology-020100                                     ,Credit - Degree Applicable                                                 ,Transferable to CSU only                                                   ,03.00,03.00,Course is not a basic skills course                                        ,Clearly Occupational (but not advanced)                                    ,Not applicable                                                             ,"Not Applicable, Credit course                                              ",Y,Course is not a support course                                             ,Fall 2025
Kern CCD,Bakersfield,PHYSB2B     ,CCC000241961,General Physics-SLEMMP                                              ,1,"Physics, General-190200                                                              ",Credit - Degree Applicable                                                 ,Transferable to both UC and CSU                                            ,04.00,04.00,Course is not a basic skills course                                        ,Non-Occupational                                                           ,Not applicable                                                             ,"Not Applicable, Credit course                                              ",Y,Course is not a support course                                             ,Fall 2025
Kern CCD,Porterville,PHILP110    ,CCC000242042,Introduction to Ethics                                              ,1,Philosophy-150900                                                                    ,Credit - Degree Applicable                                                 ,Transferable to both UC and CSU                                            ,03.00,03.00,Course is not a basic skills course                                        ,Non-Occupational                                                           ,Not applicable                                                             ,"Not Applicable, Credit course                                              ",Y,Course is not a support course                                             ,Fall 2025
Kern CCD,Porterville,MUSCP112    ,CCC000242307,Music Appre: 1800 to present                                        ,3,Music-100400                                                                         ,Credit - Degree Applicable                                                 ,Transferable to both UC and CSU                                            ,03.00,03.00,Course is not a basic skills course                                        ,Non-Occupational                                                           ,Not applicable                                                             ,"Not Applicable, Credit course                                              ",Y,Course is not a support course                                             ,Fall 2025
Kern CCD,Bakersfield,MATHB6A     ,CCC000242537,Analytic Geometry/Calculus I                                        ,11,"Mathematics, General-170100                                                          ",Credit - Degree Applicable                                                 ,Transferable to both UC and CSU                                            ,04.00,04.00,Course is not a basic skills course                                        ,Non-Occupational                                                           ,Not applicable                                                             ,"Not Applicable, Credit course                                              ",B,Course is not a support course                                             ,Fall 2025
Kern CCD,Porterville,CHDVP122    ,CCC000242748,Child/Family and Community                                          ,1,Child Development/Early Care and Education-130500                                    ,Credit - Degree Applicable                                                 ,Transferable to both UC and CSU                                            ,03.00,03.00,Course is not a basic skills course                                        ,Clearly Occupational (but not advanced)                                    ,Not applicable                                                             ,"Not Applicable, Credit course                                              ",Y,Course is not a support course                                             ,Fall 2025
Kern CCD,Bakersfield,BSADB88     ,CCC000242866,Office Procedures                                                   ,1,Office Management-051440                                                             ,Credit - Degree Applicable                                                 ,Not transferable                                                           ,03.00,03.00,Course is not a basic skills course                                        ,Clearly Occupational (but not advanced)                                    ,Not applicable                                                             ,"Not Applicable, Credit course                                              ",Y,Course is not a support course                                             ,Fall 2025
Kern CCD,Cerro Coso,HISTC104    ,CCC000242960,Western Civilization - Renaissance to the Modern Era                ,2,History-220500                                                                       ,Credit - Degree Applicable                                                 ,Transferable to both UC and CSU                                            ,03.00,03.00,Course is not a basic skills course                                        ,Non-Occupational                                                           ,Not applicable                                                             ,"Not Applicable, Credit course                                              ",Y,Course is not a support course                                             ,Fall 2025
Kern CCD,Bakersfield,MFGTB1AB    ,CCC000243764,Machine Tool Processes                                              ,4,Machining and Machine Tools-095630                                                   ,Credit - Degree Applicable                                                 ,Transferable to CSU only                                                   ,03.00,03.00,Course is not a basic skills course                                        ,Clearly Occupational (but not advanced)                                    ,Not applicable                                                             ,"Not Applicable, Credit course                                              ",Y,Course is not a support course                                             ,Fall 2025
Kern CCD,Bakersfield,HISTB18     ,CCC000245241,History of California                                               ,12,History-220500                                                                       ,Credit - Degree Applicable                                                 ,Transferable to both UC and CSU                                            ,03.00,03.00,Course is not a basic skills course                                        ,Non-Occupational                                                           ,Not applicable                                                             ,"Not Applicable, Credit course                                              ",Y,Course is not a support course                                             ,Fall 2025
Kern CCD,Bakersfield,MUSCB6A     ,CCC000245407,Class Voice I                                                       ,1,Music-100400                                                                         ,Credit - Degree Applicable                                                 ,Transferable to both UC and CSU                                            ,01.00,01.00,Course is not a basic skills course                                        ,Non-Occupational                                                           ,Not applicable                                                             ,"Not Applicable, Credit course                                              ",Y,Course is not a support course                                             ,Fall 2025
Kern CCD,Bakersfield,ERSCB10L    ,CCC000245757,"Earth, Science, Laboratory                                          ",5,Earth Science-193000                                                                 ,Credit - Degree Applicable                                                 ,Transferable to both UC and CSU                                            ,01.00,01.00,Course is not a basic skills course                                        ,Non-Occupational                                                           ,Not applicable                                                             ,"Not Applicable, Credit course                                              ",Y,Course is not a support course                                             ,Fall 2025
Kern CCD,Bakersfield,SPANB3      ,CCC000246616,Intermediate Spanish I                                              ,2,Spanish-110500                                                                       ,Credit - Degree Applicable                                                 ,Transferable to both UC and CSU                                            ,04.00,04.00,Course is not a basic skills course                                        ,Non-Occupational                                                           ,Not applicable                                                             ,"Not Applicable, Credit course                                              ",Y,Course is not a support course                                             ,Fall 2025
Kern CCD,Bakersfield,FDSVB55C    ,CCC000250672,Food Service Production Lab I                                       ,1,Culinary Arts-130630                                                                 ,Credit - Degree Applicable                                                 ,Not transferable                                                           ,02.00,02.00,Course is not a basic skills course                                        ,Clearly Occupational (but not advanced)                                    ,Not applicable                                                             ,"Not Applicable, Credit course                                              ",Y,Course is not a support course                                             ,Fall 2025
Kern CCD,Bakersfield,CHDVB32     ,CCC000251122,Teaching in a Diverse Society                                       ,6,Child Development/Early Care and Education-130500                                    ,Credit - Degree Applicable                                                 ,Transferable to CSU only                                                   ,03.00,03.00,Course is not a basic skills course                                        ,Clearly Occupational (but not advanced)                                    ,Not applicable                                                             ,"Not Applicable, Credit course                                              ",Y,Course is not a support course                                             ,Fall 2025
Kern CCD,Porterville,ANTHP101    ,CCC000251209,Introduction to Biological Anthropology                             ,6,Anthropology-220200                                                                  ,Credit - Degree Applicable                                                 ,Transferable to both UC and CSU                                            ,03.00,03.00,Course is not a basic skills course                                        ,Non-Occupational                                                           ,Not applicable                                                             ,"Not Applicable, Credit course                                              ",Y,Course is not a support course                                             ,Fall 2025
Kern CCD,Bakersfield,STDVB3      ,CCC000254256,Career and Life Planning                                            ,67,Career Guidance and Orientation-493010                                               ,Credit - Degree Applicable                                                 ,Transferable to CSU only                                                   ,03.00,03.00,Course is not a basic skills course                                        ,Non-Occupational                                                           ,Not applicable                                                             ,"Not Applicable, Credit course                                              ",Y,Course is not a support course                                             ,Fall 2025
Kern CCD,Bakersfield,CHDVB42     ,CCC000254796,Child/Family and Community                                          ,9,Child Development/Early Care and Education-130500                                    ,Credit - Degree Applicable                                                 ,Transferable to both UC and CSU                                            ,03.00,03.00,Course is not a basic skills course                                        ,Clearly Occupational (but not advanced)                                    ,Not applicable                                                             ,"Not Applicable, Credit course                                              ",Y,Course is not a support course                                             ,Fall 2025
Kern CCD,Porterville,ANTHP102    ,CCC000254912,Intro to Cultural Anthropology                                      ,2,Anthropology-220200                                                                  ,Credit - Degree Applicable                                                 ,Transferable to both UC and CSU                                            ,03.00,03.00,Course is not a basic skills course                                        ,Non-Occupational                                                           ,Not applicable                                                             ,"Not Applicable, Credit course                                              ",Y,Course is not a support course                                             ,Fall 2025
Kern CCD,Bakersfield,FDSVB59     ,CCC000255372,Food Service Production Mngmnt                                      ,1,Culinary Arts-130630                                                                 ,Credit - Degree Applicable                                                 ,Not transferable                                                           ,03.00,03.00,Course is not a basic skills course                                        ,Clearly Occupational (but not advanced)                                    ,Not applicable                                                             ,"Not Applicable, Credit course                                              ",Y,Course is not a support course                                             ,Fall 2025
Kern CCD,Cerro Coso,DMAC131     ,CCC000256368,Digital Video Production                                            ,3,Film Production-061220                                                               ,Credit - Degree Applicable                                                 ,Transferable to CSU only                                                   ,03.00,03.00,Course is not a basic skills course                                        ,Clearly Occupational (but not advanced)                                    ,Not applicable                                                             ,"Not Applicable, Credit course                                              ",Y,Course is not a support course                                             ,Fall 2025
Kern CCD,Bakersfield,THEAB32     ,CCC000256401,Contemporary Film Studies                                           ,5,Dramatic Arts-100700                                                                 ,Credit - Degree Applicable                                                 ,Transferable to both UC and CSU                                            ,03.00,03.00,Course is not a basic skills course                                        ,Non-Occupational                                                           ,Not applicable                                                             ,"Not Applicable, Credit course                                              ",Y,Course is not a support course                                             ,Fall 2025
Kern CCD,Bakersfield,ARCHB1      ,CCC000256607,Intro to Arch and Envir Design                                      ,4,Architecture and Architectural Technology-020100                                     ,Credit - Degree Applicable                                                 ,Transferable to both UC and CSU                                            ,01.50,01.50,Course is not a basic skills course                                        ,Possibly Occupational                                                      ,Not applicable                                                             ,"Not Applicable, Credit course                                              ",Y,Course is not a support course                                             ,Fall 2025
Kern CCD,Cerro Coso,ANTHC121    ,CCC000256761,Biological Anthropology                                             ,8,Anthropology-220200                                                                  ,Credit - Degree Applicable                                                 ,Transferable to both UC and CSU                                            ,03.00,03.00,Course is not a basic skills course                                        ,Non-Occupational                                                           ,Not applicable                                                             ,"Not Applicable, Credit course                                              ",Y,Course is not a support course                                             ,Fall 2025
Kern CCD,Bakersfield,THEAB31     ,CCC000257142,Introduction to Film Studies                                        ,5,Dramatic Arts-100700                                                                 ,Credit - Degree Applicable                                                 ,Transferable to both UC and CSU                                            ,03.00,03.00,Course is not a basic skills course                                        ,Non-Occupational                                                           ,Not applicable                                                             ,"Not Applicable, Credit course                                              ",Y,Course is not a support course                                             ,Fall 2025
Kern CCD,Bakersfield,MUSCB12A    ,CCC000258258,College Orchestra                                                   ,1,Music-100400                                                                         ,Credit - Degree Applicable                                                 ,Transferable to both UC and CSU                                            ,01.00,01.00,Course is not a basic skills course                                        ,Non-Occupational                                                           ,Not applicable                                                             ,"Not Applicable, Credit course                                              ",Y,Course is not a support course                                             ,Fall 2025
Kern CCD,Bakersfield,FDSVB55E    ,CCC000258402,Advancd Food Service Practicum                                      ,1,Culinary Arts-130630                                                                 ,Credit - Degree Applicable                                                 ,Not transferable                                                           ,03.00,03.00,Course is not a basic skills course                                        ,Advanced Occupational (not limited to apprentices)                         ,Not applicable                                                             ,"Not Applicable, Credit course                                              ",Y,Course is not a support course                                             ,Fall 2025
Kern CCD,Porterville,ENGLP103    ,CCC000258931,Shakespeare Survey                                                  ,1,Comparative Literature-150300                                                        ,Credit - Degree Applicable                                                 ,Transferable to both UC and CSU                                            ,03.00,03.00,Course is not a basic skills course                                        ,Non-Occupational                                                           ,Not applicable                                                             ,"Not Applicable, Credit course                                              ",Y,Course is not a support course                                             ,Fall 2025
Kern CCD,Bakersfield,ACDVB70B    ,CCC000259480,Note Taking Strat for Aca Succ                                      ,1,Study Skills-493014                                                                  ,Credit - Not Degree Applicable                                             ,Not transferable                                                           ,00.50,00.50,Course is a basic skills course                                            ,Non-Occupational                                                           ,Not applicable                                                             ,"Not Applicable, Credit course                                              ",Y,Course is not a support course                                             ,Fall 2025
Kern CCD,Bakersfield,ARTB1       ,CCC000260590,Art Appreciation                                                    ,41,"Fine Arts, General-100100                                                            ",Credit - Degree Applicable                                                 ,Transferable to both UC and CSU                                            ,03.00,03.00,Course is not a basic skills course                                        ,Non-Occupational                                                           ,Not applicable                                                             ,"Not Applicable, Credit course                                              ",Y,Course is not a support course                                             ,Fall 2025
Kern CCD,Bakersfield,MUSCB4B     ,CCC000260842,Elementary Theory                                                   ,1,Music-100400                                                                         ,Credit - Degree Applicable                                                 ,Transferable to both UC and CSU                                            ,03.00,03.00,Course is not a basic skills course                                        ,Non-Occupational                                                           ,Not applicable                                                             ,"Not Applicable, Credit course                                              ",Y,Course is not a support course                                             ,Fall 2025
Kern CCD,Bakersfield,HISTB15     ,CCC000261316,Civilization/Mid East-500 C.E.                                      ,1,History-220500                                                                       ,Credit - Degree Applicable                                                 ,Transferable to both UC and CSU                                            ,03.00,03.00,Course is not a basic skills course                                        ,Non-Occupational                                                           ,Not applicable                                                             ,"Not Applicable, Credit course                                              ",Y,Course is not a support course                                             ,Fall 2025
Kern CCD,Bakersfield,ARTB12      ,CCC000262195,Ceramics III                                                        ,1,Ceramics-100230                                                                      ,Credit - Degree Applicable                                                 ,Transferable to both UC and CSU                                            ,03.00,03.00,Course is not a basic skills course                                        ,Non-Occupational                                                           ,Not applicable                                                             ,"Not Applicable, Credit course                                              ",Y,Course is not a support course                                             ,Fall 2025
Kern CCD,Bakersfield,MUSCB22     ,CCC000262253,Music Appreciation                                                  ,7,Music-100400                                                                         ,Credit - Degree Applicable                                                 ,Transferable to both UC and CSU                                            ,03.00,03.00,Course is not a basic skills course                                        ,Non-Occupational                                                           ,Not applicable                                                             ,"Not Applicable, Credit course                                              ",Y,Course is not a support course                                             ,Fall 2025
Kern CCD,Bakersfield,CHDVB49     ,CCC000264731,Child Health/Safety/Nutrition                                       ,5,Child Development/Early Care and Education-130500                                    ,Credit - Degree Applicable                                                 ,Transferable to CSU only                                                   ,03.00,03.00,Course is not a basic skills course                                        ,Clearly Occupational (but not advanced)                                    ,Not applicable                                                             ,"Not Applicable, Credit course                                              ",Y,Course is not a support course                                             ,Fall 2025
Kern CCD,Porterville,ADMJP109    ,CCC000264923,Crim Justice Communications                                         ,1,Administration of Justice-210500                                                     ,Credit - Degree Applicable                                                 ,Transferable to CSU only                                                   ,03.00,03.00,Course is not a basic skills course                                        ,Clearly Occupational (but not advanced)                                    ,Not applicable                                                             ,"Not Applicable, Credit course                                              ",Y,Course is not a support course                                             ,Fall 2025
Kern CCD,Porterville,MATHP103    ,CCC000265217,Calculus 1 w/Analytic Geometry                                      ,5,"Mathematics, General-170100                                                          ",Credit - Degree Applicable                                                 ,Transferable to both UC and CSU                                            ,04.00,04.00,Course is not a basic skills course                                        ,Non-Occupational                                                           ,Not applicable                                                             ,"Not Applicable, Credit course                                              ",B,Course is not a support course                                             ,Fall 2025
Kern CCD,Porterville,INFSP220    ,CCC000265226,Data Communications/Networking                                      ,1,Computer Networking-070810                                                           ,Credit - Degree Applicable                                                 ,Transferable to CSU only                                                   ,03.00,03.00,Course is not a basic skills course                                        ,Clearly Occupational (but not advanced)                                    ,Not applicable                                                             ,"Not Applicable, Credit course                                              ",Y,Course is not a support course                                             ,Fall 2025
Kern CCD,Bakersfield,ARTB6       ,CCC000265397,Painting I                                                          ,2,Painting and Drawing-100210                                                          ,Credit - Degree Applicable                                                 ,Transferable to both UC and CSU                                            ,03.00,03.00,Course is not a basic skills course                                        ,Non-Occupational                                                           ,Not applicable                                                             ,"Not Applicable, Credit course                                              ",Y,Course is not a support course                                             ,Fall 2025
Kern CCD,Porterville,ADMJP122    ,CCC000266589,Probation and Parole                                                ,1,Industrial and Transportation Security-210530                                        ,Credit - Degree Applicable                                                 ,Transferable to both UC and CSU                                            ,03.00,03.00,Course is not a basic skills course                                        ,Clearly Occupational (but not advanced)                                    ,Not applicable                                                             ,"Not Applicable, Credit course                                              ",Y,Course is not a support course                                             ,Fall 2025
Kern CCD,Bakersfield,EMLSB70     ,CCC000267092,Grammar and Composition                                             ,2,English as a Second Language - Writing-493084                                        ,Credit - Not Degree Applicable                                             ,Not transferable                                                           ,04.00,04.00,Course is a basic skills course                                            ,Non-Occupational                                                           ,Three levels below transfer                                                ,"Not Applicable, Credit course                                              ",Y,Course is not a support course                                             ,Fall 2025
Kern CCD,Bakersfield,MUSCB6B     ,CCC000267263,Class Voice II                                                      ,1,Music-100400                                                                         ,Credit - Degree Applicable                                                 ,Transferable to both UC and CSU                                            ,01.00,01.00,Course is not a basic skills course                                        ,Non-Occupational                                                           ,Not applicable                                                             ,"Not Applicable, Credit course                                              ",Y,Course is not a support course                                             ,Fall 2025
Kern CCD,Bakersfield,HISTB4B     ,CCC000268150,Europe Civilization-Post 1600                                       ,1,History-220500                                                                       ,Credit - Degree Applicable                                                 ,Transferable to both UC and CSU                                            ,03.00,03.00,Course is not a basic skills course                                        ,Non-Occupational                                                           ,Not applicable                                                             ,"Not Applicable, Credit course                                              ",Y,Course is not a support course                                             ,Fall 2025
Kern CCD,Porterville,CHEMP106    ,CCC000269404,Intro to Chemical Principles                                        ,3,"Chemistry, General-190500                                                            ",Credit - Degree Applicable                                                 ,Transferable to both UC and CSU                                            ,04.00,04.00,Course is not a basic skills course                                        ,Non-Occupational                                                           ,Not applicable                                                             ,"Not Applicable, Credit course                                              ",Y,Course is not a support course                                             ,Fall 2025
Kern CCD,Cerro Coso,PSYCC101    ,CCC000269707,Introduction to Psychology                                          ,7,"Psychology, General-200100                                                           ",Credit - Degree Applicable                                                 ,Transferable to both UC and CSU                                            ,03.00,03.00,Course is not a basic skills course                                        ,Non-Occupational                                                           ,Not applicable                                                             ,"Not Applicable, Credit course                                              ",Y,Course is not a support course                                             ,Fall 2025
Kern CCD,Bakersfield,APPRB60-4   ,CCC000271939,Apprentice Inside Wireman 4                                         ,1,Electrical-095220                                                                    ,Credit - Degree Applicable                                                 ,Not transferable                                                           ,04.00,04.00,Course is not a basic skills course                                        ,Apprenticeship (offered to apprentices only)                               ,Not applicable                                                             ,"Not Applicable, Credit course                                              ",Y,Course is not a support course                                             ,Fall 2025
Kern CCD,Porterville,PHILP106    ,CCC000274078,Introduction to Philosophy                                          ,2,Philosophy-150900                                                                    ,Credit - Degree Applicable                                                 ,Transferable to both UC and CSU                                            ,03.00,03.00,Course is not a basic skills course                                        ,Non-Occupational                                                           ,Not applicable                                                             ,"Not Applicable, Credit course                                              ",Y,Course is not a support course                                             ,Fall 2025
Kern CCD,Bakersfield,EMLSB60     ,CCC000274348,Basic Writing Skills                                                ,2,English as a Second Language - Writing-493084                                        ,Credit - Not Degree Applicable                                             ,Not transferable                                                           ,04.00,04.00,Course is a basic skills course                                            ,Non-Occupational                                                           ,Two levels below transfer                                                  ,"Not Applicable, Credit course                                              ",Y,Course is not a support course                                             ,Fall 2025
Kern CCD,Bakersfield,ARTB48      ,CCC000274775,Adv Photography III - Indep St                                      ,1,Applied Photography-101200                                                           ,Credit - Degree Applicable                                                 ,Transferable to CSU only                                                   ,03.00,01.00,Course is not a basic skills course                                        ,Advanced Occupational (not limited to apprentices)                         ,Not applicable                                                             ,"Not Applicable, Credit course                                              ",Y,Course is not a support course                                             ,Fall 2025
Kern CCD,Bakersfield,BSADB18     ,CCC000275002,Business Law                                                        ,15,"Business and Commerce, General-050100                                                ",Credit - Degree Applicable                                                 ,Transferable to both UC and CSU                                            ,03.00,03.00,Course is not a basic skills course                                        ,Clearly Occupational (but not advanced)                                    ,Not applicable                                                             ,"Not Applicable, Credit course                                              ",Y,Course is not a support course                                             ,Fall 2025
Kern CCD,Bakersfield,CRIMB4      ,CCC000275516,Constitutional Criminal Proced                                      ,6,Administration of Justice-210500                                                     ,Credit - Degree Applicable                                                 ,Transferable to both UC and CSU                                            ,03.00,03.00,Course is not a basic skills course                                        ,Clearly Occupational (but not advanced)                                    ,Not applicable                                                             ,"Not Applicable, Credit course                                              ",Y,Course is not a support course                                             ,Fall 2025
Kern CCD,Bakersfield,MUSCB23     ,CCC000275723,Appreciation of Jazz                                                ,1,Music-100400                                                                         ,Credit - Degree Applicable                                                 ,Transferable to both UC and CSU                                            ,03.00,03.00,Course is not a basic skills course                                        ,Non-Occupational                                                           ,Not applicable                                                             ,"Not Applicable, Credit course                                              ",Y,Course is not a support course                                             ,Fall 2025
Kern CCD,Bakersfield,ARTB9       ,CCC000277114,Figure Drawing II                                                   ,1,Painting and Drawing-100210                                                          ,Credit - Degree Applicable                                                 ,Transferable to both UC and CSU                                            ,03.00,03.00,Course is not a basic skills course                                        ,Non-Occupational                                                           ,Not applicable                                                             ,"Not Applicable, Credit course                                              ",Y,Course is not a support course                                             ,Fall 2025
Kern CCD,Bakersfield,WELDB55C    ,CCC000277342,Pipe Certification API 1104                                         ,1,Welding Technology-095650                                                            ,Credit - Degree Applicable                                                 ,Not transferable                                                           ,02.00,02.00,Course is not a basic skills course                                        ,Advanced Occupational (not limited to apprentices)                         ,Not applicable                                                             ,"Not Applicable, Credit course                                              ",Y,Course is not a support course                                             ,Fall 2025
Kern CCD,Cerro Coso,MATHC130    ,CCC000277983,Finite Mathematics                                                  ,2,"Mathematics, General-170100                                                          ",Credit - Degree Applicable                                                 ,Transferable to both UC and CSU                                            ,04.00,04.00,Course is not a basic skills course                                        ,Non-Occupational                                                           ,Not applicable                                                             ,"Not Applicable, Credit course                                              ",B,Course is not a support course                                             ,Fall 2025
Kern CCD,Bakersfield,PSYCB1B     ,CCC000278323,Biological Psychology                                               ,11,"Psychology, General-200100                                                           ",Credit - Degree Applicable                                                 ,Transferable to both UC and CSU                                            ,03.00,03.00,Course is not a basic skills course                                        ,Non-Occupational                                                           ,Not applicable                                                             ,"Not Applicable, Credit course                                              ",Y,Course is not a support course                                             ,Fall 2025
Kern CCD,Bakersfield,ENGLB30A    ,CCC000278492,Survey of American Literature                                       ,1,Classics-150400                                                                      ,Credit - Degree Applicable                                                 ,Transferable to both UC and CSU                                            ,03.00,03.00,Course is not a basic skills course                                        ,Non-Occupational                                                           ,Not applicable                                                             ,"Not Applicable, Credit course                                              ",Y,Course is not a support course                                             ,Fall 2025
Kern CCD,Porterville,BIOLP052    ,CCC000278755,Survey of Human Anatomy and Physiology                              ,1,Anatomy and Physiology-041000                                                        ,Credit - Degree Applicable                                                 ,Not transferable                                                           ,02.00,02.00,Course is not a basic skills course                                        ,Non-Occupational                                                           ,Not applicable                                                             ,"Not Applicable, Credit course                                              ",Y,Course is not a support course                                             ,Fall 2025
Kern CCD,Bakersfield,MUSCB15B    ,CCC000279121,Musicianship III                                                    ,2,Music-100400                                                                         ,Credit - Degree Applicable                                                 ,Transferable to both UC and CSU                                            ,01.00,01.00,Course is not a basic skills course                                        ,Non-Occupational                                                           ,Not applicable                                                             ,"Not Applicable, Credit course                                              ",Y,Course is not a support course                                             ,Fall 2025
Kern CCD,Porterville,HLEDP112    ,CCC000279884,Health Education                                                    ,16,Health Education-083700                                                              ,Credit - Degree Applicable                                                 ,Transferable to both UC and CSU                                            ,03.00,03.00,Course is not a basic skills course                                        ,Non-Occupational                                                           ,Not applicable                                                             ,"Not Applicable, Credit course                                              ",Y,Course is not a support course                                             ,Fall 2025
Kern CCD,Bakersfield,CRPSB1      ,CCC000280057,Principles of Crop Production                                       ,1,Plant Science-010300                                                                 ,Credit - Degree Applicable                                                 ,Transferable to CSU only                                                   ,03.00,03.00,Course is not a basic skills course                                        ,Possibly Occupational                                                      ,Not applicable                                                             ,"Not Applicable, Credit course                                              ",Y,Course is not a support course                                             ,Fall 2025
Kern CCD,Bakersfield,ARTB13      ,CCC000280563,Sculpture I                                                         ,1,Sculpture-100220                                                                     ,Credit - Degree Applicable                                                 ,Transferable to both UC and CSU                                            ,03.00,03.00,Course is not a basic skills course                                        ,Non-Occupational                                                           ,Not applicable                                                             ,"Not Applicable, Credit course                                              ",Y,Course is not a support course                                             ,Fall 2025
Kern CCD,Porterville,ENGLP130    ,CCC000280864,American Literature 1                                               ,1,Comparative Literature-150300                                                        ,Credit - Degree Applicable                                                 ,Transferable to both UC and CSU                                            ,03.00,03.00,Course is not a basic skills course                                        ,Non-Occupational                                                           ,Not applicable                                                             ,"Not Applicable, Credit course                                              ",Y,Course is not a support course                                             ,Fall 2025
Kern CCD,Cerro Coso,CHDVC104    ,CCC000280903,"Child, Family, and Community                                        ",6,Child Development/Early Care and Education-130500                                    ,Credit - Degree Applicable                                                 ,Transferable to both UC and CSU                                            ,03.00,03.00,Course is not a basic skills course                                        ,Clearly Occupational (but not advanced)                                    ,Not applicable                                                             ,"Not Applicable, Credit course                                              ",Y,Course is not a support course                                             ,Fall 2025
Kern CCD,Bakersfield,ARTB40      ,CCC000281058,Digital Illustration                                                ,1,Graphic Art and Design-103000                                                        ,Credit - Degree Applicable                                                 ,Transferable to both UC and CSU                                            ,03.00,03.00,Course is not a basic skills course                                        ,Clearly Occupational (but not advanced)                                    ,Not applicable                                                             ,"Not Applicable, Credit course                                              ",Y,Course is not a support course                                             ,Fall 2025
Kern CCD,Porterville,ECONP102    ,CCC000281128,Principles of Macroeconomics                                        ,3,Economics-220400                                                                     ,Credit - Degree Applicable                                                 ,Transferable to both UC and CSU                                            ,03.00,03.00,Course is not a basic skills course                                        ,Non-Occupational                                                           ,Not applicable                                                             ,"Not Applicable, Credit course                                              ",Y,Course is not a support course                                             ,Fall 2025
Kern CCD,Cerro Coso,CHDVC106    ,CCC000281295,Child Growth and Development                                        ,4,Child Development/Early Care and Education-130500                                    ,Credit - Degree Applicable                                                 ,Transferable to both UC and CSU                                            ,03.00,03.00,Course is not a basic skills course                                        ,Clearly Occupational (but not advanced)                                    ,Not applicable                                                             ,"Not Applicable, Credit course                                              ",Y,Course is not a support course                                             ,Fall 2025
Kern CCD,Porterville,HISTP117    ,CCC000281937,History of the United States to 1877                                ,14,History-220500                                                                       ,Credit - Degree Applicable                                                 ,Transferable to both UC and CSU                                            ,03.00,03.00,Course is not a basic skills course                                        ,Non-Occupational                                                           ,Not applicable                                                             ,"Not Applicable, Credit course                                              ",Y,Course is not a support course                                             ,Fall 2025
Kern CCD,Porterville,AGRIP103    ,CCC000282165,Agricultural Sales                                                  ,1,"Agriculture Business, Sales and Service-011200                                       ",Credit - Degree Applicable                                                 ,Transferable to CSU only                                                   ,03.00,03.00,Course is not a basic skills course                                        ,Clearly Occupational (but not advanced)                                    ,Not applicable                                                             ,"Not Applicable, Credit course                                              ",Y,Course is not a support course                                             ,Fall 2025
Kern CCD,Porterville,BIOLP135    ,CCC000282975,General Biology I                                                   ,1,"Biology, General-040100                                                              ",Credit - Degree Applicable                                                 ,Transferable to both UC and CSU                                            ,05.00,05.00,Course is not a basic skills course                                        ,Non-Occupational                                                           ,Not applicable                                                             ,"Not Applicable, Credit course                                              ",Y,Course is not a support course                                             ,Fall 2025
Kern CCD,Bakersfield,PHYSB4A     ,CCC000283240,Mechanics and Wave Motion                                           ,6,"Physics, General-190200                                                              ",Credit - Degree Applicable                                                 ,Transferable to both UC and CSU                                            ,04.00,04.00,Course is not a basic skills course                                        ,Non-Occupational                                                           ,Not applicable                                                             ,"Not Applicable, Credit course                                              ",Y,Course is not a support course                                             ,Fall 2025
Kern CCD,Bakersfield,THEAB12A    ,CCC000283251,Introduction to Shakespeare                                         ,1,Dramatic Arts-100700                                                                 ,Credit - Degree Applicable                                                 ,Transferable to both UC and CSU                                            ,03.00,03.00,Course is not a basic skills course                                        ,Non-Occupational                                                           ,Not applicable                                                             ,"Not Applicable, Credit course                                              ",Y,Course is not a support course                                             ,Fall 2025
Kern CCD,Cerro Coso,ADMJC101    ,CCC000283765,Introduction to Administration of Justice                           ,7,Administration of Justice-210500                                                     ,Credit - Degree Applicable                                                 ,Transferable to both UC and CSU                                            ,03.00,03.00,Course is not a basic skills course                                        ,Clearly Occupational (but not advanced)                                    ,Not applicable                                                             ,"Not Applicable, Credit course                                              ",Y,Course is not a support course                                             ,Fall 2025
Kern CCD,Porterville,PHYSP102A   ,CCC000284824,General College Physics I                                           ,1,"Physics, General-190200                                                              ",Credit - Degree Applicable                                                 ,Transferable to both UC and CSU                                            ,04.00,04.00,Course is not a basic skills course                                        ,Non-Occupational                                                           ,Not applicable                                                             ,"Not Applicable, Credit course                                              ",Y,Course is not a support course                                             ,Fall 2025
Kern CCD,Cerro Coso,ADMJC121    ,CCC000286063,Multiculturalism and the American Justice System                    ,1,Administration of Justice-210500                                                     ,Credit - Degree Applicable                                                 ,Transferable to both UC and CSU                                            ,03.00,03.00,Course is not a basic skills course                                        ,Clearly Occupational (but not advanced)                                    ,Not applicable                                                             ,"Not Applicable, Credit course                                              ",Y,Course is not a support course                                             ,Fall 2025
Kern CCD,Cerro Coso,COLLC101    ,CCC000287072,Foundations for Success in College and Life                         ,10,Career Guidance and Orientation-493010                                               ,Credit - Degree Applicable                                                 ,Transferable to both UC and CSU                                            ,03.00,03.00,Course is not a basic skills course                                        ,Non-Occupational                                                           ,Not applicable                                                             ,"Not Applicable, Credit course                                              ",Y,Course is not a support course                                             ,Fall 2025
Kern CCD,Bakersfield,FDSVB55D    ,CCC000287786,Food Service Productn Lab II                                        ,1,Culinary Arts-130630                                                                 ,Credit - Degree Applicable                                                 ,Not transferable                                                           ,02.00,02.00,Course is not a basic skills course                                        ,Clearly Occupational (but not advanced)                                    ,Not applicable                                                             ,"Not Applicable, Credit course                                              ",Y,Course is not a support course                                             ,Fall 2025
Kern CCD,Bakersfield,MUSCB10A    ,CCC000288259,Concert Band                                                        ,1,Music-100400                                                                         ,Credit - Degree Applicable                                                 ,Transferable to both UC and CSU                                            ,01.00,01.00,Course is not a basic skills course                                        ,Non-Occupational                                                           ,Not applicable                                                             ,"Not Applicable, Credit course                                              ",Y,Course is not a support course                                             ,Fall 2025
Kern CCD,Porterville,CHDVP142    ,CCC000288505,Prin/Prac Teaching Young Chdrn                                      ,2,Preshool Age Children-130540                                                         ,Credit - Degree Applicable                                                 ,Transferable to both UC and CSU                                            ,03.00,03.00,Course is not a basic skills course                                        ,Clearly Occupational (but not advanced)                                    ,Not applicable                                                             ,"Not Applicable, Credit course                                              ",Y,Course is not a support course                                             ,Fall 2025
Kern CCD,Porterville,ADMJP105    ,CCC000288686,Prin/Procedures Justice System                                      ,1,Administration of Justice-210500                                                     ,Credit - Degree Applicable                                                 ,Transferable to both UC and CSU                                            ,03.00,03.00,Course is not a basic skills course                                        ,Clearly Occupational (but not advanced)                                    ,Not applicable                                                             ,"Not Applicable, Credit course                                              ",Y,Course is not a support course                                             ,Fall 2025
Kern CCD,Bakersfield,CRIMB9      ,CCC000288747,The Juvenile Justice System                                         ,2,Administration of Justice-210500                                                     ,Credit - Degree Applicable                                                 ,Transferable to both UC and CSU                                            ,03.00,03.00,Course is not a basic skills course                                        ,Clearly Occupational (but not advanced)                                    ,Not applicable                                                             ,"Not Applicable, Credit course                                              ",Y,Course is not a support course                                             ,Fall 2025
Kern CCD,Bakersfield,CHEMB2A     ,CCC000289785,Intro General Chemistry                                             ,9,"Chemistry, General-190500                                                            ",Credit - Degree Applicable                                                 ,Transferable to both UC and CSU                                            ,04.00,04.00,Course is not a basic skills course                                        ,Non-Occupational                                                           ,Not applicable                                                             ,"Not Applicable, Credit course                                              ",Y,Course is not a support course                                             ,Fall 2025
Kern CCD,Bakersfield,COMMB2      ,CCC000289967,Interpersonal Communication                                         ,8,Speech Communication-150600                                                          ,Credit - Degree Applicable                                                 ,Transferable to both UC and CSU                                            ,03.00,03.00,Course is not a basic skills course                                        ,Non-Occupational                                                           ,Not applicable                                                             ,"Not Applicable, Credit course                                              ",Y,Course is not a support course                                             ,Fall 2025
Kern CCD,Bakersfield,CRIMB3      ,CCC000290254,Introduction to Evidence                                            ,6,Administration of Justice-210500                                                     ,Credit - Degree Applicable                                                 ,Transferable to both UC and CSU                                            ,03.00,03.00,Course is not a basic skills course                                        ,Clearly Occupational (but not advanced)                                    ,Not applicable                                                             ,"Not Applicable, Credit course                                              ",Y,Course is not a support course                                             ,Fall 2025
Kern CCD,Bakersfield,HISTB17B    ,CCC000290658,United State History from 1865                                      ,11,History-220500                                                                       ,Credit - Degree Applicable                                                 ,Transferable to both UC and CSU                                            ,03.00,03.00,Course is not a basic skills course                                        ,Non-Occupational                                                           ,Not applicable                                                             ,"Not Applicable, Credit course                                              ",Y,Course is not a support course                                             ,Fall 2025
Kern CCD,Porterville,PSYCP101A   ,CCC000291127,Introduction to Psychology                                          ,5,"Psychology, General-200100                                                           ",Credit - Degree Applicable                                                 ,Transferable to both UC and CSU                                            ,03.00,03.00,Course is not a basic skills course                                        ,Non-Occupational                                                           ,Not applicable                                                             ,"Not Applicable, Credit course                                              ",Y,Course is not a support course                                             ,Fall 2025
Kern CCD,Bakersfield,SOCIB2      ,CCC000291569,Problems of Modern Society                                          ,3,Sociology-220800                                                                     ,Credit - Degree Applicable                                                 ,Transferable to both UC and CSU                                            ,03.00,03.00,Course is not a basic skills course                                        ,Non-Occupational                                                           ,Not applicable                                                             ,"Not Applicable, Credit course                                              ",Y,Course is not a support course                                             ,Fall 2025
Kern CCD,Bakersfield,INDRB20A    ,CCC000291898,Comp Aided Drafting/Design Int                                      ,2,Drafting Technology-095300                                                           ,Credit - Degree Applicable                                                 ,Transferable to both UC and CSU                                            ,03.00,03.00,Course is not a basic skills course                                        ,Clearly Occupational (but not advanced)                                    ,Not applicable                                                             ,"Not Applicable, Credit course                                              ",Y,Course is not a support course                                             ,Fall 2025
Kern CCD,Bakersfield,ENGLB1B     ,CCC000291906,Intro to Types of Literature                                        ,17,English-150100                                                                       ,Credit - Degree Applicable                                                 ,Transferable to both UC and CSU                                            ,03.00,03.00,Course is not a basic skills course                                        ,Non-Occupational                                                           ,Not applicable                                                             ,"Not Applicable, Credit course                                              ",A,Course is not a support course                                             ,Fall 2025
Kern CCD,Cerro Coso,COLLC102    ,CCC000292453,Tools for College Success                                           ,1,Career Guidance and Orientation-493010                                               ,Credit - Degree Applicable                                                 ,Not transferable                                                           ,02.00,02.00,Course is not a basic skills course                                        ,Non-Occupational                                                           ,Not applicable                                                             ,"Not Applicable, Credit course                                              ",Y,Course is not a support course                                             ,Fall 2025
Kern CCD,Cerro Coso,CHDVC205    ,CCC000293291,Care/Education Infant/Toddler                                       ,1,Child Development/Early Care and Education-130500                                    ,Credit - Degree Applicable                                                 ,Transferable to CSU only                                                   ,03.00,03.00,Course is not a basic skills course                                        ,Clearly Occupational (but not advanced)                                    ,Not applicable                                                             ,"Not Applicable, Credit course                                              ",Y,Course is not a support course                                             ,Fall 2025
Kern CCD,Cerro Coso,COMMC101    ,CCC000293734,Introduction to Public Speaking                                     ,17,Speech Communication-150600                                                          ,Credit - Degree Applicable                                                 ,Transferable to both UC and CSU                                            ,03.00,03.00,Course is not a basic skills course                                        ,Non-Occupational                                                           ,Not applicable                                                             ,"Not Applicable, Credit course                                              ",Y,Course is not a support course                                             ,Fall 2025
Kern CCD,Bakersfield,APPRB6010   ,CCC000293841,Apprentice Inside Wireman 10                                        ,1,Electrical-095220                                                                    ,Credit - Degree Applicable                                                 ,Not transferable                                                           ,04.00,04.00,Course is not a basic skills course                                        ,Apprenticeship (offered to apprentices only)                               ,Not applicable                                                             ,"Not Applicable, Credit course                                              ",Y,Course is not a support course                                             ,Fall 2025
Kern CCD,Bakersfield,ENGLB41A    ,CCC000294516,Intro to Creative Writing                                           ,2,English-150100                                                                       ,Credit - Degree Applicable                                                 ,Transferable to both UC and CSU                                            ,03.00,03.00,Course is not a basic skills course                                        ,Non-Occupational                                                           ,Not applicable                                                             ,"Not Applicable, Credit course                                              ",Y,Course is not a support course                                             ,Fall 2025
Kern CCD,Bakersfield,BSADB1      ,CCC000295064,Financial Accounting                                                ,19,Accounting-050200                                                                    ,Credit - Degree Applicable                                                 ,Transferable to both UC and CSU                                            ,04.00,04.00,Course is not a basic skills course                                        ,Clearly Occupational (but not advanced)                                    ,Not applicable                                                             ,"Not Applicable, Credit course                                              ",Y,Course is not a support course                                             ,Fall 2025
Kern CCD,Bakersfield,CHDVB21     ,CCC000295208,Child Growth/Dev Birth-Adolesc                                      ,16,Child Development/Early Care and Education-130500                                    ,Credit - Degree Applicable                                                 ,Not transferable                                                           ,03.00,03.00,Course is not a basic skills course                                        ,Clearly Occupational (but not advanced)                                    ,Not applicable                                                             ,"Not Applicable, Credit course                                              ",Y,Course is not a support course                                             ,Fall 2025
Kern CCD,Bakersfield,BSADB20     ,CCC000296054,Introduction to Business                                            ,33,"Business and Commerce, General-050100                                                ",Credit - Degree Applicable                                                 ,Transferable to both UC and CSU                                            ,03.00,03.00,Course is not a basic skills course                                        ,Clearly Occupational (but not advanced)                                    ,Not applicable                                                             ,"Not Applicable, Credit course                                              ",Y,Course is not a support course                                             ,Fall 2025
Kern CCD,Cerro Coso,ANTHC111    ,CCC000296937,Cultural Anthropology                                               ,2,Anthropology-220200                                                                  ,Credit - Degree Applicable                                                 ,Transferable to both UC and CSU                                            ,03.00,03.00,Course is not a basic skills course                                        ,Non-Occupational                                                           ,Not applicable                                                             ,"Not Applicable, Credit course                                              ",Y,Course is not a support course                                             ,Fall 2025
Kern CCD,Cerro Coso,HSCIC101    ,CCC000297285,Principles of Health Education                                      ,4,Health Education-083700                                                              ,Credit - Degree Applicable                                                 ,Transferable to both UC and CSU                                            ,03.00,03.00,Course is not a basic skills course                                        ,Non-Occupational                                                           ,Not applicable                                                             ,"Not Applicable, Credit course                                              ",Y,Course is not a support course                                             ,Fall 2025
Kern CCD,Bakersfield,APPRB60-9   ,CCC000297722,Apprentice Inside Wireman 9                                         ,1,Electrical-095220                                                                    ,Credit - Degree Applicable                                                 ,Not transferable                                                           ,04.00,04.00,Course is not a basic skills course                                        ,Apprenticeship (offered to apprentices only)                               ,Not applicable                                                             ,"Not Applicable, Credit course                                              ",Y,Course is not a support course                                             ,Fall 2025
Kern CCD,Bakersfield,EMLSB50     ,CCC000297783,Intro to College Composition                                        ,3,English as a Second Language - Writing-493084                                        ,Credit - Not Degree Applicable                                             ,Not transferable                                                           ,04.00,04.00,Course is a basic skills course                                            ,Non-Occupational                                                           ,One level below transfer                                                   ,"Not Applicable, Credit course                                              ",Y,Course is not a support course                                             ,Fall 2025
Kern CCD,Cerro Coso,ENGLC070    ,CCC000297806,Introductory Composition                                            ,2,English-150100                                                                       ,Credit - Degree Applicable                                                 ,Not transferable                                                           ,04.00,04.00,Course is not a basic skills course                                        ,Non-Occupational                                                           ,One level below transfer                                                   ,"Not Applicable, Credit course                                              ",Y,Course is not a support course                                             ,Fall 2025
Kern CCD,Bakersfield,ARTB17      ,CCC000298144,Black and White Photography                                         ,1,Applied Photography-101200                                                           ,Credit - Degree Applicable                                                 ,Transferable to both UC and CSU                                            ,03.00,03.00,Course is not a basic skills course                                        ,Clearly Occupational (but not advanced)                                    ,Not applicable                                                             ,"Not Applicable, Credit course                                              ",Y,Course is not a support course                                             ,Fall 2025
Kern CCD,Bakersfield,MUSCB17A    ,CCC000298383,Chamber Singers                                                     ,1,Music-100400                                                                         ,Credit - Degree Applicable                                                 ,Transferable to both UC and CSU                                            ,01.50,01.50,Course is not a basic skills course                                        ,Non-Occupational                                                           ,Not applicable                                                             ,"Not Applicable, Credit course                                              ",Y,Course is not a support course                                             ,Fall 2025
Kern CCD,Bakersfield,APPRB60-5   ,CCC000298443,Apprentice Inside Wireman 5                                         ,1,Electrical-095220                                                                    ,Credit - Degree Applicable                                                 ,Not transferable                                                           ,04.00,04.00,Course is not a basic skills course                                        ,Apprenticeship (offered to apprentices only)                               ,Not applicable                                                             ,"Not Applicable, Credit course                                              ",Y,Course is not a support course                                             ,Fall 2025
Kern CCD,Bakersfield,ENGLB5A     ,CCC000299643,Survey of English Literature                                        ,1,English-150100                                                                       ,Credit - Degree Applicable                                                 ,Transferable to both UC and CSU                                            ,03.00,03.00,Course is not a basic skills course                                        ,Non-Occupational                                                           ,Not applicable                                                             ,"Not Applicable, Credit course                                              ",Y,Course is not a support course                                             ,Fall 2025
Kern CCD,Porterville,PHYSP104A   ,CCC000299952,Physics/Scientists/Engineers                                        ,1,"Physics, General-190200                                                              ",Credit - Degree Applicable                                                 ,Transferable to both UC and CSU                                            ,04.00,04.00,Course is not a basic skills course                                        ,Non-Occupational                                                           ,Not applicable                                                             ,"Not Applicable, Credit course                                              ",Y,Course is not a support course                                             ,Fall 2025
Kern CCD,Bakersfield,ANSCB92     ,CCC000300747,Clinical Pathology/ Vet Technc                                      ,1,Veterinary Technician (Licensed)-010210                                              ,Credit - Degree Applicable                                                 ,Not transferable                                                           ,02.00,02.00,Course is not a basic skills course                                        ,Clearly Occupational (but not advanced)                                    ,Not applicable                                                             ,"Not Applicable, Credit course                                              ",Y,Course is not a support course                                             ,Fall 2025
Kern CCD,Bakersfield,AGBSB6      ,CCC000301312,Agriculture Sales/Communicatn                                       ,3,"Agriculture Business, Sales and Service-011200                                       ",Credit - Degree Applicable                                                 ,Transferable to CSU only                                                   ,03.00,03.00,Course is not a basic skills course                                        ,Clearly Occupational (but not advanced)                                    ,Not applicable                                                             ,"Not Applicable, Credit course                                              ",Y,Course is not a support course                                             ,Fall 2025
Kern CCD,Cerro Coso,HISTC131    ,CCC000301453,History of the United States to 1877                                ,8,History-220500                                                                       ,Credit - Degree Applicable                                                 ,Transferable to both UC and CSU                                            ,03.00,03.00,Course is not a basic skills course                                        ,Non-Occupational                                                           ,Not applicable                                                             ,"Not Applicable, Credit course                                              ",Y,Course is not a support course                                             ,Fall 2025
Kern CCD,Bakersfield,MATHB6D     ,CCC000302073,Ordinary Differential EquatIns                                      ,2,"Mathematics, General-170100                                                          ",Credit - Degree Applicable                                                 ,Transferable to both UC and CSU                                            ,03.00,03.00,Course is not a basic skills course                                        ,Non-Occupational                                                           ,Not applicable                                                             ,"Not Applicable, Credit course                                              ",B,Course is not a support course                                             ,Fall 2025
Kern CCD,Bakersfield,SOCIB45     ,CCC000302335,Sociology of Race and Ethnicity                                     ,6,Sociology-220800                                                                     ,Credit - Degree Applicable                                                 ,Transferable to both UC and CSU                                            ,03.00,03.00,Course is not a basic skills course                                        ,Non-Occupational                                                           ,Not applicable                                                             ,"Not Applicable, Credit course                                              ",Y,Course is not a support course                                             ,Fall 2025
Kern CCD,Cerro Coso,CHDVC241    ,CCC000303419,Curriculum and Strategies for Children with Special Needs           ,1,Children with Special Needs-130520                                                   ,Credit - Degree Applicable                                                 ,Transferable to CSU only                                                   ,03.00,03.00,Course is not a basic skills course                                        ,Clearly Occupational (but not advanced)                                    ,Not applicable                                                             ,"Not Applicable, Credit course                                              ",Y,Course is not a support course                                             ,Fall 2025
Kern CCD,Bakersfield,WTRTB52     ,CCC000303749,Basic Water Distribution                                            ,1,Water and Wastewater Technology-095800                                               ,Credit - Not Degree Applicable                                             ,Not transferable                                                           ,03.00,03.00,Course is not a basic skills course                                        ,Clearly Occupational (but not advanced)                                    ,Not applicable                                                             ,"Not Applicable, Credit course                                              ",Y,Course is not a support course                                             ,Fall 2025
Kern CCD,Bakersfield,ANSCB6      ,CCC000303856,Applied Animal Nutrition                                            ,1,Animal Science-010200                                                                ,Credit - Degree Applicable                                                 ,Transferable to CSU only                                                   ,04.00,04.00,Course is not a basic skills course                                        ,Clearly Occupational (but not advanced)                                    ,Not applicable                                                             ,"Not Applicable, Credit course                                              ",Y,Course is not a support course                                             ,Fall 2025
Kern CCD,Cerro Coso,COLLC131    ,CCC000303948,Making Transfer Easy                                                ,1,Academic Guidance-493013                                                             ,Credit - Degree Applicable                                                 ,Not transferable                                                           ,01.00,01.00,Course is not a basic skills course                                        ,Non-Occupational                                                           ,Not applicable                                                             ,"Not Applicable, Credit course                                              ",Y,Course is not a support course                                             ,Fall 2025
Kern CCD,Porterville,CGRAP111    ,CCC000303968,Digital Graphic Design                                              ,1,Computer Graphics and Digital Imagery-061460                                         ,Credit - Degree Applicable                                                 ,Transferable to both UC and CSU                                            ,03.00,03.00,Course is not a basic skills course                                        ,Advanced Occupational (not limited to apprentices)                         ,Not applicable                                                             ,"Not Applicable, Credit course                                              ",Y,Course is not a support course                                             ,Fall 2025
Kern CCD,Cerro Coso,PHILC141    ,CCC000305330,Ethics                                                              ,1,Philosophy-150900                                                                    ,Credit - Degree Applicable                                                 ,Transferable to both UC and CSU                                            ,03.00,03.00,Course is not a basic skills course                                        ,Non-Occupational                                                           ,Not applicable                                                             ,"Not Applicable, Credit course                                              ",Y,Course is not a support course                                             ,Fall 2025
Kern CCD,Bakersfield,CRIMB12     ,CCC000305972,Forensic/Scientfc Aspect/Evidn                                      ,4,Administration of Justice-210500                                                     ,Credit - Degree Applicable                                                 ,Transferable to both UC and CSU                                            ,03.00,03.00,Course is not a basic skills course                                        ,Clearly Occupational (but not advanced)                                    ,Not applicable                                                             ,"Not Applicable, Credit course                                              ",Y,Course is not a support course                                             ,Fall 2025
Kern CCD,Cerro Coso,MUSCC101    ,CCC000306687,Music Appreciation                                                  ,1,Music-100400                                                                         ,Credit - Degree Applicable                                                 ,Transferable to both UC and CSU                                            ,03.00,03.00,Course is not a basic skills course                                        ,Non-Occupational                                                           ,Not applicable                                                             ,"Not Applicable, Credit course                                              ",Y,Course is not a support course                                             ,Fall 2025
Kern CCD,Bakersfield,PHYSB4C     ,CCC000306800,Optics and Modern Physics                                           ,1,"Physics, General-190200                                                              ",Credit - Degree Applicable                                                 ,Transferable to both UC and CSU                                            ,04.00,04.00,Course is not a basic skills course                                        ,Non-Occupational                                                           ,Not applicable                                                             ,"Not Applicable, Credit course                                              ",Y,Course is not a support course                                             ,Fall 2025
Kern CCD,Bakersfield,POLSB1      ,CCC000307225,American Government and Politics                                    ,42,Political Science-220700                                                             ,Credit - Degree Applicable                                                 ,Transferable to both UC and CSU                                            ,03.00,03.00,Course is not a basic skills course                                        ,Non-Occupational                                                           ,Not applicable                                                             ,"Not Applicable, Credit course                                              ",Y,Course is not a support course                                             ,Fall 2025
Kern CCD,Cerro Coso,PHSCC101    ,CCC000307466,General Earth Sciences Lecture                                      ,3,Earth Science-193000                                                                 ,Credit - Degree Applicable                                                 ,Transferable to both UC and CSU                                            ,03.00,03.00,Course is not a basic skills course                                        ,Non-Occupational                                                           ,Not applicable                                                             ,"Not Applicable, Credit course                                              ",Y,Course is not a support course                                             ,Fall 2025
Kern CCD,Bakersfield,BIOLB32     ,CCC000307892,Human Anatomy and Physiology I                                      ,33,Anatomy and Physiology-041000                                                        ,Credit - Degree Applicable                                                 ,Transferable to both UC and CSU                                            ,04.00,04.00,Course is not a basic skills course                                        ,Non-Occupational                                                           ,Not applicable                                                             ,"Not Applicable, Credit course                                              ",Y,Course is not a support course                                             ,Fall 2025
Kern CCD,Bakersfield,APPRB60-2   ,CCC000308259,Apprentice Inside Wireman 2                                         ,1,Electrical-095220                                                                    ,Credit - Degree Applicable                                                 ,Not transferable                                                           ,04.00,04.00,Course is not a basic skills course                                        ,Apprenticeship (offered to apprentices only)                               ,Not applicable                                                             ,"Not Applicable, Credit course                                              ",Y,Course is not a support course                                             ,Fall 2025
Kern CCD,Cerro Coso,CHDVC102    ,CCC000309852,Introduction to Materials and Curriculum                            ,4,Child Development/Early Care and Education-130500                                    ,Credit - Degree Applicable                                                 ,Transferable to CSU only                                                   ,03.00,03.00,Course is not a basic skills course                                        ,Clearly Occupational (but not advanced)                                    ,Not applicable                                                             ,"Not Applicable, Credit course                                              ",Y,Course is not a support course                                             ,Fall 2025
Kern CCD,Porterville,GEOGP113    ,CCC000310768,Cultural Geography                                                  ,1,Geography-220600                                                                     ,Credit - Degree Applicable                                                 ,Transferable to both UC and CSU                                            ,03.00,03.00,Course is not a basic skills course                                        ,Non-Occupational                                                           ,Not applicable                                                             ,"Not Applicable, Credit course                                              ",Y,Course is not a support course                                             ,Fall 2025
Kern CCD,Porterville,CHDVP144    ,CCC000311221,Introduction to Curriculum                                          ,3,Child Development/Early Care and Education-130500                                    ,Credit - Degree Applicable                                                 ,Transferable to both UC and CSU                                            ,03.00,03.00,Course is not a basic skills course                                        ,Clearly Occupational (but not advanced)                                    ,Not applicable                                                             ,"Not Applicable, Credit course                                              ",Y,Course is not a support course                                             ,Fall 2025
Kern CCD,Bakersfield,FDSVB52     ,CCC000311552,Foodservice Sanitation &Safety                                      ,4,"Nutrition, Foods, and Culinary Arts-130600                                           ",Credit - Degree Applicable                                                 ,Not transferable                                                           ,02.00,02.00,Course is not a basic skills course                                        ,Clearly Occupational (but not advanced)                                    ,Not applicable                                                             ,"Not Applicable, Credit course                                              ",Y,Course is not a support course                                             ,Fall 2025
Kern CCD,Porterville,ARTP101     ,CCC000311641,Art Studio Fundamentals                                             ,20,"Fine Arts, General-100100                                                            ",Credit - Degree Applicable                                                 ,Transferable to both UC and CSU                                            ,03.00,03.00,Course is not a basic skills course                                        ,Non-Occupational                                                           ,Not applicable                                                             ,"Not Applicable, Credit course                                              ",Y,Course is not a support course                                             ,Fall 2025
Kern CCD,Cerro Coso,ADMJC115    ,CCC000311980,Legal Aspects of Evidence                                           ,1,Administration of Justice-210500                                                     ,Credit - Degree Applicable                                                 ,Transferable to CSU only                                                   ,03.00,03.00,Course is not a basic skills course                                        ,Clearly Occupational (but not advanced)                                    ,Not applicable                                                             ,"Not Applicable, Credit course                                              ",Y,Course is not a support course                                             ,Fall 2025
Kern CCD,Cerro Coso,CHDVC121    ,CCC000313006,"Health, Safety, and Nutrition                                       ",4,Child Development/Early Care and Education-130500                                    ,Credit - Degree Applicable                                                 ,Transferable to CSU only                                                   ,03.00,03.00,Course is not a basic skills course                                        ,Clearly Occupational (but not advanced)                                    ,Not applicable                                                             ,"Not Applicable, Credit course                                              ",Y,Course is not a support course                                             ,Fall 2025
Kern CCD,Cerro Coso,MATHC131    ,CCC000313087,Basic Functions and Calculus for Business                           ,1,"Mathematics, General-170100                                                          ",Credit - Degree Applicable                                                 ,Transferable to both UC and CSU                                            ,04.00,04.00,Course is not a basic skills course                                        ,Non-Occupational                                                           ,Not applicable                                                             ,"Not Applicable, Credit course                                              ",B,Course is not a support course                                             ,Fall 2025
Kern CCD,Bakersfield,ECONB1      ,CCC000313331,Principles of Economics-Micro                                       ,17,Economics-220400                                                                     ,Credit - Degree Applicable                                                 ,Transferable to both UC and CSU                                            ,03.00,03.00,Course is not a basic skills course                                        ,Non-Occupational                                                           ,Not applicable                                                             ,"Not Applicable, Credit course                                              ",Y,Course is not a support course                                             ,Fall 2025
Kern CCD,Porterville,PHILP107    ,CCC000313844,Introduction to Logic                                               ,2,Philosophy-150900                                                                    ,Credit - Degree Applicable                                                 ,Transferable to both UC and CSU                                            ,03.00,03.00,Course is not a basic skills course                                        ,Non-Occupational                                                           ,Not applicable                                                             ,"Not Applicable, Credit course                                              ",A,Course is not a support course                                             ,Fall 2025
Kern CCD,Bakersfield,RADTB12     ,CCC000314097,Radiobiology/Radiation Protect                                      ,1,Radiologic Technology-122500                                                         ,Credit - Degree Applicable                                                 ,Transferable to CSU only                                                   ,02.00,02.00,Course is not a basic skills course                                        ,Clearly Occupational (but not advanced)                                    ,Not applicable                                                             ,"Not Applicable, Credit course                                              ",Y,Course is not a support course                                             ,Fall 2025
Kern CCD,Bakersfield,MUSCB6D     ,CCC000314105,Class Voice IV                                                      ,1,Music-100400                                                                         ,Credit - Degree Applicable                                                 ,Transferable to both UC and CSU                                            ,01.00,01.00,Course is not a basic skills course                                        ,Non-Occupational                                                           ,Not applicable                                                             ,"Not Applicable, Credit course                                              ",Y,Course is not a support course                                             ,Fall 2025
Kern CCD,Porterville,BSADP120    ,CCC000314365,Prin/Management/Organization                                        ,1,Business Management-050600                                                           ,Credit - Degree Applicable                                                 ,Transferable to CSU only                                                   ,03.00,03.00,Course is not a basic skills course                                        ,Clearly Occupational (but not advanced)                                    ,Not applicable                                                             ,"Not Applicable, Credit course                                              ",Y,Course is not a support course                                             ,Fall 2025
Kern CCD,Cerro Coso,BSADC131    ,CCC000315021,Business Law                                                        ,2,"Business and Commerce, General-050100                                                ",Credit - Degree Applicable                                                 ,Transferable to both UC and CSU                                            ,03.00,03.00,Course is not a basic skills course                                        ,Clearly Occupational (but not advanced)                                    ,Not applicable                                                             ,"Not Applicable, Credit course                                              ",Y,Course is not a support course                                             ,Fall 2025
Kern CCD,Porterville,PHILP112    ,CCC000315025,The Ethics of Living & Dying                                        ,2,Philosophy-150900                                                                    ,Credit - Degree Applicable                                                 ,Transferable to both UC and CSU                                            ,03.00,03.00,Course is not a basic skills course                                        ,Non-Occupational                                                           ,Not applicable                                                             ,"Not Applicable, Credit course                                              ",Y,Course is not a support course                                             ,Fall 2025
Kern CCD,Bakersfield,ASLB7       ,CCC000315182,American Sign Language Literat                                      ,1,Sign Language-085000                                                                 ,Credit - Degree Applicable                                                 ,Transferable to both UC and CSU                                            ,03.00,03.00,Course is not a basic skills course                                        ,Non-Occupational                                                           ,Not applicable                                                             ,"Not Applicable, Credit course                                              ",Y,Course is not a support course                                             ,Fall 2025
Kern CCD,Cerro Coso,BSADC110    ,CCC000315560,Intro to Personal Finance                                           ,3,"Business and Commerce, General-050100                                                ",Credit - Degree Applicable                                                 ,Transferable to CSU only                                                   ,03.00,03.00,Course is not a basic skills course                                        ,Clearly Occupational (but not advanced)                                    ,Not applicable                                                             ,"Not Applicable, Credit course                                              ",Y,Course is not a support course                                             ,Fall 2025
Kern CCD,Bakersfield,MUSCB6C     ,CCC000315933,Class Voice III                                                     ,1,Music-100400                                                                         ,Credit - Degree Applicable                                                 ,Transferable to both UC and CSU                                            ,01.00,01.00,Course is not a basic skills course                                        ,Non-Occupational                                                           ,Not applicable                                                             ,"Not Applicable, Credit course                                              ",Y,Course is not a support course                                             ,Fall 2025
Kern CCD,Cerro Coso,MATHC141    ,CCC000316010,Precalculus: Algebra                                                ,10,"Mathematics, General-170100                                                          ",Credit - Degree Applicable                                                 ,Transferable to both UC and CSU                                            ,04.00,04.00,Course is not a basic skills course                                        ,Non-Occupational                                                           ,Not applicable                                                             ,"Not Applicable, Credit course                                              ",B,Course is not a support course                                             ,Fall 2025
Kern CCD,Bakersfield,PHYSB4B     ,CCC000316142,"Heat, Electricity, Magnetism                                        ",4,"Physics, General-190200                                                              ",Credit - Degree Applicable                                                 ,Transferable to both UC and CSU                                            ,04.00,04.00,Course is not a basic skills course                                        ,Non-Occupational                                                           ,Not applicable                                                             ,"Not Applicable, Credit course                                              ",Y,Course is not a support course                                             ,Fall 2025
Kern CCD,Cerro Coso,POLSC101H   ,CCC000317278,American Government and Politics Honors                             ,1,Political Science-220700                                                             ,Credit - Degree Applicable                                                 ,Transferable to both UC and CSU                                            ,04.00,04.00,Course is not a basic skills course                                        ,Non-Occupational                                                           ,Not applicable                                                             ,"Not Applicable, Credit course                                              ",Y,Course is not a support course                                             ,Fall 2025
Kern CCD,Bakersfield,CRIMB5      ,CCC000317579,Community Relations                                                 ,8,Administration of Justice-210500                                                     ,Credit - Degree Applicable                                                 ,Transferable to both UC and CSU                                            ,03.00,03.00,Course is not a basic skills course                                        ,Clearly Occupational (but not advanced)                                    ,Not applicable                                                             ,"Not Applicable, Credit course                                              ",Y,Course is not a support course                                             ,Fall 2025
Kern CCD,Bakersfield,BIOLB11     ,CCC000318080,Concepts of Biology                                                 ,9,"Biology, General-040100                                                              ",Credit - Degree Applicable                                                 ,Transferable to both UC and CSU                                            ,04.00,04.00,Course is not a basic skills course                                        ,Non-Occupational                                                           ,Not applicable                                                             ,"Not Applicable, Credit course                                              ",Y,Course is not a support course                                             ,Fall 2025
Kern CCD,Bakersfield,HISTB17A    ,CCC000318188,United States History to 1877                                       ,68,History-220500                                                                       ,Credit - Degree Applicable                                                 ,Transferable to both UC and CSU                                            ,03.00,03.00,Course is not a basic skills course                                        ,Non-Occupational                                                           ,Not applicable                                                             ,"Not Applicable, Credit course                                              ",Y,Course is not a support course                                             ,Fall 2025
Kern CCD,Cerro Coso,ARTC121     ,CCC000318211,Drawing I                                                           ,4,Painting and Drawing-100210                                                          ,Credit - Degree Applicable                                                 ,Transferable to both UC and CSU                                            ,03.00,03.00,Course is not a basic skills course                                        ,Non-Occupational                                                           ,Not applicable                                                             ,"Not Applicable, Credit course                                              ",Y,Course is not a support course                                             ,Fall 2025
Kern CCD,Cerro Coso,PSYCC101H   ,CCC000318321,Introduction to Psychology Honors                                   ,1,"Psychology, General-200100                                                           ",Credit - Degree Applicable                                                 ,Transferable to both UC and CSU                                            ,04.00,04.00,Course is not a basic skills course                                        ,Non-Occupational                                                           ,Not applicable                                                             ,"Not Applicable, Credit course                                              ",Y,Course is not a support course                                             ,Fall 2025
Kern CCD,Bakersfield,WELDB53B    ,CCC000318632,Shielded Metal Arc Welding 2                                        ,4,Welding Technology-095650                                                            ,Credit - Degree Applicable                                                 ,Not transferable                                                           ,02.00,02.00,Course is not a basic skills course                                        ,Clearly Occupational (but not advanced)                                    ,Not applicable                                                             ,"Not Applicable, Credit course                                              ",Y,Course is not a support course                                             ,Fall 2025
Kern CCD,Bakersfield,THEAB20     ,CCC000318866,Introduction to Theatre                                             ,5,Dramatic Arts-100700                                                                 ,Credit - Degree Applicable                                                 ,Transferable to both UC and CSU                                            ,03.00,03.00,Course is not a basic skills course                                        ,Non-Occupational                                                           ,Not applicable                                                             ,"Not Applicable, Credit course                                              ",Y,Course is not a support course                                             ,Fall 2025
Kern CCD,Porterville,ANTHP105    ,CCC000319404,Native Cultures of No. America                                      ,4,Anthropology-220200                                                                  ,Credit - Degree Applicable                                                 ,Transferable to both UC and CSU                                            ,03.00,03.00,Course is not a basic skills course                                        ,Non-Occupational                                                           ,Not applicable                                                             ,"Not Applicable, Credit course                                              ",Y,Course is not a support course                                             ,Fall 2025
Kern CCD,Porterville,ADMJP106    ,CCC000320109,Legal Aspects of Evidence                                           ,1,Administration of Justice-210500                                                     ,Credit - Degree Applicable                                                 ,Transferable to both UC and CSU                                            ,03.00,03.00,Course is not a basic skills course                                        ,Clearly Occupational (but not advanced)                                    ,Not applicable                                                             ,"Not Applicable, Credit course                                              ",Y,Course is not a support course                                             ,Fall 2025
Kern CCD,Bakersfield,APPRB60-6   ,CCC000321216,Apprentice Inside Wireman 6                                         ,1,Electrical-095220                                                                    ,Credit - Degree Applicable                                                 ,Not transferable                                                           ,04.00,04.00,Course is not a basic skills course                                        ,Apprenticeship (offered to apprentices only)                               ,Not applicable                                                             ,"Not Applicable, Credit course                                              ",Y,Course is not a support course                                             ,Fall 2025
Kern CCD,Bakersfield,PSYCB1A     ,CCC000321241,Introduction to Psychology                                          ,56,"Psychology, General-200100                                                           ",Credit - Degree Applicable                                                 ,Transferable to both UC and CSU                                            ,03.00,03.00,Course is not a basic skills course                                        ,Non-Occupational                                                           ,Not applicable                                                             ,"Not Applicable, Credit course                                              ",Y,Course is not a support course                                             ,Fall 2025
Kern CCD,Bakersfield,CHDVB34     ,CCC000321485,Care of Infants/Tddlrs w/Disab                                      ,1,Children with Special Needs-130520                                                   ,Credit - Degree Applicable                                                 ,Transferable to CSU only                                                   ,03.00,03.00,Course is not a basic skills course                                        ,Clearly Occupational (but not advanced)                                    ,Not applicable                                                             ,"Not Applicable, Credit course                                              ",Y,Course is not a support course                                             ,Fall 2025
Kern CCD,Bakersfield,ARCHB55     ,CCC000321658,Residential Building Codes                                          ,1,Architecture and Architectural Technology-020100                                     ,Credit - Degree Applicable                                                 ,Not transferable                                                           ,03.00,03.00,Course is not a basic skills course                                        ,Clearly Occupational (but not advanced)                                    ,Not applicable                                                             ,"Not Applicable, Credit course                                              ",Y,Course is not a support course                                             ,Fall 2025
Kern CCD,Bakersfield,PHYSB2A     ,CCC000321792,General Physics-Mec and Heat                                        ,3,"Physics, General-190200                                                              ",Credit - Degree Applicable                                                 ,Transferable to both UC and CSU                                            ,04.00,04.00,Course is not a basic skills course                                        ,Non-Occupational                                                           ,Not applicable                                                             ,"Not Applicable, Credit course                                              ",Y,Course is not a support course                                             ,Fall 2025
Kern CCD,Bakersfield,MUSCB13A    ,CCC000322214,Jazz Ensemble                                                       ,1,Music-100400                                                                         ,Credit - Degree Applicable                                                 ,Transferable to both UC and CSU                                            ,01.00,01.00,Course is not a basic skills course                                        ,Non-Occupational                                                           ,Not applicable                                                             ,"Not Applicable, Credit course                                              ",Y,Course is not a support course                                             ,Fall 2025
Kern CCD,Porterville,PHYSP104B   ,CCC000322841,Physics/Scientists/Engineers                                        ,1,"Physics, General-190200                                                              ",Credit - Degree Applicable                                                 ,Transferable to both UC and CSU                                            ,04.00,04.00,Course is not a basic skills course                                        ,Non-Occupational                                                           ,Not applicable                                                             ,"Not Applicable, Credit course                                              ",Y,Course is not a support course                                             ,Fall 2025
Kern CCD,Bakersfield,FDSVB55A    ,CCC000323043,Food Service Productn Theory I                                      ,2,Culinary Arts-130630                                                                 ,Credit - Degree Applicable                                                 ,Not transferable                                                           ,02.50,02.50,Course is not a basic skills course                                        ,Clearly Occupational (but not advanced)                                    ,Not applicable                                                             ,"Not Applicable, Credit course                                              ",Y,Course is not a support course                                             ,Fall 2025
Kern CCD,Cerro Coso,MATHC142    ,CCC000323321,Precalculus: Trigonometry                                           ,1,"Mathematics, General-170100                                                          ",Credit - Degree Applicable                                                 ,Transferable to CSU only                                                   ,04.00,04.00,Course is not a basic skills course                                        ,Non-Occupational                                                           ,Not applicable                                                             ,"Not Applicable, Credit course                                              ",B,Course is not a support course                                             ,Fall 2025
Kern CCD,Bakersfield,ARTB11      ,CCC000323807,Ceramics II                                                         ,1,Ceramics-100230                                                                      ,Credit - Degree Applicable                                                 ,Transferable to both UC and CSU                                            ,03.00,03.00,Course is not a basic skills course                                        ,Non-Occupational                                                           ,Not applicable                                                             ,"Not Applicable, Credit course                                              ",Y,Course is not a support course                                             ,Fall 2025
Kern CCD,Bakersfield,HISTB36     ,CCC000324318,Histry/Native American Indians                                      ,12,History-220500                                                                       ,Credit - Degree Applicable                                                 ,Transferable to both UC and CSU                                            ,03.00,03.00,Course is not a basic skills course                                        ,Non-Occupational                                                           ,Not applicable                                                             ,"Not Applicable, Credit course                                              ",Y,Course is not a support course                                             ,Fall 2025
Kern CCD,Porterville,GEOGP114    ,CCC000324629,Physical Geography                                                  ,1,Geography-220600                                                                     ,Credit - Degree Applicable                                                 ,Transferable to both UC and CSU                                            ,03.00,03.00,Course is not a basic skills course                                        ,Non-Occupational                                                           ,Not applicable                                                             ,"Not Applicable, Credit course                                              ",Y,Course is not a support course                                             ,Fall 2025
Kern CCD,Bakersfield,GEOGB1      ,CCC000325328,Physical Elements of Geography                                      ,3,Geography-220600                                                                     ,Credit - Degree Applicable                                                 ,Transferable to both UC and CSU                                            ,03.00,03.00,Course is not a basic skills course                                        ,Non-Occupational                                                           ,Not applicable                                                             ,"Not Applicable, Credit course                                              ",Y,Course is not a support course                                             ,Fall 2025
Kern CCD,Cerro Coso,ITC101      ,CCC000326121,Introduction to Computer Infor                                      ,4,Computer Information Systems-070200                                                  ,Credit - Degree Applicable                                                 ,Transferable to both UC and CSU                                            ,03.00,03.00,Course is not a basic skills course                                        ,Possibly Occupational                                                      ,Not applicable                                                             ,"Not Applicable, Credit course                                              ",Y,Course is not a support course                                             ,Fall 2025
Kern CCD,Bakersfield,ARCHB16     ,CCC000326283,Digital Tools/Graphics Comm                                         ,1,Architecture and Architectural Technology-020100                                     ,Credit - Degree Applicable                                                 ,Transferable to CSU only                                                   ,03.00,03.00,Course is not a basic skills course                                        ,Clearly Occupational (but not advanced)                                    ,Not applicable                                                             ,"Not Applicable, Credit course                                              ",Y,Course is not a support course                                             ,Fall 2025
Kern CCD,Cerro Coso,CHDVC105    ,CCC000326901,Infant and Toddler Development                                      ,1,Child Development/Early Care and Education-130500                                    ,Credit - Degree Applicable                                                 ,Transferable to both UC and CSU                                            ,03.00,03.00,Course is not a basic skills course                                        ,Clearly Occupational (but not advanced)                                    ,Not applicable                                                             ,"Not Applicable, Credit course                                              ",Y,Course is not a support course                                             ,Fall 2025
Kern CCD,Cerro Coso,BIOLC251    ,CCC000326972,Human Anatomy                                                       ,2,Anatomy and Physiology-041000                                                        ,Credit - Degree Applicable                                                 ,Transferable to both UC and CSU                                            ,04.00,04.00,Course is not a basic skills course                                        ,Non-Occupational                                                           ,Not applicable                                                             ,"Not Applicable, Credit course                                              ",Y,Course is not a support course                                             ,Fall 2025
Kern CCD,Porterville,ECONP101    ,CCC000327175, Principles of Microeconomics                                       ,6,Economics-220400                                                                     ,Credit - Degree Applicable                                                 ,Transferable to both UC and CSU                                            ,03.00,03.00,Course is not a basic skills course                                        ,Non-Occupational                                                           ,Not applicable                                                             ,"Not Applicable, Credit course                                              ",Y,Course is not a support course                                             ,Fall 2025
Kern CCD,Bakersfield,MUSCB9A     ,CCC000327477,Beginning Class Guitar                                              ,1,Music-100400                                                                         ,Credit - Degree Applicable                                                 ,Transferable to both UC and CSU                                            ,01.00,01.00,Course is not a basic skills course                                        ,Non-Occupational                                                           ,Not applicable                                                             ,"Not Applicable, Credit course                                              ",Y,Course is not a support course                                             ,Fall 2025
Kern CCD,Bakersfield,BIOLB18     ,CCC000327709,"Essentials/Hum Anat,Physiology                                      ",3,Anatomy and Physiology-041000                                                        ,Credit - Degree Applicable                                                 ,Transferable to both UC and CSU                                            ,04.00,04.00,Course is not a basic skills course                                        ,Non-Occupational                                                           ,Not applicable                                                             ,"Not Applicable, Credit course                                              ",Y,Course is not a support course                                             ,Fall 2025
Kern CCD,Porterville,SOCIP102    ,CCC000328388,Social Problems                                                     ,2,Sociology-220800                                                                     ,Credit - Degree Applicable                                                 ,Transferable to both UC and CSU                                            ,03.00,03.00,Course is not a basic skills course                                        ,Non-Occupational                                                           ,Not applicable                                                             ,"Not Applicable, Credit course                                              ",Y,Course is not a support course                                             ,Fall 2025
Kern CCD,Bakersfield,GEOLB10L    ,CCC000328391,Intro to Geology Laboratory                                         ,3,Geology-191400                                                                       ,Credit - Degree Applicable                                                 ,Transferable to both UC and CSU                                            ,01.00,01.00,Course is not a basic skills course                                        ,Non-Occupational                                                           ,Not applicable                                                             ,"Not Applicable, Credit course                                              ",Y,Course is not a support course                                             ,Fall 2025
Kern CCD,Bakersfield,CRIMB1      ,CCC000329056,Intro Criminal Justice                                              ,21,Administration of Justice-210500                                                     ,Credit - Degree Applicable                                                 ,Transferable to both UC and CSU                                            ,03.00,03.00,Course is not a basic skills course                                        ,Clearly Occupational (but not advanced)                                    ,Not applicable                                                             ,"Not Applicable, Credit course                                              ",Y,Course is not a support course                                             ,Fall 2025
Kern CCD,Bakersfield,MUSCB2      ,CCC000329551,Basic Elements of Music                                             ,6,Music-100400                                                                         ,Credit - Degree Applicable                                                 ,Transferable to both UC and CSU                                            ,03.00,03.00,Course is not a basic skills course                                        ,Non-Occupational                                                           ,Not applicable                                                             ,"Not Applicable, Credit course                                              ",Y,Course is not a support course                                             ,Fall 2025
Kern CCD,Bakersfield,PHILB6A     ,CCC000329894,Introduction to Philosophy                                          ,6,Philosophy-150900                                                                    ,Credit - Degree Applicable                                                 ,Transferable to both UC and CSU                                            ,03.00,03.00,Course is not a basic skills course                                        ,Non-Occupational                                                           ,Not applicable                                                             ,"Not Applicable, Credit course                                              ",Y,Course is not a support course                                             ,Fall 2025
Kern CCD,Bakersfield,CHDVB45A    ,CCC000330023,Admin/Programs/Child:Bus Proc                                       ,1,Child Development Administration and Management-130580                               ,Credit - Degree Applicable                                                 ,Transferable to CSU only                                                   ,03.00,03.00,Course is not a basic skills course                                        ,Advanced Occupational (not limited to apprentices)                         ,Not applicable                                                             ,"Not Applicable, Credit course                                              ",Y,Course is not a support course                                             ,Fall 2025
Kern CCD,Bakersfield,PSYCB40     ,CCC000330038,Intro to Lifespan Psychology                                        ,10,"Psychology, General-200100                                                           ",Credit - Degree Applicable                                                 ,Transferable to both UC and CSU                                            ,03.00,03.00,Course is not a basic skills course                                        ,Non-Occupational                                                           ,Not applicable                                                             ,"Not Applicable, Credit course                                              ",Y,Course is not a support course                                             ,Fall 2025
Kern CCD,Bakersfield,SPANB4      ,CCC000330302,Intermediate Spanish II                                             ,2,Spanish-110500                                                                       ,Credit - Degree Applicable                                                 ,Transferable to both UC and CSU                                            ,04.00,04.00,Course is not a basic skills course                                        ,Non-Occupational                                                           ,Not applicable                                                             ,"Not Applicable, Credit course                                              ",Y,Course is not a support course                                             ,Fall 2025
Kern CCD,Bakersfield,ARCHB11     ,CCC000330884,Design/Perspective Drawing                                          ,2,Architecture and Architectural Technology-020100                                     ,Credit - Degree Applicable                                                 ,Transferable to both UC and CSU                                            ,04.00,04.00,Course is not a basic skills course                                        ,Clearly Occupational (but not advanced)                                    ,Not applicable                                                             ,"Not Applicable, Credit course                                              ",Y,Course is not a support course                                             ,Fall 2025
Kern CCD,Porterville,HISTP121    ,CCC000330916,History of East Asia                                                ,1,History-220500                                                                       ,Credit - Degree Applicable                                                 ,Transferable to both UC and CSU                                            ,03.00,03.00,Course is not a basic skills course                                        ,Non-Occupational                                                           ,Not applicable                                                             ,"Not Applicable, Credit course                                              ",Y,Course is not a support course                                             ,Fall 2025
Kern CCD,Cerro Coso,ARTC240     ,CCC000330926,Ceramics II                                                         ,3,Ceramics-100230                                                                      ,Credit - Degree Applicable                                                 ,Transferable to both UC and CSU                                            ,03.00,03.00,Course is not a basic skills course                                        ,Non-Occupational                                                           ,Not applicable                                                             ,"Not Applicable, Credit course                                              ",Y,Course is not a support course                                             ,Fall 2025
Kern CCD,Bakersfield,ACDVB70A    ,CCC000331169,Time Mngmt for Academc Success                                      ,1,Study Skills-493014                                                                  ,Credit - Not Degree Applicable                                             ,Not transferable                                                           ,00.50,00.50,Course is a basic skills course                                            ,Non-Occupational                                                           ,Not applicable                                                             ,"Not Applicable, Credit course                                              ",Y,Course is not a support course                                             ,Fall 2025
Kern CCD,Bakersfield,FDSVB55B    ,CCC000331476,Food Servc Productn Theory II                                       ,1,Culinary Arts-130630                                                                 ,Credit - Degree Applicable                                                 ,Not transferable                                                           ,02.50,02.50,Course is not a basic skills course                                        ,Clearly Occupational (but not advanced)                                    ,Not applicable                                                             ,"Not Applicable, Credit course                                              ",Y,Course is not a support course                                             ,Fall 2025
Kern CCD,Bakersfield,FIREB1      ,CCC000331697,Fire Protection Organization                                        ,5,Fire Technology-213300                                                               ,Credit - Degree Applicable                                                 ,Transferable to CSU only                                                   ,03.00,03.00,Course is not a basic skills course                                        ,Clearly Occupational (but not advanced)                                    ,Not applicable                                                             ,"Not Applicable, Credit course                                              ",Y,Course is not a support course                                             ,Fall 2025
Kern CCD,Porterville,ADMJP111    ,CCC000331739,Intro Behavrl/Correctionl Sci                                       ,1,Administration of Justice-210500                                                     ,Credit - Degree Applicable                                                 ,Transferable to both UC and CSU                                            ,03.00,03.00,Course is not a basic skills course                                        ,Clearly Occupational (but not advanced)                                    ,Not applicable                                                             ,"Not Applicable, Credit course                                              ",Y,Course is not a support course                                             ,Fall 2025
Kern CCD,Bakersfield,CRIMB8      ,CCC000331840,Criminal Investigation                                              ,6,Administration of Justice-210500                                                     ,Credit - Degree Applicable                                                 ,Transferable to both UC and CSU                                            ,03.00,03.00,Course is not a basic skills course                                        ,Clearly Occupational (but not advanced)                                    ,Not applicable                                                             ,"Not Applicable, Credit course                                              ",Y,Course is not a support course                                             ,Fall 2025
Kern CCD,Porterville,CHDVP143    ,CCC000332105,Practicum/Field Experience                                          ,1,Preshool Age Children-130540                                                         ,Credit - Degree Applicable                                                 ,Transferable to CSU only                                                   ,03.00,03.00,Course is not a basic skills course                                        ,Clearly Occupational (but not advanced)                                    ,Not applicable                                                             ,"Not Applicable, Credit course                                              ",Y,Course is not a support course                                             ,Fall 2025
Kern CCD,Porterville,WELDP116    ,CCC000332213,Arc and Gas Welding                                                 ,2,Welding Technology-095650                                                            ,Credit - Degree Applicable                                                 ,Transferable to CSU only                                                   ,03.00,03.00,Course is not a basic skills course                                        ,Clearly Occupational (but not advanced)                                    ,Not applicable                                                             ,"Not Applicable, Credit course                                              ",Y,Course is not a support course                                             ,Fall 2025
Kern CCD,Bakersfield,BSADB5      ,CCC000332371,Human Relations/People Skills                                       ,3,Business Management-050600                                                           ,Credit - Degree Applicable                                                 ,Transferable to CSU only                                                   ,03.00,03.00,Course is not a basic skills course                                        ,Clearly Occupational (but not advanced)                                    ,Not applicable                                                             ,"Not Applicable, Credit course                                              ",Y,Course is not a support course                                             ,Fall 2025
Kern CCD,Bakersfield,BSADB51     ,CCC000332418,Business Mathematics                                                ,4,"Business and Commerce, General-050100                                                ",Credit - Degree Applicable                                                 ,Not transferable                                                           ,03.00,03.00,Course is not a basic skills course                                        ,Clearly Occupational (but not advanced)                                    ,Not applicable                                                             ,"Not Applicable, Credit course                                              ",Y,Course is not a support course                                             ,Fall 2025
Kern CCD,Bakersfield,ASTRB1      ,CCC000333325,Science of the Cosmos                                               ,2,Astronomy-191100                                                                     ,Credit - Degree Applicable                                                 ,Transferable to both UC and CSU                                            ,03.00,03.00,Course is not a basic skills course                                        ,Non-Occupational                                                           ,Not applicable                                                             ,"Not Applicable, Credit course                                              ",Y,Course is not a support course                                             ,Fall 2025
Kern CCD,Porterville,ADMJP108    ,CCC000333429,Principles of Investigation                                         ,1,Administration of Justice-210500                                                     ,Credit - Degree Applicable                                                 ,Transferable to both UC and CSU                                            ,03.00,03.00,Course is not a basic skills course                                        ,Clearly Occupational (but not advanced)                                    ,Not applicable                                                             ,"Not Applicable, Credit course                                              ",Y,Course is not a support course                                             ,Fall 2025
Kern CCD,Bakersfield,WELDB55D    ,CCC000333526,ASME Pipe Certification                                             ,1,Welding Technology-095650                                                            ,Credit - Degree Applicable                                                 ,Not transferable                                                           ,02.00,02.00,Course is not a basic skills course                                        ,Advanced Occupational (not limited to apprentices)                         ,Not applicable                                                             ,"Not Applicable, Credit course                                              ",Y,Course is not a support course                                             ,Fall 2025
Kern CCD,Cerro Coso,ARTC101     ,CCC000334069,Introduction to Art                                                 ,5,"Fine Arts, General-100100                                                            ",Credit - Degree Applicable                                                 ,Transferable to both UC and CSU                                            ,03.00,03.00,Course is not a basic skills course                                        ,Non-Occupational                                                           ,Not applicable                                                             ,"Not Applicable, Credit course                                              ",Y,Course is not a support course                                             ,Fall 2025
Kern CCD,Cerro Coso,DMAC107     ,CCC000334514,Computer Illustration                                               ,1,Computer Graphics and Digital Imagery-061460                                         ,Credit - Degree Applicable                                                 ,Transferable to CSU only                                                   ,03.00,03.00,Course is not a basic skills course                                        ,Clearly Occupational (but not advanced)                                    ,Not applicable                                                             ,"Not Applicable, Credit course                                              ",Y,Course is not a support course                                             ,Fall 2025
Kern CCD,Cerro Coso,STATC121    ,CCC000334672,Introduction to Statistics                                          ,10,"Mathematics, General-170100                                                          ",Credit - Degree Applicable                                                 ,Transferable to both UC and CSU                                            ,04.00,04.00,Course is not a basic skills course                                        ,Non-Occupational                                                           ,Not applicable                                                             ,"Not Applicable, Credit course                                              ",B,Course is not a support course                                             ,Fall 2025
Kern CCD,Bakersfield,CRPSB4      ,CCC000334887,Vegetable Production                                                ,2,Plant Science-010300                                                                 ,Credit - Degree Applicable                                                 ,Transferable to both UC and CSU                                            ,03.00,03.00,Course is not a basic skills course                                        ,Clearly Occupational (but not advanced)                                    ,Not applicable                                                             ,"Not Applicable, Credit course                                              ",Y,Course is not a support course                                             ,Fall 2025
Kern CCD,Bakersfield,ANTHB1      ,CCC000335062,Physical Anthropology                                               ,20,Anthropology-220200                                                                  ,Credit - Degree Applicable                                                 ,Transferable to both UC and CSU                                            ,03.00,03.00,Course is not a basic skills course                                        ,Non-Occupational                                                           ,Not applicable                                                             ,"Not Applicable, Credit course                                              ",Y,Course is not a support course                                             ,Fall 2025
Kern CCD,Bakersfield,ENGLB10     ,CCC000335076,Introduction to Shakespeare                                         ,1,Classics-150400                                                                      ,Credit - Degree Applicable                                                 ,Transferable to both UC and CSU                                            ,03.00,03.00,Course is not a basic skills course                                        ,Non-Occupational                                                           ,Not applicable                                                             ,"Not Applicable, Credit course                                              ",Y,Course is not a support course                                             ,Fall 2025
Kern CCD,Bakersfield,MATHB6B     ,CCC000335223,Analytic Geometry/Calculus II                                       ,7,"Mathematics, General-170100                                                          ",Credit - Degree Applicable                                                 ,Transferable to both UC and CSU                                            ,04.00,04.00,Course is not a basic skills course                                        ,Non-Occupational                                                           ,Not applicable                                                             ,"Not Applicable, Credit course                                              ",B,Course is not a support course                                             ,Fall 2025
Kern CCD,Porterville,COMMP102    ,CCC000335538,Interpersonal Communication                                         ,5,Speech Communication-150600                                                          ,Credit - Degree Applicable                                                 ,Transferable to both UC and CSU                                            ,03.00,03.00,Course is not a basic skills course                                        ,Non-Occupational                                                           ,Not applicable                                                             ,"Not Applicable, Credit course                                              ",Y,Course is not a support course                                             ,Fall 2025
Kern CCD,Bakersfield,THEAB1      ,CCC000335708,Introduction to Acting                                              ,3,Dramatic Arts-100700                                                                 ,Credit - Degree Applicable                                                 ,Transferable to both UC and CSU                                            ,03.00,03.00,Course is not a basic skills course                                        ,Non-Occupational                                                           ,Not applicable                                                             ,"Not Applicable, Credit course                                              ",Y,Course is not a support course                                             ,Fall 2025
Kern CCD,Bakersfield,ENGRB17L    ,CCC000335811,Electric Circuit Laboratory                                         ,1,"Engineering, General (requires Calculus) (Transfer)-090100                           ",Credit - Degree Applicable                                                 ,Transferable to both UC and CSU                                            ,01.00,01.00,Course is not a basic skills course                                        ,Non-Occupational                                                           ,Not applicable                                                             ,"Not Applicable, Credit course                                              ",Y,Course is not a support course                                             ,Fall 2025
Kern CCD,Bakersfield,CHDVB40     ,CCC000335932,CreatArt/Move/Music YoungChild                                      ,1,Child Development/Early Care and Education-130500                                    ,Credit - Degree Applicable                                                 ,Transferable to CSU only                                                   ,03.00,03.00,Course is not a basic skills course                                        ,Advanced Occupational (not limited to apprentices)                         ,Not applicable                                                             ,"Not Applicable, Credit course                                              ",Y,Course is not a support course                                             ,Fall 2025
Kern CCD,Porterville,SOCIP101    ,CCC000336041,The Social World                                                    ,7,Sociology-220800                                                                     ,Credit - Degree Applicable                                                 ,Transferable to both UC and CSU                                            ,03.00,03.00,Course is not a basic skills course                                        ,Non-Occupational                                                           ,Not applicable                                                             ,"Not Applicable, Credit course                                              ",Y,Course is not a support course                                             ,Fall 2025
Kern CCD,Bakersfield,ARCHB21     ,CCC000336344,Arch Design Fundamentals I                                          ,2,Architecture and Architectural Technology-020100                                     ,Credit - Degree Applicable                                                 ,Transferable to both UC and CSU                                            ,04.00,04.00,Course is not a basic skills course                                        ,Clearly Occupational (but not advanced)                                    ,Not applicable                                                             ,"Not Applicable, Credit course                                              ",Y,Course is not a support course                                             ,Fall 2025
Kern CCD,Porterville,BSADP150    ,CCC000336522,Quantitative Meth Bus Dec Maki                                      ,1,Business Administration-050500                                                       ,Credit - Degree Applicable                                                 ,Transferable to both UC and CSU                                            ,03.00,03.00,Course is not a basic skills course                                        ,Clearly Occupational (but not advanced)                                    ,Not applicable                                                             ,"Not Applicable, Credit course                                              ",B,Course is not a support course                                             ,Fall 2025
Kern CCD,Bakersfield,THEAB2A     ,CCC000336537,Elements of Acting                                                  ,1,Dramatic Arts-100700                                                                 ,Credit - Degree Applicable                                                 ,Transferable to both UC and CSU                                            ,03.00,03.00,Course is not a basic skills course                                        ,Non-Occupational                                                           ,Not applicable                                                             ,"Not Applicable, Credit course                                              ",Y,Course is not a support course                                             ,Fall 2025
Kern CCD,Porterville,ENGLP102    ,CCC000336857,British Literature 1                                                ,1,Comparative Literature-150300                                                        ,Credit - Degree Applicable                                                 ,Transferable to both UC and CSU                                            ,03.00,03.00,Course is not a basic skills course                                        ,Non-Occupational                                                           ,Not applicable                                                             ,"Not Applicable, Credit course                                              ",Y,Course is not a support course                                             ,Fall 2025
Kern CCD,Porterville,CHDVP239    ,CCC000336921,Observation and Assessment                                          ,1,Child Development/Early Care and Education-130500                                    ,Credit - Degree Applicable                                                 ,Transferable to both UC and CSU                                            ,03.00,03.00,Course is not a basic skills course                                        ,Clearly Occupational (but not advanced)                                    ,Not applicable                                                             ,"Not Applicable, Credit course                                              ",Y,Course is not a support course                                             ,Fall 2025
Kern CCD,Bakersfield,COMMB1      ,CCC000336986,Introduction to Public Speaking                                     ,85,Speech Communication-150600                                                          ,Credit - Degree Applicable                                                 ,Transferable to both UC and CSU                                            ,03.00,03.00,Course is not a basic skills course                                        ,Non-Occupational                                                           ,Not applicable                                                             ,"Not Applicable, Credit course                                              ",Y,Course is not a support course                                             ,Fall 2025
Kern CCD,Bakersfield,MATHB6E     ,CCC000337256,Elementary Linear Algebra                                           ,2,"Mathematics, General-170100                                                          ",Credit - Degree Applicable                                                 ,Transferable to both UC and CSU                                            ,03.00,03.00,Course is not a basic skills course                                        ,Non-Occupational                                                           ,Not applicable                                                             ,"Not Applicable, Credit course                                              ",B,Course is not a support course                                             ,Fall 2025
Kern CCD,Bakersfield,PHILB7      ,CCC000337363,Introduction to Logic                                               ,14,Philosophy-150900                                                                    ,Credit - Degree Applicable                                                 ,Transferable to both UC and CSU                                            ,03.00,03.00,Course is not a basic skills course                                        ,Non-Occupational                                                           ,Not applicable                                                             ,"Not Applicable, Credit course                                              ",A,Course is not a support course                                             ,Fall 2025
Kern CCD,Bakersfield,CRIMB2      ,CCC000337522,Criminal Law                                                        ,9,Administration of Justice-210500                                                     ,Credit - Degree Applicable                                                 ,Transferable to both UC and CSU                                            ,03.00,03.00,Course is not a basic skills course                                        ,Clearly Occupational (but not advanced)                                    ,Not applicable                                                             ,"Not Applicable, Credit course                                              ",Y,Course is not a support course                                             ,Fall 2025
Kern CCD,Bakersfield,PHILB12     ,CCC000337737,Ethics of Living and Dying                                          ,12,Philosophy-150900                                                                    ,Credit - Degree Applicable                                                 ,Transferable to both UC and CSU                                            ,03.00,03.00,Course is not a basic skills course                                        ,Non-Occupational                                                           ,Not applicable                                                             ,"Not Applicable, Credit course                                              ",Y,Course is not a support course                                             ,Fall 2025
Kern CCD,Bakersfield,SOCIB1      ,CCC000338376,Introduction to Sociology                                           ,32,Sociology-220800                                                                     ,Credit - Degree Applicable                                                 ,Transferable to both UC and CSU                                            ,03.00,03.00,Course is not a basic skills course                                        ,Non-Occupational                                                           ,Not applicable                                                             ,"Not Applicable, Credit course                                              ",Y,Course is not a support course                                             ,Fall 2025
Kern CCD,Bakersfield,ARTB46      ,CCC000338603,Advanced Photography I                                              ,1,Applied Photography-101200                                                           ,Credit - Degree Applicable                                                 ,Transferable to both UC and CSU                                            ,03.00,03.00,Course is not a basic skills course                                        ,Clearly Occupational (but not advanced)                                    ,Not applicable                                                             ,"Not Applicable, Credit course                                              ",Y,Course is not a support course                                             ,Fall 2025
Kern CCD,Bakersfield,MUSCB5B     ,CCC000338781,Piano II: Intermediate Class Piano                                  ,1,Music-100400                                                                         ,Credit - Degree Applicable                                                 ,Transferable to both UC and CSU                                            ,01.00,01.00,Course is not a basic skills course                                        ,Non-Occupational                                                           ,Not applicable                                                             ,"Not Applicable, Credit course                                              ",Y,Course is not a support course                                             ,Fall 2025
Kern CCD,Cerro Coso,PHILC101    ,CCC000339139,Intro to Philosophy                                                 ,2,Philosophy-150900                                                                    ,Credit - Degree Applicable                                                 ,Transferable to both UC and CSU                                            ,03.00,03.00,Course is not a basic skills course                                        ,Non-Occupational                                                           ,Not applicable                                                             ,"Not Applicable, Credit course                                              ",Y,Course is not a support course                                             ,Fall 2025
Kern CCD,Bakersfield,MATHB6C     ,CCC000339715,Calculus III                                                        ,3,"Mathematics, General-170100                                                          ",Credit - Degree Applicable                                                 ,Transferable to both UC and CSU                                            ,04.00,04.00,Course is not a basic skills course                                        ,Non-Occupational                                                           ,Not applicable                                                             ,"Not Applicable, Credit course                                              ",B,Course is not a support course                                             ,Fall 2025
Kern CCD,Bakersfield,FOREB6      ,CCC000339775,Forestry Skills                                                     ,1,Forestry-011400                                                                      ,Credit - Degree Applicable                                                 ,Transferable to both UC and CSU                                            ,03.00,03.00,Course is not a basic skills course                                        ,Advanced Occupational (not limited to apprentices)                         ,Not applicable                                                             ,"Not Applicable, Credit course                                              ",Y,Course is not a support course                                             ,Fall 2025
Kern CCD,Bakersfield,PHILB10     ,CCC000339896,Introduction to Ethics                                              ,4,Philosophy-150900                                                                    ,Credit - Degree Applicable                                                 ,Transferable to both UC and CSU                                            ,03.00,03.00,Course is not a basic skills course                                        ,Non-Occupational                                                           ,Not applicable                                                             ,"Not Applicable, Credit course                                              ",Y,Course is not a support course                                             ,Fall 2025
Kern CCD,Bakersfield,ANTHB2      ,CCC000340202,Intro to Cultural Anthropology                                      ,4,Anthropology-220200                                                                  ,Credit - Degree Applicable                                                 ,Transferable to both UC and CSU                                            ,03.00,03.00,Course is not a basic skills course                                        ,Non-Occupational                                                           ,Not applicable                                                             ,"Not Applicable, Credit course                                              ",Y,Course is not a support course                                             ,Fall 2025
Kern CCD,Bakersfield,HISTB2      ,CCC000340867,History of World (Since 1650)                                       ,10,History-220500                                                                       ,Credit - Degree Applicable                                                 ,Transferable to both UC and CSU                                            ,03.00,03.00,Course is not a basic skills course                                        ,Non-Occupational                                                           ,Not applicable                                                             ,"Not Applicable, Credit course                                              ",Y,Course is not a support course                                             ,Fall 2025
Kern CCD,Porterville,BIOLP160    ,CCC000341225,General Microbiology                                                ,2,MicroBiology-040300                                                                  ,Credit - Degree Applicable                                                 ,Transferable to both UC and CSU                                            ,05.00,05.00,Course is not a basic skills course                                        ,Non-Occupational                                                           ,Not applicable                                                             ,"Not Applicable, Credit course                                              ",Y,Course is not a support course                                             ,Fall 2025
Kern CCD,Bakersfield,ENGRB36     ,CCC000341687,Engineering Mechanics-Statics                                       ,2,"Engineering, General (requires Calculus) (Transfer)-090100                           ",Credit - Degree Applicable                                                 ,Transferable to both UC and CSU                                            ,03.00,03.00,Course is not a basic skills course                                        ,Non-Occupational                                                           ,Not applicable                                                             ,"Not Applicable, Credit course                                              ",Y,Course is not a support course                                             ,Fall 2025
Kern CCD,Cerro Coso,BIOLC255    ,CCC000341860,Human Physiology                                                    ,2,Anatomy and Physiology-041000                                                        ,Credit - Degree Applicable                                                 ,Transferable to CSU only                                                   ,04.00,04.00,Course is not a basic skills course                                        ,Non-Occupational                                                           ,Not applicable                                                             ,"Not Applicable, Credit course                                              ",Y,Course is not a support course                                             ,Fall 2025
Kern CCD,Bakersfield,BSADB55     ,CCC000341891,Computer Accounting Applicatn                                       ,1,Accounting-050200                                                                    ,Credit - Degree Applicable                                                 ,Not transferable                                                           ,03.00,03.00,Course is not a basic skills course                                        ,Clearly Occupational (but not advanced)                                    ,Not applicable                                                             ,"Not Applicable, Credit course                                              ",Y,Course is not a support course                                             ,Fall 2025
Kern CCD,Porterville,BIOLP120    ,CCC000341916,Human Physiology                                                    ,2,Anatomy and Physiology-041000                                                        ,Credit - Degree Applicable                                                 ,Transferable to both UC and CSU                                            ,05.00,05.00,Course is not a basic skills course                                        ,Non-Occupational                                                           ,Not applicable                                                             ,"Not Applicable, Credit course                                              ",Y,Course is not a support course                                             ,Fall 2025
Kern CCD,Porterville,POLSP101    ,CCC000342015,American Government and Politics                                    ,10,Political Science-220700                                                             ,Credit - Degree Applicable                                                 ,Transferable to both UC and CSU                                            ,03.00,03.00,Course is not a basic skills course                                        ,Non-Occupational                                                           ,Not applicable                                                             ,"Not Applicable, Credit course                                              ",Y,Course is not a support course                                             ,Fall 2025
Kern CCD,Bakersfield,MATHB1B     ,CCC000342646,Precalculus II                                                      ,11,"Mathematics, General-170100                                                          ",Credit - Degree Applicable                                                 ,Transferable to both UC and CSU                                            ,04.00,04.00,Course is not a basic skills course                                        ,Non-Occupational                                                           ,Not applicable                                                             ,"Not Applicable, Credit course                                              ",B,Course is not a support course                                             ,Fall 2025
Kern CCD,Cerro Coso,ECONC103    ,CCC000345418,Microeconomics                                                      ,3,Economics-220400                                                                     ,Credit - Degree Applicable                                                 ,Transferable to both UC and CSU                                            ,03.00,03.00,Course is not a basic skills course                                        ,Non-Occupational                                                           ,Not applicable                                                             ,"Not Applicable, Credit course                                              ",Y,Course is not a support course                                             ,Fall 2025
Kern CCD,Cerro Coso,BSADC100    ,CCC000355052,Introduction to Business                                            ,4,"Business and Commerce, General-050100                                                ",Credit - Degree Applicable                                                 ,Transferable to both UC and CSU                                            ,03.00,03.00,Course is not a basic skills course                                        ,Possibly Occupational                                                      ,Not applicable                                                             ,"Not Applicable, Credit course                                              ",Y,Course is not a support course                                             ,Fall 2025
Kern CCD,Cerro Coso,BIOLC105    ,CCC000355797,Concepts of Biology                                                 ,2,"Biology, General-040100                                                              ",Credit - Degree Applicable                                                 ,Transferable to both UC and CSU                                            ,04.00,04.00,Course is not a basic skills course                                        ,Non-Occupational                                                           ,Not applicable                                                             ,"Not Applicable, Credit course                                              ",Y,Course is not a support course                                             ,Fall 2025
Kern CCD,Bakersfield,BIOLB33     ,CCC000355863,Human Anatomy/Physiology II                                         ,10,Anatomy and Physiology-041000                                                        ,Credit - Degree Applicable                                                 ,Transferable to both UC and CSU                                            ,04.00,04.00,Course is not a basic skills course                                        ,Non-Occupational                                                           ,Not applicable                                                             ,"Not Applicable, Credit course                                              ",Y,Course is not a support course                                             ,Fall 2025
Kern CCD,Cerro Coso,EDUCC805    ,CCC000355921,Preparation for the General Educational Development Exam (GED)      ,1,Secondary Education (Grades 9-12) and G.E.D.-493062                                  ,Noncredit                                                                  ,Not transferable                                                           ,00.00,00.00,Course is a basic skills course                                            ,Non-Occupational                                                           ,Not applicable                                                             ,Elementary and Secondary Basic Skills                                      ,Y,Course is not a support course                                             ,Fall 2025
Kern CCD,Cerro Coso,ARTC141     ,CCC000356719,Ceramics I                                                          ,3,Ceramics-100230                                                                      ,Credit - Degree Applicable                                                 ,Transferable to both UC and CSU                                            ,03.00,03.00,Course is not a basic skills course                                        ,Non-Occupational                                                           ,Not applicable                                                             ,"Not Applicable, Credit course                                              ",Y,Course is not a support course                                             ,Fall 2025
Kern CCD,Bakersfield,MATHB1A     ,CCC000357159,Precalculus I                                                       ,6,"Mathematics, General-170100                                                          ",Credit - Degree Applicable                                                 ,Transferable to both UC and CSU                                            ,04.00,04.00,Course is not a basic skills course                                        ,Non-Occupational                                                           ,Not applicable                                                             ,"Not Applicable, Credit course                                              ",B,Course is not a support course                                             ,Fall 2025
Kern CCD,Bakersfield,AGBSB2      ,CCC000359337,Agricultural Economics                                              ,5,"Agriculture Business, Sales and Service-011200                                       ",Credit - Degree Applicable                                                 ,Transferable to both UC and CSU                                            ,03.00,03.00,Course is not a basic skills course                                        ,Clearly Occupational (but not advanced)                                    ,Not applicable                                                             ,"Not Applicable, Credit course                                              ",Y,Course is not a support course                                             ,Fall 2025
Kern CCD,Porterville,ADMJP104    ,CCC000362470,Criminal Law                                                        ,2,Administration of Justice-210500                                                     ,Credit - Degree Applicable                                                 ,Transferable to both UC and CSU                                            ,03.00,03.00,Course is not a basic skills course                                        ,Advanced Occupational (not limited to apprentices)                         ,Not applicable                                                             ,"Not Applicable, Credit course                                              ",Y,Course is not a support course                                             ,Fall 2025
Kern CCD,Cerro Coso,EMTCC070    ,CCC000362627,CPr for the Healthcare Provider                                     ,3,Emergency Medical Services-125000                                                    ,Credit - Degree Applicable                                                 ,Not transferable                                                           ,00.50,00.50,Course is not a basic skills course                                        ,Clearly Occupational (but not advanced)                                    ,Not applicable                                                             ,"Not Applicable, Credit course                                              ",Y,Course is not a support course                                             ,Fall 2025
Kern CCD,Cerro Coso,PHYSC113    ,CCC000363113,Electricity and Magnetism                                           ,1,"Physics, General-190200                                                              ",Credit - Degree Applicable                                                 ,Transferable to both UC and CSU                                            ,05.00,05.00,Course is not a basic skills course                                        ,Non-Occupational                                                           ,Not applicable                                                             ,"Not Applicable, Credit course                                              ",Y,Course is not a support course                                             ,Fall 2025
Kern CCD,Bakersfield,ARTB16      ,CCC000366003,Digital Photography                                                 ,3,Applied Photography-101200                                                           ,Credit - Degree Applicable                                                 ,Transferable to both UC and CSU                                            ,03.00,03.00,Course is not a basic skills course                                        ,Clearly Occupational (but not advanced)                                    ,Not applicable                                                             ,"Not Applicable, Credit course                                              ",Y,Course is not a support course                                             ,Fall 2025
Kern CCD,Cerro Coso,ITC075      ,CCC000368833,Computer Literacy                                                   ,2,Office Technology/Office Computer Applications-051400                                ,Credit - Degree Applicable                                                 ,Not transferable                                                           ,01.00,01.00,Course is not a basic skills course                                        ,Possibly Occupational                                                      ,Not applicable                                                             ,"Not Applicable, Credit course                                              ",Y,Course is not a support course                                             ,Fall 2025
Kern CCD,Cerro Coso,HCRSC150    ,CCC000368954,Med. Terminology for Health                                         ,12,Nursing-123000                                                                       ,Credit - Degree Applicable                                                 ,Transferable to CSU only                                                   ,03.00,03.00,Course is not a basic skills course                                        ,Clearly Occupational (but not advanced)                                    ,Not applicable                                                             ,"Not Applicable, Credit course                                              ",Y,Course is not a support course                                             ,Fall 2025
Kern CCD,Cerro Coso,BIOLC121    ,CCC000369241,Survey of Anatomy and Physiology Lecture                            ,1,Anatomy and Physiology-041000                                                        ,Credit - Degree Applicable                                                 ,Transferable to both UC and CSU                                            ,03.00,03.00,Course is not a basic skills course                                        ,Non-Occupational                                                           ,Not applicable                                                             ,"Not Applicable, Credit course                                              ",Y,Course is not a support course                                             ,Fall 2025
Kern CCD,Bakersfield,FDSVB55F    ,CCC000376684,Fundamentals of Baking                                              ,1,Culinary Arts-130630                                                                 ,Credit - Degree Applicable                                                 ,Not transferable                                                           ,02.00,02.00,Course is not a basic skills course                                        ,Clearly Occupational (but not advanced)                                    ,Not applicable                                                             ,"Not Applicable, Credit course                                              ",Y,Course is not a support course                                             ,Fall 2025
Kern CCD,Cerro Coso,ECONC102    ,CCC000382019,Macroeconomics                                                      ,2,Economics-220400                                                                     ,Credit - Degree Applicable                                                 ,Transferable to both UC and CSU                                            ,03.00,03.00,Course is not a basic skills course                                        ,Non-Occupational                                                           ,Not applicable                                                             ,"Not Applicable, Credit course                                              ",Y,Course is not a support course                                             ,Fall 2025
Kern CCD,Bakersfield,FDSVB51     ,CCC000382729,Food and Nutrition Orientation                                      ,2,Culinary Arts-130630                                                                 ,Credit - Degree Applicable                                                 ,Not transferable                                                           ,00.50,00.50,Course is not a basic skills course                                        ,Clearly Occupational (but not advanced)                                    ,Not applicable                                                             ,"Not Applicable, Credit course                                              ",Y,Course is not a support course                                             ,Fall 2025
Kern CCD,Bakersfield,BSADB53A    ,CCC000438512,Introduction to Accounting 1                                        ,3,Accounting-050200                                                                    ,Credit - Degree Applicable                                                 ,Not transferable                                                           ,03.00,03.00,Course is not a basic skills course                                        ,Clearly Occupational (but not advanced)                                    ,Not applicable                                                             ,"Not Applicable, Credit course                                              ",Y,Course is not a support course                                             ,Fall 2025
Kern CCD,Bakersfield,ASTRB3      ,CCC000444143,Solar System                                                        ,2,Astronomy-191100                                                                     ,Credit - Degree Applicable                                                 ,Transferable to both UC and CSU                                            ,03.00,03.00,Course is not a basic skills course                                        ,Non-Occupational                                                           ,Not applicable                                                             ,"Not Applicable, Credit course                                              ",Y,Course is not a support course                                             ,Fall 2025
Kern CCD,Bakersfield,COMMB6      ,CCC000449345,Intercultural Communication                                         ,3,Speech Communication-150600                                                          ,Credit - Degree Applicable                                                 ,Transferable to both UC and CSU                                            ,03.00,03.00,Course is not a basic skills course                                        ,Non-Occupational                                                           ,Not applicable                                                             ,"Not Applicable, Credit course                                              ",Y,Course is not a support course                                             ,Fall 2025
Kern CCD,Bakersfield,COMMB7      ,CCC000449346,Organizational Communication                                        ,2,Speech Communication-150600                                                          ,Credit - Degree Applicable                                                 ,Transferable to both UC and CSU                                            ,03.00,03.00,Course is not a basic skills course                                        ,Non-Occupational                                                           ,Not applicable                                                             ,"Not Applicable, Credit course                                              ",Y,Course is not a support course                                             ,Fall 2025
Kern CCD,Cerro Coso,ITC270      ,CCC000451716,Introduction to Database Desig                                      ,1,Computer Information Systems-070200                                                  ,Credit - Degree Applicable                                                 ,Transferable to CSU only                                                   ,03.00,03.00,Course is not a basic skills course                                        ,Advanced Occupational (not limited to apprentices)                         ,Not applicable                                                             ,"Not Applicable, Credit course                                              ",Y,Course is not a support course                                             ,Fall 2025
Kern CCD,Cerro Coso,MUSCC118    ,CCC000451722,History of American Pop Music                                       ,7,Music-100400                                                                         ,Credit - Degree Applicable                                                 ,Transferable to both UC and CSU                                            ,03.00,03.00,Course is not a basic skills course                                        ,Non-Occupational                                                           ,Not applicable                                                             ,"Not Applicable, Credit course                                              ",Y,Course is not a support course                                             ,Fall 2025
Kern CCD,Cerro Coso,PARAC240    ,CCC000451724,Criminal Law & Procedure                                            ,2,Paralegal-140200                                                                     ,Credit - Degree Applicable                                                 ,Transferable to CSU only                                                   ,03.00,03.00,Course is not a basic skills course                                        ,Advanced Occupational (not limited to apprentices)                         ,Not applicable                                                             ,"Not Applicable, Credit course                                              ",Y,Course is not a support course                                             ,Fall 2025
Kern CCD,Bakersfield,BSADB61     ,CCC000460343,Human Resources Management                                          ,3,Business Management-050600                                                           ,Credit - Degree Applicable                                                 ,Not transferable                                                           ,03.00,03.00,Course is not a basic skills course                                        ,Clearly Occupational (but not advanced)                                    ,Not applicable                                                             ,"Not Applicable, Credit course                                              ",Y,Course is not a support course                                             ,Fall 2025
Kern CCD,Cerro Coso,DMAC213     ,CCC000462006,Web Development w/PHP & MySQL                                       ,1,Website Design and Development-061430                                                ,Credit - Degree Applicable                                                 ,Transferable to CSU only                                                   ,03.00,03.00,Course is not a basic skills course                                        ,Clearly Occupational (but not advanced)                                    ,Not applicable                                                             ,"Not Applicable, Credit course                                              ",Y,Course is not a support course                                             ,Fall 2025
Kern CCD,Bakersfield,ARTB2       ,CCC000501560,Drawing I                                                           ,12,Painting and Drawing-100210                                                          ,Credit - Degree Applicable                                                 ,Transferable to both UC and CSU                                            ,03.00,03.00,Course is not a basic skills course                                        ,Non-Occupational                                                           ,Not applicable                                                             ,"Not Applicable, Credit course                                              ",Y,Course is not a support course                                             ,Fall 2025
Kern CCD,Cerro Coso,ITC146      ,CCC000501567,Introduction to Information Sy                                      ,1,Computer Information Systems-070200                                                  ,Credit - Degree Applicable                                                 ,Transferable to CSU only                                                   ,03.00,03.00,Course is not a basic skills course                                        ,Clearly Occupational (but not advanced)                                    ,Not applicable                                                             ,"Not Applicable, Credit course                                              ",Y,Course is not a support course                                             ,Fall 2025
Kern CCD,Cerro Coso,ITC143      ,CCC000504267,Computer Network Fundamentals                                       ,1,Computer Information Systems-070200                                                  ,Credit - Degree Applicable                                                 ,Transferable to CSU only                                                   ,03.00,03.00,Course is not a basic skills course                                        ,Clearly Occupational (but not advanced)                                    ,Not applicable                                                             ,"Not Applicable, Credit course                                              ",Y,Course is not a support course                                             ,Fall 2025
Kern CCD,Cerro Coso,MATHC257    ,CCC000504279,Linear Algebra                                                      ,3,"Mathematics, General-170100                                                          ",Credit - Degree Applicable                                                 ,Transferable to both UC and CSU                                            ,04.00,04.00,Course is not a basic skills course                                        ,Non-Occupational                                                           ,Not applicable                                                             ,"Not Applicable, Credit course                                              ",B,Course is not a support course                                             ,Fall 2025
Kern CCD,Cerro Coso,MCTLC107    ,CCC000504280,Tool and Equipment Operation                                        ,1,Machining and Machine Tools-095630                                                   ,Credit - Degree Applicable                                                 ,Transferable to CSU only                                                   ,02.00,02.00,Course is not a basic skills course                                        ,Clearly Occupational (but not advanced)                                    ,Not applicable                                                             ,"Not Applicable, Credit course                                              ",Y,Course is not a support course                                             ,Fall 2025
Kern CCD,Cerro Coso,PARAC112    ,CCC000504281,Legal Research & Writing I                                          ,1,Paralegal-140200                                                                     ,Credit - Degree Applicable                                                 ,Transferable to CSU only                                                   ,03.00,03.00,Course is not a basic skills course                                        ,Clearly Occupational (but not advanced)                                    ,Not applicable                                                             ,"Not Applicable, Credit course                                              ",Y,Course is not a support course                                             ,Fall 2025
Kern CCD,Porterville,BSADP160    ,CCC000504289,Intro to Entrepreneurship                                           ,1,Small Business and Entrepreneurship-050640                                           ,Credit - Degree Applicable                                                 ,Transferable to CSU only                                                   ,03.00,03.00,Course is not a basic skills course                                        ,Clearly Occupational (but not advanced)                                    ,Not applicable                                                             ,"Not Applicable, Credit course                                              ",Y,Course is not a support course                                             ,Fall 2025
Kern CCD,Bakersfield,ASTRB2      ,CCC000507893,Life in the Universe                                                ,2,Astronomy-191100                                                                     ,Credit - Degree Applicable                                                 ,Transferable to both UC and CSU                                            ,03.00,03.00,Course is not a basic skills course                                        ,Non-Occupational                                                           ,Not applicable                                                             ,"Not Applicable, Credit course                                              ",Y,Course is not a support course                                             ,Fall 2025
Kern CCD,Bakersfield,FIREB25E    ,CCC000507899,"Wildlnd Fire Logistics, Finace                                      ",1,Wildland Fire Technology-213310                                                      ,Credit - Degree Applicable                                                 ,Transferable to CSU only                                                   ,03.00,03.00,Course is not a basic skills course                                        ,Clearly Occupational (but not advanced)                                    ,Not applicable                                                             ,"Not Applicable, Credit course                                              ",Y,Course is not a support course                                             ,Fall 2025
Kern CCD,Cerro Coso,DRFTC108    ,CCC000507909,Reading Technical Drawings                                          ,1,Drafting Technology-095300                                                           ,Credit - Degree Applicable                                                 ,Transferable to CSU only                                                   ,03.00,03.00,Course is not a basic skills course                                        ,Clearly Occupational (but not advanced)                                    ,Not applicable                                                             ,"Not Applicable, Credit course                                              ",Y,Course is not a support course                                             ,Fall 2025
Kern CCD,Cerro Coso,BSADC220    ,CCC000511802,Principles of Project Mangmnt                                       ,1,Management Development and Supervision-050630                                        ,Credit - Degree Applicable                                                 ,Transferable to CSU only                                                   ,03.00,03.00,Course is not a basic skills course                                        ,Clearly Occupational (but not advanced)                                    ,Not applicable                                                             ,"Not Applicable, Credit course                                              ",Y,Course is not a support course                                             ,Fall 2025
Kern CCD,Bakersfield,FIREB25B    ,CCC000512279,Wildlnd Frfghtr Safety/Survivl                                      ,1,Wildland Fire Technology-213310                                                      ,Credit - Degree Applicable                                                 ,Transferable to CSU only                                                   ,03.00,03.00,Course is not a basic skills course                                        ,Clearly Occupational (but not advanced)                                    ,Not applicable                                                             ,"Not Applicable, Credit course                                              ",Y,Course is not a support course                                             ,Fall 2025
Kern CCD,Porterville,ADMJP102    ,CCC000516593,Intro to Admin of Justice                                           ,2,Administration of Justice-210500                                                     ,Credit - Degree Applicable                                                 ,Transferable to both UC and CSU                                            ,03.00,03.00,Course is not a basic skills course                                        ,Clearly Occupational (but not advanced)                                    ,Not applicable                                                             ,"Not Applicable, Credit course                                              ",Y,Course is not a support course                                             ,Fall 2025
Kern CCD,Porterville,CHDVP223    ,CCC000516602,Child Growth and Development                                        ,2,Child Development/Early Care and Education-130500                                    ,Credit - Degree Applicable                                                 ,Transferable to both UC and CSU                                            ,03.00,03.00,Course is not a basic skills course                                        ,Clearly Occupational (but not advanced)                                    ,Not applicable                                                             ,"Not Applicable, Credit course                                              ",Y,Course is not a support course                                             ,Fall 2025
Kern CCD,Bakersfield,ARTB36      ,CCC000516644,Survey of Western Art II                                            ,2,Art-100200                                                                           ,Credit - Degree Applicable                                                 ,Transferable to both UC and CSU                                            ,03.00,03.00,Course is not a basic skills course                                        ,Non-Occupational                                                           ,Not applicable                                                             ,"Not Applicable, Credit course                                              ",Y,Course is not a support course                                             ,Fall 2025
Kern CCD,Porterville,NURSP100    ,CCC000516743,Strategy/Success/Nrsing Prgm                                        ,5,Registered Nursing-123010                                                            ,Credit - Degree Applicable                                                 ,Transferable to CSU only                                                   ,02.00,02.00,Course is not a basic skills course                                        ,Clearly Occupational (but not advanced)                                    ,Not applicable                                                             ,"Not Applicable, Credit course                                              ",Y,Course is not a support course                                             ,Fall 2025
Kern CCD,Cerro Coso,CHDVC100    ,CCC000521006,Principles & Practices of Teaching Young Children                   ,10,Child Development/Early Care and Education-130500                                    ,Credit - Degree Applicable                                                 ,Transferable to CSU only                                                   ,03.00,03.00,Course is not a basic skills course                                        ,Clearly Occupational (but not advanced)                                    ,Not applicable                                                             ,"Not Applicable, Credit course                                              ",Y,Course is not a support course                                             ,Fall 2025
Kern CCD,Cerro Coso,ENGLC245H   ,CCC000521018,Women's Literature: Honors                                          ,1,Comparative Literature-150300                                                        ,Credit - Degree Applicable                                                 ,Transferable to both UC and CSU                                            ,04.00,04.00,Course is not a basic skills course                                        ,Non-Occupational                                                           ,Not applicable                                                             ,"Not Applicable, Credit course                                              ",Y,Course is not a support course                                             ,Fall 2025
Kern CCD,Bakersfield,ARTB35      ,CCC000521297,Survey of Western Art I                                             ,2,Art-100200                                                                           ,Credit - Degree Applicable                                                 ,Transferable to both UC and CSU                                            ,03.00,03.00,Course is not a basic skills course                                        ,Non-Occupational                                                           ,Not applicable                                                             ,"Not Applicable, Credit course                                              ",Y,Course is not a support course                                             ,Fall 2025
Kern CCD,Porterville,COMMP106    ,CCC000524640,Intercultural Communication                                         ,1,Speech Communication-150600                                                          ,Credit - Degree Applicable                                                 ,Transferable to both UC and CSU                                            ,03.00,03.00,Course is not a basic skills course                                        ,Non-Occupational                                                           ,Not applicable                                                             ,"Not Applicable, Credit course                                              ",Y,Course is not a support course                                             ,Fall 2025
Kern CCD,Porterville,COMMP105    ,CCC000524649,Argumentation and Debate                                            ,1,Speech Communication-150600                                                          ,Credit - Degree Applicable                                                 ,Transferable to both UC and CSU                                            ,03.00,03.00,Course is not a basic skills course                                        ,Non-Occupational                                                           ,Not applicable                                                             ,"Not Applicable, Credit course                                              ",Y,Course is not a support course                                             ,Fall 2025
Kern CCD,Porterville,HISTP102    ,CCC000524650,World Hist 1500 to the Present                                      ,1,History-220500                                                                       ,Credit - Degree Applicable                                                 ,Transferable to both UC and CSU                                            ,03.00,03.00,Course is not a basic skills course                                        ,Non-Occupational                                                           ,Not applicable                                                             ,"Not Applicable, Credit course                                              ",Y,Course is not a support course                                             ,Fall 2025
Kern CCD,Porterville,MUSCP109    ,CCC000524652,History of Rock and Roll                                            ,3,Music-100400                                                                         ,Credit - Degree Applicable                                                 ,Transferable to CSU only                                                   ,03.00,03.00,Course is not a basic skills course                                        ,Non-Occupational                                                           ,Not applicable                                                             ,"Not Applicable, Credit course                                              ",Y,Course is not a support course                                             ,Fall 2025
Kern CCD,Porterville,HISTP101    ,CCC000524653,World History to 1500                                               ,8,History-220500                                                                       ,Credit - Degree Applicable                                                 ,Transferable to both UC and CSU                                            ,03.00,03.00,Course is not a basic skills course                                        ,Non-Occupational                                                           ,Not applicable                                                             ,"Not Applicable, Credit course                                              ",Y,Course is not a support course                                             ,Fall 2025
Kern CCD,Porterville,ASLP102     ,CCC000526268,Beg American Sign Language II                                       ,1,Sign Language-085000                                                                 ,Credit - Degree Applicable                                                 ,Transferable to both UC and CSU                                            ,04.00,04.00,Course is not a basic skills course                                        ,Non-Occupational                                                           ,Not applicable                                                             ,"Not Applicable, Credit course                                              ",Y,Course is not a support course                                             ,Fall 2025
Kern CCD,Bakersfield,ARTB5       ,CCC000526456,Three Dimensional Design                                            ,2,Art-100200                                                                           ,Credit - Degree Applicable                                                 ,Transferable to both UC and CSU                                            ,03.00,03.00,Course is not a basic skills course                                        ,Non-Occupational                                                           ,Not applicable                                                             ,"Not Applicable, Credit course                                              ",Y,Course is not a support course                                             ,Fall 2025
Kern CCD,Cerro Coso,PARAC210    ,CCC000526529,California Civil Procedure and                                      ,1,Paralegal-140200                                                                     ,Credit - Degree Applicable                                                 ,Transferable to CSU only                                                   ,03.00,03.00,Course is not a basic skills course                                        ,Clearly Occupational (but not advanced)                                    ,Not applicable                                                             ,"Not Applicable, Credit course                                              ",Y,Course is not a support course                                             ,Fall 2025
Kern CCD,Bakersfield,ARCHB30     ,CCC000526788,Residential Blding Info Modlig                                      ,1,Architecture and Architectural Technology-020100                                     ,Credit - Degree Applicable                                                 ,Transferable to CSU only                                                   ,04.00,04.00,Course is not a basic skills course                                        ,Clearly Occupational (but not advanced)                                    ,Not applicable                                                             ,"Not Applicable, Credit course                                              ",Y,Course is not a support course                                             ,Fall 2025
Kern CCD,Porterville,KINP203     ,CCC000526882,Beginning Weight Training                                           ,4,Physical Fitness and Body Movement-083510                                            ,Credit - Degree Applicable                                                 ,Transferable to both UC and CSU                                            ,02.00,01.00,Course is not a basic skills course                                        ,Non-Occupational                                                           ,Not applicable                                                             ,"Not Applicable, Credit course                                              ",Y,Course is not a support course                                             ,Fall 2025
Kern CCD,Porterville,ACCTP110    ,CCC000528793,Financial Accounting                                                ,5,Accounting-050200                                                                    ,Credit - Degree Applicable                                                 ,Transferable to both UC and CSU                                            ,03.00,03.00,Course is not a basic skills course                                        ,Possibly Occupational                                                      ,Not applicable                                                             ,"Not Applicable, Credit course                                              ",Y,Course is not a support course                                             ,Fall 2025
Kern CCD,Porterville,ACCTP120    ,CCC000528794,Managerial Accounting                                               ,2,Accounting-050200                                                                    ,Credit - Degree Applicable                                                 ,Transferable to both UC and CSU                                            ,03.00,03.00,Course is not a basic skills course                                        ,Clearly Occupational (but not advanced)                                    ,Not applicable                                                             ,"Not Applicable, Credit course                                              ",Y,Course is not a support course                                             ,Fall 2025
Kern CCD,Porterville,ARTP116     ,CCC000529284,Introduction to Painting                                            ,1,Painting and Drawing-100210                                                          ,Credit - Degree Applicable                                                 ,Transferable to both UC and CSU                                            ,03.00,03.00,Course is not a basic skills course                                        ,Non-Occupational                                                           ,Not applicable                                                             ,"Not Applicable, Credit course                                              ",Y,Course is not a support course                                             ,Fall 2025
Kern CCD,Porterville,ARTP114     ,CCC000529285,Renaissance/Contemp Art Hist                                        ,1,"Fine Arts, General-100100                                                            ",Credit - Degree Applicable                                                 ,Transferable to both UC and CSU                                            ,03.00,03.00,Course is not a basic skills course                                        ,Non-Occupational                                                           ,Not applicable                                                             ,"Not Applicable, Credit course                                              ",Y,Course is not a support course                                             ,Fall 2025
Kern CCD,Porterville,ARTP103     ,CCC000529287,Fundamentals of Drawing                                             ,1,Painting and Drawing-100210                                                          ,Credit - Degree Applicable                                                 ,Transferable to both UC and CSU                                            ,03.00,03.00,Course is not a basic skills course                                        ,Non-Occupational                                                           ,Not applicable                                                             ,"Not Applicable, Credit course                                              ",Y,Course is not a support course                                             ,Fall 2025
Kern CCD,Porterville,ARTP113     ,CCC000529290,Art Prehistory to Medieval Era                                      ,1,"Fine Arts, General-100100                                                            ",Credit - Degree Applicable                                                 ,Transferable to both UC and CSU                                            ,03.00,03.00,Course is not a basic skills course                                        ,Non-Occupational                                                           ,Not applicable                                                             ,"Not Applicable, Credit course                                              ",Y,Course is not a support course                                             ,Fall 2025
Kern CCD,Porterville,ARTP123     ,CCC000529291,Introduction to Sculpture                                           ,1,Sculpture-100220                                                                     ,Credit - Degree Applicable                                                 ,Transferable to both UC and CSU                                            ,03.00,03.00,Course is not a basic skills course                                        ,Non-Occupational                                                           ,Not applicable                                                             ,"Not Applicable, Credit course                                              ",Y,Course is not a support course                                             ,Fall 2025
Kern CCD,Bakersfield,ELETB3      ,CCC000529352,Programmable Logic Contrls                                          ,6,Electronics and Electric Technology-093400                                           ,Credit - Degree Applicable                                                 ,Transferable to CSU only                                                   ,03.00,03.00,Course is not a basic skills course                                        ,Clearly Occupational (but not advanced)                                    ,Not applicable                                                             ,"Not Applicable, Credit course                                              ",Y,Course is not a support course                                             ,Fall 2025
Kern CCD,Bakersfield,ANSCB83     ,CCC000531792,Intro to Veterinary Technology                                      ,2,Veterinary Technician (Licensed)-010210                                              ,Credit - Degree Applicable                                                 ,Not transferable                                                           ,04.00,04.00,Course is not a basic skills course                                        ,Clearly Occupational (but not advanced)                                    ,Not applicable                                                             ,"Not Applicable, Credit course                                              ",Y,Course is not a support course                                             ,Fall 2025
Kern CCD,Cerro Coso,HCRSC143    ,CCC000532197,Clinical Med Asst Extern                                            ,1,Clinical Medical Assisting-120810                                                    ,Credit - Degree Applicable                                                 ,Transferable to CSU only                                                   ,01.50,01.50,Course is not a basic skills course                                        ,Advanced Occupational (not limited to apprentices)                         ,Not applicable                                                             ,"Not Applicable, Credit course                                              ",Y,Course is not a support course                                             ,Fall 2025
Kern CCD,Cerro Coso,HCRSC133    ,CCC000532218,Medical Office Procedures                                           ,2,Administrative Medical Assisting-120820                                              ,Credit - Degree Applicable                                                 ,Transferable to CSU only                                                   ,03.00,03.00,Course is not a basic skills course                                        ,Clearly Occupational (but not advanced)                                    ,Not applicable                                                             ,"Not Applicable, Credit course                                              ",Y,Course is not a support course                                             ,Fall 2025
Kern CCD,Cerro Coso,HCRSC137    ,CCC000532219,Clinical Medical Assisting II                                       ,5,Clinical Medical Assisting-120810                                                    ,Credit - Degree Applicable                                                 ,Transferable to CSU only                                                   ,03.00,03.00,Course is not a basic skills course                                        ,Clearly Occupational (but not advanced)                                    ,Not applicable                                                             ,"Not Applicable, Credit course                                              ",Y,Course is not a support course                                             ,Fall 2025
Kern CCD,Cerro Coso,HCRSC139    ,CCC000532220,Laboratory Procedures                                               ,8,Clinical Medical Assisting-120810                                                    ,Credit - Degree Applicable                                                 ,Transferable to CSU only                                                   ,02.00,02.00,Course is not a basic skills course                                        ,Clearly Occupational (but not advanced)                                    ,Not applicable                                                             ,"Not Applicable, Credit course                                              ",Y,Course is not a support course                                             ,Fall 2025
Kern CCD,Cerro Coso,HCRSC134    ,CCC000532223,Medical Insurance and Billing                                       ,1,Administrative Medical Assisting-120820                                              ,Credit - Degree Applicable                                                 ,Transferable to CSU only                                                   ,03.00,03.00,Course is not a basic skills course                                        ,Clearly Occupational (but not advanced)                                    ,Not applicable                                                             ,"Not Applicable, Credit course                                              ",Y,Course is not a support course                                             ,Fall 2025
Kern CCD,Cerro Coso,HCRSC131    ,CCC000532248,Med Law/Ethics for Med Assts                                        ,7,Medical Assisting-120800                                                             ,Credit - Degree Applicable                                                 ,Transferable to CSU only                                                   ,01.50,01.50,Course is not a basic skills course                                        ,Clearly Occupational (but not advanced)                                    ,Not applicable                                                             ,"Not Applicable, Credit course                                              ",Y,Course is not a support course                                             ,Fall 2025
Kern CCD,Cerro Coso,HCRSC135    ,CCC000532262,Basic ICD and CPT Coding                                            ,1,Administrative Medical Assisting-120820                                              ,Credit - Degree Applicable                                                 ,Transferable to CSU only                                                   ,02.00,02.00,Course is not a basic skills course                                        ,Clearly Occupational (but not advanced)                                    ,Not applicable                                                             ,"Not Applicable, Credit course                                              ",Y,Course is not a support course                                             ,Fall 2025
Kern CCD,Cerro Coso,HCRSC136    ,CCC000532280,Clinical Medical Assisting I                                        ,8,Clinical Medical Assisting-120810                                                    ,Credit - Degree Applicable                                                 ,Transferable to CSU only                                                   ,03.00,03.00,Course is not a basic skills course                                        ,Clearly Occupational (but not advanced)                                    ,Not applicable                                                             ,"Not Applicable, Credit course                                              ",Y,Course is not a support course                                             ,Fall 2025
Kern CCD,Cerro Coso,HCRSC132    ,CCC000532291,Electronic Health Records                                           ,3,Medical Assisting-120800                                                             ,Credit - Degree Applicable                                                 ,Transferable to CSU only                                                   ,01.50,01.50,Course is not a basic skills course                                        ,Clearly Occupational (but not advanced)                                    ,Not applicable                                                             ,"Not Applicable, Credit course                                              ",Y,Course is not a support course                                             ,Fall 2025
Kern CCD,Cerro Coso,HCRSC138    ,CCC000532292,Med Adm for Medical Asst                                            ,5,Clinical Medical Assisting-120810                                                    ,Credit - Degree Applicable                                                 ,Transferable to CSU only                                                   ,02.00,02.00,Course is not a basic skills course                                        ,Clearly Occupational (but not advanced)                                    ,Not applicable                                                             ,"Not Applicable, Credit course                                              ",Y,Course is not a support course                                             ,Fall 2025
Kern CCD,Cerro Coso,HCRSC130    ,CCC000532306,Communication in Healthcare                                         ,3,Medical Assisting-120800                                                             ,Credit - Degree Applicable                                                 ,Transferable to CSU only                                                   ,02.00,02.00,Course is not a basic skills course                                        ,Clearly Occupational (but not advanced)                                    ,Not applicable                                                             ,"Not Applicable, Credit course                                              ",Y,Course is not a support course                                             ,Fall 2025
Kern CCD,Cerro Coso,HCRSC107    ,CCC000534096,Basic Pharmacology Vocational Nursing                               ,1,Licensed Vocational Nursing-123020                                                   ,Credit - Degree Applicable                                                 ,Transferable to CSU only                                                   ,02.00,02.00,Course is not a basic skills course                                        ,Clearly Occupational (but not advanced)                                    ,Not applicable                                                             ,"Not Applicable, Credit course                                              ",Y,Course is not a support course                                             ,Fall 2025
Kern CCD,Cerro Coso,HCRSC100    ,CCC000534190,Fundamentals of Nursing                                             ,1,Licensed Vocational Nursing-123020                                                   ,Credit - Degree Applicable                                                 ,Transferable to CSU only                                                   ,03.00,03.00,Course is not a basic skills course                                        ,Clearly Occupational (but not advanced)                                    ,Not applicable                                                             ,"Not Applicable, Credit course                                              ",Y,Course is not a support course                                             ,Fall 2025
Kern CCD,Cerro Coso,HCRSC103    ,CCC000534581,Medical Surgical Nursing                                            ,1,Licensed Vocational Nursing-123020                                                   ,Credit - Degree Applicable                                                 ,Transferable to CSU only                                                   ,03.00,03.00,Course is not a basic skills course                                        ,Clearly Occupational (but not advanced)                                    ,Not applicable                                                             ,"Not Applicable, Credit course                                              ",Y,Course is not a support course                                             ,Fall 2025
Kern CCD,Cerro Coso,HCRSC113    ,CCC000534582,Vocational Nursing Laboratory                                       ,1,Licensed Vocational Nursing-123020                                                   ,Credit - Degree Applicable                                                 ,Transferable to CSU only                                                   ,06.00,06.00,Course is not a basic skills course                                        ,Clearly Occupational (but not advanced)                                    ,Not applicable                                                             ,"Not Applicable, Credit course                                              ",Y,Course is not a support course                                             ,Fall 2025
Kern CCD,Bakersfield,ELETB61     ,CCC000534792,Telecommunications                                                  ,2,Electronics and Electric Technology-093400                                           ,Credit - Degree Applicable                                                 ,Not transferable                                                           ,03.00,03.00,Course is not a basic skills course                                        ,Clearly Occupational (but not advanced)                                    ,Not applicable                                                             ,"Not Applicable, Credit course                                              ",Y,Course is not a support course                                             ,Fall 2025
Kern CCD,Bakersfield,ELETB70     ,CCC000534794,Mechanical Systems                                                  ,3,Electronics and Electric Technology-093400                                           ,Credit - Degree Applicable                                                 ,Not transferable                                                           ,03.00,03.00,Course is not a basic skills course                                        ,Clearly Occupational (but not advanced)                                    ,Not applicable                                                             ,"Not Applicable, Credit course                                              ",Y,Course is not a support course                                             ,Fall 2025
Kern CCD,Bakersfield,ELETB4      ,CCC000535130,Computer Integrated Manuftrng                                       ,3,Electronics and Electric Technology-093400                                           ,Credit - Degree Applicable                                                 ,Transferable to CSU only                                                   ,03.00,03.00,Course is not a basic skills course                                        ,Clearly Occupational (but not advanced)                                    ,Not applicable                                                             ,"Not Applicable, Credit course                                              ",Y,Course is not a support course                                             ,Fall 2025
Kern CCD,Bakersfield,ELETB56     ,CCC000535131,Instrumentatn/Process Control                                       ,2,Electronics and Electric Technology-093400                                           ,Credit - Degree Applicable                                                 ,Not transferable                                                           ,03.00,03.00,Course is not a basic skills course                                        ,Clearly Occupational (but not advanced)                                    ,Not applicable                                                             ,"Not Applicable, Credit course                                              ",Y,Course is not a support course                                             ,Fall 2025
Kern CCD,Bakersfield,INDRB42     ,CCC000536497,Introduction to Solidworks                                          ,1,Drafting Technology-095300                                                           ,Credit - Degree Applicable                                                 ,Transferable to CSU only                                                   ,02.00,02.00,Course is not a basic skills course                                        ,Clearly Occupational (but not advanced)                                    ,Not applicable                                                             ,"Not Applicable, Credit course                                              ",Y,Course is not a support course                                             ,Fall 2025
Kern CCD,Bakersfield,PSYCB6      ,CCC000542096,Research Method for Beh/SocSci                                      ,13,"Psychology, General-200100                                                           ",Credit - Degree Applicable                                                 ,Transferable to both UC and CSU                                            ,04.00,04.00,Course is not a basic skills course                                        ,Non-Occupational                                                           ,Not applicable                                                             ,"Not Applicable, Credit course                                              ",C,Course is not a support course                                             ,Fall 2025
Kern CCD,Cerro Coso,HCRSC208    ,CCC000542466,Critical Thinking and Leadership for the Vocational Nurse           ,2,Licensed Vocational Nursing-123020                                                   ,Credit - Degree Applicable                                                 ,Transferable to CSU only                                                   ,01.50,01.50,Course is not a basic skills course                                        ,Clearly Occupational (but not advanced)                                    ,Not applicable                                                             ,"Not Applicable, Credit course                                              ",Y,Course is not a support course                                             ,Fall 2025
Kern CCD,Cerro Coso,HCRSC216    ,CCC000542468,Clinical Nursing III                                                ,2,Licensed Vocational Nursing-123020                                                   ,Credit - Degree Applicable                                                 ,Transferable to CSU only                                                   ,06.00,06.00,Course is not a basic skills course                                        ,Clearly Occupational (but not advanced)                                    ,Not applicable                                                             ,"Not Applicable, Credit course                                              ",Y,Course is not a support course                                             ,Fall 2025
Kern CCD,Cerro Coso,HCRSC205    ,CCC000542848,Medical Surgical Nursing III                                        ,2,Licensed Vocational Nursing-123020                                                   ,Credit - Degree Applicable                                                 ,Transferable to CSU only                                                   ,03.50,03.50,Course is not a basic skills course                                        ,Clearly Occupational (but not advanced)                                    ,Not applicable                                                             ,"Not Applicable, Credit course                                              ",Y,Course is not a support course                                             ,Fall 2025
Kern CCD,Cerro Coso,HCRSC206    ,CCC000542849,Maternal/Child Nursing                                              ,2,Licensed Vocational Nursing-123020                                                   ,Credit - Degree Applicable                                                 ,Transferable to CSU only                                                   ,03.00,03.00,Course is not a basic skills course                                        ,Clearly Occupational (but not advanced)                                    ,Not applicable                                                             ,"Not Applicable, Credit course                                              ",Y,Course is not a support course                                             ,Fall 2025
Kern CCD,Cerro Coso,HCRSC207    ,CCC000542850,Advanced Pharmacology                                               ,2,Licensed Vocational Nursing-123020                                                   ,Credit - Degree Applicable                                                 ,Transferable to CSU only                                                   ,01.00,01.00,Course is not a basic skills course                                        ,Clearly Occupational (but not advanced)                                    ,Not applicable                                                             ,"Not Applicable, Credit course                                              ",Y,Course is not a support course                                             ,Fall 2025
Kern CCD,Cerro Coso,WELDC101    ,CCC000543248,Oxyacetylene Welding                                                ,8,Welding Technology-095650                                                            ,Credit - Degree Applicable                                                 ,Transferable to CSU only                                                   ,03.00,03.00,Course is not a basic skills course                                        ,Possibly Occupational                                                      ,Not applicable                                                             ,"Not Applicable, Credit course                                              ",Y,Course is not a support course                                             ,Fall 2025
Kern CCD,Porterville,KINP205     ,CCC000543472,Advanced Weight Training                                            ,3,Physical Fitness and Body Movement-083510                                            ,Credit - Degree Applicable                                                 ,Transferable to both UC and CSU                                            ,02.00,01.00,Course is not a basic skills course                                        ,Non-Occupational                                                           ,Not applicable                                                             ,"Not Applicable, Credit course                                              ",Y,Course is not a support course                                             ,Fall 2025
Kern CCD,Porterville,KINP206A    ,CCC000543473,Shape Up-Circuit Training                                           ,1,Physical Fitness and Body Movement-083510                                            ,Credit - Degree Applicable                                                 ,Transferable to both UC and CSU                                            ,02.00,00.50,Course is not a basic skills course                                        ,Non-Occupational                                                           ,Not applicable                                                             ,"Not Applicable, Credit course                                              ",Y,Course is not a support course                                             ,Fall 2025
Kern CCD,Porterville,KINP309     ,CCC000543493,Off Season Softball-Women                                           ,1,Intercollegiate Athletics-083550                                                     ,Credit - Degree Applicable                                                 ,Transferable to both UC and CSU                                            ,02.00,01.00,Course is not a basic skills course                                        ,Non-Occupational                                                           ,Not applicable                                                             ,"Not Applicable, Credit course                                              ",Y,Course is not a support course                                             ,Fall 2025
Kern CCD,Porterville,KINP301     ,CCC000543494,Off Season Interc-Baseball-Men                                      ,1,Intercollegiate Athletics-083550                                                     ,Credit - Degree Applicable                                                 ,Transferable to both UC and CSU                                            ,02.00,01.00,Course is not a basic skills course                                        ,Non-Occupational                                                           ,Not applicable                                                             ,"Not Applicable, Credit course                                              ",Y,Course is not a support course                                             ,Fall 2025
Kern CCD,Cerro Coso,BIOLC262    ,CCC000547071,General Microbiology                                                ,1,MicroBiology-040300                                                                  ,Credit - Degree Applicable                                                 ,Transferable to both UC and CSU                                            ,05.00,05.00,Course is not a basic skills course                                        ,Non-Occupational                                                           ,Not applicable                                                             ,"Not Applicable, Credit course                                              ",Y,Course is not a support course                                             ,Fall 2025
Kern CCD,Cerro Coso,DMAC102     ,CCC000547072,Digital Imaging                                                     ,8,Website Design and Development-061430                                                ,Credit - Degree Applicable                                                 ,Transferable to both UC and CSU                                            ,03.00,03.00,Course is not a basic skills course                                        ,Clearly Occupational (but not advanced)                                    ,Not applicable                                                             ,"Not Applicable, Credit course                                              ",Y,Course is not a support course                                             ,Fall 2025
Kern CCD,Cerro Coso,DMAC111     ,CCC000547073,Fundamentals of Web Develop.                                        ,1,Website Design and Development-061430                                                ,Credit - Degree Applicable                                                 ,Transferable to CSU only                                                   ,03.00,03.00,Course is not a basic skills course                                        ,Possibly Occupational                                                      ,Not applicable                                                             ,"Not Applicable, Credit course                                              ",Y,Course is not a support course                                             ,Fall 2025
Kern CCD,Cerro Coso,CSCIC252    ,CCC000547177,Intro to Computer Science                                           ,1,Computer Science (Transfer)-070600                                                   ,Credit - Degree Applicable                                                 ,Transferable to both UC and CSU                                            ,03.00,03.00,Course is not a basic skills course                                        ,Non-Occupational                                                           ,Not applicable                                                             ,"Not Applicable, Credit course                                              ",Y,Course is not a support course                                             ,Fall 2025
Kern CCD,Cerro Coso,FRENC101    ,CCC000547181,Elementary French I                                                 ,2,French-110200                                                                        ,Credit - Degree Applicable                                                 ,Transferable to both UC and CSU                                            ,05.00,05.00,Course is not a basic skills course                                        ,Non-Occupational                                                           ,Not applicable                                                             ,"Not Applicable, Credit course                                              ",Y,Course is not a support course                                             ,Fall 2025
Kern CCD,Cerro Coso,MUSCC131    ,CCC000547259,Orchestra                                                           ,1,Music-100400                                                                         ,Credit - Degree Applicable                                                 ,Transferable to both UC and CSU                                            ,01.00,01.00,Course is not a basic skills course                                        ,Non-Occupational                                                           ,Not applicable                                                             ,"Not Applicable, Credit course                                              ",Y,Course is not a support course                                             ,Fall 2025
Kern CCD,Cerro Coso,MUSCC141    ,CCC000547260,Concert Band                                                        ,1,Music-100400                                                                         ,Credit - Degree Applicable                                                 ,Transferable to both UC and CSU                                            ,01.00,01.00,Course is not a basic skills course                                        ,Non-Occupational                                                           ,Not applicable                                                             ,"Not Applicable, Credit course                                              ",Y,Course is not a support course                                             ,Fall 2025
Kern CCD,Cerro Coso,PSYCC220    ,CCC000547264,Physiological Psychology                                            ,1,"Psychology, General-200100                                                           ",Credit - Degree Applicable                                                 ,Transferable to both UC and CSU                                            ,03.00,03.00,Course is not a basic skills course                                        ,Non-Occupational                                                           ,Not applicable                                                             ,"Not Applicable, Credit course                                              ",Y,Course is not a support course                                             ,Fall 2025
Kern CCD,Bakersfield,VNRSB67     ,CCC000547714,Principles of Pharmacology                                          ,1,Licensed Vocational Nursing-123020                                                   ,Credit - Degree Applicable                                                 ,Not transferable                                                           ,02.00,02.00,Course is not a basic skills course                                        ,Clearly Occupational (but not advanced)                                    ,Not applicable                                                             ,"Not Applicable, Credit course                                              ",Y,Course is not a support course                                             ,Fall 2025
Kern CCD,Bakersfield,VNRSB69     ,CCC000547715,Foundations for VNRS Practice                                       ,1,Licensed Vocational Nursing-123020                                                   ,Credit - Degree Applicable                                                 ,Not transferable                                                           ,03.00,03.00,Course is not a basic skills course                                        ,Clearly Occupational (but not advanced)                                    ,Not applicable                                                             ,"Not Applicable, Credit course                                              ",Y,Course is not a support course                                             ,Fall 2025
Kern CCD,Bakersfield,VNRSB68     ,CCC000547716,Basic Medical Surgical Nursing                                      ,1,Licensed Vocational Nursing-123020                                                   ,Credit - Degree Applicable                                                 ,Not transferable                                                           ,03.00,03.00,Course is not a basic skills course                                        ,Clearly Occupational (but not advanced)                                    ,Not applicable                                                             ,"Not Applicable, Credit course                                              ",Y,Course is not a support course                                             ,Fall 2025
Kern CCD,Porterville,COMMP103    ,CCC000548206,Persuasion                                                          ,2,Speech Communication-150600                                                          ,Credit - Degree Applicable                                                 ,Transferable to both UC and CSU                                            ,03.00,03.00,Course is not a basic skills course                                        ,Non-Occupational                                                           ,Not applicable                                                             ,"Not Applicable, Credit course                                              ",Y,Course is not a support course                                             ,Fall 2025
Kern CCD,Bakersfield,VNRSB69L    ,CCC000548224,Foundation VNRS Practice Lab                                        ,1,Licensed Vocational Nursing-123020                                                   ,Credit - Degree Applicable                                                 ,Not transferable                                                           ,06.00,06.00,Course is not a basic skills course                                        ,Clearly Occupational (but not advanced)                                    ,Not applicable                                                             ,"Not Applicable, Credit course                                              ",Y,Course is not a support course                                             ,Fall 2025
Kern CCD,Bakersfield,CHEMB30A    ,CCC000548288,"Organic Chem for Sci Majors, I                                      ",3,"Chemistry, General-190500                                                            ",Credit - Degree Applicable                                                 ,Transferable to both UC and CSU                                            ,05.00,05.00,Course is not a basic skills course                                        ,Non-Occupational                                                           ,Not applicable                                                             ,"Not Applicable, Credit course                                              ",Y,Course is not a support course                                             ,Fall 2025
Kern CCD,Bakersfield,ENGLB3      ,CCC000548429,Arg Wrtg & Critical Thnk Lit                                        ,7,English-150100                                                                       ,Credit - Degree Applicable                                                 ,Transferable to both UC and CSU                                            ,04.00,04.00,Course is not a basic skills course                                        ,Non-Occupational                                                           ,Not applicable                                                             ,"Not Applicable, Credit course                                              ",A,Course is not a support course                                             ,Fall 2025
Kern CCD,Cerro Coso,HCRSC182    ,CCC000548431,Basic Cardiac Rhythm Interpretation                                 ,1,Licensed Vocational Nursing-123020                                                   ,Credit - Degree Applicable                                                 ,Transferable to CSU only                                                   ,03.00,03.00,Course is not a basic skills course                                        ,Clearly Occupational (but not advanced)                                    ,Not applicable                                                             ,"Not Applicable, Credit course                                              ",Y,Course is not a support course                                             ,Fall 2025
Kern CCD,Bakersfield,SPANB35     ,CCC000548478,Span for Heritage Speakers I                                        ,1,Spanish-110500                                                                       ,Credit - Degree Applicable                                                 ,Transferable to both UC and CSU                                            ,04.00,04.00,Course is not a basic skills course                                        ,Non-Occupational                                                           ,Not applicable                                                             ,"Not Applicable, Credit course                                              ",Y,Course is not a support course                                             ,Fall 2025
Kern CCD,Porterville,KINP317     ,CCC000548608,Intercollegiate Team Condition                                      ,2,Intercollegiate Athletics-083550                                                     ,Credit - Degree Applicable                                                 ,Transferable to both UC and CSU                                            ,02.00,01.00,Course is not a basic skills course                                        ,Non-Occupational                                                           ,Not applicable                                                             ,"Not Applicable, Credit course                                              ",Y,Course is not a support course                                             ,Fall 2025
Kern CCD,Porterville,KINP303     ,CCC000548609,Off Season Basketball-Men                                           ,1,Intercollegiate Athletics-083550                                                     ,Credit - Degree Applicable                                                 ,Transferable to both UC and CSU                                            ,01.00,01.00,Course is not a basic skills course                                        ,Non-Occupational                                                           ,Not applicable                                                             ,"Not Applicable, Credit course                                              ",Y,Course is not a support course                                             ,Fall 2025
Kern CCD,Porterville,KINP305     ,CCC000548611,Off Season-Basketball-Women                                         ,1,Intercollegiate Athletics-083550                                                     ,Credit - Degree Applicable                                                 ,Transferable to both UC and CSU                                            ,01.00,01.00,Course is not a basic skills course                                        ,Non-Occupational                                                           ,Not applicable                                                             ,"Not Applicable, Credit course                                              ",Y,Course is not a support course                                             ,Fall 2025
Kern CCD,Bakersfield,HISTB20A    ,CCC000548701,African Amer History/US to1877                                      ,7,History-220500                                                                       ,Credit - Degree Applicable                                                 ,Transferable to both UC and CSU                                            ,03.00,03.00,Course is not a basic skills course                                        ,Non-Occupational                                                           ,Not applicable                                                             ,"Not Applicable, Credit course                                              ",Y,Course is not a support course                                             ,Fall 2025
Kern CCD,Bakersfield,CHDVB41     ,CCC000548702,Suprvsd Fld Exp/Erly Chldhd Ed                                      ,3,Child Development/Early Care and Education-130500                                    ,Credit - Degree Applicable                                                 ,Transferable to CSU only                                                   ,03.00,03.00,Course is not a basic skills course                                        ,Clearly Occupational (but not advanced)                                    ,Not applicable                                                             ,"Not Applicable, Credit course                                              ",Y,Course is not a support course                                             ,Fall 2025
Kern CCD,Bakersfield,HISTB33     ,CCC000548707,Latin American History                                              ,1,History-220500                                                                       ,Credit - Degree Applicable                                                 ,Transferable to both UC and CSU                                            ,03.00,03.00,Course is not a basic skills course                                        ,Non-Occupational                                                           ,Not applicable                                                             ,"Not Applicable, Credit course                                              ",Y,Course is not a support course                                             ,Fall 2025
Kern CCD,Bakersfield,HISTB30A    ,CCC000548708,Early Chicano History                                               ,21,History-220500                                                                       ,Credit - Degree Applicable                                                 ,Transferable to both UC and CSU                                            ,03.00,03.00,Course is not a basic skills course                                        ,Non-Occupational                                                           ,Not applicable                                                             ,"Not Applicable, Credit course                                              ",Y,Course is not a support course                                             ,Fall 2025
Kern CCD,Bakersfield,CRIMB7      ,CCC000548787,Crim Profiling Violent Offendr                                      ,2,Administration of Justice-210500                                                     ,Credit - Degree Applicable                                                 ,Transferable to CSU only                                                   ,03.00,03.00,Course is not a basic skills course                                        ,Clearly Occupational (but not advanced)                                    ,Not applicable                                                             ,"Not Applicable, Credit course                                              ",Y,Course is not a support course                                             ,Fall 2025
Kern CCD,Bakersfield,HISTB20B    ,CCC000548788,African Amer/US Since 1865                                          ,7,History-220500                                                                       ,Credit - Degree Applicable                                                 ,Transferable to both UC and CSU                                            ,03.00,03.00,Course is not a basic skills course                                        ,Non-Occupational                                                           ,Not applicable                                                             ,"Not Applicable, Credit course                                              ",Y,Course is not a support course                                             ,Fall 2025
Kern CCD,Bakersfield,ENGLB24     ,CCC000549150,Latino/a Literature                                                 ,1,Comparative Literature-150300                                                        ,Credit - Degree Applicable                                                 ,Transferable to both UC and CSU                                            ,03.00,03.00,Course is not a basic skills course                                        ,Non-Occupational                                                           ,Not applicable                                                             ,"Not Applicable, Credit course                                              ",Y,Course is not a support course                                             ,Fall 2025
Kern CCD,Bakersfield,GEOGB5      ,CCC000551888,World Regional Geography                                            ,2,Geography-220600                                                                     ,Credit - Degree Applicable                                                 ,Transferable to both UC and CSU                                            ,03.00,03.00,Course is not a basic skills course                                        ,Non-Occupational                                                           ,Not applicable                                                             ,"Not Applicable, Credit course                                              ",Y,Course is not a support course                                             ,Fall 2025
Kern CCD,Bakersfield,MUSCB7      ,CCC000551890,Applied Music                                                       ,4,Music-100400                                                                         ,Credit - Degree Applicable                                                 ,Transferable to both UC and CSU                                            ,01.00,01.00,Course is not a basic skills course                                        ,Non-Occupational                                                           ,Not applicable                                                             ,"Not Applicable, Credit course                                              ",Y,Course is not a support course                                             ,Fall 2025
Kern CCD,Bakersfield,THEAB14     ,CCC000551984,Introduction to Stage Costume                                       ,1,Dramatic Arts-100700                                                                 ,Credit - Degree Applicable                                                 ,Transferable to both UC and CSU                                            ,03.00,03.00,Course is not a basic skills course                                        ,Non-Occupational                                                           ,Not applicable                                                             ,"Not Applicable, Credit course                                              ",Y,Course is not a support course                                             ,Fall 2025
Kern CCD,Bakersfield,BSADB2      ,CCC000552108,Managerial Accounting                                               ,10,Accounting-050200                                                                    ,Credit - Degree Applicable                                                 ,Transferable to both UC and CSU                                            ,03.00,03.00,Course is not a basic skills course                                        ,Clearly Occupational (but not advanced)                                    ,Not applicable                                                             ,"Not Applicable, Credit course                                              ",Y,Course is not a support course                                             ,Fall 2025
Kern CCD,Bakersfield,HISTB30B    ,CCC000552110,Hist of Chicanos/SW since 1848                                      ,12,History-220500                                                                       ,Credit - Degree Applicable                                                 ,Transferable to both UC and CSU                                            ,03.00,03.00,Course is not a basic skills course                                        ,Non-Occupational                                                           ,Not applicable                                                             ,"Not Applicable, Credit course                                              ",Y,Course is not a support course                                             ,Fall 2025
Kern CCD,Bakersfield,THEAB28     ,CCC000552111,Technical Theatre Laboratory                                        ,1,Dramatic Arts-100700                                                                 ,Credit - Degree Applicable                                                 ,Transferable to both UC and CSU                                            ,01.00,01.00,Course is not a basic skills course                                        ,Non-Occupational                                                           ,Not applicable                                                             ,"Not Applicable, Credit course                                              ",Y,Course is not a support course                                             ,Fall 2025
Kern CCD,Bakersfield,ENGLB20A    ,CCC000552112,Survey of World Literature                                          ,1,Comparative Literature-150300                                                        ,Credit - Degree Applicable                                                 ,Transferable to both UC and CSU                                            ,03.00,03.00,Course is not a basic skills course                                        ,Non-Occupational                                                           ,Not applicable                                                             ,"Not Applicable, Credit course                                              ",Y,Course is not a support course                                             ,Fall 2025
Kern CCD,Bakersfield,ENGLB2      ,CCC000552113,Critical Thinking and Writing                                       ,5,English-150100                                                                       ,Credit - Degree Applicable                                                 ,Transferable to both UC and CSU                                            ,04.00,04.00,Course is not a basic skills course                                        ,Non-Occupational                                                           ,Not applicable                                                             ,"Not Applicable, Credit course                                              ",A,Course is not a support course                                             ,Fall 2025
Kern CCD,Bakersfield,MATHB2      ,CCC000552134,Bas Functions/Calculus For Bus                                      ,1,"Mathematics, General-170100                                                          ",Credit - Degree Applicable                                                 ,Transferable to both UC and CSU                                            ,04.00,04.00,Course is not a basic skills course                                        ,Non-Occupational                                                           ,Not applicable                                                             ,"Not Applicable, Credit course                                              ",B,Course is not a support course                                             ,Fall 2025
Kern CCD,Porterville,ENGLP101C   ,CCC000552848,Critical Thinking and Writing                                       ,2,English-150100                                                                       ,Credit - Degree Applicable                                                 ,Transferable to both UC and CSU                                            ,03.00,03.00,Course is not a basic skills course                                        ,Non-Occupational                                                           ,Not applicable                                                             ,"Not Applicable, Credit course                                              ",A,Course is not a support course                                             ,Fall 2025
Kern CCD,Bakersfield,COMPB31     ,CCC000552921,CompTIA Ntwrk Secrty-Secrty+                                        ,1,Computer Infrastructure and Support-070800                                           ,Credit - Degree Applicable                                                 ,Transferable to CSU only                                                   ,03.00,03.00,Course is not a basic skills course                                        ,Clearly Occupational (but not advanced)                                    ,Not applicable                                                             ,"Not Applicable, Credit course                                              ",Y,Course is not a support course                                             ,Fall 2025
Kern CCD,Bakersfield,COMPB13     ,CCC000553560,Computer Architecture & Organi                                      ,2,Computer Programming-070710                                                          ,Credit - Degree Applicable                                                 ,Transferable to both UC and CSU                                            ,03.00,03.00,Course is not a basic skills course                                        ,Clearly Occupational (but not advanced)                                    ,Not applicable                                                             ,"Not Applicable, Credit course                                              ",Y,Course is not a support course                                             ,Fall 2025
Kern CCD,Bakersfield,VNRSB89     ,CCC000553790,Adv. Medical Surgical Nursing                                       ,1,Licensed Vocational Nursing-123020                                                   ,Credit - Degree Applicable                                                 ,Not transferable                                                           ,03.50,03.50,Course is not a basic skills course                                        ,Clearly Occupational (but not advanced)                                    ,Not applicable                                                             ,"Not Applicable, Credit course                                              ",Y,Course is not a support course                                             ,Fall 2025
Kern CCD,Bakersfield,VNRSB88L    ,CCC000553791,Maternal Child Nursing Lab                                          ,1,Licensed Vocational Nursing-123020                                                   ,Credit - Degree Applicable                                                 ,Not transferable                                                           ,03.00,03.00,Course is not a basic skills course                                        ,Clearly Occupational (but not advanced)                                    ,Not applicable                                                             ,"Not Applicable, Credit course                                              ",Y,Course is not a support course                                             ,Fall 2025
Kern CCD,Bakersfield,VNRSB88     ,CCC000553792,Maternal Child Nursing                                              ,1,Licensed Vocational Nursing-123020                                                   ,Credit - Degree Applicable                                                 ,Not transferable                                                           ,03.00,03.00,Course is not a basic skills course                                        ,Clearly Occupational (but not advanced)                                    ,Not applicable                                                             ,"Not Applicable, Credit course                                              ",Y,Course is not a support course                                             ,Fall 2025
Kern CCD,Bakersfield,VNRSB84     ,CCC000553793,Maternal Child Pharmacology                                         ,1,Licensed Vocational Nursing-123020                                                   ,Credit - Degree Applicable                                                 ,Not transferable                                                           ,01.00,01.00,Course is not a basic skills course                                        ,Clearly Occupational (but not advanced)                                    ,Not applicable                                                             ,"Not Applicable, Credit course                                              ",Y,Course is not a support course                                             ,Fall 2025
Kern CCD,Bakersfield,VNRSB83     ,CCC000553794,Crit Think/Leadrshp Voc Nurse                                       ,1,Licensed Vocational Nursing-123020                                                   ,Credit - Degree Applicable                                                 ,Not transferable                                                           ,01.50,01.50,Course is not a basic skills course                                        ,Clearly Occupational (but not advanced)                                    ,Not applicable                                                             ,"Not Applicable, Credit course                                              ",Y,Course is not a support course                                             ,Fall 2025
Kern CCD,Bakersfield,VNRSB89L    ,CCC000553943,Adv Med Surgical Nursing Lab                                        ,1,Licensed Vocational Nursing-123020                                                   ,Credit - Degree Applicable                                                 ,Not transferable                                                           ,03.00,03.00,Course is not a basic skills course                                        ,Clearly Occupational (but not advanced)                                    ,Not applicable                                                             ,"Not Applicable, Credit course                                              ",Y,Course is not a support course                                             ,Fall 2025
Kern CCD,Cerro Coso,PARAC220    ,CCC000554021,Bankruptcy Law                                                      ,1,Paralegal-140200                                                                     ,Credit - Degree Applicable                                                 ,Transferable to CSU only                                                   ,03.00,03.00,Course is not a basic skills course                                        ,Clearly Occupational (but not advanced)                                    ,Not applicable                                                             ,"Not Applicable, Credit course                                              ",Y,Course is not a support course                                             ,Fall 2025
Kern CCD,Cerro Coso,PARAC190    ,CCC000554022,Legal Ethics                                                        ,1,Paralegal-140200                                                                     ,Credit - Degree Applicable                                                 ,Transferable to CSU only                                                   ,03.00,03.00,Course is not a basic skills course                                        ,Advanced Occupational (not limited to apprentices)                         ,Not applicable                                                             ,"Not Applicable, Credit course                                              ",Y,Course is not a support course                                             ,Fall 2025
Kern CCD,Bakersfield,COMPB41     ,CCC000554104,Web Design: Design Tools                                            ,1,Website Design and Development-061430                                                ,Credit - Degree Applicable                                                 ,Transferable to CSU only                                                   ,03.00,03.00,Course is not a basic skills course                                        ,Possibly Occupational                                                      ,Not applicable                                                             ,"Not Applicable, Credit course                                              ",Y,Course is not a support course                                             ,Fall 2025
Kern CCD,Bakersfield,COMPB12     ,CCC000554256,Programming Concpts & Methd II                                      ,3,Computer Programming-070710                                                          ,Credit - Degree Applicable                                                 ,Transferable to both UC and CSU                                            ,03.00,03.00,Course is not a basic skills course                                        ,Clearly Occupational (but not advanced)                                    ,Not applicable                                                             ,"Not Applicable, Credit course                                              ",Y,Course is not a support course                                             ,Fall 2025
Kern CCD,Cerro Coso,ENGLC102    ,CCC000554701,Crit. Thinking Through Lit.                                         ,15,Comparative Literature-150300                                                        ,Credit - Degree Applicable                                                 ,Transferable to both UC and CSU                                            ,04.00,04.00,Course is not a basic skills course                                        ,Non-Occupational                                                           ,Not applicable                                                             ,"Not Applicable, Credit course                                              ",A,Course is not a support course                                             ,Fall 2025
Kern CCD,Porterville,SOCIP170    ,CCC000555351,Community/Social Psychology                                         ,1,Sociology-220800                                                                     ,Credit - Degree Applicable                                                 ,Transferable to both UC and CSU                                            ,03.00,03.00,Course is not a basic skills course                                        ,Non-Occupational                                                           ,Not applicable                                                             ,"Not Applicable, Credit course                                              ",Y,Course is not a support course                                             ,Fall 2025
Kern CCD,Cerro Coso,ENGLC102H   ,CCC000555707,Crit. Thinking through Lit:Hon                                      ,1,Comparative Literature-150300                                                        ,Credit - Degree Applicable                                                 ,Transferable to both UC and CSU                                            ,05.00,05.00,Course is not a basic skills course                                        ,Non-Occupational                                                           ,Not applicable                                                             ,"Not Applicable, Credit course                                              ",A,Course is not a support course                                             ,Fall 2025
Kern CCD,Porterville,SOCIP160    ,CCC000555902,Crime and Society                                                   ,1,Sociology-220800                                                                     ,Credit - Degree Applicable                                                 ,Transferable to both UC and CSU                                            ,03.00,03.00,Course is not a basic skills course                                        ,Non-Occupational                                                           ,Not applicable                                                             ,"Not Applicable, Credit course                                              ",Y,Course is not a support course                                             ,Fall 2025
Kern CCD,Porterville,SOCIP140    ,CCC000555903,Gender and Society                                                  ,1,Sociology-220800                                                                     ,Credit - Degree Applicable                                                 ,Transferable to both UC and CSU                                            ,03.00,03.00,Course is not a basic skills course                                        ,Non-Occupational                                                           ,Not applicable                                                             ,"Not Applicable, Credit course                                              ",Y,Course is not a support course                                             ,Fall 2025
Kern CCD,Porterville,SOCIP130    ,CCC000555904,Family and Society                                                  ,1,Sociology-220800                                                                     ,Credit - Degree Applicable                                                 ,Transferable to both UC and CSU                                            ,03.00,03.00,Course is not a basic skills course                                        ,Non-Occupational                                                           ,Not applicable                                                             ,"Not Applicable, Credit course                                              ",Y,Course is not a support course                                             ,Fall 2025
Kern CCD,Bakersfield,ENGLB1A     ,CCC000556026,Academic Reading and Writing                                        ,176,English-150100                                                                       ,Credit - Degree Applicable                                                 ,Transferable to both UC and CSU                                            ,03.00,03.00,Course is not a basic skills course                                        ,Non-Occupational                                                           ,Not applicable                                                             ,"Not Applicable, Credit course                                              ",A,Course is not a support course                                             ,Fall 2025
Kern CCD,Porterville,MUSCP117    ,CCC000556636,College Choir                                                       ,1,Music-100400                                                                         ,Credit - Degree Applicable                                                 ,Transferable to both UC and CSU                                            ,01.00,01.00,Course is not a basic skills course                                        ,Non-Occupational                                                           ,Not applicable                                                             ,"Not Applicable, Credit course                                              ",Y,Course is not a support course                                             ,Fall 2025
Kern CCD,Cerro Coso,HCRSC121    ,CCC000556666,Nutrition                                                           ,3,"Nutrition, Foods, and Culinary Arts-130600                                           ",Credit - Degree Applicable                                                 ,Transferable to CSU only                                                   ,03.00,03.00,Course is not a basic skills course                                        ,Possibly Occupational                                                      ,Not applicable                                                             ,"Not Applicable, Credit course                                              ",Y,Course is not a support course                                             ,Fall 2025
Kern CCD,Cerro Coso,ANTHC141    ,CCC000556722,Introduction to Native America                                      ,6,Anthropology-220200                                                                  ,Credit - Degree Applicable                                                 ,Transferable to both UC and CSU                                            ,03.00,03.00,Course is not a basic skills course                                        ,Non-Occupational                                                           ,Not applicable                                                             ,"Not Applicable, Credit course                                              ",Y,Course is not a support course                                             ,Fall 2025
Kern CCD,Porterville,BIOLP119    ,CCC000556752,Human Anatomy                                                       ,4,Anatomy and Physiology-041000                                                        ,Credit - Degree Applicable                                                 ,Transferable to both UC and CSU                                            ,04.00,04.00,Course is not a basic skills course                                        ,Non-Occupational                                                           ,Not applicable                                                             ,"Not Applicable, Credit course                                              ",Y,Course is not a support course                                             ,Fall 2025
Kern CCD,Porterville,ENGLP101B   ,CCC000556780,Critical Thinking and Writing                                       ,10,Comparative Literature-150300                                                        ,Credit - Degree Applicable                                                 ,Transferable to both UC and CSU                                            ,04.00,04.00,Course is not a basic skills course                                        ,Non-Occupational                                                           ,Not applicable                                                             ,"Not Applicable, Credit course                                              ",A,Course is not a support course                                             ,Fall 2025
Kern CCD,Porterville,MATHP205    ,CCC000556781,Calculus 3 w/Analytic Geometry                                      ,1,"Mathematics, General-170100                                                          ",Credit - Degree Applicable                                                 ,Transferable to both UC and CSU                                            ,04.00,04.00,Course is not a basic skills course                                        ,Non-Occupational                                                           ,Not applicable                                                             ,"Not Applicable, Credit course                                              ",B,Course is not a support course                                             ,Fall 2025
Kern CCD,Porterville,MATHP104    ,CCC000556783,Calculus 2 w/Analytic Geometry                                      ,2,"Mathematics, General-170100                                                          ",Credit - Degree Applicable                                                 ,Transferable to both UC and CSU                                            ,04.00,04.00,Course is not a basic skills course                                        ,Non-Occupational                                                           ,Not applicable                                                             ,"Not Applicable, Credit course                                              ",B,Course is not a support course                                             ,Fall 2025
Kern CCD,Porterville,EMTCP050    ,CCC000556784,Emergency Medical Tech-Basic                                        ,1,Emergency Medical Services-125000                                                    ,Credit - Degree Applicable                                                 ,Not transferable                                                           ,08.50,08.50,Course is not a basic skills course                                        ,Clearly Occupational (but not advanced)                                    ,Not applicable                                                             ,"Not Applicable, Credit course                                              ",Y,Course is not a support course                                             ,Fall 2025
Kern CCD,Bakersfield,COMPB42     ,CCC000556875,Web Design: HTML and CSS                                            ,1,Website Design and Development-061430                                                ,Credit - Degree Applicable                                                 ,Transferable to CSU only                                                   ,03.00,03.00,Course is not a basic skills course                                        ,Possibly Occupational                                                      ,Not applicable                                                             ,"Not Applicable, Credit course                                              ",Y,Course is not a support course                                             ,Fall 2025
Kern CCD,Bakersfield,COMPB32     ,CCC000556876,CompTIA Linux+                                                      ,1,Computer Infrastructure and Support-070800                                           ,Credit - Degree Applicable                                                 ,Transferable to CSU only                                                   ,03.00,03.00,Course is not a basic skills course                                        ,Clearly Occupational (but not advanced)                                    ,Not applicable                                                             ,"Not Applicable, Credit course                                              ",Y,Course is not a support course                                             ,Fall 2025
Kern CCD,Bakersfield,COMPB5      ,CCC000557007,Introduction to Microsoft 365                                       ,42,Software Applications-070210                                                         ,Credit - Degree Applicable                                                 ,Transferable to CSU only                                                   ,03.00,03.00,Course is not a basic skills course                                        ,Clearly Occupational (but not advanced)                                    ,Not applicable                                                             ,"Not Applicable, Credit course                                              ",Y,Course is not a support course                                             ,Fall 2025
Kern CCD,Bakersfield,COMPB2      ,CCC000557008,Intro to Computer Info Systems                                      ,5,"Information Technology, General-070100                                               ",Credit - Degree Applicable                                                 ,Transferable to CSU only                                                   ,03.00,03.00,Course is not a basic skills course                                        ,Clearly Occupational (but not advanced)                                    ,Not applicable                                                             ,"Not Applicable, Credit course                                              ",Y,Course is not a support course                                             ,Fall 2025
Kern CCD,Cerro Coso,HISTC118    ,CCC000557221,California History                                                  ,1,History-220500                                                                       ,Credit - Degree Applicable                                                 ,Transferable to both UC and CSU                                            ,03.00,03.00,Course is not a basic skills course                                        ,Non-Occupational                                                           ,Not applicable                                                             ,"Not Applicable, Credit course                                              ",Y,Course is not a support course                                             ,Fall 2025
Kern CCD,Bakersfield,WELDB65AB   ,CCC000557697,Welded Steel Structures                                             ,2,Welding Technology-095650                                                            ,Credit - Degree Applicable                                                 ,Not transferable                                                           ,03.00,03.00,Course is not a basic skills course                                        ,Clearly Occupational (but not advanced)                                    ,Not applicable                                                             ,"Not Applicable, Credit course                                              ",Y,Course is not a support course                                             ,Fall 2025
Kern CCD,Bakersfield,COMPB33     ,CCC000557700,CompTIA Networking Tech - Net+                                      ,1,Computer Networking-070810                                                           ,Credit - Degree Applicable                                                 ,Transferable to CSU only                                                   ,03.00,03.00,Course is not a basic skills course                                        ,Clearly Occupational (but not advanced)                                    ,Not applicable                                                             ,"Not Applicable, Credit course                                              ",Y,Course is not a support course                                             ,Fall 2025
Kern CCD,Bakersfield,ADMJB40     ,CCC000557701,Law and Democracy                                                   ,1,"Law, General-140100                                                                  ",Credit - Degree Applicable                                                 ,Transferable to both UC and CSU                                            ,03.00,03.00,Course is not a basic skills course                                        ,Non-Occupational                                                           ,Not applicable                                                             ,"Not Applicable, Credit course                                              ",Y,Course is not a support course                                             ,Fall 2025
Kern CCD,Cerro Coso,ANTHC122    ,CCC000557705,Biological Anthropology Lab                                         ,3,Anthropology-220200                                                                  ,Credit - Degree Applicable                                                 ,Transferable to both UC and CSU                                            ,01.00,01.00,Course is not a basic skills course                                        ,Non-Occupational                                                           ,Not applicable                                                             ,"Not Applicable, Credit course                                              ",Y,Course is not a support course                                             ,Fall 2025
Kern CCD,Bakersfield,EDUCB24     ,CCC000558281,Introduc to Classroom Teaching                                      ,9,"Education, General-080100                                                            ",Credit - Degree Applicable                                                 ,Transferable to both UC and CSU                                            ,03.00,03.00,Course is not a basic skills course                                        ,Non-Occupational                                                           ,Not applicable                                                             ,"Not Applicable, Credit course                                              ",Y,Course is not a support course                                             ,Fall 2025
Kern CCD,Bakersfield,FIREB71A    ,CCC000558287,Seasonal Firefghtr Basic Trng                                       ,1,Wildland Fire Technology-213310                                                      ,Credit - Degree Applicable                                                 ,Not transferable                                                           ,02.00,02.00,Course is not a basic skills course                                        ,Clearly Occupational (but not advanced)                                    ,Not applicable                                                             ,"Not Applicable, Credit course                                              ",Y,Course is not a support course                                             ,Fall 2025
Kern CCD,Porterville,STATP122    ,CCC000558883,Introduction to Statistics                                          ,14,"Mathematics, General-170100                                                          ",Credit - Degree Applicable                                                 ,Transferable to both UC and CSU                                            ,04.00,04.00,Course is not a basic skills course                                        ,Non-Occupational                                                           ,Not applicable                                                             ,"Not Applicable, Credit course                                              ",B,Course is not a support course                                             ,Fall 2025
Kern CCD,Bakersfield,LIBRB1      ,CCC000558972,Intro to Library Research                                           ,3,"Library Science, General-160100                                                      ",Credit - Degree Applicable                                                 ,Transferable to both UC and CSU                                            ,01.00,01.00,Course is not a basic skills course                                        ,Non-Occupational                                                           ,Not applicable                                                             ,"Not Applicable, Credit course                                              ",Y,Course is not a support course                                             ,Fall 2025
Kern CCD,Porterville,PHOTP101    ,CCC000559001,Introduction to Photography                                         ,1,Photography-101100                                                                   ,Credit - Degree Applicable                                                 ,Transferable to both UC and CSU                                            ,03.00,03.00,Course is not a basic skills course                                        ,Non-Occupational                                                           ,Not applicable                                                             ,"Not Applicable, Credit course                                              ",Y,Course is not a support course                                             ,Fall 2025
Kern CCD,Porterville,INFSP010    ,CCC000559306,Intro To Word Process/Word                                          ,1,Software Applications-070210                                                         ,Credit - Degree Applicable                                                 ,Not transferable                                                           ,02.00,02.00,Course is not a basic skills course                                        ,Possibly Occupational                                                      ,Not applicable                                                             ,"Not Applicable, Credit course                                              ",Y,Course is not a support course                                             ,Fall 2025
Kern CCD,Bakersfield,CRPSB5      ,CCC000559694,Plant Science                                                       ,21,Plant Science-010300                                                                 ,Credit - Degree Applicable                                                 ,Transferable to both UC and CSU                                            ,03.00,03.00,Course is not a basic skills course                                        ,Clearly Occupational (but not advanced)                                    ,Not applicable                                                             ,"Not Applicable, Credit course                                              ",Y,Course is not a support course                                             ,Fall 2025
Kern CCD,Bakersfield,EMTCB10     ,CCC000559696,Paramedic 1                                                         ,2,Paramedic-125100                                                                     ,Credit - Degree Applicable                                                 ,Transferable to CSU only                                                   ,06.00,06.00,Course is not a basic skills course                                        ,Clearly Occupational (but not advanced)                                    ,Not applicable                                                             ,"Not Applicable, Credit course                                              ",Y,Course is not a support course                                             ,Fall 2025
Kern CCD,Bakersfield,EMTCB17     ,CCC000559725,Paramedic Field Internship                                          ,1,Paramedic-125100                                                                     ,Credit - Degree Applicable                                                 ,Transferable to CSU only                                                   ,10.00,10.00,Course is not a basic skills course                                        ,Clearly Occupational (but not advanced)                                    ,Not applicable                                                             ,"Not Applicable, Credit course                                              ",Y,Course is not a support course                                             ,Fall 2025
Kern CCD,Bakersfield,EMTCB15     ,CCC000559727,Paramedic 4                                                         ,2,Paramedic-125100                                                                     ,Credit - Degree Applicable                                                 ,Transferable to CSU only                                                   ,06.00,06.00,Course is not a basic skills course                                        ,Clearly Occupational (but not advanced)                                    ,Not applicable                                                             ,"Not Applicable, Credit course                                              ",Y,Course is not a support course                                             ,Fall 2025
Kern CCD,Bakersfield,EMTCB14     ,CCC000559728,Paramedic Lab 2                                                     ,2,Paramedic-125100                                                                     ,Credit - Degree Applicable                                                 ,Transferable to CSU only                                                   ,01.00,01.00,Course is not a basic skills course                                        ,Clearly Occupational (but not advanced)                                    ,Not applicable                                                             ,"Not Applicable, Credit course                                              ",Y,Course is not a support course                                             ,Fall 2025
Kern CCD,Bakersfield,GEOLB11L    ,CCC000559729,Historical Geology Laboratory                                       ,1,Geology-191400                                                                       ,Credit - Degree Applicable                                                 ,Transferable to both UC and CSU                                            ,01.00,01.00,Course is not a basic skills course                                        ,Non-Occupational                                                           ,Not applicable                                                             ,"Not Applicable, Credit course                                              ",Y,Course is not a support course                                             ,Fall 2025
Kern CCD,Bakersfield,MCAGB4      ,CCC000559762,Agriculture Safety                                                  ,1,Agricultural Power Equipment Technology-011600                                       ,Credit - Degree Applicable                                                 ,Transferable to CSU only                                                   ,03.00,03.00,Course is not a basic skills course                                        ,Clearly Occupational (but not advanced)                                    ,Not applicable                                                             ,"Not Applicable, Credit course                                              ",Y,Course is not a support course                                             ,Fall 2025
Kern CCD,Bakersfield,ENGLB33     ,CCC000559763,Children's Literature                                               ,1,Comparative Literature-150300                                                        ,Credit - Degree Applicable                                                 ,Transferable to both UC and CSU                                            ,03.00,03.00,Course is not a basic skills course                                        ,Non-Occupational                                                           ,Not applicable                                                             ,"Not Applicable, Credit course                                              ",Y,Course is not a support course                                             ,Fall 2025
Kern CCD,Bakersfield,MCAGB10     ,CCC000559764,Farm Power Operation                                                ,1,Agricultural Power Equipment Technology-011600                                       ,Credit - Degree Applicable                                                 ,Transferable to CSU only                                                   ,03.00,03.00,Course is not a basic skills course                                        ,Clearly Occupational (but not advanced)                                    ,Not applicable                                                             ,"Not Applicable, Credit course                                              ",Y,Course is not a support course                                             ,Fall 2025
Kern CCD,Bakersfield,EMTCB13     ,CCC000559765,Paramedic 3                                                         ,2,Paramedic-125100                                                                     ,Credit - Degree Applicable                                                 ,Transferable to CSU only                                                   ,06.00,06.00,Course is not a basic skills course                                        ,Clearly Occupational (but not advanced)                                    ,Not applicable                                                             ,"Not Applicable, Credit course                                              ",Y,Course is not a support course                                             ,Fall 2025
Kern CCD,Bakersfield,AGBSB3      ,CCC000559766,Intro to Agriculture Business                                       ,5,"Agriculture Business, Sales and Service-011200                                       ",Credit - Degree Applicable                                                 ,Transferable to both UC and CSU                                            ,03.00,03.00,Course is not a basic skills course                                        ,Clearly Occupational (but not advanced)                                    ,Not applicable                                                             ,"Not Applicable, Credit course                                              ",Y,Course is not a support course                                             ,Fall 2025
Kern CCD,Bakersfield,EMTCB12     ,CCC000559799,Paramedic 2                                                         ,2,Paramedic-125100                                                                     ,Credit - Degree Applicable                                                 ,Transferable to CSU only                                                   ,06.00,06.00,Course is not a basic skills course                                        ,Clearly Occupational (but not advanced)                                    ,Not applicable                                                             ,"Not Applicable, Credit course                                              ",Y,Course is not a support course                                             ,Fall 2025
Kern CCD,Porterville,BIOLP110    ,CCC000559878,Principles of Biology                                               ,3,"Biology, General-040100                                                              ",Credit - Degree Applicable                                                 ,Transferable to both UC and CSU                                            ,04.00,04.00,Course is not a basic skills course                                        ,Non-Occupational                                                           ,Not applicable                                                             ,"Not Applicable, Credit course                                              ",Y,Course is not a support course                                             ,Fall 2025
Kern CCD,Porterville,INFSP020    ,CCC000560063,Intro Windows Sprdsheet/Excel                                       ,1,Software Applications-070210                                                         ,Credit - Degree Applicable                                                 ,Not transferable                                                           ,02.00,02.00,Course is not a basic skills course                                        ,Possibly Occupational                                                      ,Not applicable                                                             ,"Not Applicable, Credit course                                              ",Y,Course is not a support course                                             ,Fall 2025
Kern CCD,Bakersfield,ASLB4       ,CCC000560629,American Sign Language 4                                            ,1,Sign Language-085000                                                                 ,Credit - Degree Applicable                                                 ,Transferable to both UC and CSU                                            ,04.00,04.00,Course is not a basic skills course                                        ,Non-Occupational                                                           ,Not applicable                                                             ,"Not Applicable, Credit course                                              ",Y,Course is not a support course                                             ,Fall 2025
Kern CCD,Bakersfield,PHILB9      ,CCC000560630,Critical Thinking/Adv Composit                                      ,10,Philosophy-150900                                                                    ,Credit - Degree Applicable                                                 ,Transferable to both UC and CSU                                            ,03.00,03.00,Course is not a basic skills course                                        ,Non-Occupational                                                           ,Not applicable                                                             ,"Not Applicable, Credit course                                              ",A,Course is not a support course                                             ,Fall 2025
Kern CCD,Bakersfield,MCAGB3      ,CCC000560631,Small Gas Engines                                                   ,2,Agricultural Power Equipment Technology-011600                                       ,Credit - Degree Applicable                                                 ,Transferable to CSU only                                                   ,03.00,03.00,Course is not a basic skills course                                        ,Clearly Occupational (but not advanced)                                    ,Not applicable                                                             ,"Not Applicable, Credit course                                              ",Y,Course is not a support course                                             ,Fall 2025
Kern CCD,Bakersfield,ASLB3       ,CCC000560632,American Sign Language 3                                            ,1,Sign Language-085000                                                                 ,Credit - Degree Applicable                                                 ,Transferable to both UC and CSU                                            ,04.00,04.00,Course is not a basic skills course                                        ,Non-Occupational                                                           ,Not applicable                                                             ,"Not Applicable, Credit course                                              ",Y,Course is not a support course                                             ,Fall 2025
Kern CCD,Bakersfield,ASLB2       ,CCC000560633,American Sign Language 2                                            ,4,Sign Language-085000                                                                 ,Credit - Degree Applicable                                                 ,Transferable to both UC and CSU                                            ,04.00,04.00,Course is not a basic skills course                                        ,Non-Occupational                                                           ,Not applicable                                                             ,"Not Applicable, Credit course                                              ",Y,Course is not a support course                                             ,Fall 2025
Kern CCD,Bakersfield,ASLB1       ,CCC000560634,American Sign Language 1                                            ,9,Sign Language-085000                                                                 ,Credit - Degree Applicable                                                 ,Transferable to both UC and CSU                                            ,04.00,04.00,Course is not a basic skills course                                        ,Non-Occupational                                                           ,Not applicable                                                             ,"Not Applicable, Credit course                                              ",Y,Course is not a support course                                             ,Fall 2025
Kern CCD,Cerro Coso,ARTC105     ,CCC000561116,W. Art: Prehistory-Middle Ages                                      ,2,"Fine Arts, General-100100                                                            ",Credit - Degree Applicable                                                 ,Transferable to both UC and CSU                                            ,03.00,03.00,Course is not a basic skills course                                        ,Non-Occupational                                                           ,Not applicable                                                             ,"Not Applicable, Credit course                                              ",Y,Course is not a support course                                             ,Fall 2025
Kern CCD,Cerro Coso,ARTC106     ,CCC000561228,W. Art: Renaissance to Contemp                                      ,1,"Fine Arts, General-100100                                                            ",Credit - Degree Applicable                                                 ,Transferable to both UC and CSU                                            ,03.00,03.00,Course is not a basic skills course                                        ,Non-Occupational                                                           ,Not applicable                                                             ,"Not Applicable, Credit course                                              ",Y,Course is not a support course                                             ,Fall 2025
Kern CCD,Cerro Coso,ARTC108     ,CCC000561229,Modern Art                                                          ,1,"Fine Arts, General-100100                                                            ",Credit - Degree Applicable                                                 ,Transferable to both UC and CSU                                            ,03.00,03.00,Course is not a basic skills course                                        ,Non-Occupational                                                           ,Not applicable                                                             ,"Not Applicable, Credit course                                              ",Y,Course is not a support course                                             ,Fall 2025
Kern CCD,Cerro Coso,SOCIC161    ,CCC000561655,Crime and Society                                                   ,1,Sociology-220800                                                                     ,Credit - Degree Applicable                                                 ,Transferable to both UC and CSU                                            ,03.00,03.00,Course is not a basic skills course                                        ,Non-Occupational                                                           ,Not applicable                                                             ,"Not Applicable, Credit course                                              ",Y,Course is not a support course                                             ,Fall 2025
Kern CCD,Bakersfield,EMLSB72     ,CCC000563552,Basic Communication Skills                                          ,2,English as a Second Language - Listening and Speaking-493086                         ,Credit - Not Degree Applicable                                             ,Not transferable                                                           ,04.00,04.00,Course is a basic skills course                                            ,Non-Occupational                                                           ,Three levels below transfer                                                ,"Not Applicable, Credit course                                              ",Y,Course is not a support course                                             ,Fall 2025
Kern CCD,Bakersfield,EMLSB71     ,CCC000563553,Basic Reading                                                       ,1,English as a Second Language - Writing-493084                                        ,Credit - Not Degree Applicable                                             ,Not transferable                                                           ,04.00,04.00,Course is a basic skills course                                            ,Non-Occupational                                                           ,Three levels below transfer                                                ,"Not Applicable, Credit course                                              ",Y,Course is not a support course                                             ,Fall 2025
Kern CCD,Bakersfield,EMLSB62     ,CCC000563554,Interm Communication Skills                                         ,1,English as a Second Language - Listening and Speaking-493086                         ,Credit - Not Degree Applicable                                             ,Not transferable                                                           ,03.00,03.00,Course is a basic skills course                                            ,Non-Occupational                                                           ,Two levels below transfer                                                  ,"Not Applicable, Credit course                                              ",Y,Course is not a support course                                             ,Fall 2025
Kern CCD,Bakersfield,EMLSB61     ,CCC000563555,Intermediate Reading                                                ,1,English as a Second Language - Reading-493085                                        ,Credit - Not Degree Applicable                                             ,Not transferable                                                           ,04.00,04.00,Course is a basic skills course                                            ,Non-Occupational                                                           ,Two levels below transfer                                                  ,"Not Applicable, Credit course                                              ",Y,Course is not a support course                                             ,Fall 2025
Kern CCD,Bakersfield,EMLSB52     ,CCC000563556,Advanced Communication Skills                                       ,1,English as a Second Language - Listening and Speaking-493086                         ,Credit - Not Degree Applicable                                             ,Not transferable                                                           ,03.00,03.00,Course is a basic skills course                                            ,Non-Occupational                                                           ,One level below transfer                                                   ,"Not Applicable, Credit course                                              ",Y,Course is not a support course                                             ,Fall 2025
Kern CCD,Cerro Coso,ITC251      ,CCC000564176,Introduction to Programming Co                                      ,2,Computer Information Systems-070200                                                  ,Credit - Degree Applicable                                                 ,Transferable to both UC and CSU                                            ,03.00,03.00,Course is not a basic skills course                                        ,Clearly Occupational (but not advanced)                                    ,Not applicable                                                             ,"Not Applicable, Credit course                                              ",Y,Course is not a support course                                             ,Fall 2025
Kern CCD,Bakersfield,CHEMB11     ,CCC000564500,Intro General Organic/Biochem                                       ,7,"Chemistry, General-190500                                                            ",Credit - Degree Applicable                                                 ,Transferable to both UC and CSU                                            ,05.00,05.00,Course is not a basic skills course                                        ,Non-Occupational                                                           ,Not applicable                                                             ,"Not Applicable, Credit course                                              ",Y,Course is not a support course                                             ,Fall 2025
Kern CCD,Bakersfield,ENGRB24     ,CCC000564528,Engineer Graphcs with Solidwrk                                      ,2,"Engineering, General (requires Calculus) (Transfer)-090100                           ",Credit - Degree Applicable                                                 ,Transferable to both UC and CSU                                            ,03.00,03.00,Course is not a basic skills course                                        ,Non-Occupational                                                           ,Not applicable                                                             ,"Not Applicable, Credit course                                              ",Y,Course is not a support course                                             ,Fall 2025
Kern CCD,Bakersfield,JAPNB3      ,CCC000564740,Japanese III                                                        ,1,Japanese-110800                                                                      ,Credit - Degree Applicable                                                 ,Transferable to both UC and CSU                                            ,04.00,04.00,Course is not a basic skills course                                        ,Non-Occupational                                                           ,Not applicable                                                             ,"Not Applicable, Credit course                                              ",Y,Course is not a support course                                             ,Fall 2025
Kern CCD,Bakersfield,JAPNB2      ,CCC000564741,Japanese II                                                         ,1,Japanese-110800                                                                      ,Credit - Degree Applicable                                                 ,Transferable to both UC and CSU                                            ,04.00,04.00,Course is not a basic skills course                                        ,Non-Occupational                                                           ,Not applicable                                                             ,"Not Applicable, Credit course                                              ",Y,Course is not a support course                                             ,Fall 2025
Kern CCD,Bakersfield,JAPNB1      ,CCC000564742,Japanese I                                                          ,4,Japanese-110800                                                                      ,Credit - Degree Applicable                                                 ,Transferable to both UC and CSU                                            ,04.00,04.00,Course is not a basic skills course                                        ,Non-Occupational                                                           ,Not applicable                                                             ,"Not Applicable, Credit course                                              ",Y,Course is not a support course                                             ,Fall 2025
Kern CCD,Porterville,MATHP101    ,CCC000566830,College PreCalculus II                                              ,1,"Mathematics, General-170100                                                          ",Credit - Degree Applicable                                                 ,Transferable to both UC and CSU                                            ,04.00,04.00,Course is not a basic skills course                                        ,Non-Occupational                                                           ,Not applicable                                                             ,"Not Applicable, Credit course                                              ",B,Course is not a support course                                             ,Fall 2025
Kern CCD,Porterville,ARTP106     ,CCC000568150,2-D Design                                                          ,1,Art-100200                                                                           ,Credit - Degree Applicable                                                 ,Transferable to both UC and CSU                                            ,03.00,03.00,Course is not a basic skills course                                        ,Non-Occupational                                                           ,Not applicable                                                             ,"Not Applicable, Credit course                                              ",Y,Course is not a support course                                             ,Fall 2025
Kern CCD,Bakersfield,ENGRB47     ,CCC000568179,Intro to Engineering/Design                                         ,6,"Engineering, General (requires Calculus) (Transfer)-090100                           ",Credit - Degree Applicable                                                 ,Transferable to both UC and CSU                                            ,02.00,02.00,Course is not a basic skills course                                        ,Non-Occupational                                                           ,Not applicable                                                             ,"Not Applicable, Credit course                                              ",Y,Course is not a support course                                             ,Fall 2025
Kern CCD,Cerro Coso,ITC142      ,CCC000568438, Information & Communication T                                      ,3,Computer Information Systems-070200                                                  ,Credit - Degree Applicable                                                 ,Transferable to CSU only                                                   ,04.00,04.00,Course is not a basic skills course                                        ,Clearly Occupational (but not advanced)                                    ,Not applicable                                                             ,"Not Applicable, Credit course                                              ",Y,Course is not a support course                                             ,Fall 2025
Kern CCD,Cerro Coso,LIBRC100    ,CCC000569036,Intro Library Research/Bibliog                                      ,3,English-150100                                                                       ,Credit - Degree Applicable                                                 ,Transferable to both UC and CSU                                            ,01.00,01.00,Course is not a basic skills course                                        ,Non-Occupational                                                           ,Not applicable                                                             ,"Not Applicable, Credit course                                              ",Y,Course is not a support course                                             ,Fall 2025
Kern CCD,Cerro Coso,SWHSC116    ,CCC000569037,Case Management                                                     ,3,Human Services-210400                                                                ,Credit - Degree Applicable                                                 ,Transferable to CSU only                                                   ,03.00,03.00,Course is not a basic skills course                                        ,Clearly Occupational (but not advanced)                                    ,Not applicable                                                             ,"Not Applicable, Credit course                                              ",Y,Course is not a support course                                             ,Fall 2025
Kern CCD,Cerro Coso,PSYCC151    ,CCC000569039,Human Sexuality                                                     ,1,"Psychology, General-200100                                                           ",Credit - Degree Applicable                                                 ,Transferable to both UC and CSU                                            ,03.00,03.00,Course is not a basic skills course                                        ,Non-Occupational                                                           ,Not applicable                                                             ,"Not Applicable, Credit course                                              ",Y,Course is not a support course                                             ,Fall 2025
Kern CCD,Cerro Coso,PSYCC181    ,CCC000569040,Lifespan Development                                                ,3,"Psychology, General-200100                                                           ",Credit - Degree Applicable                                                 ,Transferable to both UC and CSU                                            ,03.00,03.00,Course is not a basic skills course                                        ,Non-Occupational                                                           ,Not applicable                                                             ,"Not Applicable, Credit course                                              ",Y,Course is not a support course                                             ,Fall 2025
Kern CCD,Cerro Coso,WELDC204    ,CCC000569041,Pipe Welding                                                        ,1,Welding Technology-095650                                                            ,Credit - Degree Applicable                                                 ,Not transferable                                                           ,03.00,03.00,Course is not a basic skills course                                        ,Clearly Occupational (but not advanced)                                    ,Not applicable                                                             ,"Not Applicable, Credit course                                              ",Y,Course is not a support course                                             ,Fall 2025
Kern CCD,Bakersfield,MUSCB36     ,CCC000571563,Music Business                                                      ,1,Commercial Music-100500                                                              ,Credit - Degree Applicable                                                 ,Transferable to CSU only                                                   ,03.00,03.00,Course is not a basic skills course                                        ,Clearly Occupational (but not advanced)                                    ,Not applicable                                                             ,"Not Applicable, Credit course                                              ",Y,Course is not a support course                                             ,Fall 2025
Kern CCD,Bakersfield,MUSCB34     ,CCC000571564,Recording Techniques I                                              ,1,Commercial Music-100500                                                              ,Credit - Degree Applicable                                                 ,Transferable to CSU only                                                   ,03.00,03.00,Course is not a basic skills course                                        ,Clearly Occupational (but not advanced)                                    ,Not applicable                                                             ,"Not Applicable, Credit course                                              ",Y,Course is not a support course                                             ,Fall 2025
Kern CCD,Bakersfield,MUSCB32     ,CCC000571565,Sound Design and Synthesis                                          ,1,Commercial Music-100500                                                              ,Credit - Degree Applicable                                                 ,Transferable to CSU only                                                   ,03.00,03.00,Course is not a basic skills course                                        ,Clearly Occupational (but not advanced)                                    ,Not applicable                                                             ,"Not Applicable, Credit course                                              ",Y,Course is not a support course                                             ,Fall 2025
Kern CCD,Bakersfield,MUSCB31     ,CCC000571566,Commercial Music Composition                                        ,2,Commercial Music-100500                                                              ,Credit - Degree Applicable                                                 ,Transferable to CSU only                                                   ,03.00,03.00,Course is not a basic skills course                                        ,Clearly Occupational (but not advanced)                                    ,Not applicable                                                             ,"Not Applicable, Credit course                                              ",Y,Course is not a support course                                             ,Fall 2025
Kern CCD,Bakersfield,MUSCB30     ,CCC000571567,Intro to Music Technology                                           ,2,Commercial Music-100500                                                              ,Credit - Degree Applicable                                                 ,Transferable to CSU only                                                   ,03.00,03.00,Course is not a basic skills course                                        ,Clearly Occupational (but not advanced)                                    ,Not applicable                                                             ,"Not Applicable, Credit course                                              ",Y,Course is not a support course                                             ,Fall 2025
Kern CCD,Bakersfield,MUSCB33     ,CCC000571570,Live Sound                                                          ,1,Commercial Music-100500                                                              ,Credit - Degree Applicable                                                 ,Transferable to CSU only                                                   ,03.00,03.00,Course is not a basic skills course                                        ,Clearly Occupational (but not advanced)                                    ,Not applicable                                                             ,"Not Applicable, Credit course                                              ",Y,Course is not a support course                                             ,Fall 2025
Kern CCD,Bakersfield,ANSCB4      ,CCC000571749,Dairy Production                                                    ,1,Dairy Science-010230                                                                 ,Credit - Degree Applicable                                                 ,Transferable to CSU only                                                   ,03.00,03.00,Course is not a basic skills course                                        ,Clearly Occupational (but not advanced)                                    ,Not applicable                                                             ,"Not Applicable, Credit course                                              ",Y,Course is not a support course                                             ,Fall 2025
Kern CCD,Porterville,EL2P92BZ    ,CCC000572036,High Beginning Listening and Speaking                               ,1,English as a Second Language - Listening and Speaking-493086                         ,Noncredit                                                                  ,Not transferable                                                           ,00.00,00.00,Course is a basic skills course                                            ,Non-Occupational                                                           ,Four levels below transfer                                                 ,English as a Second Language (ESL)                                         ,Y,Course is not a support course                                             ,Fall 2025
Kern CCD,Porterville,EL2P91BZ    ,CCC000572037,High Beginning Grammar and Writing                                  ,2,English as a Second Language - Writing-493084                                        ,Noncredit                                                                  ,Not transferable                                                           ,00.00,00.00,Course is a basic skills course                                            ,Non-Occupational                                                           ,Four levels below transfer                                                 ,English as a Second Language (ESL)                                         ,Y,Course is not a support course                                             ,Fall 2025
Kern CCD,Cerro Coso,COLLC100    ,CCC000573017,Student Success Career Pathway                                      ,2,Career Guidance and Orientation-493010                                               ,Credit - Degree Applicable                                                 ,Transferable to CSU only                                                   ,03.00,03.00,Course is not a basic skills course                                        ,Non-Occupational                                                           ,Not applicable                                                             ,"Not Applicable, Credit course                                              ",Y,Course is not a support course                                             ,Fall 2025
Kern CCD,Cerro Coso,CHDVC281    ,CCC000573188,Adult Supervision and Mentoring in Early Care and Education         ,1,Child Development/Early Care and Education-130500                                    ,Credit - Degree Applicable                                                 ,Transferable to CSU only                                                   ,03.00,03.00,Course is not a basic skills course                                        ,Advanced Occupational (not limited to apprentices)                         ,Not applicable                                                             ,"Not Applicable, Credit course                                              ",Y,Course is not a support course                                             ,Fall 2025
Kern CCD,Cerro Coso,CHDVC141    ,CCC000573189,Introduction to Children with Disabilities and Delays               ,1,Children with Special Needs-130520                                                   ,Credit - Degree Applicable                                                 ,Transferable to CSU only                                                   ,03.00,03.00,Course is not a basic skills course                                        ,Clearly Occupational (but not advanced)                                    ,Not applicable                                                             ,"Not Applicable, Credit course                                              ",Y,Course is not a support course                                             ,Fall 2025
Kern CCD,Porterville,MATHP115    ,CCC000573190,Structures and Concepts                                             ,2,"Mathematics, General-170100                                                          ",Credit - Degree Applicable                                                 ,Transferable to both UC and CSU                                            ,03.00,03.00,Course is not a basic skills course                                        ,Non-Occupational                                                           ,Not applicable                                                             ,"Not Applicable, Credit course                                              ",B,Course is not a support course                                             ,Fall 2025
Kern CCD,Porterville,BSADP155    ,CCC000573192,Business Statistics                                                 ,2,Business Administration-050500                                                       ,Credit - Degree Applicable                                                 ,Transferable to both UC and CSU                                            ,03.00,03.00,Course is not a basic skills course                                        ,Clearly Occupational (but not advanced)                                    ,Not applicable                                                             ,"Not Applicable, Credit course                                              ",B,Course is not a support course                                             ,Fall 2025
Kern CCD,Bakersfield,INDAB100    ,CCC000573203,Industrial Design Graphics I                                        ,2,Electro-Mechanical Technology-093500                                                 ,Credit - Degree Applicable                                                 ,Not transferable                                                           ,03.00,03.00,Course is not a basic skills course                                        ,Clearly Occupational (but not advanced)                                    ,Not applicable                                                             ,"Not Applicable, Credit course                                              ",Y,Course is not a support course                                             ,Fall 2025
Kern CCD,Bakersfield,INDAB110    ,CCC000573206,Industrial Automation Networks                                      ,1,Electro-Mechanical Technology-093500                                                 ,Credit - Degree Applicable                                                 ,Not transferable                                                           ,03.00,03.00,Course is not a basic skills course                                        ,Advanced Occupational (not limited to apprentices)                         ,Not applicable                                                             ,"Not Applicable, Credit course                                              ",Y,Course is not a support course                                             ,Fall 2025
Kern CCD,Bakersfield,INDAB114    ,CCC000573208,Indt. Safety Principles & Mgmt                                      ,1,Electro-Mechanical Technology-093500                                                 ,Credit - Degree Applicable                                                 ,Not transferable                                                           ,03.00,03.00,Course is not a basic skills course                                        ,Clearly Occupational (but not advanced)                                    ,Not applicable                                                             ,"Not Applicable, Credit course                                              ",Y,Course is not a support course                                             ,Fall 2025
Kern CCD,Bakersfield,INDAB122    ,CCC000573210,Appld Method Motion Proc Cntr                                       ,1,Electro-Mechanical Technology-093500                                                 ,Credit - Degree Applicable                                                 ,Not transferable                                                           ,03.00,03.00,Course is not a basic skills course                                        ,Advanced Occupational (not limited to apprentices)                         ,Not applicable                                                             ,"Not Applicable, Credit course                                              ",Y,Course is not a support course                                             ,Fall 2025
Kern CCD,Bakersfield,ENGLB100    ,CCC000573212,Technical Writing                                                   ,1,English-150100                                                                       ,Credit - Degree Applicable                                                 ,Not transferable                                                           ,03.00,03.00,Course is not a basic skills course                                        ,Non-Occupational                                                           ,Not applicable                                                             ,"Not Applicable, Credit course                                              ",Y,Course is not a support course                                             ,Fall 2025
Kern CCD,Bakersfield,INDAB140    ,CCC000573216,Quality Management                                                  ,1,Electro-Mechanical Technology-093500                                                 ,Credit - Degree Applicable                                                 ,Not transferable                                                           ,03.00,03.00,Course is not a basic skills course                                        ,Advanced Occupational (not limited to apprentices)                         ,Not applicable                                                             ,"Not Applicable, Credit course                                              ",Y,Course is not a support course                                             ,Fall 2025
Kern CCD,Bakersfield,INDAB144    ,CCC000573218,Leadership                                                          ,1,Electro-Mechanical Technology-093500                                                 ,Credit - Degree Applicable                                                 ,Not transferable                                                           ,03.00,03.00,Course is not a basic skills course                                        ,Advanced Occupational (not limited to apprentices)                         ,Not applicable                                                             ,"Not Applicable, Credit course                                              ",Y,Course is not a support course                                             ,Fall 2025
Kern CCD,Bakersfield,PSYCB100    ,CCC000573221,Indt. & Organizational Psyc                                         ,1,"Psychology, General-200100                                                           ",Credit - Degree Applicable                                                 ,Not transferable                                                           ,03.00,03.00,Course is not a basic skills course                                        ,Non-Occupational                                                           ,Not applicable                                                             ,"Not Applicable, Credit course                                              ",Y,Course is not a support course                                             ,Fall 2025
Kern CCD,Bakersfield,PHILB100    ,CCC000573222,Industry Ethics                                                     ,1,Philosophy-150900                                                                    ,Credit - Degree Applicable                                                 ,Not transferable                                                           ,03.00,03.00,Course is not a basic skills course                                        ,Non-Occupational                                                           ,Not applicable                                                             ,"Not Applicable, Credit course                                              ",Y,Course is not a support course                                             ,Fall 2025
Kern CCD,Cerro Coso,CHDVC111    ,CCC000573444,Principles of Child Guidance                                        ,2,Child Development/Early Care and Education-130500                                    ,Credit - Degree Applicable                                                 ,Transferable to CSU only                                                   ,03.00,03.00,Course is not a basic skills course                                        ,Clearly Occupational (but not advanced)                                    ,Not applicable                                                             ,"Not Applicable, Credit course                                              ",Y,Course is not a support course                                             ,Fall 2025
Kern CCD,Porterville,STSSP105    ,CCC000573791,College Planning and Success                                        ,4,Academic Guidance-493013                                                             ,Credit - Degree Applicable                                                 ,Transferable to both UC and CSU                                            ,01.00,01.00,Course is not a basic skills course                                        ,Non-Occupational                                                           ,Not applicable                                                             ,"Not Applicable, Credit course                                              ",Y,Course is not a support course                                             ,Fall 2025
Kern CCD,Cerro Coso,ITC248      ,CCC000574154,System and Network Administrat                                      ,1,Computer Networking-070810                                                           ,Credit - Degree Applicable                                                 ,Transferable to CSU only                                                   ,03.00,03.00,Course is not a basic skills course                                        ,Clearly Occupational (but not advanced)                                    ,Not applicable                                                             ,"Not Applicable, Credit course                                              ",Y,Course is not a support course                                             ,Fall 2025
Kern CCD,Cerro Coso,ITC255      ,CCC000574155,Introduction to Cybersecurity:                                      ,1,Computer Networking-070810                                                           ,Credit - Degree Applicable                                                 ,Transferable to CSU only                                                   ,03.00,03.00,Course is not a basic skills course                                        ,Clearly Occupational (but not advanced)                                    ,Not applicable                                                             ,"Not Applicable, Credit course                                              ",Y,Course is not a support course                                             ,Fall 2025
Kern CCD,Bakersfield,ARTB20      ,CCC000574477,Digital Art - Vector                                                ,3,Graphic Art and Design-103000                                                        ,Credit - Degree Applicable                                                 ,Transferable to both UC and CSU                                            ,03.00,03.00,Course is not a basic skills course                                        ,Clearly Occupational (but not advanced)                                    ,Not applicable                                                             ,"Not Applicable, Credit course                                              ",Y,Course is not a support course                                             ,Fall 2025
Kern CCD,Porterville,FIREP050    ,CCC000574478,Fire Fighter I Academy                                              ,1,Fire Technology-213300                                                               ,Credit - Degree Applicable                                                 ,Not transferable                                                           ,14.00,14.00,Course is not a basic skills course                                        ,Advanced Occupational (not limited to apprentices)                         ,Not applicable                                                             ,"Not Applicable, Credit course                                              ",Y,Course is not a support course                                             ,Fall 2025
Kern CCD,Bakersfield,HMSVB5      ,CCC000574577,Human Services Internship                                           ,1,Human Services-210400                                                                ,Credit - Degree Applicable                                                 ,Transferable to CSU only                                                   ,02.00,02.00,Course is not a basic skills course                                        ,Advanced Occupational (not limited to apprentices)                         ,Not applicable                                                             ,"Not Applicable, Credit course                                              ",Y,Course is not a support course                                             ,Fall 2025
Kern CCD,Bakersfield,ADMJB60     ,CCC000574580,Arrest/Control Technqs. PC 832                                      ,6,Police Academy-210550                                                                ,Credit - Not Degree Applicable                                             ,Not transferable                                                           ,02.50,02.50,Course is not a basic skills course                                        ,Clearly Occupational (but not advanced)                                    ,Not applicable                                                             ,"Not Applicable, Credit course                                              ",Y,Course is not a support course                                             ,Fall 2025
Kern CCD,Porterville,INFSP110    ,CCC000575132,Info & Comm Tech Essentials                                         ,1,"Information Technology, General-070100                                               ",Credit - Degree Applicable                                                 ,Transferable to CSU only                                                   ,04.00,04.00,Course is not a basic skills course                                        ,Clearly Occupational (but not advanced)                                    ,Not applicable                                                             ,"Not Applicable, Credit course                                              ",Y,Course is not a support course                                             ,Fall 2025
Kern CCD,Bakersfield,CADMB74     ,CCC000575226,Weaponlss Defnse/Cntrl Tactics                                      ,5,Corrections-210510                                                                   ,Credit - Not Degree Applicable                                             ,Not transferable                                                           ,00.50,00.50,Course is not a basic skills course                                        ,Clearly Occupational (but not advanced)                                    ,Not applicable                                                             ,"Not Applicable, Credit course                                              ",Y,Course is not a support course                                             ,Fall 2025
Kern CCD,Bakersfield,CADMB70B    ,CCC000575228,Prison Gangs                                                        ,5,Corrections-210510                                                                   ,Credit - Not Degree Applicable                                             ,Not transferable                                                           ,00.50,00.50,Course is not a basic skills course                                        ,Clearly Occupational (but not advanced)                                    ,Not applicable                                                             ,"Not Applicable, Credit course                                              ",Y,Course is not a support course                                             ,Fall 2025
Kern CCD,Bakersfield,CADMB70G    ,CCC000575233,Understanding Prejudice                                             ,5,Corrections-210510                                                                   ,Credit - Not Degree Applicable                                             ,Not transferable                                                           ,00.50,00.50,Course is not a basic skills course                                        ,Clearly Occupational (but not advanced)                                    ,Not applicable                                                             ,"Not Applicable, Credit course                                              ",Y,Course is not a support course                                             ,Fall 2025
Kern CCD,Bakersfield,CADMB70I    ,CCC000575237,Anger Management                                                    ,5,Corrections-210510                                                                   ,Credit - Not Degree Applicable                                             ,Not transferable                                                           ,00.50,00.50,Course is not a basic skills course                                        ,Clearly Occupational (but not advanced)                                    ,Not applicable                                                             ,"Not Applicable, Credit course                                              ",Y,Course is not a support course                                             ,Fall 2025
Kern CCD,Bakersfield,CADMB70H    ,CCC000575238,Crime Scene Preservtn/Invstgtn                                      ,5,Corrections-210510                                                                   ,Credit - Not Degree Applicable                                             ,Not transferable                                                           ,00.50,00.50,Course is not a basic skills course                                        ,Clearly Occupational (but not advanced)                                    ,Not applicable                                                             ,"Not Applicable, Credit course                                              ",Y,Course is not a support course                                             ,Fall 2025
Kern CCD,Porterville,INSTP103    ,CCC000576302,Advanced Applied Leadership                                         ,1,Leadership Skills Development-493072                                                 ,Credit - Degree Applicable                                                 ,Transferable to CSU only                                                   ,01.00,01.00,Course is not a basic skills course                                        ,Non-Occupational                                                           ,Not applicable                                                             ,"Not Applicable, Credit course                                              ",Y,Course is not a support course                                             ,Fall 2025
Kern CCD,Porterville,INFSP164    ,CCC000576413,Intro to Info Systems Security                                      ,1,"Information Technology, General-070100                                               ",Credit - Degree Applicable                                                 ,Transferable to CSU only                                                   ,03.00,03.00,Course is not a basic skills course                                        ,Possibly Occupational                                                      ,Not applicable                                                             ,"Not Applicable, Credit course                                              ",Y,Course is not a support course                                             ,Fall 2025
Kern CCD,Porterville,INFSP180    ,CCC000576467,Intro to Database Management                                        ,1,Computer Systems Analysis-070730                                                     ,Credit - Degree Applicable                                                 ,Transferable to both UC and CSU                                            ,03.00,03.00,Course is not a basic skills course                                        ,Clearly Occupational (but not advanced)                                    ,Not applicable                                                             ,"Not Applicable, Credit course                                              ",Y,Course is not a support course                                             ,Fall 2025
Kern CCD,Porterville,INSTP102    ,CCC000576476,Intermediate Applied Leadershi                                      ,1,Leadership Skills Development-493072                                                 ,Credit - Degree Applicable                                                 ,Transferable to CSU only                                                   ,01.00,01.00,Course is not a basic skills course                                        ,Non-Occupational                                                           ,Not applicable                                                             ,"Not Applicable, Credit course                                              ",Y,Course is not a support course                                             ,Fall 2025
Kern CCD,Porterville,INSTP101    ,CCC000576824,Beginning Applied Leadership                                        ,1,Leadership Skills Development-493072                                                 ,Credit - Degree Applicable                                                 ,Transferable to CSU only                                                   ,01.00,01.00,Course is not a basic skills course                                        ,Non-Occupational                                                           ,Not applicable                                                             ,"Not Applicable, Credit course                                              ",Y,Course is not a support course                                             ,Fall 2025
Kern CCD,Bakersfield,ENGRB20     ,CCC000578347,MATLAB Prog Engr & Scientists                                       ,1,"Engineering, General (requires Calculus) (Transfer)-090100                           ",Credit - Degree Applicable                                                 ,Transferable to both UC and CSU                                            ,03.00,03.00,Course is not a basic skills course                                        ,Non-Occupational                                                           ,Not applicable                                                             ,"Not Applicable, Credit course                                              ",Y,Course is not a support course                                             ,Fall 2025
Kern CCD,Bakersfield,AUTOB40     ,CCC000578353,Suspension/Steering/Wheel Alig                                      ,2,Automotive Technology-094800                                                         ,Credit - Degree Applicable                                                 ,Transferable to CSU only                                                   ,04.00,04.00,Course is not a basic skills course                                        ,Clearly Occupational (but not advanced)                                    ,Not applicable                                                             ,"Not Applicable, Credit course                                              ",Y,Course is not a support course                                             ,Fall 2025
Kern CCD,Bakersfield,AUTOB39     ,CCC000578354,Level 1 and Level 2 Smog Inspe                                      ,2,Automotive Technology-094800                                                         ,Credit - Degree Applicable                                                 ,Transferable to CSU only                                                   ,04.00,04.00,Course is not a basic skills course                                        ,Clearly Occupational (but not advanced)                                    ,Not applicable                                                             ,"Not Applicable, Credit course                                              ",Y,Course is not a support course                                             ,Fall 2025
Kern CCD,Bakersfield,AUTOB36     ,CCC000578355,Light Duty Diesel Performance                                       ,1,Automotive Technology-094800                                                         ,Credit - Degree Applicable                                                 ,Transferable to CSU only                                                   ,04.00,04.00,Course is not a basic skills course                                        ,Advanced Occupational (not limited to apprentices)                         ,Not applicable                                                             ,"Not Applicable, Credit course                                              ",Y,Course is not a support course                                             ,Fall 2025
Kern CCD,Bakersfield,AUTOB30     ,CCC000578359,Electrical and Electronic Syst                                      ,5,Automotive Technology-094800                                                         ,Credit - Degree Applicable                                                 ,Transferable to CSU only                                                   ,04.00,04.00,Course is not a basic skills course                                        ,Clearly Occupational (but not advanced)                                    ,Not applicable                                                             ,"Not Applicable, Credit course                                              ",Y,Course is not a support course                                             ,Fall 2025
Kern CCD,Bakersfield,AUTOB20     ,CCC000578363,"Engine Theory, Design and Diag                                      ",3,Automotive Technology-094800                                                         ,Credit - Degree Applicable                                                 ,Transferable to CSU only                                                   ,04.00,04.00,Course is not a basic skills course                                        ,Clearly Occupational (but not advanced)                                    ,Not applicable                                                             ,"Not Applicable, Credit course                                              ",Y,Course is not a support course                                             ,Fall 2025
Kern CCD,Porterville,ENGLP01AX   ,CCC000578367,NOTE: Requires registration in linked section of ENGL C1000         ,8,English-150100                                                                       ,Credit - Not Degree Applicable                                             ,Not transferable                                                           ,02.00,02.00,Course is a basic skills course                                            ,Non-Occupational                                                           ,Two levels below transfer                                                  ,"Not Applicable, Credit course                                              ",Y,Course is a support course                                                 ,Fall 2025
Kern CCD,Bakersfield,NURSB43     ,CCC000579209,Nurs Care of Med Surg Pat 2                                         ,2,Registered Nursing-123010                                                            ,Credit - Degree Applicable                                                 ,Transferable to CSU only                                                   ,05.50,05.50,Course is not a basic skills course                                        ,Clearly Occupational (but not advanced)                                    ,Not applicable                                                             ,"Not Applicable, Credit course                                              ",Y,Course is not a support course                                             ,Fall 2025
Kern CCD,Bakersfield,HEITB25     ,CCC000579211,Healthcare Reimbursement                                            ,1,Health Information Technology-122300                                                 ,Credit - Degree Applicable                                                 ,Transferable to CSU only                                                   ,03.00,03.00,Course is not a basic skills course                                        ,Clearly Occupational (but not advanced)                                    ,Not applicable                                                             ,"Not Applicable, Credit course                                              ",Y,Course is not a support course                                             ,Fall 2025
Kern CCD,Bakersfield,HEITB13     ,CCC000579212,Human Disease                                                       ,1,Health Information Technology-122300                                                 ,Credit - Degree Applicable                                                 ,Transferable to CSU only                                                   ,03.00,03.00,Course is not a basic skills course                                        ,Clearly Occupational (but not advanced)                                    ,Not applicable                                                             ,"Not Applicable, Credit course                                              ",Y,Course is not a support course                                             ,Fall 2025
Kern CCD,Bakersfield,HEITB60     ,CCC000579213,Human Form and Function                                             ,3,Health Information Technology-122300                                                 ,Credit - Degree Applicable                                                 ,Transferable to both UC and CSU                                            ,03.00,03.00,Course is not a basic skills course                                        ,Clearly Occupational (but not advanced)                                    ,Not applicable                                                             ,"Not Applicable, Credit course                                              ",Y,Course is not a support course                                             ,Fall 2025
Kern CCD,Bakersfield,HEITB20     ,CCC000579214,"Intl Class Dis, (ICD) Code I                                        ",1,Health Information Technology-122300                                                 ,Credit - Degree Applicable                                                 ,Transferable to CSU only                                                   ,04.00,04.00,Course is not a basic skills course                                        ,Clearly Occupational (but not advanced)                                    ,Not applicable                                                             ,"Not Applicable, Credit course                                              ",Y,Course is not a support course                                             ,Fall 2025
Kern CCD,Bakersfield,HEITB21     ,CCC000579215,"Intl Class Dis,(ICD) Coding II                                      ",1,Health Information Technology-122300                                                 ,Credit - Degree Applicable                                                 ,Transferable to CSU only                                                   ,04.00,04.00,Course is not a basic skills course                                        ,Clearly Occupational (but not advanced)                                    ,Not applicable                                                             ,"Not Applicable, Credit course                                              ",Y,Course is not a support course                                             ,Fall 2025
Kern CCD,Bakersfield,HEITB11     ,CCC000579216,Intro Hlth Info Tech: Altn Set                                      ,1,Health Information Technology-122300                                                 ,Credit - Degree Applicable                                                 ,Transferable to CSU only                                                   ,03.00,03.00,Course is not a basic skills course                                        ,Clearly Occupational (but not advanced)                                    ,Not applicable                                                             ,"Not Applicable, Credit course                                              ",Y,Course is not a support course                                             ,Fall 2025
Kern CCD,Bakersfield,HEITB10     ,CCC000579217,Intro Hlth Info Tech:Hosp Set                                       ,1,Health Information Technology-122300                                                 ,Credit - Degree Applicable                                                 ,Transferable to CSU only                                                   ,03.00,03.00,Course is not a basic skills course                                        ,Clearly Occupational (but not advanced)                                    ,Not applicable                                                             ,"Not Applicable, Credit course                                              ",Y,Course is not a support course                                             ,Fall 2025
Kern CCD,Bakersfield,HEITB23     ,CCC000579218,Med Legal Aspects of Hlth Info                                      ,1,Health Information Technology-122300                                                 ,Credit - Degree Applicable                                                 ,Transferable to CSU only                                                   ,03.00,03.00,Course is not a basic skills course                                        ,Clearly Occupational (but not advanced)                                    ,Not applicable                                                             ,"Not Applicable, Credit course                                              ",Y,Course is not a support course                                             ,Fall 2025
Kern CCD,Bakersfield,NURSB48     ,CCC000579219,Nurs Care Chldrn and Adolcnts                                       ,2,Registered Nursing-123010                                                            ,Credit - Degree Applicable                                                 ,Transferable to CSU only                                                   ,03.00,03.00,Course is not a basic skills course                                        ,Clearly Occupational (but not advanced)                                    ,Not applicable                                                             ,"Not Applicable, Credit course                                              ",Y,Course is not a support course                                             ,Fall 2025
Kern CCD,Bakersfield,NURSB47     ,CCC000579220,Nurs Care Maternal Newborn Pat                                      ,2,Registered Nursing-123010                                                            ,Credit - Degree Applicable                                                 ,Transferable to CSU only                                                   ,03.00,03.00,Course is not a basic skills course                                        ,Clearly Occupational (but not advanced)                                    ,Not applicable                                                             ,"Not Applicable, Credit course                                              ",Y,Course is not a support course                                             ,Fall 2025
Kern CCD,Bakersfield,NURSB41     ,CCC000579221,Nurs Care of Med Surg Pat I                                         ,2,Registered Nursing-123010                                                            ,Credit - Degree Applicable                                                 ,Transferable to CSU only                                                   ,04.00,04.00,Course is not a basic skills course                                        ,Clearly Occupational (but not advanced)                                    ,Not applicable                                                             ,"Not Applicable, Credit course                                              ",Y,Course is not a support course                                             ,Fall 2025
Kern CCD,Bakersfield,NURSB46     ,CCC000579222,Nurs Care  Medical Surg Pat 3                                       ,2,Registered Nursing-123010                                                            ,Credit - Degree Applicable                                                 ,Transferable to CSU only                                                   ,05.00,05.00,Course is not a basic skills course                                        ,Clearly Occupational (but not advanced)                                    ,Not applicable                                                             ,"Not Applicable, Credit course                                              ",Y,Course is not a support course                                             ,Fall 2025
Kern CCD,Bakersfield,NURSB44     ,CCC000579223,Nur Care Psyc-Mntl Hlth Client                                      ,2,Registered Nursing-123010                                                            ,Credit - Degree Applicable                                                 ,Transferable to CSU only                                                   ,03.00,03.00,Course is not a basic skills course                                        ,Clearly Occupational (but not advanced)                                    ,Not applicable                                                             ,"Not Applicable, Credit course                                              ",Y,Course is not a support course                                             ,Fall 2025
Kern CCD,Bakersfield,OSRMB12     ,CCC000579230,Occupational Health                                                 ,1,Industrial and Occupational Safety and Health-095670                                 ,Credit - Degree Applicable                                                 ,Transferable to CSU only                                                   ,03.00,03.00,Course is not a basic skills course                                        ,Clearly Occupational (but not advanced)                                    ,Not applicable                                                             ,"Not Applicable, Credit course                                              ",Y,Course is not a support course                                             ,Fall 2025
Kern CCD,Bakersfield,OSRMB10     ,CCC000579231,Occupational Safety                                                 ,1,Industrial and Occupational Safety and Health-095670                                 ,Credit - Degree Applicable                                                 ,Transferable to CSU only                                                   ,03.00,03.00,Course is not a basic skills course                                        ,Clearly Occupational (but not advanced)                                    ,Not applicable                                                             ,"Not Applicable, Credit course                                              ",Y,Course is not a support course                                             ,Fall 2025
Kern CCD,Bakersfield,HEITB24     ,CCC000579232,Healthcare Quality Management                                       ,1,Health Information Technology-122300                                                 ,Credit - Degree Applicable                                                 ,Transferable to CSU only                                                   ,03.00,03.00,Course is not a basic skills course                                        ,Clearly Occupational (but not advanced)                                    ,Not applicable                                                             ,"Not Applicable, Credit course                                              ",Y,Course is not a support course                                             ,Fall 2025
Kern CCD,Bakersfield,HEITB15     ,CCC000579233,Health Statistics                                                   ,1,Health Information Technology-122300                                                 ,Credit - Degree Applicable                                                 ,Transferable to CSU only                                                   ,03.00,03.00,Course is not a basic skills course                                        ,Clearly Occupational (but not advanced)                                    ,Not applicable                                                             ,"Not Applicable, Credit course                                              ",Y,Course is not a support course                                             ,Fall 2025
Kern CCD,Bakersfield,NURSB40     ,CCC000579234,Foundations Nursing Practice                                        ,2,Registered Nursing-123010                                                            ,Credit - Degree Applicable                                                 ,Transferable to CSU only                                                   ,04.50,04.50,Course is not a basic skills course                                        ,Clearly Occupational (but not advanced)                                    ,Not applicable                                                             ,"Not Applicable, Credit course                                              ",Y,Course is not a support course                                             ,Fall 2025
Kern CCD,Bakersfield,NURSB42     ,CCC000579237,Pharmacology for Nurs Practice                                      ,2,Registered Nursing-123010                                                            ,Credit - Degree Applicable                                                 ,Transferable to CSU only                                                   ,03.00,03.00,Course is not a basic skills course                                        ,Clearly Occupational (but not advanced)                                    ,Not applicable                                                             ,"Not Applicable, Credit course                                              ",Y,Course is not a support course                                             ,Fall 2025
Kern CCD,Bakersfield,HEITB30     ,CCC000579239,Professional Practice: HEIT                                         ,1,Health Information Technology-122300                                                 ,Credit - Degree Applicable                                                 ,Transferable to CSU only                                                   ,04.00,04.00,Course is not a basic skills course                                        ,Clearly Occupational (but not advanced)                                    ,Not applicable                                                             ,"Not Applicable, Credit course                                              ",Y,Course is not a support course                                             ,Fall 2025
Kern CCD,Bakersfield,HEITB22     ,CCC000579244,Current Proc Term (CPT) Coding                                      ,1,Health Information Technology-122300                                                 ,Credit - Degree Applicable                                                 ,Transferable to CSU only                                                   ,03.00,03.00,Course is not a basic skills course                                        ,Clearly Occupational (but not advanced)                                    ,Not applicable                                                             ,"Not Applicable, Credit course                                              ",Y,Course is not a support course                                             ,Fall 2025
Kern CCD,Bakersfield,HEITB16     ,CCC000579247,Computerized Hlth Info Systems                                      ,1,Health Information Technology-122300                                                 ,Credit - Degree Applicable                                                 ,Transferable to CSU only                                                   ,03.00,03.00,Course is not a basic skills course                                        ,Clearly Occupational (but not advanced)                                    ,Not applicable                                                             ,"Not Applicable, Credit course                                              ",Y,Course is not a support course                                             ,Fall 2025
Kern CCD,Bakersfield,HEITB26     ,CCC000579250,Suprvsn  Allied Hlth Professnl                                      ,1,Health Information Technology-122300                                                 ,Credit - Degree Applicable                                                 ,Transferable to CSU only                                                   ,03.00,03.00,Course is not a basic skills course                                        ,Clearly Occupational (but not advanced)                                    ,Not applicable                                                             ,"Not Applicable, Credit course                                              ",Y,Course is not a support course                                             ,Fall 2025
Kern CCD,Bakersfield,CNSTB5      ,CCC000579253,Building Construction I                                             ,1,Construction Crafts Technology-095200                                                ,Credit - Degree Applicable                                                 ,Transferable to CSU only                                                   ,04.00,04.00,Course is not a basic skills course                                        ,Clearly Occupational (but not advanced)                                    ,Not applicable                                                             ,"Not Applicable, Credit course                                              ",Y,Course is not a support course                                             ,Fall 2025
Kern CCD,Bakersfield,HEITB12     ,CCC000579254,Basic Pharmacology                                                  ,1,Health Information Technology-122300                                                 ,Credit - Degree Applicable                                                 ,Transferable to CSU only                                                   ,03.00,03.00,Course is not a basic skills course                                        ,Clearly Occupational (but not advanced)                                    ,Not applicable                                                             ,"Not Applicable, Credit course                                              ",Y,Course is not a support course                                             ,Fall 2025
Kern CCD,Porterville,EL2P91AZ    ,CCC000580252,Beginning Grammar and Writing                                       ,1,English as a Second Language - Writing-493084                                        ,Noncredit                                                                  ,Not transferable                                                           ,00.00,00.00,Course is a basic skills course                                            ,Non-Occupational                                                           ,Five levels below transfer                                                 ,English as a Second Language (ESL)                                         ,Y,Course is not a support course                                             ,Fall 2025
Kern CCD,Porterville,EL2P93AZ    ,CCC000580254,Intermediate Reading and Writing                                    ,1,English as a Second Language - Integrated-493087                                     ,Noncredit                                                                  ,Not transferable                                                           ,00.00,00.00,Course is a basic skills course                                            ,Non-Occupational                                                           ,Three levels below transfer                                                ,English as a Second Language (ESL)                                         ,Y,Course is not a support course                                             ,Fall 2025
Kern CCD,Porterville,EL2P94AZ    ,CCC000580257,Intermediate Listening and Speaking                                 ,1,English as a Second Language - Writing-493084                                        ,Noncredit                                                                  ,Not transferable                                                           ,00.00,00.00,Course is a basic skills course                                            ,Non-Occupational                                                           ,Three levels below transfer                                                ,English as a Second Language (ESL)                                         ,Y,Course is not a support course                                             ,Fall 2025
Kern CCD,Bakersfield,OSRMB18     ,CCC000581083,"Envr, Health,Safety Law & Adm                                       ",1,Industrial and Occupational Safety and Health-095670                                 ,Credit - Degree Applicable                                                 ,Transferable to CSU only                                                   ,03.00,03.00,Course is not a basic skills course                                        ,Clearly Occupational (but not advanced)                                    ,Not applicable                                                             ,"Not Applicable, Credit course                                              ",Y,Course is not a support course                                             ,Fall 2025
Kern CCD,Cerro Coso,EMTCC105    ,CCC000581813,Emergency Medical Technician                                        ,3,Emergency Medical Services-125000                                                    ,Credit - Degree Applicable                                                 ,Transferable to CSU only                                                   ,09.50,09.50,Course is not a basic skills course                                        ,Advanced Occupational (not limited to apprentices)                         ,Not applicable                                                             ,"Not Applicable, Credit course                                              ",Y,Course is not a support course                                             ,Fall 2025
Kern CCD,Bakersfield,INDAB125    ,CCC000581978,Oper Mgmt in Automation Field                                       ,1,Electro-Mechanical Technology-093500                                                 ,Credit - Degree Applicable                                                 ,Not transferable                                                           ,03.00,03.00,Course is not a basic skills course                                        ,Clearly Occupational (but not advanced)                                    ,Not applicable                                                             ,"Not Applicable, Credit course                                              ",Y,Course is not a support course                                             ,Fall 2025
Kern CCD,Bakersfield,INDAB135    ,CCC000581979,Economic Decision Making                                            ,1,Electro-Mechanical Technology-093500                                                 ,Credit - Degree Applicable                                                 ,Not transferable                                                           ,03.00,03.00,Course is not a basic skills course                                        ,Clearly Occupational (but not advanced)                                    ,Not applicable                                                             ,"Not Applicable, Credit course                                              ",Y,Course is not a support course                                             ,Fall 2025
Kern CCD,Bakersfield,INDAB143    ,CCC000581980,Material & Maintenance Mgmt                                         ,1,Electro-Mechanical Technology-093500                                                 ,Credit - Degree Applicable                                                 ,Not transferable                                                           ,03.00,03.00,Course is not a basic skills course                                        ,Advanced Occupational (not limited to apprentices)                         ,Not applicable                                                             ,"Not Applicable, Credit course                                              ",Y,Course is not a support course                                             ,Fall 2025
Kern CCD,Bakersfield,AGBSB5      ,CCC000582669,Agri Computer Applications                                          ,2,"Agriculture Business, Sales and Service-011200                                       ",Credit - Degree Applicable                                                 ,Transferable to both UC and CSU                                            ,03.00,03.00,Course is not a basic skills course                                        ,Clearly Occupational (but not advanced)                                    ,Not applicable                                                             ,"Not Applicable, Credit course                                              ",Y,Course is not a support course                                             ,Fall 2025
Kern CCD,Porterville,KINP101     ,CCC000582808,Introduction to Kinesiology                                         ,4,Kinesiology-127000                                                                   ,Credit - Degree Applicable                                                 ,Transferable to CSU only                                                   ,03.00,03.00,Course is not a basic skills course                                        ,Non-Occupational                                                           ,Not applicable                                                             ,"Not Applicable, Credit course                                              ",Y,Course is not a support course                                             ,Fall 2025
Kern CCD,Porterville,ENGLP101A   ,CCC000582809,Academic Reading and Writing-NOTE: Some sections require registratio,50,English-150100                                                                       ,Credit - Degree Applicable                                                 ,Transferable to both UC and CSU                                            ,04.00,04.00,Course is not a basic skills course                                        ,Non-Occupational                                                           ,Not applicable                                                             ,"Not Applicable, Credit course                                              ",A,Course is not a support course                                             ,Fall 2025
Kern CCD,Porterville,WELDP118    ,CCC000584032,Inert Gas Arc Welding                                               ,1,Welding Technology-095650                                                            ,Credit - Degree Applicable                                                 ,Transferable to CSU only                                                   ,03.00,03.00,Course is not a basic skills course                                        ,Clearly Occupational (but not advanced)                                    ,Not applicable                                                             ,"Not Applicable, Credit course                                              ",Y,Course is not a support course                                             ,Fall 2025
Kern CCD,Bakersfield,MUSCB5A     ,CCC000585235,Piano I: Beginning Class Piano                                      ,2,Music-100400                                                                         ,Credit - Degree Applicable                                                 ,Transferable to both UC and CSU                                            ,01.00,01.00,Course is not a basic skills course                                        ,Non-Occupational                                                           ,Not applicable                                                             ,"Not Applicable, Credit course                                              ",Y,Course is not a support course                                             ,Fall 2025
Kern CCD,Bakersfield,CHEMB1B     ,CCC000585236,General Chemistry/Chem Analys                                       ,2,"Chemistry, General-190500                                                            ",Credit - Degree Applicable                                                 ,Transferable to both UC and CSU                                            ,05.00,05.00,Course is not a basic skills course                                        ,Non-Occupational                                                           ,Not applicable                                                             ,"Not Applicable, Credit course                                              ",Y,Course is not a support course                                             ,Fall 2025
Kern CCD,Bakersfield,ENGRB17     ,CCC000585237,Electric Circuit Analysis                                           ,1,"Engineering, General (requires Calculus) (Transfer)-090100                           ",Credit - Degree Applicable                                                 ,Transferable to both UC and CSU                                            ,03.00,03.00,Course is not a basic skills course                                        ,Non-Occupational                                                           ,Not applicable                                                             ,"Not Applicable, Credit course                                              ",Y,Course is not a support course                                             ,Fall 2025
Kern CCD,Bakersfield,ELETB58     ,CCC000585362,Adv Progrmmble Logic Contrllrs                                      ,4,Electronics and Electric Technology-093400                                           ,Credit - Degree Applicable                                                 ,Not transferable                                                           ,03.00,03.00,Course is not a basic skills course                                        ,Clearly Occupational (but not advanced)                                    ,Not applicable                                                             ,"Not Applicable, Credit course                                              ",Y,Course is not a support course                                             ,Fall 2025
Kern CCD,Bakersfield,FIREB7      ,CCC000585363,Building Const/Fire Protection                                      ,1,Fire Technology-213300                                                               ,Credit - Degree Applicable                                                 ,Transferable to CSU only                                                   ,03.00,03.00,Course is not a basic skills course                                        ,Clearly Occupational (but not advanced)                                    ,Not applicable                                                             ,"Not Applicable, Credit course                                              ",Y,Course is not a support course                                             ,Fall 2025
Kern CCD,Bakersfield,INDRB51     ,CCC000585366,Electrical Design                                                   ,1,Drafting Technology-095300                                                           ,Credit - Degree Applicable                                                 ,Not transferable                                                           ,03.00,03.00,Course is not a basic skills course                                        ,Advanced Occupational (not limited to apprentices)                         ,Not applicable                                                             ,"Not Applicable, Credit course                                              ",Y,Course is not a support course                                             ,Fall 2025
Kern CCD,Bakersfield,SPANB1      ,CCC000585367,Elementary Spanish I                                                ,42,Spanish-110500                                                                       ,Credit - Degree Applicable                                                 ,Transferable to both UC and CSU                                            ,04.00,04.00,Course is not a basic skills course                                        ,Non-Occupational                                                           ,Not applicable                                                             ,"Not Applicable, Credit course                                              ",Y,Course is not a support course                                             ,Fall 2025
Kern CCD,Bakersfield,SPANB2      ,CCC000585368,Elementary Spanish II                                               ,4,Spanish-110500                                                                       ,Credit - Degree Applicable                                                 ,Transferable to both UC and CSU                                            ,04.00,04.00,Course is not a basic skills course                                        ,Non-Occupational                                                           ,Not applicable                                                             ,"Not Applicable, Credit course                                              ",Y,Course is not a support course                                             ,Fall 2025
Kern CCD,Bakersfield,FIREB6      ,CCC000585372,Fire Protectn Equipmnt/Systems                                      ,1,Fire Technology-213300                                                               ,Credit - Degree Applicable                                                 ,Transferable to CSU only                                                   ,03.00,03.00,Course is not a basic skills course                                        ,Clearly Occupational (but not advanced)                                    ,Not applicable                                                             ,"Not Applicable, Credit course                                              ",Y,Course is not a support course                                             ,Fall 2025
Kern CCD,Bakersfield,ANSCB1      ,CCC000585378,Introduction to Animal Science                                      ,5,Animal Science-010200                                                                ,Credit - Degree Applicable                                                 ,Transferable to both UC and CSU                                            ,03.00,03.00,Course is not a basic skills course                                        ,Possibly Occupational                                                      ,Not applicable                                                             ,"Not Applicable, Credit course                                              ",Y,Course is not a support course                                             ,Fall 2025
Kern CCD,Bakersfield,SOILB1      ,CCC000585381,Introduction to Soil Science                                        ,15,Plant Science-010300                                                                 ,Credit - Degree Applicable                                                 ,Transferable to both UC and CSU                                            ,03.00,03.00,Course is not a basic skills course                                        ,Clearly Occupational (but not advanced)                                    ,Not applicable                                                             ,"Not Applicable, Credit course                                              ",Y,Course is not a support course                                             ,Fall 2025
Kern CCD,Bakersfield,MEDSB35     ,CCC000585383,Lifespan Development                                                ,1,"Health Professions, Transfer Core Curriculum-126000                                  ",Credit - Degree Applicable                                                 ,Transferable to both UC and CSU                                            ,03.00,03.00,Course is not a basic skills course                                        ,Non-Occupational                                                           ,Not applicable                                                             ,"Not Applicable, Credit course                                              ",Y,Course is not a support course                                             ,Fall 2025
Kern CCD,Bakersfield,FIREB2      ,CCC000585387,Prin Fire Emer Svs Sfty & Suvl                                      ,1,Fire Technology-213300                                                               ,Credit - Degree Applicable                                                 ,Transferable to CSU only                                                   ,03.00,03.00,Course is not a basic skills course                                        ,Clearly Occupational (but not advanced)                                    ,Not applicable                                                             ,"Not Applicable, Credit course                                              ",Y,Course is not a support course                                             ,Fall 2025
Kern CCD,Bakersfield,RADTB3A     ,CCC000585390,Radiographic Principles 1                                           ,2,Radiologic Technology-122500                                                         ,Credit - Degree Applicable                                                 ,Transferable to CSU only                                                   ,03.00,03.00,Course is not a basic skills course                                        ,Clearly Occupational (but not advanced)                                    ,Not applicable                                                             ,"Not Applicable, Credit course                                              ",Y,Course is not a support course                                             ,Fall 2025
Kern CCD,Bakersfield,WELDB55A    ,CCC000585393,Structural Plate Certificate I                                      ,2,Welding Technology-095650                                                            ,Credit - Degree Applicable                                                 ,Not transferable                                                           ,02.00,02.00,Course is not a basic skills course                                        ,Advanced Occupational (not limited to apprentices)                         ,Not applicable                                                             ,"Not Applicable, Credit course                                              ",Y,Course is not a support course                                             ,Fall 2025
Kern CCD,Bakersfield,WELDB55B    ,CCC000585394,Structural Plate Certification                                      ,2,Welding Technology-095650                                                            ,Credit - Degree Applicable                                                 ,Not transferable                                                           ,02.00,02.00,Course is not a basic skills course                                        ,Advanced Occupational (not limited to apprentices)                         ,Not applicable                                                             ,"Not Applicable, Credit course                                              ",Y,Course is not a support course                                             ,Fall 2025
Kern CCD,Bakersfield,ENGLB25B    ,CCC000585395,Survey of World Literature                                          ,3,Comparative Literature-150300                                                        ,Credit - Degree Applicable                                                 ,Transferable to both UC and CSU                                            ,03.00,03.00,Course is not a basic skills course                                        ,Non-Occupational                                                           ,Not applicable                                                             ,"Not Applicable, Credit course                                              ",Y,Course is not a support course                                             ,Fall 2025
Kern CCD,Bakersfield,FIREB4      ,CCC000585424,Fire Behavior and Combustion                                        ,1,Fire Technology-213300                                                               ,Credit - Degree Applicable                                                 ,Transferable to CSU only                                                   ,03.00,03.00,Course is not a basic skills course                                        ,Clearly Occupational (but not advanced)                                    ,Not applicable                                                             ,"Not Applicable, Credit course                                              ",Y,Course is not a support course                                             ,Fall 2025
Kern CCD,Bakersfield,FIREB5      ,CCC000585426,Fire Prevention                                                     ,1,Fire Technology-213300                                                               ,Credit - Degree Applicable                                                 ,Transferable to CSU only                                                   ,03.00,03.00,Course is not a basic skills course                                        ,Clearly Occupational (but not advanced)                                    ,Not applicable                                                             ,"Not Applicable, Credit course                                              ",Y,Course is not a support course                                             ,Fall 2025
Kern CCD,Bakersfield,BIOLB3A     ,CCC000585427,General Biology I                                                   ,6,"Biology, General-040100                                                              ",Credit - Degree Applicable                                                 ,Transferable to both UC and CSU                                            ,05.00,05.00,Course is not a basic skills course                                        ,Non-Occupational                                                           ,Not applicable                                                             ,"Not Applicable, Credit course                                              ",Y,Course is not a support course                                             ,Fall 2025
Kern CCD,Bakersfield,CHEMB1A     ,CCC000585428,General Chemistry I                                                 ,4,"Chemistry, General-190500                                                            ",Credit - Degree Applicable                                                 ,Transferable to both UC and CSU                                            ,05.00,05.00,Course is not a basic skills course                                        ,Non-Occupational                                                           ,Not applicable                                                             ,"Not Applicable, Credit course                                              ",Y,Course is not a support course                                             ,Fall 2025
Kern CCD,Bakersfield,COMMB9      ,CCC000585429,Health Communication                                                ,3,Speech Communication-150600                                                          ,Credit - Degree Applicable                                                 ,Transferable to CSU only                                                   ,03.00,03.00,Course is not a basic skills course                                        ,Non-Occupational                                                           ,Not applicable                                                             ,"Not Applicable, Credit course                                              ",Y,Course is not a support course                                             ,Fall 2025
Kern CCD,Bakersfield,GEOLB11     ,CCC000585430,Historical Geology                                                  ,3,Geology-191400                                                                       ,Credit - Degree Applicable                                                 ,Transferable to both UC and CSU                                            ,03.00,03.00,Course is not a basic skills course                                        ,Non-Occupational                                                           ,Not applicable                                                             ,"Not Applicable, Credit course                                              ",Y,Course is not a support course                                             ,Fall 2025
Kern CCD,Bakersfield,GEOLB10     ,CCC000585432,Introduction to Geology                                             ,3,Geology-191400                                                                       ,Credit - Degree Applicable                                                 ,Transferable to both UC and CSU                                            ,03.00,03.00,Course is not a basic skills course                                        ,Non-Occupational                                                           ,Not applicable                                                             ,"Not Applicable, Credit course                                              ",Y,Course is not a support course                                             ,Fall 2025
Kern CCD,Bakersfield,COMMB10     ,CCC000585433,Leadership and Communication                                        ,3,Speech Communication-150600                                                          ,Credit - Degree Applicable                                                 ,Transferable to CSU only                                                   ,03.00,03.00,Course is not a basic skills course                                        ,Non-Occupational                                                           ,Not applicable                                                             ,"Not Applicable, Credit course                                              ",Y,Course is not a support course                                             ,Fall 2025
Kern CCD,Bakersfield,HLEDB1      ,CCC000585434,Prsnal/Social Determinant Hlth                                      ,18,Health Education-083700                                                              ,Credit - Degree Applicable                                                 ,Transferable to both UC and CSU                                            ,03.00,03.00,Course is not a basic skills course                                        ,Non-Occupational                                                           ,Not applicable                                                             ,"Not Applicable, Credit course                                              ",Y,Course is not a support course                                             ,Fall 2025
Kern CCD,Bakersfield,COMMB8      ,CCC000585436,Small Group Communication                                           ,11,Speech Communication-150600                                                          ,Credit - Degree Applicable                                                 ,Transferable to both UC and CSU                                            ,03.00,03.00,Course is not a basic skills course                                        ,Non-Occupational                                                           ,Not applicable                                                             ,"Not Applicable, Credit course                                              ",Y,Course is not a support course                                             ,Fall 2025
Kern CCD,Bakersfield,JRNLB2      ,CCC000585542,Beginning Reporting                                                 ,1,Journalism-060200                                                                    ,Credit - Degree Applicable                                                 ,Transferable to CSU only                                                   ,03.00,03.00,Course is not a basic skills course                                        ,Clearly Occupational (but not advanced)                                    ,Not applicable                                                             ,"Not Applicable, Credit course                                              ",Y,Course is not a support course                                             ,Fall 2025
Kern CCD,Bakersfield,STATB22     ,CCC000585543,Introduction to Statistics                                          ,22,"Mathematics, General-170100                                                          ",Credit - Degree Applicable                                                 ,Transferable to both UC and CSU                                            ,04.00,04.00,Course is not a basic skills course                                        ,Non-Occupational                                                           ,Not applicable                                                             ,"Not Applicable, Credit course                                              ",B,Course is not a support course                                             ,Fall 2025
Kern CCD,Bakersfield,MATHB23     ,CCC000585545,Finite Mathematics                                                  ,7,"Mathematics, General-170100                                                          ",Credit - Degree Applicable                                                 ,Transferable to both UC and CSU                                            ,03.00,03.00,Course is not a basic skills course                                        ,Non-Occupational                                                           ,Not applicable                                                             ,"Not Applicable, Credit course                                              ",B,Course is not a support course                                             ,Fall 2025
Kern CCD,Bakersfield,MATHB4A     ,CCC000585548,Number Systems                                                      ,5,"Mathematics, General-170100                                                          ",Credit - Degree Applicable                                                 ,Transferable to both UC and CSU                                            ,04.00,04.00,Course is not a basic skills course                                        ,Non-Occupational                                                           ,Not applicable                                                             ,"Not Applicable, Credit course                                              ",B,Course is not a support course                                             ,Fall 2025
Kern CCD,Bakersfield,JRNLB1      ,CCC000585549,Media and Society                                                   ,5,Journalism-060200                                                                    ,Credit - Degree Applicable                                                 ,Transferable to both UC and CSU                                            ,03.00,03.00,Course is not a basic skills course                                        ,Possibly Occupational                                                      ,Not applicable                                                             ,"Not Applicable, Credit course                                              ",Y,Course is not a support course                                             ,Fall 2025
Kern CCD,Bakersfield,MUSCB27     ,CCC000585589,History of Rock and Roll                                            ,15,Music-100400                                                                         ,Credit - Degree Applicable                                                 ,Transferable to both UC and CSU                                            ,03.00,03.00,Course is not a basic skills course                                        ,Non-Occupational                                                           ,Not applicable                                                             ,"Not Applicable, Credit course                                              ",Y,Course is not a support course                                             ,Fall 2025
Kern CCD,Bakersfield,STDVB1      ,CCC000585680,Educational Planning                                                ,16,Career Guidance and Orientation-493010                                               ,Credit - Degree Applicable                                                 ,Transferable to both UC and CSU                                            ,01.00,01.00,Course is not a basic skills course                                        ,Non-Occupational                                                           ,Not applicable                                                             ,"Not Applicable, Credit course                                              ",Y,Course is not a support course                                             ,Fall 2025
Kern CCD,Bakersfield,FIREB3      ,CCC000585686,Fire Command/Strategy/Tactics                                       ,2,Fire Technology-213300                                                               ,Credit - Degree Applicable                                                 ,Transferable to CSU only                                                   ,03.00,03.00,Course is not a basic skills course                                        ,Clearly Occupational (but not advanced)                                    ,Not applicable                                                             ,"Not Applicable, Credit course                                              ",Y,Course is not a support course                                             ,Fall 2025
Kern CCD,Bakersfield,WELDB1A     ,CCC000585689,Oxygen-Acetylene Welding and Cutting                                ,5,Welding Technology-095650                                                            ,Credit - Degree Applicable                                                 ,Transferable to CSU only                                                   ,02.00,02.00,Course is not a basic skills course                                        ,Clearly Occupational (but not advanced)                                    ,Not applicable                                                             ,"Not Applicable, Credit course                                              ",Y,Course is not a support course                                             ,Fall 2025
Kern CCD,Bakersfield,WELDB1B     ,CCC000585690,Intro to the Welding Processes                                      ,8,Welding Technology-095650                                                            ,Credit - Degree Applicable                                                 ,Transferable to CSU only                                                   ,02.00,02.00,Course is not a basic skills course                                        ,Clearly Occupational (but not advanced)                                    ,Not applicable                                                             ,"Not Applicable, Credit course                                              ",Y,Course is not a support course                                             ,Fall 2025
Kern CCD,Bakersfield,STDVB2      ,CCC000585691,Life Learning Career Planning                                       ,3,Career Guidance and Orientation-493010                                               ,Credit - Degree Applicable                                                 ,Transferable to both UC and CSU                                            ,02.00,02.00,Course is not a basic skills course                                        ,Non-Occupational                                                           ,Not applicable                                                             ,"Not Applicable, Credit course                                              ",Y,Course is not a support course                                             ,Fall 2025
Kern CCD,Bakersfield,STDVB6      ,CCC000585694,Tools for College Success                                           ,31,Career Guidance and Orientation-493010                                               ,Credit - Degree Applicable                                                 ,Transferable to both UC and CSU                                            ,03.00,03.00,Course is not a basic skills course                                        ,Non-Occupational                                                           ,Not applicable                                                             ,"Not Applicable, Credit course                                              ",Y,Course is not a support course                                             ,Fall 2025
Kern CCD,Bakersfield,ENGRB45     ,CCC000585729,Properties of Materials                                             ,1,"Engineering, General (requires Calculus) (Transfer)-090100                           ",Credit - Degree Applicable                                                 ,Transferable to both UC and CSU                                            ,04.00,04.00,Course is not a basic skills course                                        ,Non-Occupational                                                           ,Not applicable                                                             ,"Not Applicable, Credit course                                              ",Y,Course is not a support course                                             ,Fall 2025
Kern CCD,Bakersfield,RADTB2A     ,CCC000585730,Radiographc Anatomy/Position 1                                      ,2,Radiologic Technology-122500                                                         ,Credit - Degree Applicable                                                 ,Transferable to CSU only                                                   ,03.00,03.00,Course is not a basic skills course                                        ,Clearly Occupational (but not advanced)                                    ,Not applicable                                                             ,"Not Applicable, Credit course                                              ",Y,Course is not a support course                                             ,Fall 2025
Kern CCD,Porterville,NURSP131    ,CCC000586821,Concepts of Nursing Care of the Adult and Older Adult I             ,1,Registered Nursing-123010                                                            ,Credit - Degree Applicable                                                 ,Transferable to CSU only                                                   ,04.00,04.00,Course is not a basic skills course                                        ,Clearly Occupational (but not advanced)                                    ,Not applicable                                                             ,"Not Applicable, Credit course                                              ",Y,Course is not a support course                                             ,Fall 2025
Kern CCD,Porterville,NURSP133    ,CCC000586822,Concepts/Nursing Care Adult II                                      ,1,Registered Nursing-123010                                                            ,Credit - Degree Applicable                                                 ,Transferable to CSU only                                                   ,06.00,06.00,Course is not a basic skills course                                        ,Clearly Occupational (but not advanced)                                    ,Not applicable                                                             ,"Not Applicable, Credit course                                              ",Y,Course is not a support course                                             ,Fall 2025
Kern CCD,Porterville,NURSP136    ,CCC000586825,Concepts of Nursing Care of the Adult and Older Adult III           ,1,Registered Nursing-123010                                                            ,Credit - Degree Applicable                                                 ,Transferable to CSU only                                                   ,06.00,06.00,Course is not a basic skills course                                        ,Clearly Occupational (but not advanced)                                    ,Not applicable                                                             ,"Not Applicable, Credit course                                              ",Y,Course is not a support course                                             ,Fall 2025
Kern CCD,Porterville,NURSP132    ,CCC000586827,Critical Thinking for the Registered Nurse                          ,1,Registered Nursing-123010                                                            ,Credit - Degree Applicable                                                 ,Transferable to CSU only                                                   ,02.00,02.00,Course is not a basic skills course                                        ,Clearly Occupational (but not advanced)                                    ,Not applicable                                                             ,"Not Applicable, Credit course                                              ",Y,Course is not a support course                                             ,Fall 2025
Kern CCD,Porterville,NURSP130    ,CCC000586828,Fundamentals Concepts of Nursing Practice                           ,1,Registered Nursing-123010                                                            ,Credit - Degree Applicable                                                 ,Transferable to CSU only                                                   ,04.00,04.00,Course is not a basic skills course                                        ,Clearly Occupational (but not advanced)                                    ,Not applicable                                                             ,"Not Applicable, Credit course                                              ",Y,Course is not a support course                                             ,Fall 2025
Kern CCD,Porterville,KINP212A    ,CCC000587747,Beginning Tennis                                                    ,1,Physical Education-083500                                                            ,Credit - Degree Applicable                                                 ,Transferable to both UC and CSU                                            ,01.00,01.00,Course is not a basic skills course                                        ,Non-Occupational                                                           ,Not applicable                                                             ,"Not Applicable, Credit course                                              ",Y,Course is not a support course                                             ,Fall 2025
Kern CCD,Porterville,NURSP139    ,CCC000587748,Transition to RN Practice                                           ,1,Registered Nursing-123010                                                            ,Credit - Degree Applicable                                                 ,Transferable to CSU only                                                   ,01.00,01.00,Course is not a basic skills course                                        ,Clearly Occupational (but not advanced)                                    ,Not applicable                                                             ,"Not Applicable, Credit course                                              ",Y,Course is not a support course                                             ,Fall 2025
Kern CCD,Bakersfield,MCAGB14     ,CCC000587753,Heavy Equipment Systems                                             ,1,Agricultural Power Equipment Technology-011600                                       ,Credit - Degree Applicable                                                 ,Transferable to CSU only                                                   ,03.00,03.00,Course is not a basic skills course                                        ,Advanced Occupational (not limited to apprentices)                         ,Not applicable                                                             ,"Not Applicable, Credit course                                              ",Y,Course is not a support course                                             ,Fall 2025
Kern CCD,Bakersfield,MCAGB13     ,CCC000587754,Hydraulics                                                          ,1,Agricultural Power Equipment Technology-011600                                       ,Credit - Degree Applicable                                                 ,Transferable to CSU only                                                   ,03.00,03.00,Course is not a basic skills course                                        ,Clearly Occupational (but not advanced)                                    ,Not applicable                                                             ,"Not Applicable, Credit course                                              ",Y,Course is not a support course                                             ,Fall 2025
Kern CCD,Bakersfield,CNSTB1      ,CCC000587826,Introduction to Construction                                        ,3,Carpentry-095210                                                                     ,Credit - Degree Applicable                                                 ,Transferable to CSU only                                                   ,03.00,03.00,Course is not a basic skills course                                        ,Clearly Occupational (but not advanced)                                    ,Not applicable                                                             ,"Not Applicable, Credit course                                              ",Y,Course is not a support course                                             ,Fall 2025
Kern CCD,Bakersfield,HVACB52     ,CCC000588340,Electricity Applied to HVAC                                         ,1,Environmental Control Technology-094600                                              ,Credit - Degree Applicable                                                 ,Not transferable                                                           ,04.00,04.00,Course is not a basic skills course                                        ,Clearly Occupational (but not advanced)                                    ,Not applicable                                                             ,"Not Applicable, Credit course                                              ",Y,Course is not a support course                                             ,Fall 2025
Kern CCD,Bakersfield,HVACB54     ,CCC000588341,Refrigeration Technology                                            ,1,Environmental Control Technology-094600                                              ,Credit - Degree Applicable                                                 ,Not transferable                                                           ,04.00,04.00,Course is not a basic skills course                                        ,Clearly Occupational (but not advanced)                                    ,Not applicable                                                             ,"Not Applicable, Credit course                                              ",Y,Course is not a support course                                             ,Fall 2025
Kern CCD,Bakersfield,HVACB55     ,CCC000588342,Ice Machine Service & Repair                                        ,1,Environmental Control Technology-094600                                              ,Credit - Degree Applicable                                                 ,Not transferable                                                           ,04.00,04.00,Course is not a basic skills course                                        ,Clearly Occupational (but not advanced)                                    ,Not applicable                                                             ,"Not Applicable, Credit course                                              ",Y,Course is not a support course                                             ,Fall 2025
Kern CCD,Bakersfield,MUSCB11     ,CCC000588343,Jazz Combos                                                         ,4,Music-100400                                                                         ,Credit - Degree Applicable                                                 ,Transferable to both UC and CSU                                            ,01.00,01.00,Course is not a basic skills course                                        ,Non-Occupational                                                           ,Not applicable                                                             ,"Not Applicable, Credit course                                              ",Y,Course is not a support course                                             ,Fall 2025
Kern CCD,Bakersfield,HVACB50     ,CCC000588345,Principles of Air Conditioning                                      ,2,Environmental Control Technology-094600                                              ,Credit - Degree Applicable                                                 ,Not transferable                                                           ,04.00,04.00,Course is not a basic skills course                                        ,Clearly Occupational (but not advanced)                                    ,Not applicable                                                             ,"Not Applicable, Credit course                                              ",Y,Course is not a support course                                             ,Fall 2025
Kern CCD,Porterville,SOCIP150    ,CCC000588561,Race & Ethnicity                                                    ,3,Sociology-220800                                                                     ,Credit - Degree Applicable                                                 ,Transferable to both UC and CSU                                            ,03.00,03.00,Course is not a basic skills course                                        ,Non-Occupational                                                           ,Not applicable                                                             ,"Not Applicable, Credit course                                              ",Y,Course is not a support course                                             ,Fall 2025
Kern CCD,Porterville,NURSP138    ,CCC000588564,Concepts/Nursing Care Adult IV                                      ,1,Registered Nursing-123010                                                            ,Credit - Degree Applicable                                                 ,Transferable to CSU only                                                   ,06.00,06.00,Course is not a basic skills course                                        ,Clearly Occupational (but not advanced)                                    ,Not applicable                                                             ,"Not Applicable, Credit course                                              ",Y,Course is not a support course                                             ,Fall 2025
Kern CCD,Bakersfield,MUSCB8      ,CCC000590232,Jazz Improvisation                                                  ,1,Music-100400                                                                         ,Credit - Degree Applicable                                                 ,Transferable to both UC and CSU                                            ,01.00,01.00,Course is not a basic skills course                                        ,Non-Occupational                                                           ,Not applicable                                                             ,"Not Applicable, Credit course                                              ",Y,Course is not a support course                                             ,Fall 2025
Kern CCD,Bakersfield,ARTB38      ,CCC000590233,Survey of Art-Asian Art                                             ,3,"Fine Arts, General-100100                                                            ",Credit - Degree Applicable                                                 ,Transferable to both UC and CSU                                            ,03.00,03.00,Course is not a basic skills course                                        ,Non-Occupational                                                           ,Not applicable                                                             ,"Not Applicable, Credit course                                              ",Y,Course is not a support course                                             ,Fall 2025
Kern CCD,Bakersfield,MCAGB11     ,CCC000590275,Intro to Diesel Engine Repair                                       ,3,Agricultural Power Equipment Technology-011600                                       ,Credit - Degree Applicable                                                 ,Transferable to CSU only                                                   ,03.00,03.00,Course is not a basic skills course                                        ,Clearly Occupational (but not advanced)                                    ,Not applicable                                                             ,"Not Applicable, Credit course                                              ",Y,Course is not a support course                                             ,Fall 2025
Kern CCD,Bakersfield,MUSCB15     ,CCC000590424,Musicianship I                                                      ,2,Music-100400                                                                         ,Credit - Degree Applicable                                                 ,Transferable to both UC and CSU                                            ,01.00,01.00,Course is not a basic skills course                                        ,Non-Occupational                                                           ,Not applicable                                                             ,"Not Applicable, Credit course                                              ",Y,Course is not a support course                                             ,Fall 2025
Kern CCD,Bakersfield,HVACB60     ,CCC000590426,Indust Refigeration Operation                                       ,1,Environmental Control Technology-094600                                              ,Credit - Degree Applicable                                                 ,Not transferable                                                           ,04.00,04.00,Course is not a basic skills course                                        ,Clearly Occupational (but not advanced)                                    ,Not applicable                                                             ,"Not Applicable, Credit course                                              ",Y,Course is not a support course                                             ,Fall 2025
Kern CCD,Bakersfield,BIOLB8      ,CCC000590427,Intro to Environmental Science                                      ,2,Environmental Science-030100                                                         ,Credit - Degree Applicable                                                 ,Transferable to both UC and CSU                                            ,03.00,03.00,Course is not a basic skills course                                        ,Non-Occupational                                                           ,Not applicable                                                             ,"Not Applicable, Credit course                                              ",Y,Course is not a support course                                             ,Fall 2025
Kern CCD,Bakersfield,COMPB35     ,CCC000590462,Digital Forensics                                                   ,1,Computer Networking-070810                                                           ,Credit - Degree Applicable                                                 ,Transferable to CSU only                                                   ,03.00,03.00,Course is not a basic skills course                                        ,Clearly Occupational (but not advanced)                                    ,Not applicable                                                             ,"Not Applicable, Credit course                                              ",Y,Course is not a support course                                             ,Fall 2025
Kern CCD,Bakersfield,COMPB36     ,CCC000590467,Intro Cybersecrty:Ethical Hack                                      ,2,Computer Networking-070810                                                           ,Credit - Degree Applicable                                                 ,Transferable to CSU only                                                   ,03.00,03.00,Course is not a basic skills course                                        ,Clearly Occupational (but not advanced)                                    ,Not applicable                                                             ,"Not Applicable, Credit course                                              ",Y,Course is not a support course                                             ,Fall 2025
Kern CCD,Bakersfield,INDRB12     ,CCC000590469,Intro to Drafting and CAD                                           ,6,Drafting Technology-095300                                                           ,Credit - Degree Applicable                                                 ,Transferable to CSU only                                                   ,03.00,03.00,Course is not a basic skills course                                        ,Clearly Occupational (but not advanced)                                    ,Not applicable                                                             ,"Not Applicable, Credit course                                              ",Y,Course is not a support course                                             ,Fall 2025
Kern CCD,Bakersfield,INDTB10     ,CCC000590470,Industrial Technology Careers                                       ,4,Manufacturing and Industrial Technology-095600                                       ,Credit - Degree Applicable                                                 ,Transferable to CSU only                                                   ,03.00,03.00,Course is not a basic skills course                                        ,Possibly Occupational                                                      ,Not applicable                                                             ,"Not Applicable, Credit course                                              ",Y,Course is not a support course                                             ,Fall 2025
Kern CCD,Bakersfield,WELDB53A    ,CCC000590472,Shielded Metal Arc Welding                                          ,6,Welding Technology-095650                                                            ,Credit - Degree Applicable                                                 ,Not transferable                                                           ,02.00,02.00,Course is not a basic skills course                                        ,Advanced Occupational (not limited to apprentices)                         ,Not applicable                                                             ,"Not Applicable, Credit course                                              ",Y,Course is not a support course                                             ,Fall 2025
Kern CCD,Cerro Coso,HCRSC122    ,CCC000590711,Principles of Food Preparation                                      ,1,"Nutrition, Foods, and Culinary Arts-130600                                           ",Credit - Degree Applicable                                                 ,Transferable to both UC and CSU                                            ,03.00,03.00,Course is not a basic skills course                                        ,Possibly Occupational                                                      ,Not applicable                                                             ,"Not Applicable, Credit course                                              ",Y,Course is not a support course                                             ,Fall 2025
Kern CCD,Bakersfield,CRPSB16     ,CCC000590712,Introduction to Viticulture                                         ,1,"Viticulture, Enology, and Wine Business-010400                                       ",Credit - Degree Applicable                                                 ,Transferable to both UC and CSU                                            ,03.00,03.00,Course is not a basic skills course                                        ,Clearly Occupational (but not advanced)                                    ,Not applicable                                                             ,"Not Applicable, Credit course                                              ",Y,Course is not a support course                                             ,Fall 2025
Kern CCD,Bakersfield,ELETB55A    ,CCC000590713,Electric Motors - Controls                                          ,2,Electronics and Electric Technology-093400                                           ,Credit - Degree Applicable                                                 ,Not transferable                                                           ,03.00,03.00,Course is not a basic skills course                                        ,Clearly Occupational (but not advanced)                                    ,Not applicable                                                             ,"Not Applicable, Credit course                                              ",Y,Course is not a support course                                             ,Fall 2025
Kern CCD,Bakersfield,PHILB19     ,CCC000591148,History of Modern Philosophy                                        ,1,Philosophy-150900                                                                    ,Credit - Degree Applicable                                                 ,Transferable to both UC and CSU                                            ,03.00,03.00,Course is not a basic skills course                                        ,Non-Occupational                                                           ,Not applicable                                                             ,"Not Applicable, Credit course                                              ",Y,Course is not a support course                                             ,Fall 2025
Kern CCD,Bakersfield,CNSTB2      ,CCC000591314,Estimating and Scheduling                                           ,1,Civil and Construction Management Technology-095700                                  ,Credit - Degree Applicable                                                 ,Transferable to CSU only                                                   ,03.00,03.00,Course is not a basic skills course                                        ,Clearly Occupational (but not advanced)                                    ,Not applicable                                                             ,"Not Applicable, Credit course                                              ",Y,Course is not a support course                                             ,Fall 2025
Kern CCD,Bakersfield,ENGRB19C    ,CCC000591317,C++ Prog for Engineers & Sci                                        ,2,"Engineering, General (requires Calculus) (Transfer)-090100                           ",Credit - Degree Applicable                                                 ,Transferable to both UC and CSU                                            ,04.00,04.00,Course is not a basic skills course                                        ,Non-Occupational                                                           ,Not applicable                                                             ,"Not Applicable, Credit course                                              ",Y,Course is not a support course                                             ,Fall 2025
Kern CCD,Bakersfield,EMTCB60     ,CCC000592630,Paramedic Preparation                                               ,2,Paramedic-125100                                                                     ,Credit - Not Degree Applicable                                             ,Not transferable                                                           ,01.50,01.50,Course is not a basic skills course                                        ,Clearly Occupational (but not advanced)                                    ,Not applicable                                                             ,"Not Applicable, Credit course                                              ",Y,Course is not a support course                                             ,Fall 2025
Kern CCD,Bakersfield,WOODB5      ,CCC000593003,Intermediate Woodworking                                            ,2,Mill and Cabinet Work-095250                                                         ,Credit - Degree Applicable                                                 ,Transferable to CSU only                                                   ,02.00,02.00,Course is not a basic skills course                                        ,Clearly Occupational (but not advanced)                                    ,Not applicable                                                             ,"Not Applicable, Credit course                                              ",Y,Course is not a support course                                             ,Fall 2025
Kern CCD,Bakersfield,PSYCB5      ,CCC000594044,Elem Statistics Beh/Soc Sci                                         ,53,"Mathematics, General-170100                                                          ",Credit - Degree Applicable                                                 ,Transferable to both UC and CSU                                            ,04.00,04.00,Course is not a basic skills course                                        ,Non-Occupational                                                           ,Not applicable                                                             ,"Not Applicable, Credit course                                              ",B,Course is not a support course                                             ,Fall 2025
Kern CCD,Bakersfield,AUTOB10     ,CCC000594494,Automotive Safety                                                   ,5,Automotive Technology-094800                                                         ,Credit - Degree Applicable                                                 ,Not transferable                                                           ,01.00,01.00,Course is not a basic skills course                                        ,Clearly Occupational (but not advanced)                                    ,Not applicable                                                             ,"Not Applicable, Credit course                                              ",Y,Course is not a support course                                             ,Fall 2025
Kern CCD,Bakersfield,AUTOB11     ,CCC000594495,Automotive Fundamentals                                             ,8,Automotive Technology-094800                                                         ,Credit - Degree Applicable                                                 ,Transferable to CSU only                                                   ,04.00,04.00,Course is not a basic skills course                                        ,Clearly Occupational (but not advanced)                                    ,Not applicable                                                             ,"Not Applicable, Credit course                                              ",Y,Course is not a support course                                             ,Fall 2025
Kern CCD,Bakersfield,ANTHB3      ,CCC000594641,Introduction to Archaeology                                         ,8,Anthropology-220200                                                                  ,Credit - Degree Applicable                                                 ,Transferable to both UC and CSU                                            ,03.00,03.00,Course is not a basic skills course                                        ,Non-Occupational                                                           ,Not applicable                                                             ,"Not Applicable, Credit course                                              ",Y,Course is not a support course                                             ,Fall 2025
Kern CCD,Bakersfield,WOODB1      ,CCC000594643,Introduction to Woodworking                                         ,1,Mill and Cabinet Work-095250                                                         ,Credit - Degree Applicable                                                 ,Transferable to CSU only                                                   ,02.00,02.00,Course is not a basic skills course                                        ,Clearly Occupational (but not advanced)                                    ,Not applicable                                                             ,"Not Applicable, Credit course                                              ",Y,Course is not a support course                                             ,Fall 2025
Kern CCD,Bakersfield,CHDVB22     ,CCC000594802,Observe/Assess Birth-Adolesc.                                       ,2,Child Development/Early Care and Education-130500                                    ,Credit - Degree Applicable                                                 ,Transferable to both UC and CSU                                            ,03.00,03.00,Course is not a basic skills course                                        ,Clearly Occupational (but not advanced)                                    ,Not applicable                                                             ,"Not Applicable, Credit course                                              ",Y,Course is not a support course                                             ,Fall 2025
Kern CCD,Bakersfield,MFGTB2      ,CCC000594803,CNC Lathe Progrmg & Operation                                       ,1,Machining and Machine Tools-095630                                                   ,Credit - Degree Applicable                                                 ,Transferable to CSU only                                                   ,03.00,03.00,Course is not a basic skills course                                        ,Clearly Occupational (but not advanced)                                    ,Not applicable                                                             ,"Not Applicable, Credit course                                              ",Y,Course is not a support course                                             ,Fall 2025
Kern CCD,Bakersfield,ELETB1A     ,CCC000594913,Basic Electronics (DC)                                              ,8,Electronics and Electric Technology-093400                                           ,Credit - Degree Applicable                                                 ,Transferable to CSU only                                                   ,03.00,03.00,Course is not a basic skills course                                        ,Clearly Occupational (but not advanced)                                    ,Not applicable                                                             ,"Not Applicable, Credit course                                              ",Y,Course is not a support course                                             ,Fall 2025
Kern CCD,Bakersfield,ELETB1B     ,CCC000594914,Electronic Circuit (AC & Anlg)                                      ,3,Electronics and Electric Technology-093400                                           ,Credit - Degree Applicable                                                 ,Transferable to CSU only                                                   ,03.00,03.00,Course is not a basic skills course                                        ,Clearly Occupational (but not advanced)                                    ,Not applicable                                                             ,"Not Applicable, Credit course                                              ",Y,Course is not a support course                                             ,Fall 2025
Kern CCD,Bakersfield,THEAB27     ,CCC000594915,Acting Theatre Laboratory                                           ,3,Dramatic Arts-100700                                                                 ,Credit - Degree Applicable                                                 ,Transferable to both UC and CSU                                            ,02.00,02.00,Course is not a basic skills course                                        ,Non-Occupational                                                           ,Not applicable                                                             ,"Not Applicable, Credit course                                              ",Y,Course is not a support course                                             ,Fall 2025
Kern CCD,Porterville,EDUCP110    ,CCC000595485,Intro to Elementary Education                                       ,4,"Education, General-080100                                                            ",Credit - Degree Applicable                                                 ,Transferable to both UC and CSU                                            ,03.00,03.00,Course is not a basic skills course                                        ,Non-Occupational                                                           ,Not applicable                                                             ,"Not Applicable, Credit course                                              ",Y,Course is not a support course                                             ,Fall 2025
Kern CCD,Porterville,GEOGP125    ,CCC000595486,World Regional Geography                                            ,1,Geography-220600                                                                     ,Credit - Degree Applicable                                                 ,Transferable to both UC and CSU                                            ,03.00,03.00,Course is not a basic skills course                                        ,Non-Occupational                                                           ,Not applicable                                                             ,"Not Applicable, Credit course                                              ",Y,Course is not a support course                                             ,Fall 2025
Kern CCD,Porterville,MATHP050X   ,CCC000595487,College PreCalculus I Co-req                                        ,1,Mathematics Skills-170200                                                            ,Credit - Not Degree Applicable                                             ,Not transferable                                                           ,02.00,02.00,Course is a basic skills course                                            ,Non-Occupational                                                           ,One level below transfer                                                   ,"Not Applicable, Credit course                                              ",Y,Course is a support course                                                 ,Fall 2025
Kern CCD,Porterville,MATHP101A   ,CCC000595488,Pre-Calculus and Trigonometry                                       ,1,"Mathematics, General-170100                                                          ",Credit - Degree Applicable                                                 ,Transferable to both UC and CSU                                            ,06.00,06.00,Course is not a basic skills course                                        ,Non-Occupational                                                           ,Not applicable                                                             ,"Not Applicable, Credit course                                              ",B,Course is not a support course                                             ,Fall 2025
Kern CCD,Porterville,PHILP113    ,CCC000595490,Intro to the World's Religions                                      ,1,Philosophy-150900                                                                    ,Credit - Degree Applicable                                                 ,Transferable to both UC and CSU                                            ,03.00,03.00,Course is not a basic skills course                                        ,Non-Occupational                                                           ,Not applicable                                                             ,"Not Applicable, Credit course                                              ",Y,Course is not a support course                                             ,Fall 2025
Kern CCD,Porterville,MATHP100    ,CCC000595602,College Precalculus I                                               ,5,"Mathematics, General-170100                                                          ",Credit - Degree Applicable                                                 ,Transferable to both UC and CSU                                            ,04.00,04.00,Course is not a basic skills course                                        ,Non-Occupational                                                           ,Not applicable                                                             ,"Not Applicable, Credit course                                              ",B,Course is not a support course                                             ,Fall 2025
Kern CCD,Porterville,MATHP22X    ,CCC000595603,Just-In-Time Support-Statistic                                      ,4,Mathematics Skills-170200                                                            ,Credit - Not Degree Applicable                                             ,Not transferable                                                           ,02.00,02.00,Course is a basic skills course                                            ,Non-Occupational                                                           ,One level below transfer                                                   ,"Not Applicable, Credit course                                              ",Y,Course is a support course                                                 ,Fall 2025
Kern CCD,Bakersfield,AUTOB23     ,CCC000597301,Engine Assembly and Performnce                                      ,2,Automotive Technology-094800                                                         ,Credit - Degree Applicable                                                 ,Transferable to CSU only                                                   ,04.00,04.00,Course is not a basic skills course                                        ,Advanced Occupational (not limited to apprentices)                         ,Not applicable                                                             ,"Not Applicable, Credit course                                              ",Y,Course is not a support course                                             ,Fall 2025
Kern CCD,Bakersfield,COMPB34     ,CCC000597435,CompTIA A+                                                          ,1,Computer Infrastructure and Support-070800                                           ,Credit - Degree Applicable                                                 ,Transferable to CSU only                                                   ,04.00,04.00,Course is not a basic skills course                                        ,Clearly Occupational (but not advanced)                                    ,Not applicable                                                             ,"Not Applicable, Credit course                                              ",Y,Course is not a support course                                             ,Fall 2025
Kern CCD,Bakersfield,EMTCB11     ,CCC000598090,Paramedic Skills Lab 1                                              ,3,Paramedic-125100                                                                     ,Credit - Degree Applicable                                                 ,Transferable to CSU only                                                   ,01.00,01.00,Course is not a basic skills course                                        ,Clearly Occupational (but not advanced)                                    ,Not applicable                                                             ,"Not Applicable, Credit course                                              ",Y,Course is not a support course                                             ,Fall 2025
Kern CCD,Porterville,BSADP101    ,CCC000598121,Introduction to Business                                            ,5,Business Management-050600                                                           ,Credit - Degree Applicable                                                 ,Transferable to both UC and CSU                                            ,03.00,03.00,Course is not a basic skills course                                        ,Clearly Occupational (but not advanced)                                    ,Not applicable                                                             ,"Not Applicable, Credit course                                              ",Y,Course is not a support course                                             ,Fall 2025
Kern CCD,Porterville,BSADP132    ,CCC000598123,Business Communications                                             ,1,Business Administration-050500                                                       ,Credit - Degree Applicable                                                 ,Transferable to CSU only                                                   ,03.00,03.00,Course is not a basic skills course                                        ,Clearly Occupational (but not advanced)                                    ,Not applicable                                                             ,"Not Applicable, Credit course                                              ",Y,Course is not a support course                                             ,Fall 2025
Kern CCD,Porterville,BSADP140    ,CCC000598124,Business Law                                                        ,2,Business Administration-050500                                                       ,Credit - Degree Applicable                                                 ,Transferable to both UC and CSU                                            ,03.00,03.00,Course is not a basic skills course                                        ,Clearly Occupational (but not advanced)                                    ,Not applicable                                                             ,"Not Applicable, Credit course                                              ",Y,Course is not a support course                                             ,Fall 2025
Kern CCD,Cerro Coso,KINSC102    ,CCC000598223,Physical Activity and Lifelong                                      ,2,Kinesiology-127000                                                                   ,Credit - Degree Applicable                                                 ,Transferable to both UC and CSU                                            ,03.00,03.00,Course is not a basic skills course                                        ,Non-Occupational                                                           ,Not applicable                                                             ,"Not Applicable, Credit course                                              ",Y,Course is not a support course                                             ,Fall 2025
Kern CCD,Bakersfield,HISTB9      ,CCC000598456,Historical Methods: Critical T                                      ,2,History-220500                                                                       ,Credit - Degree Applicable                                                 ,Transferable to both UC and CSU                                            ,03.00,03.00,Course is not a basic skills course                                        ,Non-Occupational                                                           ,Not applicable                                                             ,"Not Applicable, Credit course                                              ",A,Course is not a support course                                             ,Fall 2025
Kern CCD,Bakersfield,ENGLB1AL    ,CCC000599635,Academic Reading and Writing                                        ,32,English-150100                                                                       ,Credit - Degree Applicable                                                 ,Transferable to both UC and CSU                                            ,03.50,03.50,Course is not a basic skills course                                        ,Non-Occupational                                                           ,Not applicable                                                             ,"Not Applicable, Credit course                                              ",A,Course is not a support course                                             ,Fall 2025
Kern CCD,Bakersfield,MATHB1AL    ,CCC000599636,Precalculus I with Lab                                              ,7,"Mathematics, General-170100                                                          ",Credit - Degree Applicable                                                 ,Transferable to both UC and CSU                                            ,04.50,04.50,Course is not a basic skills course                                        ,Non-Occupational                                                           ,Not applicable                                                             ,"Not Applicable, Credit course                                              ",B,Course is not a support course                                             ,Fall 2025
Kern CCD,Bakersfield,STATB22L    ,CCC000599637,Introduction to Statistics                                          ,8,"Mathematics, General-170100                                                          ",Credit - Degree Applicable                                                 ,Transferable to both UC and CSU                                            ,04.50,04.50,Course is not a basic skills course                                        ,Non-Occupational                                                           ,Not applicable                                                             ,"Not Applicable, Credit course                                              ",B,Course is not a support course                                             ,Fall 2025
Kern CCD,Porterville,ENGLP100R   ,CCC000599638,College Reading: Logical                                            ,1,Reading-152000                                                                       ,Credit - Degree Applicable                                                 ,Transferable to CSU only                                                   ,03.00,03.00,Course is not a basic skills course                                        ,Non-Occupational                                                           ,Not applicable                                                             ,"Not Applicable, Credit course                                              ",Y,Course is not a support course                                             ,Fall 2025
Kern CCD,Porterville,ENGRP110    ,CCC000599640,Introduction to Engineering                                         ,1,"Engineering, General (requires Calculus) (Transfer)-090100                           ",Credit - Degree Applicable                                                 ,Transferable to both UC and CSU                                            ,02.00,02.00,Course is not a basic skills course                                        ,Non-Occupational                                                           ,Not applicable                                                             ,"Not Applicable, Credit course                                              ",Y,Course is not a support course                                             ,Fall 2025
Kern CCD,Porterville,ENGRP120    ,CCC000599641,Intro to Programming for Engin                                      ,1,"Engineering, General (requires Calculus) (Transfer)-090100                           ",Credit - Degree Applicable                                                 ,Transferable to both UC and CSU                                            ,04.00,04.00,Course is not a basic skills course                                        ,Non-Occupational                                                           ,Not applicable                                                             ,"Not Applicable, Credit course                                              ",Y,Course is not a support course                                             ,Fall 2025
Kern CCD,Porterville,MUSCP130    ,CCC000599643,College Orchestra                                                   ,1,Music-100400                                                                         ,Credit - Degree Applicable                                                 ,Transferable to both UC and CSU                                            ,01.00,01.00,Course is not a basic skills course                                        ,Non-Occupational                                                           ,Not applicable                                                             ,"Not Applicable, Credit course                                              ",Y,Course is not a support course                                             ,Fall 2025
Kern CCD,Porterville,HCRSP008    ,CCC000600110,Intro to Anatomy & Phys-HC                                          ,4,"Health Occupations, General-120100                                                   ",Credit - Degree Applicable                                                 ,Not transferable                                                           ,02.00,02.00,Course is not a basic skills course                                        ,Clearly Occupational (but not advanced)                                    ,Not applicable                                                             ,"Not Applicable, Credit course                                              ",Y,Course is not a support course                                             ,Fall 2025
Kern CCD,Porterville,HCRSP009    ,CCC000600111,Hlth Careers Fundamental Concp                                      ,4,"Health Occupations, General-120100                                                   ",Credit - Degree Applicable                                                 ,Not transferable                                                           ,02.00,02.00,Course is not a basic skills course                                        ,Clearly Occupational (but not advanced)                                    ,Not applicable                                                             ,"Not Applicable, Credit course                                              ",Y,Course is not a support course                                             ,Fall 2025
Kern CCD,Porterville,KINP308     ,CCC000600279,Varsity Cross Country                                               ,1,Intercollegiate Athletics-083550                                                     ,Credit - Degree Applicable                                                 ,Transferable to both UC and CSU                                            ,03.00,03.00,Course is not a basic skills course                                        ,Non-Occupational                                                           ,Not applicable                                                             ,"Not Applicable, Credit course                                              ",Y,Course is not a support course                                             ,Fall 2025
Kern CCD,Bakersfield,BSADB64     ,CCC000600688,Ten-Key Proficiency                                                 ,2,Office Technology/Office Computer Applications-051400                                ,Credit - Degree Applicable                                                 ,Not transferable                                                           ,00.50,00.50,Course is not a basic skills course                                        ,Clearly Occupational (but not advanced)                                    ,Not applicable                                                             ,"Not Applicable, Credit course                                              ",Y,Course is not a support course                                             ,Fall 2025
Kern CCD,Bakersfield,BSADB66A    ,CCC000600689,"Beginning Keyboarding, Part 1                                       ",4,Office Technology/Office Computer Applications-051400                                ,Credit - Degree Applicable                                                 ,Not transferable                                                           ,01.00,01.00,Course is not a basic skills course                                        ,Clearly Occupational (but not advanced)                                    ,Not applicable                                                             ,"Not Applicable, Credit course                                              ",Y,Course is not a support course                                             ,Fall 2025
Kern CCD,Bakersfield,BSADB66B    ,CCC000600690,"Beginning Keyboarding, Part 2                                       ",1,Office Technology/Office Computer Applications-051400                                ,Credit - Degree Applicable                                                 ,Not transferable                                                           ,01.00,01.00,Course is not a basic skills course                                        ,Clearly Occupational (but not advanced)                                    ,Not applicable                                                             ,"Not Applicable, Credit course                                              ",Y,Course is not a support course                                             ,Fall 2025
Kern CCD,Bakersfield,BSADB66C    ,CCC000600691,"Beginning Keyboarding, Part 3                                       ",1,Office Technology/Office Computer Applications-051400                                ,Credit - Degree Applicable                                                 ,Not transferable                                                           ,01.00,01.00,Course is not a basic skills course                                        ,Clearly Occupational (but not advanced)                                    ,Not applicable                                                             ,"Not Applicable, Credit course                                              ",Y,Course is not a support course                                             ,Fall 2025
Kern CCD,Bakersfield,BSADB67A    ,CCC000600692,"Document Processing, Part 1                                         ",1,Office Technology/Office Computer Applications-051400                                ,Credit - Degree Applicable                                                 ,Not transferable                                                           ,01.00,01.00,Course is not a basic skills course                                        ,Clearly Occupational (but not advanced)                                    ,Not applicable                                                             ,"Not Applicable, Credit course                                              ",Y,Course is not a support course                                             ,Fall 2025
Kern CCD,Bakersfield,BSADB67B    ,CCC000600693,"Document Processing, Part 2                                         ",1,Office Technology/Office Computer Applications-051400                                ,Credit - Degree Applicable                                                 ,Not transferable                                                           ,01.00,01.00,Course is not a basic skills course                                        ,Clearly Occupational (but not advanced)                                    ,Not applicable                                                             ,"Not Applicable, Credit course                                              ",Y,Course is not a support course                                             ,Fall 2025
Kern CCD,Bakersfield,BSADB67C    ,CCC000600694,"Document Processing, Part 3                                         ",1,Office Technology/Office Computer Applications-051400                                ,Credit - Degree Applicable                                                 ,Not transferable                                                           ,01.00,01.00,Course is not a basic skills course                                        ,Clearly Occupational (but not advanced)                                    ,Not applicable                                                             ,"Not Applicable, Credit course                                              ",Y,Course is not a support course                                             ,Fall 2025
Kern CCD,Bakersfield,BSADB68     ,CCC000600695,Filing                                                              ,1,Legal Office Technology-051410                                                       ,Credit - Degree Applicable                                                 ,Not transferable                                                           ,01.50,01.50,Course is not a basic skills course                                        ,Clearly Occupational (but not advanced)                                    ,Not applicable                                                             ,"Not Applicable, Credit course                                              ",Y,Course is not a support course                                             ,Fall 2025
Kern CCD,Bakersfield,BSADB69     ,CCC000600696,Machine Transcription                                               ,1,Office Technology/Office Computer Applications-051400                                ,Credit - Degree Applicable                                                 ,Not transferable                                                           ,01.50,01.50,Course is not a basic skills course                                        ,Clearly Occupational (but not advanced)                                    ,Not applicable                                                             ,"Not Applicable, Credit course                                              ",Y,Course is not a support course                                             ,Fall 2025
Kern CCD,Bakersfield,CHDVB23     ,CCC000600697,Working with Challenging Beh                                        ,1,Child Development/Early Care and Education-130500                                    ,Credit - Degree Applicable                                                 ,Transferable to CSU only                                                   ,03.00,03.00,Course is not a basic skills course                                        ,Advanced Occupational (not limited to apprentices)                         ,Not applicable                                                             ,"Not Applicable, Credit course                                              ",Y,Course is not a support course                                             ,Fall 2025
Kern CCD,Bakersfield,CHDVB24     ,CCC000600698,Health and Physical Develpmt                                        ,1,Child Development/Early Care and Education-130500                                    ,Credit - Degree Applicable                                                 ,Transferable to CSU only                                                   ,03.00,03.00,Course is not a basic skills course                                        ,Advanced Occupational (not limited to apprentices)                         ,Not applicable                                                             ,"Not Applicable, Credit course                                              ",Y,Course is not a support course                                             ,Fall 2025
Kern CCD,Bakersfield,CHDVB25     ,CCC000600699,"Lang,Literacy, Engl Lang Dev                                        ",1,Child Development/Early Care and Education-130500                                    ,Credit - Degree Applicable                                                 ,Transferable to CSU only                                                   ,03.00,03.00,Course is not a basic skills course                                        ,Advanced Occupational (not limited to apprentices)                         ,Not applicable                                                             ,"Not Applicable, Credit course                                              ",Y,Course is not a support course                                             ,Fall 2025
Kern CCD,Bakersfield,CHDVB26     ,CCC000600700,"Science, Arts & Mathematics                                         ",1,Child Development/Early Care and Education-130500                                    ,Credit - Degree Applicable                                                 ,Transferable to CSU only                                                   ,03.00,03.00,Course is not a basic skills course                                        ,Advanced Occupational (not limited to apprentices)                         ,Not applicable                                                             ,"Not Applicable, Credit course                                              ",Y,Course is not a support course                                             ,Fall 2025
Kern CCD,Bakersfield,CHDVB27     ,CCC000600701,History-Social Sc and Culture                                       ,1,Child Development/Early Care and Education-130500                                    ,Credit - Degree Applicable                                                 ,Transferable to CSU only                                                   ,03.00,03.00,Course is not a basic skills course                                        ,Advanced Occupational (not limited to apprentices)                         ,Not applicable                                                             ,"Not Applicable, Credit course                                              ",Y,Course is not a support course                                             ,Fall 2025
Kern CCD,Bakersfield,EMTCB50     ,CCC000600873,Emergency Medical Technician-1                                      ,7,Emergency Medical Services-125000                                                    ,Credit - Degree Applicable                                                 ,Not transferable                                                           ,09.00,09.00,Course is not a basic skills course                                        ,Clearly Occupational (but not advanced)                                    ,Not applicable                                                             ,"Not Applicable, Credit course                                              ",Y,Course is not a support course                                             ,Fall 2025
Kern CCD,Porterville,MATHP10X    ,CCC000602385,Liberal Arts Co-Requisite Supp                                      ,1,Mathematics Skills-170200                                                            ,Credit - Not Degree Applicable                                             ,Not transferable                                                           ,02.00,02.00,Course is a basic skills course                                            ,Non-Occupational                                                           ,One level below transfer                                                   ,"Not Applicable, Credit course                                              ",Y,Course is a support course                                                 ,Fall 2025
Kern CCD,Porterville,MATHP110    ,CCC000602386,General College Algebra                                             ,3,"Mathematics, General-170100                                                          ",Credit - Degree Applicable                                                 ,Transferable to both UC and CSU                                            ,04.00,04.00,Course is not a basic skills course                                        ,Non-Occupational                                                           ,Not applicable                                                             ,"Not Applicable, Credit course                                              ",B,Course is not a support course                                             ,Fall 2025
Kern CCD,Bakersfield,ANTHB1L     ,CCC000603516,Physical Anthropology Lab                                           ,14,Anthropology-220200                                                                  ,Credit - Degree Applicable                                                 ,Transferable to both UC and CSU                                            ,01.00,01.00,Course is not a basic skills course                                        ,Non-Occupational                                                           ,Not applicable                                                             ,"Not Applicable, Credit course                                              ",Y,Course is not a support course                                             ,Fall 2025
Kern CCD,Bakersfield,COMMB11     ,CCC000603517,Skills for Online Presentation                                      ,5,Speech Communication-150600                                                          ,Credit - Degree Applicable                                                 ,Transferable to both UC and CSU                                            ,03.00,03.00,Course is not a basic skills course                                        ,Non-Occupational                                                           ,Not applicable                                                             ,"Not Applicable, Credit course                                              ",Y,Course is not a support course                                             ,Fall 2025
Kern CCD,Bakersfield,EDUCB10     ,CCC000603518,Foundations of Educational Technology                               ,2,Educational Technology-086000                                                        ,Credit - Degree Applicable                                                 ,Transferable to CSU only                                                   ,03.00,03.00,Course is not a basic skills course                                        ,Clearly Occupational (but not advanced)                                    ,Not applicable                                                             ,"Not Applicable, Credit course                                              ",Y,Course is not a support course                                             ,Fall 2025
Kern CCD,Bakersfield,EDUCB3      ,CCC000603519,Roles and Responsibilities of the Paraprofessional                  ,3,Educational Aide (Teacher Assistant)-080200                                          ,Credit - Degree Applicable                                                 ,Transferable to CSU only                                                   ,03.00,03.00,Course is not a basic skills course                                        ,Clearly Occupational (but not advanced)                                    ,Not applicable                                                             ,"Not Applicable, Credit course                                              ",Y,Course is not a support course                                             ,Fall 2025
Kern CCD,Bakersfield,EDUCB8      ,CCC000603521,Sociocultural Foundations of Education                              ,2,"Education, General-080100                                                            ",Credit - Degree Applicable                                                 ,Transferable to both UC and CSU                                            ,03.00,03.00,Course is not a basic skills course                                        ,Non-Occupational                                                           ,Not applicable                                                             ,"Not Applicable, Credit course                                              ",Y,Course is not a support course                                             ,Fall 2025
Kern CCD,Bakersfield,EDUCB9      ,CCC000603522,Foundations of Literacy                                             ,1,Educational Aide (Teacher Assistant)-080200                                          ,Credit - Degree Applicable                                                 ,Transferable to CSU only                                                   ,03.00,03.00,Course is not a basic skills course                                        ,Clearly Occupational (but not advanced)                                    ,Not applicable                                                             ,"Not Applicable, Credit course                                              ",Y,Course is not a support course                                             ,Fall 2025
Kern CCD,Bakersfield,FDSTB1      ,CCC000603524,Intro to Food Science and Tech                                      ,1,Food Processing and Related Technologies-011300                                      ,Credit - Degree Applicable                                                 ,Transferable to CSU only                                                   ,03.00,03.00,Course is not a basic skills course                                        ,Clearly Occupational (but not advanced)                                    ,Not applicable                                                             ,"Not Applicable, Credit course                                              ",Y,Course is not a support course                                             ,Fall 2025
Kern CCD,Bakersfield,FDSTB2      ,CCC000603526,Food Customs and Culture                                            ,1,Food Processing and Related Technologies-011300                                      ,Credit - Degree Applicable                                                 ,Transferable to CSU only                                                   ,03.00,03.00,Course is not a basic skills course                                        ,Clearly Occupational (but not advanced)                                    ,Not applicable                                                             ,"Not Applicable, Credit course                                              ",Y,Course is not a support course                                             ,Fall 2025
Kern CCD,Bakersfield,FDSTB4      ,CCC000603528,Food Safety                                                         ,1,Food Processing and Related Technologies-011300                                      ,Credit - Degree Applicable                                                 ,Transferable to CSU only                                                   ,03.00,03.00,Course is not a basic skills course                                        ,Clearly Occupational (but not advanced)                                    ,Not applicable                                                             ,"Not Applicable, Credit course                                              ",Y,Course is not a support course                                             ,Fall 2025
Kern CCD,Bakersfield,MUSCB41A    ,CCC000603536,Renegade Chorus                                                     ,1,Music-100400                                                                         ,Credit - Degree Applicable                                                 ,Not transferable                                                           ,01.00,01.00,Course is not a basic skills course                                        ,Non-Occupational                                                           ,Not applicable                                                             ,"Not Applicable, Credit course                                              ",Y,Course is not a support course                                             ,Fall 2025
Kern CCD,Bakersfield,MUSCB42     ,CCC000603537,Renegade Pep Band                                                   ,1,Music-100400                                                                         ,Credit - Degree Applicable                                                 ,Transferable to both UC and CSU                                            ,01.00,01.00,Course is not a basic skills course                                        ,Non-Occupational                                                           ,Not applicable                                                             ,"Not Applicable, Credit course                                              ",Y,Course is not a support course                                             ,Fall 2025
Kern CCD,Bakersfield,POLSB4      ,CCC000603548,Intro to Political Theory                                           ,1,Political Science-220700                                                             ,Credit - Degree Applicable                                                 ,Transferable to both UC and CSU                                            ,03.00,03.00,Course is not a basic skills course                                        ,Non-Occupational                                                           ,Not applicable                                                             ,"Not Applicable, Credit course                                              ",Y,Course is not a support course                                             ,Fall 2025
Kern CCD,Bakersfield,MUSCB14A    ,CCC000603596,College Choir                                                       ,1,Music-100400                                                                         ,Credit - Degree Applicable                                                 ,Transferable to both UC and CSU                                            ,01.00,01.00,Course is not a basic skills course                                        ,Non-Occupational                                                           ,Not applicable                                                             ,"Not Applicable, Credit course                                              ",Y,Course is not a support course                                             ,Fall 2025
Kern CCD,Bakersfield,NURSB80A    ,CCC000603598,Nursing Learning Lab 1                                              ,1,Registered Nursing-123010                                                            ,Credit - Not Degree Applicable                                             ,Not transferable                                                           ,01.00,01.00,Course is not a basic skills course                                        ,Clearly Occupational (but not advanced)                                    ,Not applicable                                                             ,"Not Applicable, Credit course                                              ",Y,Course is not a support course                                             ,Fall 2025
Kern CCD,Bakersfield,NUTRB10     ,CCC000603599,Intro to Nutrition Science                                          ,11,"Nutrition, Foods, and Culinary Arts-130600                                           ",Credit - Degree Applicable                                                 ,Transferable to both UC and CSU                                            ,03.00,03.00,Course is not a basic skills course                                        ,Clearly Occupational (but not advanced)                                    ,Not applicable                                                             ,"Not Applicable, Credit course                                              ",Y,Course is not a support course                                             ,Fall 2025
Kern CCD,Bakersfield,ARTB43      ,CCC000603688,Video Production II                                                 ,1,Television (including combined TV/Film/Video)-060420                                 ,Credit - Degree Applicable                                                 ,Transferable to both UC and CSU                                            ,03.00,03.00,Course is not a basic skills course                                        ,Clearly Occupational (but not advanced)                                    ,Not applicable                                                             ,"Not Applicable, Credit course                                              ",Y,Course is not a support course                                             ,Fall 2025
Kern CCD,Bakersfield,BSADB53B    ,CCC000603690,Introduction to Accounting 2                                        ,1,Accounting-050200                                                                    ,Credit - Degree Applicable                                                 ,Not transferable                                                           ,03.00,03.00,Course is not a basic skills course                                        ,Clearly Occupational (but not advanced)                                    ,Not applicable                                                             ,"Not Applicable, Credit course                                              ",Y,Course is not a support course                                             ,Fall 2025
Kern CCD,Bakersfield,BSADB54     ,CCC000603691,Payroll Accounting                                                  ,1,Accounting-050200                                                                    ,Credit - Degree Applicable                                                 ,Not transferable                                                           ,03.00,03.00,Course is not a basic skills course                                        ,Possibly Occupational                                                      ,Not applicable                                                             ,"Not Applicable, Credit course                                              ",Y,Course is not a support course                                             ,Fall 2025
Kern CCD,Bakersfield,BSADB85     ,CCC000603692,Business English                                                    ,1,Technical Communication-060700                                                       ,Credit - Degree Applicable                                                 ,Not transferable                                                           ,03.00,03.00,Course is not a basic skills course                                        ,Clearly Occupational (but not advanced)                                    ,Not applicable                                                             ,"Not Applicable, Credit course                                              ",Y,Course is not a support course                                             ,Fall 2025
Kern CCD,Cerro Coso,ANTHC161    ,CCC000603988,"Anthropology of Religion, Magi                                      ",1,Anthropology-220200                                                                  ,Credit - Degree Applicable                                                 ,Transferable to both UC and CSU                                            ,03.00,03.00,Course is not a basic skills course                                        ,Non-Occupational                                                           ,Not applicable                                                             ,"Not Applicable, Credit course                                              ",Y,Course is not a support course                                             ,Fall 2025
Kern CCD,Bakersfield,COMMB15     ,CCC000604630,Argumentation and Rhetoric                                          ,8,Speech Communication-150600                                                          ,Credit - Degree Applicable                                                 ,Transferable to both UC and CSU                                            ,03.00,03.00,Course is not a basic skills course                                        ,Non-Occupational                                                           ,Not applicable                                                             ,"Not Applicable, Credit course                                              ",A,Course is not a support course                                             ,Fall 2025
Kern CCD,Bakersfield,EDUCB5      ,CCC000604631,Learning in Math and Science                                        ,1,Educational Aide (Teacher Assistant)-080200                                          ,Credit - Degree Applicable                                                 ,Transferable to CSU only                                                   ,03.00,03.00,Course is not a basic skills course                                        ,Clearly Occupational (but not advanced)                                    ,Not applicable                                                             ,"Not Applicable, Credit course                                              ",Y,Course is not a support course                                             ,Fall 2025
Kern CCD,Bakersfield,FIREB75C    ,CCC000605132,Low Angle Rope Rescue Refresh                                       ,2,Fire Technology-213300                                                               ,Credit - Not Degree Applicable                                             ,Not transferable                                                           ,01.00,00.50,Course is not a basic skills course                                        ,Clearly Occupational (but not advanced)                                    ,Not applicable                                                             ,"Not Applicable, Credit course                                              ",Y,Course is not a support course                                             ,Fall 2025
Kern CCD,Bakersfield,FIREB61A    ,CCC000605138,Aerial Apparatus Operations                                         ,1,Fire Technology-213300                                                               ,Credit - Not Degree Applicable                                             ,Not transferable                                                           ,01.00,01.00,Course is not a basic skills course                                        ,Clearly Occupational (but not advanced)                                    ,Not applicable                                                             ,"Not Applicable, Credit course                                              ",Y,Course is not a support course                                             ,Fall 2025
Kern CCD,Bakersfield,FIREB61C    ,CCC000605140,Hydraulics                                                          ,1,Fire Technology-213300                                                               ,Credit - Not Degree Applicable                                             ,Not transferable                                                           ,02.00,02.00,Course is not a basic skills course                                        ,Clearly Occupational (but not advanced)                                    ,Not applicable                                                             ,"Not Applicable, Credit course                                              ",Y,Course is not a support course                                             ,Fall 2025
Kern CCD,Bakersfield,FIREB65E    ,CCC000605141,Techniques of Evaluation                                            ,1,Fire Technology-213300                                                               ,Credit - Not Degree Applicable                                             ,Not transferable                                                           ,02.00,02.00,Course is not a basic skills course                                        ,Clearly Occupational (but not advanced)                                    ,Not applicable                                                             ,"Not Applicable, Credit course                                              ",Y,Course is not a support course                                             ,Fall 2025
Kern CCD,Bakersfield,FIREB72N    ,CCC000605148,Low Angle Rope Rescue Operational                                   ,1,Fire Technology-213300                                                               ,Credit - Not Degree Applicable                                             ,Not transferable                                                           ,01.50,01.50,Course is not a basic skills course                                        ,Clearly Occupational (but not advanced)                                    ,Not applicable                                                             ,"Not Applicable, Credit course                                              ",Y,Course is not a support course                                             ,Fall 2025
Kern CCD,Bakersfield,FIREB72P    ,CCC000605149,Rope Rescue Technician                                              ,1,Fire Technology-213300                                                               ,Credit - Not Degree Applicable                                             ,Not transferable                                                           ,02.50,02.50,Course is not a basic skills course                                        ,Clearly Occupational (but not advanced)                                    ,Not applicable                                                             ,"Not Applicable, Credit course                                              ",Y,Course is not a support course                                             ,Fall 2025
Kern CCD,Porterville,KINP102     ,CCC000605275,Fitness and Sport Injuries                                          ,1,Athletic Training and Sports Medicine-122800                                         ,Credit - Degree Applicable                                                 ,Transferable to both UC and CSU                                            ,03.00,03.00,Course is not a basic skills course                                        ,Clearly Occupational (but not advanced)                                    ,Not applicable                                                             ,"Not Applicable, Credit course                                              ",Y,Course is not a support course                                             ,Fall 2025
Kern CCD,Porterville,KINP320     ,CCC000605276,Off Season-Tennis-Women                                             ,1,Intercollegiate Athletics-083550                                                     ,Credit - Degree Applicable                                                 ,Transferable to both UC and CSU                                            ,02.00,02.00,Course is not a basic skills course                                        ,Non-Occupational                                                           ,Not applicable                                                             ,"Not Applicable, Credit course                                              ",Y,Course is not a support course                                             ,Fall 2025
Kern CCD,Porterville,MATHP116    ,CCC000605277,Structure and Concepts II                                           ,1,"Mathematics, General-170100                                                          ",Credit - Degree Applicable                                                 ,Transferable to both UC and CSU                                            ,03.00,03.00,Course is not a basic skills course                                        ,Non-Occupational                                                           ,Not applicable                                                             ,"Not Applicable, Credit course                                              ",Y,Course is not a support course                                             ,Fall 2025
Kern CCD,Porterville,LINGP100    ,CCC000605325,Introduction to Linguistics                                         ,1,Linguistics-150110                                                                   ,Credit - Degree Applicable                                                 ,Transferable to both UC and CSU                                            ,03.00,03.00,Course is not a basic skills course                                        ,Non-Occupational                                                           ,Not applicable                                                             ,"Not Applicable, Credit course                                              ",Y,Course is not a support course                                             ,Fall 2025
Kern CCD,Bakersfield,MUSCB40     ,CCC000605990,Renegade Marching Band                                              ,1,Music-100400                                                                         ,Credit - Degree Applicable                                                 ,Not transferable                                                           ,02.00,01.00,Course is not a basic skills course                                        ,Non-Occupational                                                           ,Not applicable                                                             ,"Not Applicable, Credit course                                              ",Y,Course is not a support course                                             ,Fall 2025
Kern CCD,Cerro Coso,LIBRC111    ,CCC000607926,Information and Media Literacy                                      ,2,English-150100                                                                       ,Credit - Degree Applicable                                                 ,Transferable to both UC and CSU                                            ,03.00,03.00,Course is not a basic skills course                                        ,Non-Occupational                                                           ,Not applicable                                                             ,"Not Applicable, Credit course                                              ",Y,Course is not a support course                                             ,Fall 2025
Kern CCD,Cerro Coso,MATHC151    ,CCC000608438,Analy Geometry & Calculus I                                         ,5,"Mathematics, General-170100                                                          ",Credit - Degree Applicable                                                 ,Transferable to both UC and CSU                                            ,04.00,04.00,Course is not a basic skills course                                        ,Non-Occupational                                                           ,Not applicable                                                             ,"Not Applicable, Credit course                                              ",B,Course is not a support course                                             ,Fall 2025
Kern CCD,Cerro Coso,MATHC152    ,CCC000608439,Analy Geometry & Calculus II                                        ,2,"Mathematics, General-170100                                                          ",Credit - Degree Applicable                                                 ,Transferable to both UC and CSU                                            ,04.00,04.00,Course is not a basic skills course                                        ,Non-Occupational                                                           ,Not applicable                                                             ,"Not Applicable, Credit course                                              ",B,Course is not a support course                                             ,Fall 2025
Kern CCD,Cerro Coso,MATHC251    ,CCC000608440,Analy Geometry & Calculus III                                       ,4,"Mathematics, General-170100                                                          ",Credit - Degree Applicable                                                 ,Transferable to both UC and CSU                                            ,04.00,04.00,Course is not a basic skills course                                        ,Non-Occupational                                                           ,Not applicable                                                             ,"Not Applicable, Credit course                                              ",B,Course is not a support course                                             ,Fall 2025
Kern CCD,Bakersfield,EMLSB50NC   ,CCC000610166,Intro to College Composition                                        ,3,English as a Second Language - Writing-493084                                        ,Noncredit                                                                  ,Not transferable                                                           ,00.00,00.00,Course is a basic skills course                                            ,Non-Occupational                                                           ,One level below transfer                                                   ,English as a Second Language (ESL)                                         ,Y,Course is not a support course                                             ,Fall 2025
Kern CCD,Bakersfield,EMLSB52NC   ,CCC000610167,Adv Communication Skills                                            ,1,English as a Second Language - Writing-493084                                        ,Noncredit                                                                  ,Not transferable                                                           ,00.00,00.00,Course is a basic skills course                                            ,Non-Occupational                                                           ,One level below transfer                                                   ,English as a Second Language (ESL)                                         ,Y,Course is not a support course                                             ,Fall 2025
Kern CCD,Bakersfield,EMLSB61NC   ,CCC000610168,Intermediate Reading                                                ,1,English as a Second Language - Writing-493084                                        ,Noncredit                                                                  ,Not transferable                                                           ,00.00,00.00,Course is a basic skills course                                            ,Non-Occupational                                                           ,Two levels below transfer                                                  ,English as a Second Language (ESL)                                         ,Y,Course is not a support course                                             ,Fall 2025
Kern CCD,Bakersfield,EMLSB62NC   ,CCC000610169,Interm Communication Skills                                         ,2,English as a Second Language - Writing-493084                                        ,Noncredit                                                                  ,Not transferable                                                           ,00.00,00.00,Course is a basic skills course                                            ,Non-Occupational                                                           ,Two levels below transfer                                                  ,English as a Second Language (ESL)                                         ,Y,Course is not a support course                                             ,Fall 2025
Kern CCD,Bakersfield,EMLSB70NC   ,CCC000610170,Grammar and Composition                                             ,2,English as a Second Language - Writing-493084                                        ,Noncredit                                                                  ,Not transferable                                                           ,00.00,00.00,Course is a basic skills course                                            ,Non-Occupational                                                           ,Three levels below transfer                                                ,English as a Second Language (ESL)                                         ,Y,Course is not a support course                                             ,Fall 2025
Kern CCD,Bakersfield,EMLSB71NC   ,CCC000610171,Basic Reading                                                       ,1,English as a Second Language - Writing-493084                                        ,Noncredit                                                                  ,Not transferable                                                           ,00.00,00.00,Course is a basic skills course                                            ,Non-Occupational                                                           ,Three levels below transfer                                                ,English as a Second Language (ESL)                                         ,Y,Course is not a support course                                             ,Fall 2025
Kern CCD,Bakersfield,EMLSB72NC   ,CCC000610172,Basic Communication Skills                                          ,2,English as a Second Language - Writing-493084                                        ,Noncredit                                                                  ,Not transferable                                                           ,00.00,00.00,Course is a basic skills course                                            ,Non-Occupational                                                           ,Three levels below transfer                                                ,English as a Second Language (ESL)                                         ,Y,Course is not a support course                                             ,Fall 2025
Kern CCD,Bakersfield,ACDVB82     ,CCC000610409,Reading for Academic Success                                        ,1,Reading-152000                                                                       ,Credit - Not Degree Applicable                                             ,Not transferable                                                           ,00.50,00.50,Course is not a basic skills course                                        ,Non-Occupational                                                           ,Four levels below transfer                                                 ,"Not Applicable, Credit course                                              ",Y,Course is not a support course                                             ,Fall 2025
Kern CCD,Bakersfield,ACDVB83     ,CCC000610410,Writing for Academic Success                                        ,1,English-150100                                                                       ,Credit - Not Degree Applicable                                             ,Not transferable                                                           ,00.50,00.50,Course is not a basic skills course                                        ,Non-Occupational                                                           ,Four levels below transfer                                                 ,"Not Applicable, Credit course                                              ",Y,Course is not a support course                                             ,Fall 2025
Kern CCD,Bakersfield,ACDVB84     ,CCC000610411,Math Skills/Academic Success                                        ,1,Mathematics Skills-170200                                                            ,Credit - Not Degree Applicable                                             ,Not transferable                                                           ,00.50,00.50,Course is not a basic skills course                                        ,Non-Occupational                                                           ,Not applicable                                                             ,"Not Applicable, Credit course                                              ",Y,Course is not a support course                                             ,Fall 2025
Kern CCD,Bakersfield,EMLSB1A     ,CCC000610414,Expository Composition                                              ,8,English-150100                                                                       ,Credit - Degree Applicable                                                 ,Transferable to both UC and CSU                                            ,04.00,04.00,Course is not a basic skills course                                        ,Non-Occupational                                                           ,Not applicable                                                             ,"Not Applicable, Credit course                                              ",A,Course is not a support course                                             ,Fall 2025
Kern CCD,Bakersfield,EMLSB60NC   ,CCC000610416,Basic Writing Skills                                                ,2,English as a Second Language - Writing-493084                                        ,Noncredit                                                                  ,Not transferable                                                           ,00.00,00.00,Course is a basic skills course                                            ,Non-Occupational                                                           ,Two levels below transfer                                                  ,English as a Second Language (ESL)                                         ,Y,Course is not a support course                                             ,Fall 2025
Kern CCD,Bakersfield,PBHSB24     ,CCC000610445,Intro US Health Care Systems                                        ,1,"Health Occupations, General-120100                                                   ",Credit - Degree Applicable                                                 ,Transferable to CSU only                                                   ,03.00,03.00,Course is not a basic skills course                                        ,Possibly Occupational                                                      ,Not applicable                                                             ,"Not Applicable, Credit course                                              ",Y,Course is not a support course                                             ,Fall 2025
Kern CCD,Bakersfield,RADTB4B     ,CCC000610447,Clinical Education 1                                                ,1,Radiologic Technology-122500                                                         ,Credit - Degree Applicable                                                 ,Transferable to CSU only                                                   ,04.50,04.50,Course is not a basic skills course                                        ,Clearly Occupational (but not advanced)                                    ,Not applicable                                                             ,"Not Applicable, Credit course                                              ",Y,Course is not a support course                                             ,Fall 2025
Kern CCD,Bakersfield,THEAB18     ,CCC000610448,Script Analysis                                                     ,1,Dramatic Arts-100700                                                                 ,Credit - Degree Applicable                                                 ,Transferable to both UC and CSU                                            ,03.00,03.00,Course is not a basic skills course                                        ,Non-Occupational                                                           ,Not applicable                                                             ,"Not Applicable, Credit course                                              ",Y,Course is not a support course                                             ,Fall 2025
Kern CCD,Bakersfield,ACDVB82NC   ,CCC000610778,Reading for Academic Success                                        ,1,Supervised Tutoring-493009                                                           ,Noncredit                                                                  ,Not transferable                                                           ,00.00,00.00,Course is a basic skills course                                            ,Non-Occupational                                                           ,Not applicable                                                             ,Elementary and Secondary Basic Skills                                      ,Y,Course is not a support course                                             ,Fall 2025
Kern CCD,Bakersfield,ACDVB83NC   ,CCC000610779,Writing for Academic Success                                        ,1,Supervised Tutoring-493009                                                           ,Noncredit                                                                  ,Not transferable                                                           ,00.00,00.00,Course is a basic skills course                                            ,Non-Occupational                                                           ,Not applicable                                                             ,Elementary and Secondary Basic Skills                                      ,Y,Course is not a support course                                             ,Fall 2025
Kern CCD,Bakersfield,ACDVB84NC   ,CCC000610780,Math Skills/Academic Success                                        ,1,Supervised Tutoring-493009                                                           ,Noncredit                                                                  ,Not transferable                                                           ,00.00,00.00,Course is a basic skills course                                            ,Non-Occupational                                                           ,Not applicable                                                             ,Elementary and Secondary Basic Skills                                      ,Y,Course is not a support course                                             ,Fall 2025
Kern CCD,Bakersfield,CHDVB70NC   ,CCC000610783,Introduction to Careers in Early Childhood Education                ,1,Child Development/Early Care and Education-130500                                    ,Noncredit                                                                  ,Not transferable                                                           ,00.00,00.00,Course is not a basic skills course                                        ,Clearly Occupational (but not advanced)                                    ,Not applicable                                                             ,Workforce Preparation                                                      ,Y,Course is not a support course                                             ,Fall 2025
Kern CCD,Bakersfield,CHDVB71NC   ,CCC000610784,Introduction to Developmentally Appropriate Curriculum              ,1,Child Development/Early Care and Education-130500                                    ,Noncredit                                                                  ,Not transferable                                                           ,00.00,00.00,Course is not a basic skills course                                        ,Clearly Occupational (but not advanced)                                    ,Not applicable                                                             ,Workforce Preparation                                                      ,Y,Course is not a support course                                             ,Fall 2025
Kern CCD,Bakersfield,CHDVB72NC   ,CCC000610785,Early Care Licensing & Workforce Readiness                          ,1,Child Development/Early Care and Education-130500                                    ,Noncredit                                                                  ,Not transferable                                                           ,00.00,00.00,Course is not a basic skills course                                        ,Clearly Occupational (but not advanced)                                    ,Not applicable                                                             ,Workforce Preparation                                                      ,Y,Course is not a support course                                             ,Fall 2025
Kern CCD,Bakersfield,EDUCB80NC   ,CCC000610786,Preparation for Standardized Tests for Careers                      ,1,Job Seeking/Changing Skills-493012                                                   ,Noncredit                                                                  ,Not transferable                                                           ,00.00,00.00,Course is not a basic skills course                                        ,Non-Occupational                                                           ,Not applicable                                                             ,Workforce Preparation                                                      ,Y,Course is not a support course                                             ,Fall 2025
Kern CCD,Bakersfield,OFFTB50NC   ,CCC000610788,Introduction to Careers                                             ,3,"Business and Commerce, General-050100                                                ",Noncredit                                                                  ,Not transferable                                                           ,00.00,00.00,Course is not a basic skills course                                        ,Possibly Occupational                                                      ,Not applicable                                                             ,Workforce Preparation                                                      ,Y,Course is not a support course                                             ,Fall 2025
Kern CCD,Bakersfield,OFFTB51NC   ,CCC000610789,Office Procedures                                                   ,3,Business Administration-050500                                                       ,Noncredit                                                                  ,Not transferable                                                           ,00.00,00.00,Course is not a basic skills course                                        ,Clearly Occupational (but not advanced)                                    ,Not applicable                                                             ,Workforce Preparation                                                      ,Y,Course is not a support course                                             ,Fall 2025
Kern CCD,Bakersfield,OFFTB55NC   ,CCC000610792,Best Pract in Customer Service                                      ,3,Customer Service-051800                                                              ,Noncredit                                                                  ,Not transferable                                                           ,00.00,00.00,Course is not a basic skills course                                        ,Clearly Occupational (but not advanced)                                    ,Not applicable                                                             ,Workforce Preparation                                                      ,Y,Course is not a support course                                             ,Fall 2025
Kern CCD,Bakersfield,OFFTB67NC   ,CCC000610801,Bus Plan I:Executive Summary                                        ,2,Small Business and Entrepreneurship-050640                                           ,Noncredit                                                                  ,Not transferable                                                           ,00.00,00.00,Course is not a basic skills course                                        ,Clearly Occupational (but not advanced)                                    ,Not applicable                                                             ,Workforce Preparation                                                      ,Y,Course is not a support course                                             ,Fall 2025
Kern CCD,Bakersfield,OFFTB70NC   ,CCC000610804,Bus Plan IV/Financial Plan                                          ,2,Small Business and Entrepreneurship-050640                                           ,Noncredit                                                                  ,Not transferable                                                           ,00.00,00.00,Course is not a basic skills course                                        ,Clearly Occupational (but not advanced)                                    ,Not applicable                                                             ,Workforce Preparation                                                      ,Y,Course is not a support course                                             ,Fall 2025
Kern CCD,Bakersfield,OFFTB71NC   ,CCC000610805,Execution of Business Plan                                          ,2,Small Business and Entrepreneurship-050640                                           ,Noncredit                                                                  ,Not transferable                                                           ,00.00,00.00,Course is not a basic skills course                                        ,Clearly Occupational (but not advanced)                                    ,Not applicable                                                             ,Workforce Preparation                                                      ,Y,Course is not a support course                                             ,Fall 2025
Kern CCD,Bakersfield,OFFTB72NC   ,CCC000610806,Set up Quickbooks Sm Business                                       ,1,Accounting-050200                                                                    ,Noncredit                                                                  ,Not transferable                                                           ,00.00,00.00,Course is not a basic skills course                                        ,Clearly Occupational (but not advanced)                                    ,Not applicable                                                             ,Workforce Preparation                                                      ,Y,Course is not a support course                                             ,Fall 2025
Kern CCD,Bakersfield,OFFTB73NC   ,CCC000610807,Month Procedures Using Quickbk                                      ,1,Accounting-050200                                                                    ,Noncredit                                                                  ,Not transferable                                                           ,00.00,00.00,Course is not a basic skills course                                        ,Clearly Occupational (but not advanced)                                    ,Not applicable                                                             ,Workforce Preparation                                                      ,Y,Course is not a support course                                             ,Fall 2025
Kern CCD,Bakersfield,OFFTB74NC   ,CCC000610808,Yr-end Proced Using Quickbooks                                      ,1,Accounting-050200                                                                    ,Noncredit                                                                  ,Not transferable                                                           ,00.00,00.00,Course is not a basic skills course                                        ,Clearly Occupational (but not advanced)                                    ,Not applicable                                                             ,Workforce Preparation                                                      ,Y,Course is not a support course                                             ,Fall 2025
Kern CCD,Bakersfield,OFFTB76NC   ,CCC000610809,Business Branding                                                   ,1,Marketing and Distribution-050900                                                    ,Noncredit                                                                  ,Not transferable                                                           ,00.00,00.00,Course is not a basic skills course                                        ,Clearly Occupational (but not advanced)                                    ,Not applicable                                                             ,Workforce Preparation                                                      ,Y,Course is not a support course                                             ,Fall 2025
Kern CCD,Bakersfield,OFFTB81NC   ,CCC000610810,Creating a Basic Bus Website                                        ,1,Marketing and Distribution-050900                                                    ,Noncredit                                                                  ,Not transferable                                                           ,00.00,00.00,Course is not a basic skills course                                        ,Clearly Occupational (but not advanced)                                    ,Not applicable                                                             ,Workforce Preparation                                                      ,Y,Course is not a support course                                             ,Fall 2025
Kern CCD,Bakersfield,OFFTB86NC   ,CCC000610814,Computer for Beginners                                              ,3,Office Technology/Office Computer Applications-051400                                ,Noncredit                                                                  ,Not transferable                                                           ,00.00,00.00,Course is not a basic skills course                                        ,Clearly Occupational (but not advanced)                                    ,Not applicable                                                             ,Workforce Preparation                                                      ,Y,Course is not a support course                                             ,Fall 2025
Kern CCD,Bakersfield,OFFTB87NC   ,CCC000610815,Intro to Microsoft Windows                                          ,2,Office Technology/Office Computer Applications-051400                                ,Noncredit                                                                  ,Not transferable                                                           ,00.00,00.00,Course is not a basic skills course                                        ,Clearly Occupational (but not advanced)                                    ,Not applicable                                                             ,Workforce Preparation                                                      ,Y,Course is not a support course                                             ,Fall 2025
Kern CCD,Bakersfield,OFFTB88NC   ,CCC000610816,Searching the Web                                                   ,2,Office Technology/Office Computer Applications-051400                                ,Noncredit                                                                  ,Not transferable                                                           ,00.00,00.00,Course is not a basic skills course                                        ,Clearly Occupational (but not advanced)                                    ,Not applicable                                                             ,Workforce Preparation                                                      ,Y,Course is not a support course                                             ,Fall 2025
Kern CCD,Bakersfield,OFFTB89NC   ,CCC000610817,E-mail for Beginners                                                ,2,Office Technology/Office Computer Applications-051400                                ,Noncredit                                                                  ,Not transferable                                                           ,00.00,00.00,Course is not a basic skills course                                        ,Clearly Occupational (but not advanced)                                    ,Not applicable                                                             ,Workforce Preparation                                                      ,Y,Course is not a support course                                             ,Fall 2025
Kern CCD,Bakersfield,OFFTB90NC   ,CCC000610818,Learn to Type                                                       ,2,Office Technology/Office Computer Applications-051400                                ,Noncredit                                                                  ,Not transferable                                                           ,00.00,00.00,Course is not a basic skills course                                        ,Clearly Occupational (but not advanced)                                    ,Not applicable                                                             ,Workforce Preparation                                                      ,Y,Course is not a support course                                             ,Fall 2025
Kern CCD,Bakersfield,OFFTB91NC   ,CCC000610819,Basic Image Editing                                                 ,2,Marketing and Distribution-050900                                                    ,Noncredit                                                                  ,Not transferable                                                           ,00.00,00.00,Course is not a basic skills course                                        ,Clearly Occupational (but not advanced)                                    ,Not applicable                                                             ,Workforce Preparation                                                      ,Y,Course is not a support course                                             ,Fall 2025
Kern CCD,Bakersfield,OFFTB92NC   ,CCC000610820,Intro to Word Process Software                                      ,1,Office Technology/Office Computer Applications-051400                                ,Noncredit                                                                  ,Not transferable                                                           ,00.00,00.00,Course is not a basic skills course                                        ,Clearly Occupational (but not advanced)                                    ,Not applicable                                                             ,Workforce Preparation                                                      ,Y,Course is not a support course                                             ,Fall 2025
Kern CCD,Bakersfield,OFFTB93NC   ,CCC000610821,Intro to Presentation Software                                      ,1,Office Technology/Office Computer Applications-051400                                ,Noncredit                                                                  ,Not transferable                                                           ,00.00,00.00,Course is not a basic skills course                                        ,Clearly Occupational (but not advanced)                                    ,Not applicable                                                             ,Workforce Preparation                                                      ,Y,Course is not a support course                                             ,Fall 2025
Kern CCD,Bakersfield,OFFTB94NC   ,CCC000610822,Intro to Spreadsheet Software                                       ,1,Office Technology/Office Computer Applications-051400                                ,Noncredit                                                                  ,Not transferable                                                           ,00.00,00.00,Course is not a basic skills course                                        ,Clearly Occupational (but not advanced)                                    ,Not applicable                                                             ,Workforce Preparation                                                      ,Y,Course is not a support course                                             ,Fall 2025
Kern CCD,Porterville,MUSCP108    ,CCC000611091,Applied Music                                                       ,1,Music-100400                                                                         ,Credit - Degree Applicable                                                 ,Transferable to both UC and CSU                                            ,01.00,01.00,Course is not a basic skills course                                        ,Non-Occupational                                                           ,Not applicable                                                             ,"Not Applicable, Credit course                                              ",Y,Course is not a support course                                             ,Fall 2025
Kern CCD,Porterville,ENGRP132    ,CCC000615871,Program/Concepts and Method II                                      ,1,"Engineering, General (requires Calculus) (Transfer)-090100                           ",Credit - Degree Applicable                                                 ,Transferable to both UC and CSU                                            ,03.00,03.00,Course is not a basic skills course                                        ,Non-Occupational                                                           ,Not applicable                                                             ,"Not Applicable, Credit course                                              ",Y,Course is not a support course                                             ,Fall 2025
Kern CCD,Porterville,MATHP118    ,CCC000615872,Finite Mathematics                                                  ,1,"Mathematics, General-170100                                                          ",Credit - Degree Applicable                                                 ,Transferable to CSU only                                                   ,04.00,04.00,Course is not a basic skills course                                        ,Non-Occupational                                                           ,Not applicable                                                             ,"Not Applicable, Credit course                                              ",B,Course is not a support course                                             ,Fall 2025
Kern CCD,Porterville,MATHP207    ,CCC000615874,Ordinary Differential Equation                                      ,1,"Mathematics, General-170100                                                          ",Credit - Degree Applicable                                                 ,Transferable to CSU only                                                   ,04.00,04.00,Course is not a basic skills course                                        ,Non-Occupational                                                           ,Not applicable                                                             ,"Not Applicable, Credit course                                              ",B,Course is not a support course                                             ,Fall 2025
Kern CCD,Porterville,MATHP208    ,CCC000615875,Introduction to Linear Algebra                                      ,1,"Mathematics, General-170100                                                          ",Credit - Degree Applicable                                                 ,Transferable to both UC and CSU                                            ,04.00,04.00,Course is not a basic skills course                                        ,Non-Occupational                                                           ,Not applicable                                                             ,"Not Applicable, Credit course                                              ",B,Course is not a support course                                             ,Fall 2025
Kern CCD,Bakersfield,ACDVB81NC   ,CCC000616334,Supervised Tutoring                                                 ,4,Supervised Tutoring-493009                                                           ,Noncredit                                                                  ,Not transferable                                                           ,00.00,00.00,Course is a basic skills course                                            ,Non-Occupational                                                           ,Not applicable                                                             ,Elementary and Secondary Basic Skills                                      ,Y,Course is not a support course                                             ,Fall 2025
Kern CCD,Bakersfield,ACDVB95     ,CCC000616335,Comp Lit for Career & College                                       ,1,Office Technology/Office Computer Applications-051400                                ,Credit - Not Degree Applicable                                             ,Not transferable                                                           ,01.00,01.00,Course is not a basic skills course                                        ,Possibly Occupational                                                      ,Not applicable                                                             ,"Not Applicable, Credit course                                              ",Y,Course is not a support course                                             ,Fall 2025
Kern CCD,Bakersfield,BSADB29     ,CCC000616384,Entrepreneurial Business Plan                                       ,1,Small Business and Entrepreneurship-050640                                           ,Credit - Degree Applicable                                                 ,Transferable to CSU only                                                   ,03.00,03.00,Course is not a basic skills course                                        ,Clearly Occupational (but not advanced)                                    ,Not applicable                                                             ,"Not Applicable, Credit course                                              ",Y,Course is not a support course                                             ,Fall 2025
Kern CCD,Bakersfield,OSRMB58NC   ,CCC000616390,Intro to Electrical Safety                                          ,1,Industrial and Occupational Safety and Health-095670                                 ,Noncredit                                                                  ,Not transferable                                                           ,00.00,00.00,Course is not a basic skills course                                        ,Clearly Occupational (but not advanced)                                    ,Not applicable                                                             ,Workforce Preparation                                                      ,Y,Course is not a support course                                             ,Fall 2025
Kern CCD,Bakersfield,EDUCB7A     ,CCC000617222,Tutor Training and Practicum Level 1                                ,7,"Education, General-080100                                                            ",Credit - Degree Applicable                                                 ,Transferable to CSU only                                                   ,01.00,01.00,Course is not a basic skills course                                        ,Non-Occupational                                                           ,Not applicable                                                             ,"Not Applicable, Credit course                                              ",Y,Course is not a support course                                             ,Fall 2025
Kern CCD,Cerro Coso,ADSTC101    ,CCC000617242,Introduction to Addiction Stud                                      ,2,Alcohol and Controlled Substances-210440                                             ,Credit - Degree Applicable                                                 ,Transferable to CSU only                                                   ,03.00,03.00,Course is not a basic skills course                                        ,Clearly Occupational (but not advanced)                                    ,Not applicable                                                             ,"Not Applicable, Credit course                                              ",Y,Course is not a support course                                             ,Fall 2025
Kern CCD,Cerro Coso,ADSTC107X   ,CCC000617247,Family Dynamics of Addiction                                        ,1,Alcohol and Controlled Substances-210440                                             ,Credit - Degree Applicable                                                 ,Not transferable                                                           ,03.00,03.00,Course is not a basic skills course                                        ,Clearly Occupational (but not advanced)                                    ,Not applicable                                                             ,"Not Applicable, Credit course                                              ",Y,Course is not a support course                                             ,Fall 2025
Kern CCD,Cerro Coso,ADSTC108X   ,CCC000617248,Case Management in Addiction C                                      ,1,Alcohol and Controlled Substances-210440                                             ,Credit - Degree Applicable                                                 ,Not transferable                                                           ,03.00,03.00,Course is not a basic skills course                                        ,Clearly Occupational (but not advanced)                                    ,Not applicable                                                             ,"Not Applicable, Credit course                                              ",Y,Course is not a support course                                             ,Fall 2025
Kern CCD,Cerro Coso,ADSTC109X   ,CCC000617310,Group Treatment                                                     ,1,Alcohol and Controlled Substances-210440                                             ,Credit - Degree Applicable                                                 ,Not transferable                                                           ,03.00,03.00,Course is not a basic skills course                                        ,Clearly Occupational (but not advanced)                                    ,Not applicable                                                             ,"Not Applicable, Credit course                                              ",Y,Course is not a support course                                             ,Fall 2025
Kern CCD,Cerro Coso,ITC280      ,CCC000617313,Introduction to Cloud Computin                                      ,1,"Information Technology, General-070100                                               ",Credit - Degree Applicable                                                 ,Transferable to CSU only                                                   ,03.00,03.00,Course is not a basic skills course                                        ,Clearly Occupational (but not advanced)                                    ,Not applicable                                                             ,"Not Applicable, Credit course                                              ",Y,Course is not a support course                                             ,Fall 2025
Kern CCD,Cerro Coso,ITC290      ,CCC000617426,Linux System Administration I                                       ,1,Computer Information Systems-070200                                                  ,Credit - Degree Applicable                                                 ,Transferable to both UC and CSU                                            ,03.00,03.00,Course is not a basic skills course                                        ,Clearly Occupational (but not advanced)                                    ,Not applicable                                                             ,"Not Applicable, Credit course                                              ",Y,Course is not a support course                                             ,Fall 2025
Kern CCD,Cerro Coso,KINSC140    ,CCC000617430,Hiking                                                              ,1,Kinesiology-127000                                                                   ,Credit - Degree Applicable                                                 ,Transferable to both UC and CSU                                            ,01.00,01.00,Course is not a basic skills course                                        ,Non-Occupational                                                           ,Not applicable                                                             ,"Not Applicable, Credit course                                              ",Y,Course is not a support course                                             ,Fall 2025
Kern CCD,Cerro Coso,BSADC098    ,CCC000617461,Fundamentals of Entrepreneursh                                      ,1,Business Administration-050500                                                       ,Credit - Not Degree Applicable                                             ,Not transferable                                                           ,04.00,04.00,Course is not a basic skills course                                        ,Clearly Occupational (but not advanced)                                    ,Not applicable                                                             ,"Not Applicable, Credit course                                              ",Y,Course is not a support course                                             ,Fall 2025
Kern CCD,Cerro Coso,ARTC821     ,CCC000617569,Intermediate Drawing                                                ,2,Painting and Drawing-100210                                                          ,Noncredit                                                                  ,Not transferable                                                           ,00.00,00.00,Course is not a basic skills course                                        ,Non-Occupational                                                           ,Not applicable                                                             ,Courses for Older Adults                                                   ,Y,Course is not a support course                                             ,Fall 2025
Kern CCD,Cerro Coso,ARTC841     ,CCC000617571,Intermediate Ceramics                                               ,4,Ceramics-100230                                                                      ,Noncredit                                                                  ,Not transferable                                                           ,00.00,00.00,Course is not a basic skills course                                        ,Non-Occupational                                                           ,Not applicable                                                             ,Courses for Older Adults                                                   ,Y,Course is not a support course                                             ,Fall 2025
Kern CCD,Cerro Coso,ARTC253     ,CCC000618264, Sculpture II                                                       ,1,Sculpture-100220                                                                     ,Credit - Degree Applicable                                                 ,Transferable to both UC and CSU                                            ,03.00,03.00,Course is not a basic skills course                                        ,Non-Occupational                                                           ,Not applicable                                                             ,"Not Applicable, Credit course                                              ",Y,Course is not a support course                                             ,Fall 2025
Kern CCD,Cerro Coso,HCRSC144    ,CCC000618265,Advanced Medical Billing                                            ,1,Health Information Coding-122310                                                     ,Credit - Degree Applicable                                                 ,Transferable to CSU only                                                   ,03.00,03.00,Course is not a basic skills course                                        ,Clearly Occupational (but not advanced)                                    ,Not applicable                                                             ,"Not Applicable, Credit course                                              ",Y,Course is not a support course                                             ,Fall 2025
Kern CCD,Cerro Coso,HCRSC145    ,CCC000618266,Advanced Medical Coding                                             ,1,Health Information Coding-122310                                                     ,Credit - Degree Applicable                                                 ,Transferable to CSU only                                                   ,04.00,04.00,Course is not a basic skills course                                        ,Clearly Occupational (but not advanced)                                    ,Not applicable                                                             ,"Not Applicable, Credit course                                              ",Y,Course is not a support course                                             ,Fall 2025
Kern CCD,Cerro Coso,HCRSC146    ,CCC000618267,Medical Coding Externship                                           ,1,Administrative Medical Assisting-120820                                              ,Credit - Degree Applicable                                                 ,Transferable to CSU only                                                   ,02.00,02.00,Course is not a basic skills course                                        ,Advanced Occupational (not limited to apprentices)                         ,Not applicable                                                             ,"Not Applicable, Credit course                                              ",Y,Course is not a support course                                             ,Fall 2025
Kern CCD,Bakersfield,EDUCB7B     ,CCC000618376,Tutor Training and Practicum: Level 2                               ,1,"Education, General-080100                                                            ",Credit - Degree Applicable                                                 ,Transferable to CSU only                                                   ,00.50,00.50,Course is not a basic skills course                                        ,Non-Occupational                                                           ,Not applicable                                                             ,"Not Applicable, Credit course                                              ",Y,Course is not a support course                                             ,Fall 2025
Kern CCD,Bakersfield,FOREB11     ,CCC000618378,Geog Info Systems Natural Res                                       ,1,Forestry-011400                                                                      ,Credit - Degree Applicable                                                 ,Transferable to both UC and CSU                                            ,03.50,03.50,Course is not a basic skills course                                        ,Clearly Occupational (but not advanced)                                    ,Not applicable                                                             ,"Not Applicable, Credit course                                              ",Y,Course is not a support course                                             ,Fall 2025
Kern CCD,Bakersfield,FOREB8      ,CCC000618380,Ecology                                                             ,1,Forestry-011400                                                                      ,Credit - Degree Applicable                                                 ,Transferable to both UC and CSU                                            ,03.00,03.00,Course is not a basic skills course                                        ,Clearly Occupational (but not advanced)                                    ,Not applicable                                                             ,"Not Applicable, Credit course                                              ",Y,Course is not a support course                                             ,Fall 2025
Kern CCD,Bakersfield,EDUCB90NC   ,CCC000618428,Introduction to Education Pathway                                   ,3,Career Guidance and Orientation-493010                                               ,Noncredit                                                                  ,Not transferable                                                           ,00.00,00.00,Course is not a basic skills course                                        ,Non-Occupational                                                           ,Not applicable                                                             ,Workforce Preparation                                                      ,Y,Course is not a support course                                             ,Fall 2025
Kern CCD,Bakersfield,OSRMB63NC   ,CCC000618430,Introduction to NFPA 70E                                            ,1,Industrial and Occupational Safety and Health-095670                                 ,Noncredit                                                                  ,Not transferable                                                           ,00.00,00.00,Course is not a basic skills course                                        ,Clearly Occupational (but not advanced)                                    ,Not applicable                                                             ,Workforce Preparation                                                      ,Y,Course is not a support course                                             ,Fall 2025
Kern CCD,Bakersfield,EDUCB21NC   ,CCC000618788,Intermediate Applied Leadership                                     ,1,Leadership Skills Development-493072                                                 ,Noncredit                                                                  ,Not transferable                                                           ,00.00,00.00,Course is not a basic skills course                                        ,Non-Occupational                                                           ,Not applicable                                                             ,Workforce Preparation                                                      ,Y,Course is not a support course                                             ,Fall 2025
Kern CCD,Bakersfield,EDUCB30     ,CCC000618806,Introduction to Online Learning Environments                        ,1,Educational Technology-086000                                                        ,Credit - Degree Applicable                                                 ,Transferable to both UC and CSU                                            ,03.00,03.00,Course is not a basic skills course                                        ,Clearly Occupational (but not advanced)                                    ,Not applicable                                                             ,"Not Applicable, Credit course                                              ",Y,Course is not a support course                                             ,Fall 2025
Kern CCD,Bakersfield,EDUCB31     ,CCC000618807,Cultivating an Online Learning Community                            ,1,Educational Technology-086000                                                        ,Credit - Degree Applicable                                                 ,Transferable to both UC and CSU                                            ,03.00,03.00,Course is not a basic skills course                                        ,Advanced Occupational (not limited to apprentices)                         ,Not applicable                                                             ,"Not Applicable, Credit course                                              ",Y,Course is not a support course                                             ,Fall 2025
Kern CCD,Bakersfield,CRIMB6      ,CCC000619302,Intr Transformational Policing                                      ,2,Administration of Justice-210500                                                     ,Credit - Degree Applicable                                                 ,Transferable to both UC and CSU                                            ,03.00,03.00,Course is not a basic skills course                                        ,Possibly Occupational                                                      ,Not applicable                                                             ,"Not Applicable, Credit course                                              ",Y,Course is not a support course                                             ,Fall 2025
Kern CCD,Bakersfield,OSRMB70NC   ,CCC000619497,Adv Elect Safety & NFPA70E                                          ,1,Industrial and Occupational Safety and Health-095670                                 ,Noncredit                                                                  ,Not transferable                                                           ,00.00,00.00,Course is not a basic skills course                                        ,Advanced Occupational (not limited to apprentices)                         ,Not applicable                                                             ,Workforce Preparation                                                      ,Y,Course is not a support course                                             ,Fall 2025
Kern CCD,Bakersfield,RADTB10     ,CCC000619498,Clinical Education 4                                                ,2,Radiologic Technology-122500                                                         ,Credit - Degree Applicable                                                 ,Transferable to CSU only                                                   ,07.50,07.50,Course is not a basic skills course                                        ,Clearly Occupational (but not advanced)                                    ,Not applicable                                                             ,"Not Applicable, Credit course                                              ",Y,Course is not a support course                                             ,Fall 2025
Kern CCD,Bakersfield,EDUCB30NC   ,CCC000619711,Introduction to Online Learning Environments                        ,1,Educational Technology-086000                                                        ,Noncredit                                                                  ,Not transferable                                                           ,00.00,00.00,Course is not a basic skills course                                        ,Clearly Occupational (but not advanced)                                    ,Not applicable                                                             ,Short-term Vocational Program/Career Techincal                             ,Y,Course is not a support course                                             ,Fall 2025
Kern CCD,Bakersfield,EDUCB31NC   ,CCC000619712,Cultivating an Online Learning Community                            ,1,Educational Technology-086000                                                        ,Noncredit                                                                  ,Not transferable                                                           ,00.00,00.00,Course is not a basic skills course                                        ,Advanced Occupational (not limited to apprentices)                         ,Not applicable                                                             ,Short-term Vocational Program/Career Techincal                             ,Y,Course is not a support course                                             ,Fall 2025
Kern CCD,Bakersfield,EDUCB32     ,CCC000620081,"Equity, Accessibility and Humanizing Online Learning                ",1,Educational Technology-086000                                                        ,Credit - Degree Applicable                                                 ,Transferable to both UC and CSU                                            ,03.00,03.00,Course is not a basic skills course                                        ,Advanced Occupational (not limited to apprentices)                         ,Not applicable                                                             ,"Not Applicable, Credit course                                              ",Y,Course is not a support course                                             ,Fall 2025
Kern CCD,Bakersfield,EDUCB32NC   ,CCC000620082,"Equity, Accessibility and Humanizing Online Learning                ",1,Educational Technology-086000                                                        ,Noncredit                                                                  ,Not transferable                                                           ,00.00,00.00,Course is not a basic skills course                                        ,Advanced Occupational (not limited to apprentices)                         ,Not applicable                                                             ,Short-term Vocational Program/Career Techincal                             ,Y,Course is not a support course                                             ,Fall 2025
Kern CCD,Bakersfield,PHTAB50     ,CCC000620083,Introduction to PTA                                                 ,4,Physical Therapist Assistant-122200                                                  ,Credit - Degree Applicable                                                 ,Not transferable                                                           ,02.00,02.00,Course is not a basic skills course                                        ,Clearly Occupational (but not advanced)                                    ,Not applicable                                                             ,"Not Applicable, Credit course                                              ",Y,Course is not a support course                                             ,Fall 2025
Kern CCD,Bakersfield,BSADB49A    ,CCC000620104,Warehouse Management                                                ,4,Logistics and Materials Transportation-051000                                        ,Credit - Degree Applicable                                                 ,Transferable to CSU only                                                   ,03.00,03.00,Course is not a basic skills course                                        ,Clearly Occupational (but not advanced)                                    ,Not applicable                                                             ,"Not Applicable, Credit course                                              ",Y,Course is not a support course                                             ,Fall 2025
Kern CCD,Bakersfield,BSADB49B    ,CCC000620105,Oper Mangmnt & Lean Principles                                      ,1,Logistics and Materials Transportation-051000                                        ,Credit - Degree Applicable                                                 ,Transferable to CSU only                                                   ,03.00,03.00,Course is not a basic skills course                                        ,Clearly Occupational (but not advanced)                                    ,Not applicable                                                             ,"Not Applicable, Credit course                                              ",Y,Course is not a support course                                             ,Fall 2025
Kern CCD,Bakersfield,BSADB49C    ,CCC000620106,Supply Chain Management                                             ,1,Logistics and Materials Transportation-051000                                        ,Credit - Degree Applicable                                                 ,Transferable to CSU only                                                   ,03.00,03.00,Course is not a basic skills course                                        ,Clearly Occupational (but not advanced)                                    ,Not applicable                                                             ,"Not Applicable, Credit course                                              ",Y,Course is not a support course                                             ,Fall 2025
Kern CCD,Bakersfield,EDUCB11     ,CCC000620109,Spcl Populations in Education                                       ,1,Special Education-080900                                                             ,Credit - Degree Applicable                                                 ,Transferable to CSU only                                                   ,03.00,03.00,Course is not a basic skills course                                        ,Clearly Occupational (but not advanced)                                    ,Not applicable                                                             ,"Not Applicable, Credit course                                              ",Y,Course is not a support course                                             ,Fall 2025
Kern CCD,Bakersfield,EDUCB13     ,CCC000620110,Social-Emotional Learning                                           ,1,Educational Aide (Teacher Assistant)-080200                                          ,Credit - Degree Applicable                                                 ,Transferable to CSU only                                                   ,03.00,03.00,Course is not a basic skills course                                        ,Clearly Occupational (but not advanced)                                    ,Not applicable                                                             ,"Not Applicable, Credit course                                              ",Y,Course is not a support course                                             ,Fall 2025
Kern CCD,Bakersfield,MUSCB41B    ,CCC000620111,Renegade Chorus                                                     ,1,Music-100400                                                                         ,Credit - Degree Applicable                                                 ,Transferable to both UC and CSU                                            ,01.00,01.00,Course is not a basic skills course                                        ,Non-Occupational                                                           ,Not applicable                                                             ,"Not Applicable, Credit course                                              ",Y,Course is not a support course                                             ,Fall 2025
Kern CCD,Bakersfield,MUSCB41C    ,CCC000620112,Renegade Chorus                                                     ,1,Music-100400                                                                         ,Credit - Degree Applicable                                                 ,Transferable to both UC and CSU                                            ,01.00,01.00,Course is not a basic skills course                                        ,Non-Occupational                                                           ,Not applicable                                                             ,"Not Applicable, Credit course                                              ",Y,Course is not a support course                                             ,Fall 2025
Kern CCD,Bakersfield,MUSCB41D    ,CCC000620113,Renegade Chorus                                                     ,1,Music-100400                                                                         ,Credit - Degree Applicable                                                 ,Transferable to both UC and CSU                                            ,01.00,01.00,Course is not a basic skills course                                        ,Non-Occupational                                                           ,Not applicable                                                             ,"Not Applicable, Credit course                                              ",Y,Course is not a support course                                             ,Fall 2025
Kern CCD,Bakersfield,MEDSB37     ,CCC000620717,Medical Terminology                                                 ,24,"Health Occupations, General-120100                                                   ",Credit - Degree Applicable                                                 ,Transferable to both UC and CSU                                            ,03.00,03.00,Course is not a basic skills course                                        ,Clearly Occupational (but not advanced)                                    ,Not applicable                                                             ,"Not Applicable, Credit course                                              ",Y,Course is not a support course                                             ,Fall 2025
Kern CCD,Bakersfield,NURSB80B    ,CCC000620718,Nursing Learning Lab 2                                              ,2,Registered Nursing-123010                                                            ,Credit - Not Degree Applicable                                             ,Not transferable                                                           ,01.00,01.00,Course is not a basic skills course                                        ,Clearly Occupational (but not advanced)                                    ,Not applicable                                                             ,"Not Applicable, Credit course                                              ",Y,Course is not a support course                                             ,Fall 2025
Kern CCD,Bakersfield,PHILB35     ,CCC000620721,Identity and Difference in a Shared World                           ,8,Philosophy-150900                                                                    ,Credit - Degree Applicable                                                 ,Transferable to both UC and CSU                                            ,03.00,03.00,Course is not a basic skills course                                        ,Non-Occupational                                                           ,Not applicable                                                             ,"Not Applicable, Credit course                                              ",Y,Course is not a support course                                             ,Fall 2025
Kern CCD,Porterville,ETHNP150    ,CCC000622251,Race & Ethnicity                                                    ,12,Ethnic Studies-220300                                                                ,Credit - Degree Applicable                                                 ,Transferable to both UC and CSU                                            ,03.00,03.00,Course is not a basic skills course                                        ,Non-Occupational                                                           ,Not applicable                                                             ,"Not Applicable, Credit course                                              ",Y,Course is not a support course                                             ,Fall 2025
Kern CCD,Bakersfield,ARTB26      ,CCC000623379,Video Production I                                                  ,1,Digital Media-061400                                                                 ,Credit - Degree Applicable                                                 ,Transferable to both UC and CSU                                            ,03.00,03.00,Course is not a basic skills course                                        ,Clearly Occupational (but not advanced)                                    ,Not applicable                                                             ,"Not Applicable, Credit course                                              ",Y,Course is not a support course                                             ,Fall 2025
Kern CCD,Bakersfield,PHTAB60     ,CCC000623383,Orthopedics for the PTA                                             ,2,Physical Therapist Assistant-122200                                                  ,Credit - Degree Applicable                                                 ,Not transferable                                                           ,03.00,03.00,Course is not a basic skills course                                        ,Clearly Occupational (but not advanced)                                    ,Not applicable                                                             ,"Not Applicable, Credit course                                              ",Y,Course is not a support course                                             ,Fall 2025
Kern CCD,Bakersfield,STDVB7      ,CCC000623384,Univ Transfer Preparation                                           ,2,Academic Guidance-493013                                                             ,Credit - Degree Applicable                                                 ,Transferable to both UC and CSU                                            ,03.00,03.00,Course is not a basic skills course                                        ,Non-Occupational                                                           ,Not applicable                                                             ,"Not Applicable, Credit course                                              ",Y,Course is not a support course                                             ,Fall 2025
Kern CCD,Bakersfield,ACDVB70AN   ,CCC000623886,Time Mngmt for Academc Success                                      ,1,Study Skills-493014                                                                  ,Noncredit                                                                  ,Not transferable                                                           ,00.00,00.00,Course is a basic skills course                                            ,Non-Occupational                                                           ,One level below transfer                                                   ,Elementary and Secondary Basic Skills                                      ,Y,Course is not a support course                                             ,Fall 2025
Kern CCD,Bakersfield,ACDVB70BN   ,CCC000623887,Note Taking for Aca Succ                                            ,1,Study Skills-493014                                                                  ,Noncredit                                                                  ,Not transferable                                                           ,00.00,00.00,Course is a basic skills course                                            ,Non-Occupational                                                           ,One level below transfer                                                   ,Elementary and Secondary Basic Skills                                      ,Y,Course is not a support course                                             ,Fall 2025
Kern CCD,Bakersfield,ACDVB70CN   ,CCC000623888,Textbook Reading Strat for Aca                                      ,1,Study Skills-493014                                                                  ,Noncredit                                                                  ,Not transferable                                                           ,00.00,00.00,Course is a basic skills course                                            ,Non-Occupational                                                           ,One level below transfer                                                   ,Elementary and Secondary Basic Skills                                      ,Y,Course is not a support course                                             ,Fall 2025
Kern CCD,Bakersfield,ACDVB70DN   ,CCC000623889,Test Taking Strat for Aca Succ                                      ,1,Study Skills-493014                                                                  ,Noncredit                                                                  ,Not transferable                                                           ,00.00,00.00,Course is a basic skills course                                            ,Non-Occupational                                                           ,One level below transfer                                                   ,Elementary and Secondary Basic Skills                                      ,Y,Course is not a support course                                             ,Fall 2025
Kern CCD,Bakersfield,ACDVB70EN   ,CCC000623890,Memory Strat for Acad Succuss                                       ,1,Study Skills-493014                                                                  ,Noncredit                                                                  ,Not transferable                                                           ,00.00,00.00,Course is a basic skills course                                            ,Non-Occupational                                                           ,One level below transfer                                                   ,Elementary and Secondary Basic Skills                                      ,Y,Course is not a support course                                             ,Fall 2025
Kern CCD,Bakersfield,ACDVB70FN   ,CCC000623891,Vocabulary Improve for Aca Suc                                      ,1,Study Skills-493014                                                                  ,Noncredit                                                                  ,Not transferable                                                           ,00.00,00.00,Course is a basic skills course                                            ,Non-Occupational                                                           ,One level below transfer                                                   ,Elementary and Secondary Basic Skills                                      ,Y,Course is not a support course                                             ,Fall 2025
Kern CCD,Bakersfield,PHTAB61     ,CCC000623948,Pathophysiology for the PTA                                         ,1,Physical Therapist Assistant-122200                                                  ,Credit - Degree Applicable                                                 ,Not transferable                                                           ,02.00,02.00,Course is not a basic skills course                                        ,Clearly Occupational (but not advanced)                                    ,Not applicable                                                             ,"Not Applicable, Credit course                                              ",Y,Course is not a support course                                             ,Fall 2025
Kern CCD,Bakersfield,PHTAB62     ,CCC000623949,Acute Care/Inpat Intervent PTA                                      ,2,Physical Therapist Assistant-122200                                                  ,Credit - Degree Applicable                                                 ,Not transferable                                                           ,03.00,03.00,Course is not a basic skills course                                        ,Clearly Occupational (but not advanced)                                    ,Not applicable                                                             ,"Not Applicable, Credit course                                              ",Y,Course is not a support course                                             ,Fall 2025
Kern CCD,Bakersfield,PHTAB63     ,CCC000623950,Admin/Laws/Regulations for PTA                                      ,1,Physical Therapist Assistant-122200                                                  ,Credit - Degree Applicable                                                 ,Not transferable                                                           ,02.00,02.00,Course is not a basic skills course                                        ,Clearly Occupational (but not advanced)                                    ,Not applicable                                                             ,"Not Applicable, Credit course                                              ",Y,Course is not a support course                                             ,Fall 2025
Kern CCD,Bakersfield,PHTAB64     ,CCC000623951,Clinical Education I for PTA                                        ,1,Physical Therapist Assistant-122200                                                  ,Credit - Degree Applicable                                                 ,Not transferable                                                           ,03.00,03.00,Course is not a basic skills course                                        ,Clearly Occupational (but not advanced)                                    ,Not applicable                                                             ,"Not Applicable, Credit course                                              ",Y,Course is not a support course                                             ,Fall 2025
Kern CCD,Bakersfield,PHTAB80     ,CCC000623992,Clinical Education II for PTA                                       ,1,Physical Therapist Assistant-122200                                                  ,Credit - Degree Applicable                                                 ,Not transferable                                                           ,05.00,05.00,Course is not a basic skills course                                        ,Clearly Occupational (but not advanced)                                    ,Not applicable                                                             ,"Not Applicable, Credit course                                              ",Y,Course is not a support course                                             ,Fall 2025
Kern CCD,Bakersfield,PHTAB81     ,CCC000623993,Clinical Education III for PTA                                      ,1,Physical Therapist Assistant-122200                                                  ,Credit - Degree Applicable                                                 ,Not transferable                                                           ,06.00,06.00,Course is not a basic skills course                                        ,Clearly Occupational (but not advanced)                                    ,Not applicable                                                             ,"Not Applicable, Credit course                                              ",Y,Course is not a support course                                             ,Fall 2025
Kern CCD,Bakersfield,PHTAB82     ,CCC000623994,Professional Develop for PTA                                        ,1,Physical Therapist Assistant-122200                                                  ,Credit - Degree Applicable                                                 ,Not transferable                                                           ,01.00,01.00,Course is not a basic skills course                                        ,Clearly Occupational (but not advanced)                                    ,Not applicable                                                             ,"Not Applicable, Credit course                                              ",Y,Course is not a support course                                             ,Fall 2025
Kern CCD,Bakersfield,PHTAB90B    ,CCC000623996,PTA Skills Lab Intermediate                                         ,2,Physical Therapist Assistant-122200                                                  ,Credit - Degree Applicable                                                 ,Not transferable                                                           ,01.00,01.00,Course is not a basic skills course                                        ,Clearly Occupational (but not advanced)                                    ,Not applicable                                                             ,"Not Applicable, Credit course                                              ",Y,Course is not a support course                                             ,Fall 2025
Kern CCD,Bakersfield,EDUCB22NC   ,CCC000624602,Concepts of Organizational Leadership                               ,1,Leadership Skills Development-493072                                                 ,Noncredit                                                                  ,Not transferable                                                           ,00.00,00.00,Course is not a basic skills course                                        ,Non-Occupational                                                           ,Not applicable                                                             ,Workforce Preparation                                                      ,Y,Course is not a support course                                             ,Fall 2025
Kern CCD,Bakersfield,EDUCB60NC   ,CCC000624605,Inclusive and Accessible Digital Content I                          ,1,Educational Technology-086000                                                        ,Noncredit                                                                  ,Not transferable                                                           ,00.00,00.00,Course is not a basic skills course                                        ,Clearly Occupational (but not advanced)                                    ,Not applicable                                                             ,Short-term Vocational Program/Career Techincal                             ,Y,Course is not a support course                                             ,Fall 2025
Kern CCD,Bakersfield,FDSTB5      ,CCC000624651,Food Processing Technology                                          ,1,Food Processing and Related Technologies-011300                                      ,Credit - Degree Applicable                                                 ,Transferable to CSU only                                                   ,03.00,03.00,Course is not a basic skills course                                        ,Clearly Occupational (but not advanced)                                    ,Not applicable                                                             ,"Not Applicable, Credit course                                              ",Y,Course is not a support course                                             ,Fall 2025
Kern CCD,Bakersfield,ENGLB99NC   ,CCC000625302,Acad Read & Writing Bootcamp                                        ,2,English-150100                                                                       ,Noncredit                                                                  ,Not transferable                                                           ,00.00,00.00,Course is a basic skills course                                            ,Non-Occupational                                                           ,Two levels below transfer                                                  ,Elementary and Secondary Basic Skills                                      ,Y,Course is not a support course                                             ,Fall 2025
Kern CCD,Bakersfield,MUSCB60NC   ,CCC000625314,Instrumental Music Academy                                          ,1,Job Seeking/Changing Skills-493012                                                   ,Noncredit                                                                  ,Not transferable                                                           ,00.00,00.00,Course is not a basic skills course                                        ,Non-Occupational                                                           ,Not applicable                                                             ,Workforce Preparation                                                      ,Y,Course is not a support course                                             ,Fall 2025
Kern CCD,Porterville,KINP247A    ,CCC000625380,Beginning Soccer                                                    ,1,Kinesiology-127000                                                                   ,Credit - Degree Applicable                                                 ,Transferable to both UC and CSU                                            ,01.00,01.00,Course is not a basic skills course                                        ,Non-Occupational                                                           ,Not applicable                                                             ,"Not Applicable, Credit course                                              ",Y,Course is not a support course                                             ,Fall 2025
Kern CCD,Bakersfield,ANTHB7      ,CCC000625435,"Culture, Religion and Ritual                                        ",1,Anthropology-220200                                                                  ,Credit - Degree Applicable                                                 ,Transferable to both UC and CSU                                            ,03.00,03.00,Course is not a basic skills course                                        ,Non-Occupational                                                           ,Not applicable                                                             ,"Not Applicable, Credit course                                              ",Y,Course is not a support course                                             ,Fall 2025
Kern CCD,Bakersfield,HSCIB17     ,CCC000625439,Intro Health Science Pathway                                        ,2,Career Guidance and Orientation-493010                                               ,Credit - Degree Applicable                                                 ,Transferable to CSU only                                                   ,02.00,02.00,Course is not a basic skills course                                        ,Non-Occupational                                                           ,Not applicable                                                             ,"Not Applicable, Credit course                                              ",Y,Course is not a support course                                             ,Fall 2025
Kern CCD,Bakersfield,KINSB1A     ,CCC000625440,Introduction to Kinesiology                                         ,9,Kinesiology-127000                                                                   ,Credit - Degree Applicable                                                 ,Transferable to both UC and CSU                                            ,03.00,03.00,Course is not a basic skills course                                        ,Non-Occupational                                                           ,Not applicable                                                             ,"Not Applicable, Credit course                                              ",Y,Course is not a support course                                             ,Fall 2025
Kern CCD,Bakersfield,KINSB20A    ,CCC000625441,Adaptive Physical Education                                         ,1,Kinesiology-127000                                                                   ,Credit - Degree Applicable                                                 ,Transferable to both UC and CSU                                            ,01.00,01.00,Course is not a basic skills course                                        ,Non-Occupational                                                           ,Not applicable                                                             ,"Not Applicable, Credit course                                              ",Y,Course is not a support course                                             ,Fall 2025
Kern CCD,Bakersfield,KINSB2A     ,CCC000625442,First Aid and CPR                                                   ,7,Kinesiology-127000                                                                   ,Credit - Degree Applicable                                                 ,Transferable to both UC and CSU                                            ,03.00,03.00,Course is not a basic skills course                                        ,Non-Occupational                                                           ,Not applicable                                                             ,"Not Applicable, Credit course                                              ",Y,Course is not a support course                                             ,Fall 2025
Kern CCD,Bakersfield,KINSB3A     ,CCC000625443,Prevention Care Ath Injuries                                        ,2,Kinesiology-127000                                                                   ,Credit - Degree Applicable                                                 ,Transferable to both UC and CSU                                            ,03.00,03.00,Course is not a basic skills course                                        ,Non-Occupational                                                           ,Not applicable                                                             ,"Not Applicable, Credit course                                              ",Y,Course is not a support course                                             ,Fall 2025
Kern CCD,Bakersfield,KINSB6      ,CCC000625444,Intro to Sport in Society                                           ,3,Kinesiology-127000                                                                   ,Credit - Degree Applicable                                                 ,Transferable to both UC and CSU                                            ,03.00,03.00,Course is not a basic skills course                                        ,Non-Occupational                                                           ,Not applicable                                                             ,"Not Applicable, Credit course                                              ",Y,Course is not a support course                                             ,Fall 2025
Kern CCD,Bakersfield,KINSB7      ,CCC000625445,Sports in Film                                                      ,6,Kinesiology-127000                                                                   ,Credit - Degree Applicable                                                 ,Transferable to both UC and CSU                                            ,03.00,03.00,Course is not a basic skills course                                        ,Non-Occupational                                                           ,Not applicable                                                             ,"Not Applicable, Credit course                                              ",Y,Course is not a support course                                             ,Fall 2025
Kern CCD,Bakersfield,ARTB44      ,CCC000625496,Animation I                                                         ,1,Digital Media-061400                                                                 ,Credit - Degree Applicable                                                 ,Transferable to both UC and CSU                                            ,03.00,03.00,Course is not a basic skills course                                        ,Clearly Occupational (but not advanced)                                    ,Not applicable                                                             ,"Not Applicable, Credit course                                              ",Y,Course is not a support course                                             ,Fall 2025
Kern CCD,Bakersfield,KINSB21A    ,CCC000625506,Beginning Archery                                                   ,3,Kinesiology-127000                                                                   ,Credit - Degree Applicable                                                 ,Transferable to both UC and CSU                                            ,01.00,01.00,Course is not a basic skills course                                        ,Non-Occupational                                                           ,Not applicable                                                             ,"Not Applicable, Credit course                                              ",Y,Course is not a support course                                             ,Fall 2025
Kern CCD,Bakersfield,KINSB21BB   ,CCC000625507,Beginning Basketball                                                ,1,Kinesiology-127000                                                                   ,Credit - Degree Applicable                                                 ,Transferable to both UC and CSU                                            ,01.00,01.00,Course is not a basic skills course                                        ,Non-Occupational                                                           ,Not applicable                                                             ,"Not Applicable, Credit course                                              ",Y,Course is not a support course                                             ,Fall 2025
Kern CCD,Bakersfield,KINSB21FC   ,CCC000625509,Beginning Fitness Center                                            ,4,Kinesiology-127000                                                                   ,Credit - Degree Applicable                                                 ,Transferable to both UC and CSU                                            ,01.00,01.00,Course is not a basic skills course                                        ,Non-Occupational                                                           ,Not applicable                                                             ,"Not Applicable, Credit course                                              ",Y,Course is not a support course                                             ,Fall 2025
Kern CCD,Bakersfield,KINSB21SW   ,CCC000625511,Beginning Swimming                                                  ,1,Kinesiology-127000                                                                   ,Credit - Degree Applicable                                                 ,Transferable to both UC and CSU                                            ,01.00,01.00,Course is not a basic skills course                                        ,Non-Occupational                                                           ,Not applicable                                                             ,"Not Applicable, Credit course                                              ",Y,Course is not a support course                                             ,Fall 2025
Kern CCD,Porterville,CGRAP113    ,CCC000625526,Digital Video Production                                            ,1,Film Production-061220                                                               ,Credit - Degree Applicable                                                 ,Transferable to CSU only                                                   ,03.00,03.00,Course is not a basic skills course                                        ,Clearly Occupational (but not advanced)                                    ,Not applicable                                                             ,"Not Applicable, Credit course                                              ",Y,Course is not a support course                                             ,Fall 2025
Kern CCD,Porterville,HLEDP113    ,CCC000625527,Sport and Exercise Nutrition                                        ,1,Fitness Trainer-083520                                                               ,Credit - Degree Applicable                                                 ,Transferable to both UC and CSU                                            ,03.00,03.00,Course is not a basic skills course                                        ,Clearly Occupational (but not advanced)                                    ,Not applicable                                                             ,"Not Applicable, Credit course                                              ",Y,Course is not a support course                                             ,Fall 2025
Kern CCD,Porterville,KINP219     ,CCC000625530,Cardio Kickboxing                                                   ,1,Physical Fitness and Body Movement-083510                                            ,Credit - Degree Applicable                                                 ,Transferable to both UC and CSU                                            ,01.00,01.00,Course is not a basic skills course                                        ,Non-Occupational                                                           ,Not applicable                                                             ,"Not Applicable, Credit course                                              ",Y,Course is not a support course                                             ,Fall 2025
Kern CCD,Porterville,BSADP122    ,CCC000625586,Human Resources Management                                          ,1,Business Management-050600                                                           ,Credit - Degree Applicable                                                 ,Transferable to CSU only                                                   ,03.00,03.00,Course is not a basic skills course                                        ,Advanced Occupational (not limited to apprentices)                         ,Not applicable                                                             ,"Not Applicable, Credit course                                              ",Y,Course is not a support course                                             ,Fall 2025
Kern CCD,Cerro Coso,ACADC070    ,CCC000625790,Advanced Officer Training I                                         ,1,Police Academy-210550                                                                ,Credit - Not Degree Applicable                                             ,Not transferable                                                           ,00.50,00.50,Course is not a basic skills course                                        ,Advanced Occupational (not limited to apprentices)                         ,Not applicable                                                             ,"Not Applicable, Credit course                                              ",Y,Course is not a support course                                             ,Fall 2025
Kern CCD,Cerro Coso,ACADC071    ,CCC000625791,Advanced Officer Training II                                        ,2,Police Academy-210550                                                                ,Credit - Not Degree Applicable                                             ,Not transferable                                                           ,00.50,00.50,Course is not a basic skills course                                        ,Advanced Occupational (not limited to apprentices)                         ,Not applicable                                                             ,"Not Applicable, Credit course                                              ",Y,Course is not a support course                                             ,Fall 2025
Kern CCD,Cerro Coso,KINSC151    ,CCC000626676,Conditioning for Competitive A                                      ,1,Physical Education-083500                                                            ,Credit - Degree Applicable                                                 ,Not transferable                                                           ,01.50,01.50,Course is not a basic skills course                                        ,Non-Occupational                                                           ,Not applicable                                                             ,"Not Applicable, Credit course                                              ",Y,Course is not a support course                                             ,Fall 2025
Kern CCD,Cerro Coso,KINSC152    ,CCC000626677,Ext. Conditioning for Competit                                      ,2,Intercollegiate Athletics-083550                                                     ,Credit - Degree Applicable                                                 ,Not transferable                                                           ,03.00,03.00,Course is not a basic skills course                                        ,Non-Occupational                                                           ,Not applicable                                                             ,"Not Applicable, Credit course                                              ",Y,Course is not a support course                                             ,Fall 2025
Kern CCD,Cerro Coso,KINSC161    ,CCC000626678,Intercollegiate Basketball                                          ,1,Intercollegiate Athletics-083550                                                     ,Credit - Degree Applicable                                                 ,Transferable to both UC and CSU                                            ,01.50,01.50,Course is not a basic skills course                                        ,Non-Occupational                                                           ,Not applicable                                                             ,"Not Applicable, Credit course                                              ",Y,Course is not a support course                                             ,Fall 2025
Kern CCD,Porterville,SPANP101    ,CCC000626746,Elementary Spanish                                                  ,6,Spanish-110500                                                                       ,Credit - Degree Applicable                                                 ,Transferable to both UC and CSU                                            ,04.00,04.00,Course is not a basic skills course                                        ,Non-Occupational                                                           ,Not applicable                                                             ,"Not Applicable, Credit course                                              ",Y,Course is not a support course                                             ,Fall 2025
Kern CCD,Porterville,SPANP102    ,CCC000626747,Elementary Spanish                                                  ,1,Spanish-110500                                                                       ,Credit - Degree Applicable                                                 ,Transferable to both UC and CSU                                            ,04.00,04.00,Course is not a basic skills course                                        ,Non-Occupational                                                           ,Not applicable                                                             ,"Not Applicable, Credit course                                              ",Y,Course is not a support course                                             ,Fall 2025
Kern CCD,Porterville,SPANP103    ,CCC000626748,Intermediate Spanish                                                ,4,Spanish-110500                                                                       ,Credit - Degree Applicable                                                 ,Transferable to both UC and CSU                                            ,04.00,04.00,Course is not a basic skills course                                        ,Non-Occupational                                                           ,Not applicable                                                             ,"Not Applicable, Credit course                                              ",Y,Course is not a support course                                             ,Fall 2025
Kern CCD,Porterville,SPANP104    ,CCC000626749,Intermediate Spanish                                                ,2,Spanish-110500                                                                       ,Credit - Degree Applicable                                                 ,Transferable to both UC and CSU                                            ,04.00,04.00,Course is not a basic skills course                                        ,Non-Occupational                                                           ,Not applicable                                                             ,"Not Applicable, Credit course                                              ",Y,Course is not a support course                                             ,Fall 2025
Kern CCD,Porterville,SPANP105    ,CCC000626750,Spanish for Spanish Speakers                                        ,3,Spanish-110500                                                                       ,Credit - Degree Applicable                                                 ,Transferable to both UC and CSU                                            ,04.00,04.00,Course is not a basic skills course                                        ,Non-Occupational                                                           ,Not applicable                                                             ,"Not Applicable, Credit course                                              ",Y,Course is not a support course                                             ,Fall 2025
Kern CCD,Porterville,SPANP106    ,CCC000626751,Spanish for Spanish Speakers                                        ,2,Spanish-110500                                                                       ,Credit - Degree Applicable                                                 ,Transferable to both UC and CSU                                            ,04.00,04.00,Course is not a basic skills course                                        ,Non-Occupational                                                           ,Not applicable                                                             ,"Not Applicable, Credit course                                              ",Y,Course is not a support course                                             ,Fall 2025
Kern CCD,Porterville,MUSCP127    ,CCC000626792,Concert Band                                                        ,1,Music-100400                                                                         ,Credit - Degree Applicable                                                 ,Transferable to both UC and CSU                                            ,01.00,01.00,Course is not a basic skills course                                        ,Non-Occupational                                                           ,Not applicable                                                             ,"Not Applicable, Credit course                                              ",Y,Course is not a support course                                             ,Fall 2025
Kern CCD,Bakersfield,AUTOB60AN   ,CCC000627488,Automotive Detailing Level 1                                        ,1,Automotive Technology-094800                                                         ,Noncredit                                                                  ,Not transferable                                                           ,00.00,00.00,Course is not a basic skills course                                        ,Clearly Occupational (but not advanced)                                    ,Not applicable                                                             ,Short-term Vocational Program/Career Techincal                             ,Y,Course is not a support course                                             ,Fall 2025
Kern CCD,Bakersfield,AUTOB60BN   ,CCC000627489,Automotive Detailing Level 2                                        ,1,Automotive Technology-094800                                                         ,Noncredit                                                                  ,Not transferable                                                           ,00.00,00.00,Course is not a basic skills course                                        ,Clearly Occupational (but not advanced)                                    ,Not applicable                                                             ,Short-term Vocational Program/Career Techincal                             ,Y,Course is not a support course                                             ,Fall 2025
Kern CCD,Bakersfield,EDUCB15NC   ,CCC000627493,Teaching at a California Community College                          ,1,Other Education-089900                                                               ,Noncredit                                                                  ,Not transferable                                                           ,00.00,00.00,Course is not a basic skills course                                        ,Clearly Occupational (but not advanced)                                    ,Not applicable                                                             ,Workforce Preparation                                                      ,Y,Course is not a support course                                             ,Fall 2025
Kern CCD,Bakersfield,EDUCB68NC   ,CCC000627495,Success for Online Learning                                         ,8,Academic Guidance-493013                                                             ,Noncredit                                                                  ,Not transferable                                                           ,00.00,00.00,Course is not a basic skills course                                        ,Non-Occupational                                                           ,Not applicable                                                             ,Workforce Preparation                                                      ,Y,Course is not a support course                                             ,Fall 2025
Kern CCD,Bakersfield,KINSB21S    ,CCC000628382,Beginning Soccer                                                    ,1,Kinesiology-127000                                                                   ,Credit - Degree Applicable                                                 ,Transferable to both UC and CSU                                            ,01.00,01.00,Course is not a basic skills course                                        ,Non-Occupational                                                           ,Not applicable                                                             ,"Not Applicable, Credit course                                              ",Y,Course is not a support course                                             ,Fall 2025
Kern CCD,Bakersfield,KINSB21T    ,CCC000628383,Beginning Tennis                                                    ,1,Kinesiology-127000                                                                   ,Credit - Degree Applicable                                                 ,Transferable to both UC and CSU                                            ,01.00,01.00,Course is not a basic skills course                                        ,Non-Occupational                                                           ,Not applicable                                                             ,"Not Applicable, Credit course                                              ",Y,Course is not a support course                                             ,Fall 2025
Kern CCD,Bakersfield,KINSB21VB   ,CCC000628384,Beginning Volleyball                                                ,1,Kinesiology-127000                                                                   ,Credit - Degree Applicable                                                 ,Transferable to both UC and CSU                                            ,01.00,01.00,Course is not a basic skills course                                        ,Non-Occupational                                                           ,Not applicable                                                             ,"Not Applicable, Credit course                                              ",Y,Course is not a support course                                             ,Fall 2025
Kern CCD,Bakersfield,KINSB21WT   ,CCC000628385,Beginning Weight Training                                           ,5,Kinesiology-127000                                                                   ,Credit - Degree Applicable                                                 ,Transferable to both UC and CSU                                            ,01.00,01.00,Course is not a basic skills course                                        ,Non-Occupational                                                           ,Not applicable                                                             ,"Not Applicable, Credit course                                              ",Y,Course is not a support course                                             ,Fall 2025
Kern CCD,Bakersfield,WELDB53BN   ,CCC000628390,Shielded Metal Arc Welding 2                                        ,1,Welding Technology-095650                                                            ,Noncredit                                                                  ,Not transferable                                                           ,00.00,00.00,Course is not a basic skills course                                        ,Clearly Occupational (but not advanced)                                    ,Not applicable                                                             ,Short-term Vocational Program/Career Techincal                             ,Y,Course is not a support course                                             ,Fall 2025
Kern CCD,Bakersfield,WELDB71     ,CCC000628391,Independent Topics in Welding                                       ,1,Welding Technology-095650                                                            ,Credit - Degree Applicable                                                 ,Not transferable                                                           ,02.00,02.00,Course is not a basic skills course                                        ,Advanced Occupational (not limited to apprentices)                         ,Not applicable                                                             ,"Not Applicable, Credit course                                              ",Y,Course is not a support course                                             ,Fall 2025
Kern CCD,Porterville,HISTP114    ,CCC000628566,History of Women in the United States                               ,1,"Social Sciences, General-220100                                                      ",Credit - Degree Applicable                                                 ,Transferable to both UC and CSU                                            ,03.00,03.00,Course is not a basic skills course                                        ,Non-Occupational                                                           ,Not applicable                                                             ,"Not Applicable, Credit course                                              ",Y,Course is not a support course                                             ,Fall 2025
Kern CCD,Porterville,INFSP100    ,CCC000628567,Intro to Information Systems                                        ,3,"Information Technology, General-070100                                               ",Credit - Degree Applicable                                                 ,Transferable to CSU only                                                   ,03.00,03.00,Course is not a basic skills course                                        ,Clearly Occupational (but not advanced)                                    ,Not applicable                                                             ,"Not Applicable, Credit course                                              ",Y,Course is not a support course                                             ,Fall 2025
Kern CCD,Porterville,STSSP152    ,CCC000628568,College and Career Readiness                                        ,3,Career Guidance and Orientation-493010                                               ,Credit - Degree Applicable                                                 ,Transferable to both UC and CSU                                            ,02.00,02.00,Course is not a basic skills course                                        ,Non-Occupational                                                           ,Not applicable                                                             ,"Not Applicable, Credit course                                              ",Y,Course is not a support course                                             ,Fall 2025
Kern CCD,Bakersfield,EMLSB90NC   ,CCC000629830,Intro Integrated English Skill                                      ,1,English as a Second Language - Integrated-493087                                     ,Noncredit                                                                  ,Not transferable                                                           ,00.00,00.00,Course is a basic skills course                                            ,Non-Occupational                                                           ,Seven levels below transfer                                                ,English as a Second Language (ESL)                                         ,Y,Course is not a support course                                             ,Fall 2025
Kern CCD,Bakersfield,EMLSB91NC   ,CCC000629831,Basic Integrated English Skills                                     ,1,English as a Second Language - Integrated-493087                                     ,Noncredit                                                                  ,Not transferable                                                           ,00.00,00.00,Course is a basic skills course                                            ,Non-Occupational                                                           ,Six levels below transfer                                                  ,English as a Second Language (ESL)                                         ,Y,Course is not a support course                                             ,Fall 2025
Kern CCD,Bakersfield,EMLSB92NC   ,CCC000629832,Pre-Interm Integrated English                                       ,2,English as a Second Language - Integrated-493087                                     ,Noncredit                                                                  ,Not transferable                                                           ,00.00,00.00,Course is a basic skills course                                            ,Non-Occupational                                                           ,Five levels below transfer                                                 ,English as a Second Language (ESL)                                         ,Y,Course is not a support course                                             ,Fall 2025
Kern CCD,Bakersfield,ANSCB11     ,CCC000630012,Livestock Selection/Evaluation                                      ,1,Animal Science-010200                                                                ,Credit - Degree Applicable                                                 ,Transferable to both UC and CSU                                            ,03.00,03.00,Course is not a basic skills course                                        ,Clearly Occupational (but not advanced)                                    ,Not applicable                                                             ,"Not Applicable, Credit course                                              ",Y,Course is not a support course                                             ,Fall 2025
Kern CCD,Bakersfield,EMTCB90NC   ,CCC000630018,Paramedic Skills Lab Practice                                       ,1,Paramedic-125100                                                                     ,Noncredit                                                                  ,Not transferable                                                           ,00.00,00.00,Course is not a basic skills course                                        ,Clearly Occupational (but not advanced)                                    ,Not applicable                                                             ,Workforce Preparation                                                      ,Y,Course is not a support course                                             ,Fall 2025
Kern CCD,Bakersfield,ENGRB18     ,CCC000630019,Digtal Electron & Logic Design                                      ,1,"Engineering, General (requires Calculus) (Transfer)-090100                           ",Credit - Degree Applicable                                                 ,Transferable to both UC and CSU                                            ,04.00,04.00,Course is not a basic skills course                                        ,Non-Occupational                                                           ,Not applicable                                                             ,"Not Applicable, Credit course                                              ",Y,Course is not a support course                                             ,Fall 2025
Kern CCD,Bakersfield,MUSCB45A    ,CCC000630024,Bella Lux Treble Choir                                              ,1,Music-100400                                                                         ,Credit - Degree Applicable                                                 ,Transferable to both UC and CSU                                            ,01.00,01.00,Course is not a basic skills course                                        ,Non-Occupational                                                           ,Not applicable                                                             ,"Not Applicable, Credit course                                              ",Y,Course is not a support course                                             ,Fall 2025
Kern CCD,Cerro Coso,CHEMC111    ,CCC000630032,General Chemistry I                                                 ,2,"Chemistry, General-190500                                                            ",Credit - Degree Applicable                                                 ,Transferable to both UC and CSU                                            ,05.00,05.00,Course is not a basic skills course                                        ,Non-Occupational                                                           ,Not applicable                                                             ,"Not Applicable, Credit course                                              ",Y,Course is not a support course                                             ,Fall 2025
Kern CCD,Cerro Coso,CHEMC221    ,CCC000630033,Organic Chemistry I                                                 ,1,"Chemistry, General-190500                                                            ",Credit - Degree Applicable                                                 ,Transferable to both UC and CSU                                            ,05.00,05.00,Course is not a basic skills course                                        ,Non-Occupational                                                           ,Not applicable                                                             ,"Not Applicable, Credit course                                              ",Y,Course is not a support course                                             ,Fall 2025
Kern CCD,Bakersfield,KINSB11G    ,CCC000630169,Intercolleg Comp Women: Golf                                        ,1,Intercollegiate Athletics-083550                                                     ,Credit - Degree Applicable                                                 ,Transferable to both UC and CSU                                            ,03.00,03.00,Course is not a basic skills course                                        ,Non-Occupational                                                           ,Not applicable                                                             ,"Not Applicable, Credit course                                              ",Y,Course is not a support course                                             ,Fall 2025
Kern CCD,Bakersfield,AUTOB61BN   ,CCC000631049,Automotive Fundamental - Lect                                       ,4,Automotive Technology-094800                                                         ,Noncredit                                                                  ,Not transferable                                                           ,00.00,00.00,Course is not a basic skills course                                        ,Clearly Occupational (but not advanced)                                    ,Not applicable                                                             ,Workforce Preparation                                                      ,Y,Course is not a support course                                             ,Fall 2025
Kern CCD,Bakersfield,CRPSB6      ,CCC000631050,Plant Pest Ident and Control                                        ,1,Plant Science-010300                                                                 ,Credit - Degree Applicable                                                 ,Transferable to both UC and CSU                                            ,03.00,03.00,Course is not a basic skills course                                        ,Clearly Occupational (but not advanced)                                    ,Not applicable                                                             ,"Not Applicable, Credit course                                              ",Y,Course is not a support course                                             ,Fall 2025
Kern CCD,Bakersfield,EMTCB71NC   ,CCC000631051,Adv Cardiovasculr Life Support                                      ,1,Paramedic-125100                                                                     ,Noncredit                                                                  ,Not transferable                                                           ,00.00,00.00,Course is not a basic skills course                                        ,Clearly Occupational (but not advanced)                                    ,Not applicable                                                             ,Short-term Vocational Program/Career Techincal                             ,Y,Course is not a support course                                             ,Fall 2025
Kern CCD,Bakersfield,EMTCB72NC   ,CCC000631052,Pediatric Adv Life Support                                          ,2,Emergency Medical Services-125000                                                    ,Noncredit                                                                  ,Not transferable                                                           ,00.00,00.00,Course is not a basic skills course                                        ,Clearly Occupational (but not advanced)                                    ,Not applicable                                                             ,Short-term Vocational Program/Career Techincal                             ,Y,Course is not a support course                                             ,Fall 2025
Kern CCD,Bakersfield,KINSB21AF   ,CCC000631061,Aquatics for Fitness                                                ,1,Kinesiology-127000                                                                   ,Credit - Degree Applicable                                                 ,Transferable to both UC and CSU                                            ,01.00,01.00,Course is not a basic skills course                                        ,Non-Occupational                                                           ,Not applicable                                                             ,"Not Applicable, Credit course                                              ",Y,Course is not a support course                                             ,Fall 2025
Kern CCD,Bakersfield,KINSB21FF   ,CCC000631062,Beginning Fitness & Wellness                                        ,4,Kinesiology-127000                                                                   ,Credit - Degree Applicable                                                 ,Transferable to both UC and CSU                                            ,01.00,01.00,Course is not a basic skills course                                        ,Non-Occupational                                                           ,Not applicable                                                             ,"Not Applicable, Credit course                                              ",Y,Course is not a support course                                             ,Fall 2025
Kern CCD,Bakersfield,KINSB21WJ   ,CCC000631064,Fitness Walking and Jogging                                         ,6,Kinesiology-127000                                                                   ,Credit - Degree Applicable                                                 ,Transferable to both UC and CSU                                            ,01.00,01.00,Course is not a basic skills course                                        ,Non-Occupational                                                           ,Not applicable                                                             ,"Not Applicable, Credit course                                              ",Y,Course is not a support course                                             ,Fall 2025
Kern CCD,Bakersfield,KINSB21Y    ,CCC000631065,Beginning Yoga                                                      ,5,Kinesiology-127000                                                                   ,Credit - Degree Applicable                                                 ,Transferable to both UC and CSU                                            ,01.00,01.00,Course is not a basic skills course                                        ,Non-Occupational                                                           ,Not applicable                                                             ,"Not Applicable, Credit course                                              ",Y,Course is not a support course                                             ,Fall 2025
Kern CCD,Porterville,KINP314     ,CCC000631090,Varsity Soccer for Women                                            ,1,Intercollegiate Athletics-083550                                                     ,Credit - Degree Applicable                                                 ,Transferable to both UC and CSU                                            ,03.00,03.00,Course is not a basic skills course                                        ,Non-Occupational                                                           ,Not applicable                                                             ,"Not Applicable, Credit course                                              ",Y,Course is not a support course                                             ,Fall 2025
Kern CCD,Bakersfield,AUTOB48     ,CCC000631095,Manual Transmissions and Drive                                      ,2,Automotive Technology-094800                                                         ,Credit - Degree Applicable                                                 ,Transferable to CSU only                                                   ,04.50,04.50,Course is not a basic skills course                                        ,Advanced Occupational (not limited to apprentices)                         ,Not applicable                                                             ,"Not Applicable, Credit course                                              ",Y,Course is not a support course                                             ,Fall 2025
Kern CCD,Bakersfield,AUTOB61AN   ,CCC000631096,Automotive Reconditioning                                           ,4,Automotive Technology-094800                                                         ,Noncredit                                                                  ,Not transferable                                                           ,00.00,00.00,Course is not a basic skills course                                        ,Clearly Occupational (but not advanced)                                    ,Not applicable                                                             ,Short-term Vocational Program/Career Techincal                             ,Y,Course is not a support course                                             ,Fall 2025
Kern CCD,Bakersfield,MATHB26     ,CCC000631097,Mathematics for Liberal Arts                                        ,2,"Mathematics, General-170100                                                          ",Credit - Degree Applicable                                                 ,Transferable to both UC and CSU                                            ,03.00,03.00,Course is not a basic skills course                                        ,Non-Occupational                                                           ,Not applicable                                                             ,"Not Applicable, Credit course                                              ",B,Course is not a support course                                             ,Fall 2025
Kern CCD,Bakersfield,MATHB27     ,CCC000631098,College Algebra                                                     ,15,"Mathematics, General-170100                                                          ",Credit - Degree Applicable                                                 ,Transferable to both UC and CSU                                            ,04.00,04.00,Course is not a basic skills course                                        ,Non-Occupational                                                           ,Not applicable                                                             ,"Not Applicable, Credit course                                              ",B,Course is not a support course                                             ,Fall 2025
Kern CCD,Bakersfield,OFFTB77NC   ,CCC000631110,Funding Strategies Sm Business                                      ,1,Small Business and Entrepreneurship-050640                                           ,Noncredit                                                                  ,Not transferable                                                           ,00.00,00.00,Course is not a basic skills course                                        ,Clearly Occupational (but not advanced)                                    ,Not applicable                                                             ,Workforce Preparation                                                      ,Y,Course is not a support course                                             ,Fall 2025
Kern CCD,Bakersfield,ORNHB14     ,CCC000631112,Plant Identification and Usage                                      ,1,Horticulture-010900                                                                  ,Credit - Degree Applicable                                                 ,Transferable to both UC and CSU                                            ,03.00,03.00,Course is not a basic skills course                                        ,Clearly Occupational (but not advanced)                                    ,Not applicable                                                             ,"Not Applicable, Credit course                                              ",Y,Course is not a support course                                             ,Fall 2025
Kern CCD,Bakersfield,ORNHB70NC   ,CCC000631114,Intro to Edible Gardening                                           ,1,Horticulture-010900                                                                  ,Noncredit                                                                  ,Not transferable                                                           ,00.00,00.00,Course is not a basic skills course                                        ,Clearly Occupational (but not advanced)                                    ,Not applicable                                                             ,Short-term Vocational Program/Career Techincal                             ,Y,Course is not a support course                                             ,Fall 2025
Kern CCD,Bakersfield,ORNHB71NC   ,CCC000631115,Edible Landscapes                                                   ,1,Horticulture-010900                                                                  ,Noncredit                                                                  ,Not transferable                                                           ,00.00,00.00,Course is not a basic skills course                                        ,Possibly Occupational                                                      ,Not applicable                                                             ,Short-term Vocational Program/Career Techincal                             ,Y,Course is not a support course                                             ,Fall 2025
Kern CCD,Bakersfield,ORNHB72NC   ,CCC000631116,Edible Garden Install & Care                                        ,1,Horticulture-010900                                                                  ,Noncredit                                                                  ,Not transferable                                                           ,00.00,00.00,Course is not a basic skills course                                        ,Possibly Occupational                                                      ,Not applicable                                                             ,Short-term Vocational Program/Career Techincal                             ,Y,Course is not a support course                                             ,Fall 2025
Kern CCD,Bakersfield,ORNHB73NC   ,CCC000631117,Intro to Edible Hydroponics                                         ,1,Horticulture-010900                                                                  ,Noncredit                                                                  ,Not transferable                                                           ,00.00,00.00,Course is not a basic skills course                                        ,Possibly Occupational                                                      ,Not applicable                                                             ,Short-term Vocational Program/Career Techincal                             ,Y,Course is not a support course                                             ,Fall 2025
Kern CCD,Bakersfield,TECMB40     ,CCC000631122,Contemporary Mathematics for Careers                                ,7,"Mathematics, General-170100                                                          ",Credit - Degree Applicable                                                 ,Transferable to CSU only                                                   ,03.00,03.00,Course is not a basic skills course                                        ,Non-Occupational                                                           ,Not applicable                                                             ,"Not Applicable, Credit course                                              ",B,Course is not a support course                                             ,Fall 2025
Kern CCD,Bakersfield,MATHB99NC   ,CCC000631226,Math Jam - Math Skill Building                                      ,2,Mathematics Skills-170200                                                            ,Noncredit                                                                  ,Not transferable                                                           ,00.00,00.00,Course is a basic skills course                                            ,Non-Occupational                                                           ,Not applicable                                                             ,Elementary and Secondary Basic Skills                                      ,Y,Course is not a support course                                             ,Fall 2025
Kern CCD,Bakersfield,KINSB10BB   ,CCC000631494,Intercollegiate Competition Men: Basketball                         ,1,Intercollegiate Athletics-083550                                                     ,Credit - Degree Applicable                                                 ,Transferable to both UC and CSU                                            ,01.50,01.50,Course is not a basic skills course                                        ,Non-Occupational                                                           ,Not applicable                                                             ,"Not Applicable, Credit course                                              ",Y,Course is not a support course                                             ,Fall 2025
Kern CCD,Bakersfield,KINSB10FB   ,CCC000631495,Intercoll Comp Men: Football                                        ,1,Intercollegiate Athletics-083550                                                     ,Credit - Degree Applicable                                                 ,Transferable to both UC and CSU                                            ,03.00,03.00,Course is not a basic skills course                                        ,Non-Occupational                                                           ,Not applicable                                                             ,"Not Applicable, Credit course                                              ",Y,Course is not a support course                                             ,Fall 2025
Kern CCD,Bakersfield,KINSB21OL   ,CCC000631498,Beginning Olympic Lifting                                           ,1,Kinesiology-127000                                                                   ,Credit - Degree Applicable                                                 ,Transferable to both UC and CSU                                            ,01.00,01.00,Course is not a basic skills course                                        ,Non-Occupational                                                           ,Not applicable                                                             ,"Not Applicable, Credit course                                              ",Y,Course is not a support course                                             ,Fall 2025
Kern CCD,Bakersfield,KINSB21PB   ,CCC000631499,Beginning Pickleball                                                ,1,Kinesiology-127000                                                                   ,Credit - Degree Applicable                                                 ,Transferable to both UC and CSU                                            ,01.00,01.00,Course is not a basic skills course                                        ,Non-Occupational                                                           ,Not applicable                                                             ,"Not Applicable, Credit course                                              ",Y,Course is not a support course                                             ,Fall 2025
Kern CCD,Porterville,CGRAP114    ,CCC000631770,Advanced Digital Video Production                                   ,1,Film Production-061220                                                               ,Credit - Degree Applicable                                                 ,Transferable to both UC and CSU                                            ,03.00,03.00,Course is not a basic skills course                                        ,Clearly Occupational (but not advanced)                                    ,Not applicable                                                             ,"Not Applicable, Credit course                                              ",Y,Course is not a support course                                             ,Fall 2025
Kern CCD,Bakersfield,COMPB14     ,CCC000631833,Discrete Structures                                                 ,2,Computer Science (Transfer)-070600                                                   ,Credit - Degree Applicable                                                 ,Transferable to both UC and CSU                                            ,03.00,03.00,Course is not a basic skills course                                        ,Non-Occupational                                                           ,Not applicable                                                             ,"Not Applicable, Credit course                                              ",C,Course is not a support course                                             ,Fall 2025
Kern CCD,Bakersfield,AGRIB5      ,CCC000632166,Leadership in Agriculture                                           ,5,"Agriculture Technology and Sciences, General-010100                                  ",Credit - Degree Applicable                                                 ,Transferable to CSU only                                                   ,03.00,03.00,Course is not a basic skills course                                        ,Clearly Occupational (but not advanced)                                    ,Not applicable                                                             ,"Not Applicable, Credit course                                              ",Y,Course is not a support course                                             ,Fall 2025
Kern CCD,Bakersfield,ENERB22     ,CCC000632168,Energy Science                                                      ,1,Energy Systems Technology-094610                                                     ,Credit - Degree Applicable                                                 ,Transferable to both UC and CSU                                            ,04.00,04.00,Course is not a basic skills course                                        ,Possibly Occupational                                                      ,Not applicable                                                             ,"Not Applicable, Credit course                                              ",Y,Course is not a support course                                             ,Fall 2025
Kern CCD,Bakersfield,NURSB30     ,CCC000632169,Pathophysiology                                                     ,1,Anatomy and Physiology-041000                                                        ,Credit - Degree Applicable                                                 ,Transferable to both UC and CSU                                            ,03.00,03.00,Course is not a basic skills course                                        ,Non-Occupational                                                           ,Not applicable                                                             ,"Not Applicable, Credit course                                              ",Y,Course is not a support course                                             ,Fall 2025
Kern CCD,Bakersfield,WELDB74A    ,CCC000632171,Intro to GMAW & FCAW                                                ,2,Welding Technology-095650                                                            ,Credit - Degree Applicable                                                 ,Not transferable                                                           ,02.00,02.00,Course is not a basic skills course                                        ,Clearly Occupational (but not advanced)                                    ,Not applicable                                                             ,"Not Applicable, Credit course                                              ",Y,Course is not a support course                                             ,Fall 2025
Kern CCD,Cerro Coso,ACADC102X   ,CCC000632245,STC Corrections Academy III                                         ,1,Corrections-210510                                                                   ,Credit - Not Degree Applicable                                             ,Not transferable                                                           ,06.50,06.50,Course is not a basic skills course                                        ,Clearly Occupational (but not advanced)                                    ,Not applicable                                                             ,"Not Applicable, Credit course                                              ",Y,Course is not a support course                                             ,Fall 2025
Kern CCD,Porterville,CHEMP105    ,CCC000632318,"Introduction to General, Organic, and Biological Chemistry          ",2,"Chemistry, General-190500                                                            ",Credit - Degree Applicable                                                 ,Transferable to both UC and CSU                                            ,05.00,05.00,Course is not a basic skills course                                        ,Non-Occupational                                                           ,Not applicable                                                             ,"Not Applicable, Credit course                                              ",Y,Course is not a support course                                             ,Fall 2025
Kern CCD,Bakersfield,PSYCB20     ,CCC000632668,Social Psychology                                                   ,6,"Psychology, General-200100                                                           ",Credit - Degree Applicable                                                 ,Transferable to both UC and CSU                                            ,03.00,03.00,Course is not a basic skills course                                        ,Non-Occupational                                                           ,Not applicable                                                             ,"Not Applicable, Credit course                                              ",Y,Course is not a support course                                             ,Fall 2025
Kern CCD,Bakersfield,KINSB10S    ,CCC000634158,Intercoll Comp-Men/Soccer                                           ,1,Intercollegiate Athletics-083550                                                     ,Credit - Degree Applicable                                                 ,Transferable to both UC and CSU                                            ,03.00,03.00,Course is not a basic skills course                                        ,Non-Occupational                                                           ,Not applicable                                                             ,"Not Applicable, Credit course                                              ",Y,Course is not a support course                                             ,Fall 2025
Kern CCD,Bakersfield,KINSB10W    ,CCC000634159,Intercoll Comp-Men/Wrestling                                        ,1,Intercollegiate Athletics-083550                                                     ,Credit - Degree Applicable                                                 ,Transferable to both UC and CSU                                            ,03.00,03.00,Course is not a basic skills course                                        ,Non-Occupational                                                           ,Not applicable                                                             ,"Not Applicable, Credit course                                              ",Y,Course is not a support course                                             ,Fall 2025
Kern CCD,Bakersfield,KINSB11BB   ,CCC000634160,Intercoll Comp-Women/Bsktball                                       ,1,Intercollegiate Athletics-083550                                                     ,Credit - Degree Applicable                                                 ,Transferable to both UC and CSU                                            ,01.50,01.50,Course is not a basic skills course                                        ,Non-Occupational                                                           ,Not applicable                                                             ,"Not Applicable, Credit course                                              ",Y,Course is not a support course                                             ,Fall 2025
Kern CCD,Bakersfield,KINSB11S    ,CCC000634162,Intercoll Comp Womens: Soccer                                       ,1,Intercollegiate Athletics-083550                                                     ,Credit - Degree Applicable                                                 ,Transferable to both UC and CSU                                            ,03.00,03.00,Course is not a basic skills course                                        ,Non-Occupational                                                           ,Not applicable                                                             ,"Not Applicable, Credit course                                              ",Y,Course is not a support course                                             ,Fall 2025
Kern CCD,Bakersfield,KINSB11VB   ,CCC000634164,Intercoll Comp-Wmn/Volleyball                                       ,1,Intercollegiate Athletics-083550                                                     ,Credit - Degree Applicable                                                 ,Transferable to both UC and CSU                                            ,03.00,03.00,Course is not a basic skills course                                        ,Non-Occupational                                                           ,Not applicable                                                             ,"Not Applicable, Credit course                                              ",Y,Course is not a support course                                             ,Fall 2025
Kern CCD,Cerro Coso,FFTC050     ,CCC000634367,Introduction to the Incident Command System                         ,2,Wildland Fire Technology-213310                                                      ,Credit - Not Degree Applicable                                             ,Not transferable                                                           ,00.50,00.50,Course is not a basic skills course                                        ,Clearly Occupational (but not advanced)                                    ,Not applicable                                                             ,"Not Applicable, Credit course                                              ",Y,Course is not a support course                                             ,Fall 2025
Kern CCD,Cerro Coso,FFTC051     ,CCC000634398,Introduction to Wildland Fire Behavior                              ,2,Wildland Fire Technology-213310                                                      ,Credit - Not Degree Applicable                                             ,Not transferable                                                           ,00.50,00.50,Course is not a basic skills course                                        ,Clearly Occupational (but not advanced)                                    ,Not applicable                                                             ,"Not Applicable, Credit course                                              ",Y,Course is not a support course                                             ,Fall 2025
Kern CCD,Cerro Coso,FFTC052     ,CCC000634399,Introduction to National Incident Management System (NIMS)          ,2,Wildland Fire Technology-213310                                                      ,Credit - Not Degree Applicable                                             ,Not transferable                                                           ,00.50,00.50,Course is not a basic skills course                                        ,Clearly Occupational (but not advanced)                                    ,Not applicable                                                             ,"Not Applicable, Credit course                                              ",Y,Course is not a support course                                             ,Fall 2025
Kern CCD,Cerro Coso,FFTC053     ,CCC000634456,Human Factors in The Wildland Fire Service                          ,2,Wildland Fire Technology-213310                                                      ,Credit - Not Degree Applicable                                             ,Not transferable                                                           ,00.25,00.25,Course is not a basic skills course                                        ,Clearly Occupational (but not advanced)                                    ,Not applicable                                                             ,"Not Applicable, Credit course                                              ",Y,Course is not a support course                                             ,Fall 2025
Kern CCD,Cerro Coso,FFTC054     ,CCC000634457,Firefighter Training                                                ,2,Wildland Fire Technology-213310                                                      ,Credit - Not Degree Applicable                                             ,Not transferable                                                           ,01.50,01.50,Course is not a basic skills course                                        ,Advanced Occupational (not limited to apprentices)                         ,Not applicable                                                             ,"Not Applicable, Credit course                                              ",Y,Course is not a support course                                             ,Fall 2025
Kern CCD,Cerro Coso,KINSC111    ,CCC000634458,Circuit Training                                                    ,1,Physical Education-083500                                                            ,Credit - Degree Applicable                                                 ,Transferable to both UC and CSU                                            ,01.00,01.00,Course is not a basic skills course                                        ,Non-Occupational                                                           ,Not applicable                                                             ,"Not Applicable, Credit course                                              ",Y,Course is not a support course                                             ,Fall 2025
Kern CCD,Porterville,KINP306     ,CCC000634529,Varsity Basketball for Women                                        ,1,Intercollegiate Athletics-083550                                                     ,Credit - Degree Applicable                                                 ,Transferable to both UC and CSU                                            ,01.50,01.50,Course is not a basic skills course                                        ,Non-Occupational                                                           ,Not applicable                                                             ,"Not Applicable, Credit course                                              ",Y,Course is not a support course                                             ,Fall 2025
Kern CCD,Porterville,KINP316     ,CCC000634531,Varsity Volleyball for Women                                        ,1,Intercollegiate Athletics-083550                                                     ,Credit - Degree Applicable                                                 ,Transferable to both UC and CSU                                            ,03.00,03.00,Course is not a basic skills course                                        ,Non-Occupational                                                           ,Not applicable                                                             ,"Not Applicable, Credit course                                              ",Y,Course is not a support course                                             ,Fall 2025
Kern CCD,Bakersfield,PBHSB26     ,CCC000634877,Introduction to Public Health Informatics and Technology            ,3,Other Health Occupations-129900                                                      ,Credit - Degree Applicable                                                 ,Transferable to CSU only                                                   ,03.00,03.00,Course is not a basic skills course                                        ,Clearly Occupational (but not advanced)                                    ,Not applicable                                                             ,"Not Applicable, Credit course                                              ",Y,Course is not a support course                                             ,Fall 2025
Kern CCD,Porterville,ADMJP103E   ,CCC000635480,Ethics in the American Justice                                      ,1,Administration of Justice-210500                                                     ,Credit - Degree Applicable                                                 ,Transferable to both UC and CSU                                            ,03.00,03.00,Course is not a basic skills course                                        ,Clearly Occupational (but not advanced)                                    ,Not applicable                                                             ,"Not Applicable, Credit course                                              ",Y,Course is not a support course                                             ,Fall 2025
Kern CCD,Porterville,MUSCP127Z   ,CCC000635482,Community Band                                                      ,1,Music-100400                                                                         ,Noncredit                                                                  ,Not transferable                                                           ,00.00,00.00,Course is not a basic skills course                                        ,Non-Occupational                                                           ,Not applicable                                                             ,Courses for Older Adults                                                   ,Y,Course is not a support course                                             ,Fall 2025
Kern CCD,Bakersfield,ENGRB25     ,CCC000636502,Engineering Graphics with AutoCAD (for CE/CET/EE)                   ,1,"Engineering, General (requires Calculus) (Transfer)-090100                           ",Credit - Degree Applicable                                                 ,Transferable to both UC and CSU                                            ,03.00,03.00,Course is not a basic skills course                                        ,Non-Occupational                                                           ,Not applicable                                                             ,"Not Applicable, Credit course                                              ",Y,Course is not a support course                                             ,Fall 2025
Kern CCD,Bakersfield,KINSB12C    ,CCC000636503,Inter Competition: Cheer                                            ,1,Intercollegiate Athletics-083550                                                     ,Credit - Degree Applicable                                                 ,Transferable to both UC and CSU                                            ,03.00,03.00,Course is not a basic skills course                                        ,Non-Occupational                                                           ,Not applicable                                                             ,"Not Applicable, Credit course                                              ",Y,Course is not a support course                                             ,Fall 2025
Kern CCD,Bakersfield,KINSB12XC   ,CCC000636505,Intercoll Comp Cross-Country                                        ,1,Intercollegiate Athletics-083550                                                     ,Credit - Degree Applicable                                                 ,Transferable to both UC and CSU                                            ,03.00,03.00,Course is not a basic skills course                                        ,Non-Occupational                                                           ,Not applicable                                                             ,"Not Applicable, Credit course                                              ",Y,Course is not a support course                                             ,Fall 2025
Kern CCD,Bakersfield,KINSB13C    ,CCC000636506,Intercollegiate Conditioning                                        ,9,Intercollegiate Athletics-083550                                                     ,Credit - Degree Applicable                                                 ,Transferable to both UC and CSU                                            ,01.00,01.00,Course is not a basic skills course                                        ,Non-Occupational                                                           ,Not applicable                                                             ,"Not Applicable, Credit course                                              ",Y,Course is not a support course                                             ,Fall 2025
Kern CCD,Bakersfield,JRNLB25     ,CCC000636537,Newspaper/Online Production I                                       ,1,Journalism-060200                                                                    ,Credit - Degree Applicable                                                 ,Transferable to CSU only                                                   ,03.00,03.00,Course is not a basic skills course                                        ,Clearly Occupational (but not advanced)                                    ,Not applicable                                                             ,"Not Applicable, Credit course                                              ",Y,Course is not a support course                                             ,Fall 2025
Kern CCD,Bakersfield,JRNLB26     ,CCC000636538,Newspaper Production/Editors                                        ,1,Journalism-060200                                                                    ,Credit - Degree Applicable                                                 ,Transferable to CSU only                                                   ,04.00,04.00,Course is not a basic skills course                                        ,Clearly Occupational (but not advanced)                                    ,Not applicable                                                             ,"Not Applicable, Credit course                                              ",Y,Course is not a support course                                             ,Fall 2025
Kern CCD,Cerro Coso,SWHSC101    ,CCC000637191,Introduction to Social Work and Human Services                      ,2,Human Services-210400                                                                ,Credit - Degree Applicable                                                 ,Transferable to CSU only                                                   ,03.00,03.00,Course is not a basic skills course                                        ,Possibly Occupational                                                      ,Not applicable                                                             ,"Not Applicable, Credit course                                              ",Y,Course is not a support course                                             ,Fall 2025
Kern CCD,Cerro Coso,MUSCC831    ,CCC000637253,Community Orchestra                                                 ,2,Music-100400                                                                         ,Noncredit                                                                  ,Not transferable                                                           ,00.00,00.00,Course is not a basic skills course                                        ,Non-Occupational                                                           ,Not applicable                                                             ,Courses for Older Adults                                                   ,Y,Course is not a support course                                             ,Fall 2025
Kern CCD,Bakersfield,RTECB101    ,CCC000637591,Laboratory Safety and Materials Management                          ,1,Laboratory Science Technology-095500                                                 ,Credit - Degree Applicable                                                 ,Not transferable                                                           ,02.00,02.00,Course is not a basic skills course                                        ,Clearly Occupational (but not advanced)                                    ,Not applicable                                                             ,"Not Applicable, Credit course                                              ",Y,Course is not a support course                                             ,Fall 2025
Kern CCD,Bakersfield,KINSB13S    ,CCC000637626,Intercollegiate Sport Skill                                         ,10,Intercollegiate Athletics-083550                                                     ,Credit - Degree Applicable                                                 ,Transferable to both UC and CSU                                            ,00.50,00.50,Course is not a basic skills course                                        ,Non-Occupational                                                           ,Not applicable                                                             ,"Not Applicable, Credit course                                              ",Y,Course is not a support course                                             ,Fall 2025
Kern CCD,Bakersfield,KINSB22SW   ,CCC000637627,Intermediate Swimming                                               ,1,Kinesiology-127000                                                                   ,Credit - Degree Applicable                                                 ,Transferable to both UC and CSU                                            ,01.00,01.00,Course is not a basic skills course                                        ,Non-Occupational                                                           ,Not applicable                                                             ,"Not Applicable, Credit course                                              ",Y,Course is not a support course                                             ,Fall 2025
Kern CCD,Bakersfield,KINSB8      ,CCC000637628,Dance Appreciation                                                  ,4,Kinesiology-127000                                                                   ,Credit - Degree Applicable                                                 ,Transferable to both UC and CSU                                            ,03.00,03.00,Course is not a basic skills course                                        ,Non-Occupational                                                           ,Not applicable                                                             ,"Not Applicable, Credit course                                              ",Y,Course is not a support course                                             ,Fall 2025
Kern CCD,Cerro Coso,MATHC110    ,CCC000637650,College Algebra for Non-STEM M                                      ,5,"Mathematics, General-170100                                                          ",Credit - Degree Applicable                                                 ,Transferable to both UC and CSU                                            ,04.00,04.00,Course is not a basic skills course                                        ,Non-Occupational                                                           ,Not applicable                                                             ,"Not Applicable, Credit course                                              ",B,Course is not a support course                                             ,Fall 2025
Kern CCD,Bakersfield,NURSB49     ,CCC000637799,Nurs Care of Med Surg Pat 4                                         ,2,Registered Nursing-123010                                                            ,Credit - Degree Applicable                                                 ,Transferable to CSU only                                                   ,07.00,07.00,Course is not a basic skills course                                        ,Clearly Occupational (but not advanced)                                    ,Not applicable                                                             ,"Not Applicable, Credit course                                              ",Y,Course is not a support course                                             ,Fall 2025
Kern CCD,Cerro Coso,ARTC853     ,CCC000637900,Intermediate Sculpture                                              ,1,Sculpture-100220                                                                     ,Noncredit                                                                  ,Not transferable                                                           ,00.00,00.00,Course is not a basic skills course                                        ,Non-Occupational                                                           ,Not applicable                                                             ,Courses for Older Adults                                                   ,Y,Course is not a support course                                             ,Fall 2025
Kern CCD,Cerro Coso,ETHNC141    ,CCC000637902,Introduction to Native American Studies                             ,5,Ethnic Studies-220300                                                                ,Credit - Degree Applicable                                                 ,Transferable to both UC and CSU                                            ,03.00,03.00,Course is not a basic skills course                                        ,Non-Occupational                                                           ,Not applicable                                                             ,"Not Applicable, Credit course                                              ",Y,Course is not a support course                                             ,Fall 2025
Kern CCD,Cerro Coso,ETHNC210    ,CCC000637903,Race and Ethnicity in Film                                          ,4,Ethnic Studies-220300                                                                ,Credit - Degree Applicable                                                 ,Transferable to both UC and CSU                                            ,03.00,03.00,Course is not a basic skills course                                        ,Non-Occupational                                                           ,Not applicable                                                             ,"Not Applicable, Credit course                                              ",Y,Course is not a support course                                             ,Fall 2025
Kern CCD,Cerro Coso,HCRSC180    ,CCC000637904,Pharmacology for Health Professionals                               ,1,"Health Occupations, General-120100                                                   ",Credit - Degree Applicable                                                 ,Transferable to CSU only                                                   ,03.00,03.00,Course is not a basic skills course                                        ,Clearly Occupational (but not advanced)                                    ,Not applicable                                                             ,"Not Applicable, Credit course                                              ",Y,Course is a support course                                                 ,Fall 2025
Kern CCD,Cerro Coso,ITC121      ,CCC000637905,Microsoft Word                                                      ,1,Software Applications-070210                                                         ,Credit - Degree Applicable                                                 ,Transferable to CSU only                                                   ,03.00,03.00,Course is not a basic skills course                                        ,Clearly Occupational (but not advanced)                                    ,Not applicable                                                             ,"Not Applicable, Credit course                                              ",Y,Course is not a support course                                             ,Fall 2025
Kern CCD,Cerro Coso,MUSCC841    ,CCC000637907,Community Concert Band                                              ,1,Music-100400                                                                         ,Noncredit                                                                  ,Not transferable                                                           ,00.00,00.00,Course is not a basic skills course                                        ,Non-Occupational                                                           ,Not applicable                                                             ,Courses for Older Adults                                                   ,Y,Course is not a support course                                             ,Fall 2025
Kern CCD,Cerro Coso,SWHSC103    ,CCC000637909,Social Work and Human Services Fieldwork Seminar                    ,1,Human Services-210400                                                                ,Credit - Degree Applicable                                                 ,Transferable to CSU only                                                   ,01.00,01.00,Course is not a basic skills course                                        ,Clearly Occupational (but not advanced)                                    ,Not applicable                                                             ,"Not Applicable, Credit course                                              ",Y,Course is not a support course                                             ,Fall 2025
Kern CCD,Cerro Coso,ACADC202X   ,CCC000637947,POST Police Academy III                                             ,1,Police Academy-210550                                                                ,Credit - Degree Applicable                                                 ,Not transferable                                                           ,13.50,13.50,Course is not a basic skills course                                        ,Advanced Occupational (not limited to apprentices)                         ,Not applicable                                                             ,"Not Applicable, Credit course                                              ",Y,Course is not a support course                                             ,Fall 2025
Kern CCD,Cerro Coso,SWHSC104    ,CCC000637948,Social Work and Human Services Fieldwork                            ,1,Human Services-210400                                                                ,Credit - Degree Applicable                                                 ,Transferable to CSU only                                                   ,02.00,02.00,Course is not a basic skills course                                        ,Clearly Occupational (but not advanced)                                    ,Not applicable                                                             ,"Not Applicable, Credit course                                              ",Y,Course is not a support course                                             ,Fall 2025
Kern CCD,Cerro Coso,ACADC080    ,CCC000637974,POST P.C. 832 Arrest                                                ,2,Police Academy-210550                                                                ,Credit - Not Degree Applicable                                             ,Not transferable                                                           ,02.50,02.50,Course is not a basic skills course                                        ,Clearly Occupational (but not advanced)                                    ,Not applicable                                                             ,"Not Applicable, Credit course                                              ",Y,Course is not a support course                                             ,Fall 2025
Kern CCD,Cerro Coso,ACADC081    ,CCC000637975,POST P.C. 832 Firearms                                              ,2,Police Academy-210550                                                                ,Credit - Not Degree Applicable                                             ,Not transferable                                                           ,01.50,01.50,Course is not a basic skills course                                        ,Clearly Occupational (but not advanced)                                    ,Not applicable                                                             ,"Not Applicable, Credit course                                              ",Y,Course is not a support course                                             ,Fall 2025
Kern CCD,Cerro Coso,KINSC171    ,CCC000637976,Women's Intercollegiate Volley                                      ,1,Intercollegiate Athletics-083550                                                     ,Credit - Degree Applicable                                                 ,Transferable to both UC and CSU                                            ,03.00,03.00,Course is not a basic skills course                                        ,Non-Occupational                                                           ,Not applicable                                                             ,"Not Applicable, Credit course                                              ",Y,Course is not a support course                                             ,Fall 2025
Kern CCD,Cerro Coso,KINSC180    ,CCC000637978,Intercollegiate Soccer                                              ,2,Intercollegiate Athletics-083550                                                     ,Credit - Degree Applicable                                                 ,Transferable to both UC and CSU                                            ,03.00,03.00,Course is not a basic skills course                                        ,Non-Occupational                                                           ,Not applicable                                                             ,"Not Applicable, Credit course                                              ",Y,Course is not a support course                                             ,Fall 2025
Kern CCD,Cerro Coso,ADSTC110X   ,CCC000638095,Addiction Studies Field Experi                                      ,1,Alcohol and Controlled Substances-210440                                             ,Credit - Degree Applicable                                                 ,Not transferable                                                           ,04.50,04.50,Course is not a basic skills course                                        ,Advanced Occupational (not limited to apprentices)                         ,Not applicable                                                             ,"Not Applicable, Credit course                                              ",Y,Course is not a support course                                             ,Fall 2025
Kern CCD,Cerro Coso,ADSTC111X   ,CCC000638096,Addiction Counseling Studies F                                      ,1,Alcohol and Controlled Substances-210440                                             ,Credit - Degree Applicable                                                 ,Not transferable                                                           ,02.50,02.50,Course is not a basic skills course                                        ,Advanced Occupational (not limited to apprentices)                         ,Not applicable                                                             ,"Not Applicable, Credit course                                              ",Y,Course is not a support course                                             ,Fall 2025
Kern CCD,Bakersfield,KINSB13WT   ,CCC000638197,Intercollegiate Weight Training                                     ,7,Intercollegiate Athletics-083550                                                     ,Credit - Degree Applicable                                                 ,Transferable to both UC and CSU                                            ,01.00,01.00,Course is not a basic skills course                                        ,Non-Occupational                                                           ,Not applicable                                                             ,"Not Applicable, Credit course                                              ",Y,Course is not a support course                                             ,Fall 2025
Kern CCD,Bakersfield,PSYCB26     ,CCC000638201,Introduction to Psychological Disorders                             ,3,"Psychology, General-200100                                                           ",Credit - Degree Applicable                                                 ,Transferable to both UC and CSU                                            ,03.00,03.00,Course is not a basic skills course                                        ,Non-Occupational                                                           ,Not applicable                                                             ,"Not Applicable, Credit course                                              ",Y,Course is not a support course                                             ,Fall 2025
Kern CCD,Cerro Coso,CTDC802     ,CCC000638236,Commercial Truck Driving: Behind-the-Wheel                          ,1,Truck and Bus Driving-094750                                                         ,Noncredit                                                                  ,Not transferable                                                           ,00.00,00.00,Course is not a basic skills course                                        ,Clearly Occupational (but not advanced)                                    ,Not applicable                                                             ,Short-term Vocational Program/Career Techincal                             ,Y,Course is not a support course                                             ,Fall 2025
Kern CCD,Porterville,BSADP168    ,CCC000638306,Global Cross-Cultural Manageme                                      ,2,Small Business and Entrepreneurship-050640                                           ,Credit - Degree Applicable                                                 ,Transferable to CSU only                                                   ,03.00,03.00,Course is not a basic skills course                                        ,Advanced Occupational (not limited to apprentices)                         ,Not applicable                                                             ,"Not Applicable, Credit course                                              ",Y,Course is not a support course                                             ,Fall 2025
Kern CCD,Cerro Coso,FFTC070     ,CCC000638315,Advanced Incident Command Systems                                   ,1,Wildland Fire Technology-213310                                                      ,Credit - Degree Applicable                                                 ,Not transferable                                                           ,00.25,00.25,Course is not a basic skills course                                        ,Advanced Occupational (not limited to apprentices)                         ,Not applicable                                                             ,"Not Applicable, Credit course                                              ",Y,Course is not a support course                                             ,Fall 2025
Kern CCD,Cerro Coso,FFTC073     ,CCC000638316,Wildland Fire Chainsaw                                              ,1,Wildland Fire Technology-213310                                                      ,Credit - Degree Applicable                                                 ,Not transferable                                                           ,01.00,01.00,Course is not a basic skills course                                        ,Clearly Occupational (but not advanced)                                    ,Not applicable                                                             ,"Not Applicable, Credit course                                              ",Y,Course is not a support course                                             ,Fall 2025
Kern CCD,Bakersfield,APPRB67-1   ,CCC000638397,Sheet Metal 1                                                       ,1,Sheet Metal and Structural Metal-095640                                              ,Credit - Degree Applicable                                                 ,Not transferable                                                           ,04.00,04.00,Course is not a basic skills course                                        ,Apprenticeship (offered to apprentices only)                               ,Not applicable                                                             ,"Not Applicable, Credit course                                              ",Y,Course is not a support course                                             ,Fall 2025
Kern CCD,Bakersfield,APPRB67-2   ,CCC000638399,Sheet Metal 2                                                       ,1,Sheet Metal and Structural Metal-095640                                              ,Credit - Degree Applicable                                                 ,Not transferable                                                           ,04.00,04.00,Course is not a basic skills course                                        ,Apprenticeship (offered to apprentices only)                               ,Not applicable                                                             ,"Not Applicable, Credit course                                              ",Y,Course is not a support course                                             ,Fall 2025
Kern CCD,Bakersfield,APPRB67-3   ,CCC000638400,Sheet Metal 3                                                       ,1,Sheet Metal and Structural Metal-095640                                              ,Credit - Degree Applicable                                                 ,Not transferable                                                           ,04.00,04.00,Course is not a basic skills course                                        ,Apprenticeship (offered to apprentices only)                               ,Not applicable                                                             ,"Not Applicable, Credit course                                              ",Y,Course is not a support course                                             ,Fall 2025
Kern CCD,Bakersfield,APPRB67-4   ,CCC000638401,Sheet Metal 4                                                       ,1,Sheet Metal and Structural Metal-095640                                              ,Credit - Degree Applicable                                                 ,Not transferable                                                           ,04.00,04.00,Course is not a basic skills course                                        ,Apprenticeship (offered to apprentices only)                               ,Not applicable                                                             ,"Not Applicable, Credit course                                              ",Y,Course is not a support course                                             ,Fall 2025
Kern CCD,Bakersfield,APPRB67-5   ,CCC000638402,Sheet Metal 5                                                       ,1,Sheet Metal and Structural Metal-095640                                              ,Credit - Degree Applicable                                                 ,Not transferable                                                           ,04.00,04.00,Course is not a basic skills course                                        ,Apprenticeship (offered to apprentices only)                               ,Not applicable                                                             ,"Not Applicable, Credit course                                              ",Y,Course is not a support course                                             ,Fall 2025
Kern CCD,Bakersfield,APPRB67-6   ,CCC000638403,Sheet Metal 6                                                       ,1,Sheet Metal and Structural Metal-095640                                              ,Credit - Degree Applicable                                                 ,Not transferable                                                           ,04.00,04.00,Course is not a basic skills course                                        ,Apprenticeship (offered to apprentices only)                               ,Not applicable                                                             ,"Not Applicable, Credit course                                              ",Y,Course is not a support course                                             ,Fall 2025
Kern CCD,Bakersfield,APPRB67-7   ,CCC000638404,Sheet Metal 7                                                       ,1,Sheet Metal and Structural Metal-095640                                              ,Credit - Degree Applicable                                                 ,Not transferable                                                           ,04.00,04.00,Course is not a basic skills course                                        ,Apprenticeship (offered to apprentices only)                               ,Not applicable                                                             ,"Not Applicable, Credit course                                              ",Y,Course is not a support course                                             ,Fall 2025
Kern CCD,Bakersfield,APPRB67-8   ,CCC000638405,Sheet Metal 8                                                       ,1,Sheet Metal and Structural Metal-095640                                              ,Credit - Degree Applicable                                                 ,Not transferable                                                           ,04.00,04.00,Course is not a basic skills course                                        ,Apprenticeship (offered to apprentices only)                               ,Not applicable                                                             ,"Not Applicable, Credit course                                              ",Y,Course is not a support course                                             ,Fall 2025
Kern CCD,Bakersfield,APPRB67-9   ,CCC000638406,Sheet Metal 9                                                       ,1,Sheet Metal and Structural Metal-095640                                              ,Credit - Degree Applicable                                                 ,Not transferable                                                           ,04.00,04.00,Course is not a basic skills course                                        ,Apprenticeship (offered to apprentices only)                               ,Not applicable                                                             ,"Not Applicable, Credit course                                              ",Y,Course is not a support course                                             ,Fall 2025
Kern CCD,Bakersfield,HOSPB10     ,CCC000638416,Introduction to Hospitality Management                              ,2,Hospitality-130700                                                                   ,Credit - Degree Applicable                                                 ,Transferable to CSU only                                                   ,03.00,03.00,Course is not a basic skills course                                        ,Clearly Occupational (but not advanced)                                    ,Not applicable                                                             ,"Not Applicable, Credit course                                              ",Y,Course is not a support course                                             ,Fall 2025
Kern CCD,Bakersfield,HOSPB20     ,CCC000638417,Hospitality Cost Control                                            ,1,Hospitality-130700                                                                   ,Credit - Degree Applicable                                                 ,Transferable to CSU only                                                   ,03.00,03.00,Course is not a basic skills course                                        ,Clearly Occupational (but not advanced)                                    ,Not applicable                                                             ,"Not Applicable, Credit course                                              ",Y,Course is not a support course                                             ,Fall 2025
Kern CCD,Bakersfield,INDAB132    ,CCC000638420,Proj Management for Capstone                                        ,1,Electro-Mechanical Technology-093500                                                 ,Credit - Degree Applicable                                                 ,Not transferable                                                           ,03.00,03.00,Course is not a basic skills course                                        ,Clearly Occupational (but not advanced)                                    ,Not applicable                                                             ,"Not Applicable, Credit course                                              ",Y,Course is not a support course                                             ,Fall 2025
Kern CCD,Bakersfield,INDAB150    ,CCC000638421,Capstone Senior Project                                             ,1,Electro-Mechanical Technology-093500                                                 ,Credit - Degree Applicable                                                 ,Not transferable                                                           ,04.00,04.00,Course is not a basic skills course                                        ,Advanced Occupational (not limited to apprentices)                         ,Not applicable                                                             ,"Not Applicable, Credit course                                              ",Y,Course is not a support course                                             ,Fall 2025
Kern CCD,Bakersfield,KINSB22WT   ,CCC000638422,Intermediate Weight Training                                        ,2,Kinesiology-127000                                                                   ,Credit - Degree Applicable                                                 ,Transferable to both UC and CSU                                            ,01.00,01.00,Course is not a basic skills course                                        ,Non-Occupational                                                           ,Not applicable                                                             ,"Not Applicable, Credit course                                              ",Y,Course is not a support course                                             ,Fall 2025
Kern CCD,Bakersfield,KINSB41     ,CCC000638424,Nutrition for Sports and Human Performance                          ,1,Kinesiology-127000                                                                   ,Credit - Degree Applicable                                                 ,Transferable to both UC and CSU                                            ,03.00,03.00,Course is not a basic skills course                                        ,Non-Occupational                                                           ,Not applicable                                                             ,"Not Applicable, Credit course                                              ",Y,Course is not a support course                                             ,Fall 2025
Kern CCD,Bakersfield,KINSB42     ,CCC000638425,Leadership in Recreation and Sport                                  ,1,Kinesiology-127000                                                                   ,Credit - Degree Applicable                                                 ,Transferable to both UC and CSU                                            ,03.00,03.00,Course is not a basic skills course                                        ,Non-Occupational                                                           ,Not applicable                                                             ,"Not Applicable, Credit course                                              ",Y,Course is not a support course                                             ,Fall 2025
Kern CCD,Bakersfield,KINSB5A     ,CCC000638436,Prin  Theory Athletic Coaching                                      ,1,Kinesiology-127000                                                                   ,Credit - Degree Applicable                                                 ,Transferable to both UC and CSU                                            ,03.00,03.00,Course is not a basic skills course                                        ,Non-Occupational                                                           ,Not applicable                                                             ,"Not Applicable, Credit course                                              ",Y,Course is not a support course                                             ,Fall 2025
Kern CCD,Bakersfield,PSYCB46     ,CCC000638443,Principles of Behavior                                              ,1,"Psychology, General-200100                                                           ",Credit - Degree Applicable                                                 ,Transferable to both UC and CSU                                            ,03.00,03.00,Course is not a basic skills course                                        ,Non-Occupational                                                           ,Not applicable                                                             ,"Not Applicable, Credit course                                              ",Y,Course is not a support course                                             ,Fall 2025
Kern CCD,Bakersfield,KINSB21FD   ,CCC000638493,Fitness Cond for Fire Fighters                                      ,2,Kinesiology-127000                                                                   ,Credit - Degree Applicable                                                 ,Transferable to CSU only                                                   ,01.00,01.00,Course is not a basic skills course                                        ,Non-Occupational                                                           ,Not applicable                                                             ,"Not Applicable, Credit course                                              ",Y,Course is not a support course                                             ,Fall 2025
Kern CCD,Bakersfield,KINSB2LNC   ,CCC000638494,Adult CPR and AED                                                   ,2,Other Health Occupations-129900                                                      ,Noncredit                                                                  ,Not transferable                                                           ,00.00,00.00,Course is not a basic skills course                                        ,Clearly Occupational (but not advanced)                                    ,Not applicable                                                             ,Short-term Vocational Program/Career Techincal                             ,Y,Course is not a support course                                             ,Fall 2025
Kern CCD,Cerro Coso,CHDVC133    ,CCC000638843,Trauma and Early Childhood Development                              ,1,Child Development/Early Care and Education-130500                                    ,Credit - Degree Applicable                                                 ,Transferable to CSU only                                                   ,03.00,03.00,Course is not a basic skills course                                        ,Clearly Occupational (but not advanced)                                    ,Not applicable                                                             ,"Not Applicable, Credit course                                              ",Y,Course is not a support course                                             ,Fall 2025
Kern CCD,Cerro Coso,CHDVC233    ,CCC000638844,Trauma-informed Care in Early Childhood Education                   ,1,Child Development/Early Care and Education-130500                                    ,Credit - Degree Applicable                                                 ,Transferable to CSU only                                                   ,03.00,03.00,Course is not a basic skills course                                        ,Clearly Occupational (but not advanced)                                    ,Not applicable                                                             ,"Not Applicable, Credit course                                              ",Y,Course is not a support course                                             ,Fall 2025
Kern CCD,Cerro Coso,FFTC074     ,CCC000638872,Advanced Firefighter Training                                       ,1,Wildland Fire Technology-213310                                                      ,Credit - Degree Applicable                                                 ,Not transferable                                                           ,00.50,00.50,Course is not a basic skills course                                        ,Advanced Occupational (not limited to apprentices)                         ,Not applicable                                                             ,"Not Applicable, Credit course                                              ",Y,Course is not a support course                                             ,Fall 2025
Kern CCD,Cerro Coso,HCRSC142    ,CCC000638874,Administrative Medical Assista                                      ,1,Medical Assisting-120800                                                             ,Credit - Degree Applicable                                                 ,Transferable to CSU only                                                   ,01.50,01.50,Course is not a basic skills course                                        ,Clearly Occupational (but not advanced)                                    ,Not applicable                                                             ,"Not Applicable, Credit course                                              ",Y,Course is not a support course                                             ,Fall 2025
Kern CCD,Cerro Coso,HCRSC147X   ,CCC000638875,Dermatology Assistant                                               ,1,Medical Assisting-120800                                                             ,Credit - Degree Applicable                                                 ,Not transferable                                                           ,03.00,03.00,Course is not a basic skills course                                        ,Clearly Occupational (but not advanced)                                    ,Not applicable                                                             ,"Not Applicable, Credit course                                              ",Y,Course is not a support course                                             ,Fall 2025
Kern CCD,Cerro Coso,ITC123      ,CCC000638877,Microsoft Excel                                                     ,1,Software Applications-070210                                                         ,Credit - Degree Applicable                                                 ,Transferable to CSU only                                                   ,03.00,03.00,Course is not a basic skills course                                        ,Clearly Occupational (but not advanced)                                    ,Not applicable                                                             ,"Not Applicable, Credit course                                              ",Y,Course is not a support course                                             ,Fall 2025
Kern CCD,Cerro Coso,ITC125      ,CCC000638878,Microsoft Access                                                    ,1,Software Applications-070210                                                         ,Credit - Degree Applicable                                                 ,Transferable to CSU only                                                   ,03.00,03.00,Course is not a basic skills course                                        ,Clearly Occupational (but not advanced)                                    ,Not applicable                                                             ,"Not Applicable, Credit course                                              ",Y,Course is not a support course                                             ,Fall 2025
Kern CCD,Cerro Coso,ITC127      ,CCC000638897,Microsoft PowerPoint                                                ,1,Software Applications-070210                                                         ,Credit - Degree Applicable                                                 ,Transferable to CSU only                                                   ,03.00,03.00,Course is not a basic skills course                                        ,Clearly Occupational (but not advanced)                                    ,Not applicable                                                             ,"Not Applicable, Credit course                                              ",Y,Course is not a support course                                             ,Fall 2025
Kern CCD,Cerro Coso,ITC257      ,CCC000638898,Computer Forensics Fundamentals                                     ,1,Computer Networking-070810                                                           ,Credit - Degree Applicable                                                 ,Transferable to CSU only                                                   ,03.00,03.00,Course is not a basic skills course                                        ,Clearly Occupational (but not advanced)                                    ,Not applicable                                                             ,"Not Applicable, Credit course                                              ",Y,Course is not a support course                                             ,Fall 2025
Kern CCD,Cerro Coso,ITC130X     ,CCC000638945,Professional Information Management Tools                           ,1,Computer Information Systems-070200                                                  ,Credit - Degree Applicable                                                 ,Transferable to CSU only                                                   ,03.00,03.00,Course is not a basic skills course                                        ,Clearly Occupational (but not advanced)                                    ,Not applicable                                                             ,"Not Applicable, Credit course                                              ",Y,Course is not a support course                                             ,Fall 2025
Kern CCD,Cerro Coso,ITC135      ,CCC000638989,Adobe Acrobat                                                       ,1,Computer Information Systems-070200                                                  ,Credit - Degree Applicable                                                 ,Transferable to CSU only                                                   ,02.00,02.00,Course is not a basic skills course                                        ,Clearly Occupational (but not advanced)                                    ,Not applicable                                                             ,"Not Applicable, Credit course                                              ",Y,Course is not a support course                                             ,Fall 2025
Kern CCD,Cerro Coso,ITC260X     ,CCC000639065,IT Professional                                                     ,1,Computer Information Systems-070200                                                  ,Credit - Degree Applicable                                                 ,Not transferable                                                           ,03.00,03.00,Course is not a basic skills course                                        ,Advanced Occupational (not limited to apprentices)                         ,Not applicable                                                             ,"Not Applicable, Credit course                                              ",Y,Course is not a support course                                             ,Fall 2025
Kern CCD,Cerro Coso,BIOLC125    ,CCC000639533,Survey of Anatomy and Physiology                                    ,1,Anatomy and Physiology-041000                                                        ,Credit - Degree Applicable                                                 ,Transferable to both UC and CSU                                            ,04.00,04.00,Course is not a basic skills course                                        ,Non-Occupational                                                           ,Not applicable                                                             ,"Not Applicable, Credit course                                              ",Y,Course is not a support course                                             ,Fall 2025
Kern CCD,Porterville,KINP304     ,CCC000639704,Varsity Basketball for Men                                          ,1,Intercollegiate Athletics-083550                                                     ,Credit - Degree Applicable                                                 ,Transferable to both UC and CSU                                            ,01.50,01.50,Course is not a basic skills course                                        ,Non-Occupational                                                           ,Not applicable                                                             ,"Not Applicable, Credit course                                              ",Y,Course is not a support course                                             ,Fall 2025
Kern CCD,Porterville,MATHP18X    ,CCC000639705,Finite Mathematics Corequisite                                      ,1,Mathematics Skills-170200                                                            ,Credit - Not Degree Applicable                                             ,Not transferable                                                           ,02.00,02.00,Course is not a basic skills course                                        ,Non-Occupational                                                           ,One level below transfer                                                   ,"Not Applicable, Credit course                                              ",Y,Course is a support course                                                 ,Fall 2025
Kern CCD,Bakersfield,ORNHB36     ,CCC000639732,Beginning Floral Design                                             ,2,Floriculture / Floristry-010920                                                      ,Credit - Degree Applicable                                                 ,Transferable to both UC and CSU                                            ,03.00,03.00,Course is not a basic skills course                                        ,Possibly Occupational                                                      ,Not applicable                                                             ,"Not Applicable, Credit course                                              ",Y,Course is not a support course                                             ,Fall 2025
Kern CCD,Cerro Coso,KINSC106    ,CCC000640340,Advanced Strength Training                                          ,2,Kinesiology-127000                                                                   ,Credit - Degree Applicable                                                 ,Not transferable                                                           ,01.00,01.00,Course is not a basic skills course                                        ,Non-Occupational                                                           ,Not applicable                                                             ,"Not Applicable, Credit course                                              ",Y,Course is not a support course                                             ,Fall 2025
Kern CCD,Porterville,HOSPP130    ,CCC000640457,Intro to Food/Beverage Mgmt                                         ,1,Hospitality-130700                                                                   ,Credit - Degree Applicable                                                 ,Transferable to CSU only                                                   ,03.00,03.00,Course is not a basic skills course                                        ,Clearly Occupational (but not advanced)                                    ,Not applicable                                                             ,"Not Applicable, Credit course                                              ",Y,Course is not a support course                                             ,Fall 2025
Kern CCD,Bakersfield,NURSB94NC   ,CCC000641128,Review Maternal/Newborn Nrsng                                       ,1,Registered Nursing-123010                                                            ,Noncredit                                                                  ,Not transferable                                                           ,00.00,00.00,Course is not a basic skills course                                        ,Clearly Occupational (but not advanced)                                    ,Not applicable                                                             ,Short-term Vocational Program/Career Techincal                             ,Y,Course is not a support course                                             ,Fall 2025
Kern CCD,Bakersfield,NURSB95NC   ,CCC000641129,Review Child/Adolescent Nrsng                                       ,1,Registered Nursing-123010                                                            ,Noncredit                                                                  ,Not transferable                                                           ,00.00,00.00,Course is not a basic skills course                                        ,Clearly Occupational (but not advanced)                                    ,Not applicable                                                             ,Short-term Vocational Program/Career Techincal                             ,Y,Course is not a support course                                             ,Fall 2025
Kern CCD,Bakersfield,ANSCB2      ,CCC000641802,Beef Production                                                     ,1,Animal Science-010200                                                                ,Credit - Degree Applicable                                                 ,Transferable to CSU only                                                   ,03.00,03.00,Course is not a basic skills course                                        ,Advanced Occupational (not limited to apprentices)                         ,Not applicable                                                             ,"Not Applicable, Credit course                                              ",Y,Course is not a support course                                             ,Fall 2025
Kern CCD,Bakersfield,BSADB65     ,CCC000641804,Prin/Organizational Communcatn                                      ,1,Technical Communication-060700                                                       ,Credit - Degree Applicable                                                 ,Not transferable                                                           ,03.00,03.00,Course is not a basic skills course                                        ,Clearly Occupational (but not advanced)                                    ,Not applicable                                                             ,"Not Applicable, Credit course                                              ",Y,Course is not a support course                                             ,Fall 2025
Kern CCD,Bakersfield,WELDB53AN   ,CCC000641806,Shielded Metal Arc Welding                                          ,1,Welding Technology-095650                                                            ,Noncredit                                                                  ,Not transferable                                                           ,00.00,00.00,Course is not a basic skills course                                        ,Advanced Occupational (not limited to apprentices)                         ,Not applicable                                                             ,Workforce Preparation                                                      ,Y,Course is not a support course                                             ,Fall 2025
Kern CCD,Bakersfield,COMPB10     ,CCC000641931,Intro to Progrm Method/Python                                       ,7,"Information Technology, General-070100                                               ",Credit - Degree Applicable                                                 ,Transferable to both UC and CSU                                            ,03.00,03.00,Course is not a basic skills course                                        ,Clearly Occupational (but not advanced)                                    ,Not applicable                                                             ,"Not Applicable, Credit course                                              ",Y,Course is not a support course                                             ,Fall 2025
Kern CCD,Cerro Coso,FFTC072     ,CCC000642530,Portable Pumps and Water Use                                        ,2,Wildland Fire Technology-213310                                                      ,Credit - Degree Applicable                                                 ,Not transferable                                                           ,01.00,01.00,Course is not a basic skills course                                        ,Clearly Occupational (but not advanced)                                    ,Not applicable                                                             ,"Not Applicable, Credit course                                              ",Y,Course is not a support course                                             ,Fall 2025
Kern CCD,Bakersfield,ACTCB68NC   ,CCC000642997,Introduction to Artificial Intelligence                             ,1,Study Skills-493014                                                                  ,Noncredit                                                                  ,Not transferable                                                           ,00.00,00.00,Course is a basic skills course                                            ,Non-Occupational                                                           ,Not applicable                                                             ,Elementary and Secondary Basic Skills                                      ,Y,Course is not a support course                                             ,Fall 2025
Kern CCD,Bakersfield,ARTB15      ,CCC000642998,Introduction to Visual Design                                       ,2,Graphic Art and Design-103000                                                        ,Credit - Degree Applicable                                                 ,Transferable to CSU only                                                   ,03.00,03.00,Course is not a basic skills course                                        ,Clearly Occupational (but not advanced)                                    ,Not applicable                                                             ,"Not Applicable, Credit course                                              ",Y,Course is not a support course                                             ,Fall 2025
Kern CCD,Bakersfield,EMTCB62     ,CCC000642999,Basic Electrocardiograph Interpretation                             ,2,Paramedic-125100                                                                     ,Credit - Not Degree Applicable                                             ,Not transferable                                                           ,01.50,01.50,Course is not a basic skills course                                        ,Clearly Occupational (but not advanced)                                    ,Not applicable                                                             ,"Not Applicable, Credit course                                              ",Y,Course is not a support course                                             ,Fall 2025
Kern CCD,Cerro Coso,ADSTC102    ,CCC000643001,Psychological Effects of Addiction                                  ,1,Human Services-210400                                                                ,Credit - Degree Applicable                                                 ,Transferable to CSU only                                                   ,03.00,03.00,Course is not a basic skills course                                        ,Possibly Occupational                                                      ,Not applicable                                                             ,"Not Applicable, Credit course                                              ",Y,Course is not a support course                                             ,Fall 2025
Kern CCD,Bakersfield,PBHSB20     ,CCC000643060,Introduction to Public Health                                       ,9,"Health Occupations, General-120100                                                   ",Credit - Degree Applicable                                                 ,Transferable to both UC and CSU                                            ,03.00,03.00,Course is not a basic skills course                                        ,Possibly Occupational                                                      ,Not applicable                                                             ,"Not Applicable, Credit course                                              ",Y,Course is not a support course                                             ,Fall 2025
Kern CCD,Bakersfield,PBHSB21     ,CCC000643061,Personal Health and Wellness                                        ,3,"Health Occupations, General-120100                                                   ",Credit - Degree Applicable                                                 ,Transferable to both UC and CSU                                            ,03.00,03.00,Course is not a basic skills course                                        ,Possibly Occupational                                                      ,Not applicable                                                             ,"Not Applicable, Credit course                                              ",Y,Course is not a support course                                             ,Fall 2025
Kern CCD,Bakersfield,PBHSB22     ,CCC000643062,"Drugs, Health, and Society                                          ",3,"Health Occupations, General-120100                                                   ",Credit - Degree Applicable                                                 ,Transferable to both UC and CSU                                            ,03.00,03.00,Course is not a basic skills course                                        ,Possibly Occupational                                                      ,Not applicable                                                             ,"Not Applicable, Credit course                                              ",Y,Course is not a support course                                             ,Fall 2025
Kern CCD,Porterville,NURSP134    ,CCC000643222,Concepts/Nursing Care/Reproduc                                      ,1,Registered Nursing-123010                                                            ,Credit - Degree Applicable                                                 ,Transferable to CSU only                                                   ,03.50,03.50,Course is not a basic skills course                                        ,Clearly Occupational (but not advanced)                                    ,Not applicable                                                             ,"Not Applicable, Credit course                                              ",Y,Course is not a support course                                             ,Fall 2025
Kern CCD,Porterville,NURSP135    ,CCC000643391,Concepts of Mental Health Nurs                                      ,1,Registered Nursing-123010                                                            ,Credit - Degree Applicable                                                 ,Transferable to CSU only                                                   ,03.00,03.00,Course is not a basic skills course                                        ,Clearly Occupational (but not advanced)                                    ,Not applicable                                                             ,"Not Applicable, Credit course                                              ",Y,Course is not a support course                                             ,Fall 2025
Kern CCD,Porterville,NURSP137    ,CCC000643392,Concepts of Pediatric Nursing                                       ,1,Registered Nursing-123010                                                            ,Credit - Degree Applicable                                                 ,Transferable to CSU only                                                   ,03.50,03.50,Course is not a basic skills course                                        ,Clearly Occupational (but not advanced)                                    ,Not applicable                                                             ,"Not Applicable, Credit course                                              ",Y,Course is not a support course                                             ,Fall 2025
Kern CCD,Porterville,EVCTP50Z    ,CCC000643567,Electric Vehicle Fundamental Skills                                 ,1,Alternative Fuels and Advanced Transportation Technology-094840                      ,Noncredit                                                                  ,Not transferable                                                           ,00.00,00.00,Course is not a basic skills course                                        ,Possibly Occupational                                                      ,Not applicable                                                             ,Workforce Preparation                                                      ,Y,Course is not a support course                                             ,Fall 2025
Kern CCD,Bakersfield,NURSB99     ,CCC000643729,Stratg Success in a Nurs Prog                                       ,5,"Health Occupations, General-120100                                                   ",Credit - Not Degree Applicable                                             ,Not transferable                                                           ,02.00,02.00,Course is not a basic skills course                                        ,Clearly Occupational (but not advanced)                                    ,Not applicable                                                             ,"Not Applicable, Credit course                                              ",Y,Course is not a support course                                             ,Fall 2025
Kern CCD,Bakersfield,PBHSB23     ,CCC000643730,"Health, Social Justice and Equity                                   ",3,"Health Occupations, General-120100                                                   ",Credit - Degree Applicable                                                 ,Transferable to both UC and CSU                                            ,03.00,03.00,Course is not a basic skills course                                        ,Possibly Occupational                                                      ,Not applicable                                                             ,"Not Applicable, Credit course                                              ",Y,Course is not a support course                                             ,Fall 2025
Kern CCD,Porterville,EVCTP65Z    ,CCC000643769,Steering and Suspension System                                      ,1,Alternative Fuels and Advanced Transportation Technology-094840                      ,Noncredit                                                                  ,Not transferable                                                           ,00.00,00.00,Course is not a basic skills course                                        ,Clearly Occupational (but not advanced)                                    ,Not applicable                                                             ,Workforce Preparation                                                      ,Y,Course is not a support course                                             ,Fall 2025
Kern CCD,Porterville,EVCTP62Z    ,CCC000643770,Battery Technologies I                                              ,1,Alternative Fuels and Advanced Transportation Technology-094840                      ,Noncredit                                                                  ,Not transferable                                                           ,00.00,00.00,Course is not a basic skills course                                        ,Clearly Occupational (but not advanced)                                    ,Not applicable                                                             ,Workforce Preparation                                                      ,Y,Course is not a support course                                             ,Fall 2025
Kern CCD,Porterville,EVCTP63Z    ,CCC000643771,Vehicle Control Systems I                                           ,1,Alternative Fuels and Advanced Transportation Technology-094840                      ,Noncredit                                                                  ,Not transferable                                                           ,00.00,00.00,Course is not a basic skills course                                        ,Clearly Occupational (but not advanced)                                    ,Not applicable                                                             ,Workforce Preparation                                                      ,Y,Course is not a support course                                             ,Fall 2025
Kern CCD,Porterville,EVCTP64Z    ,CCC000643772,Braking Systems I                                                   ,1,Alternative Fuels and Advanced Transportation Technology-094840                      ,Noncredit                                                                  ,Not transferable                                                           ,00.00,00.00,Course is not a basic skills course                                        ,Clearly Occupational (but not advanced)                                    ,Not applicable                                                             ,Workforce Preparation                                                      ,Y,Course is not a support course                                             ,Fall 2025
Kern CCD,Cerro Coso,ADMJC800    ,CCC000644198,Powers to Arrest and Appropriate Use of Force                       ,1,Administration of Justice-210500                                                     ,Noncredit                                                                  ,Not transferable                                                           ,00.00,00.00,Course is not a basic skills course                                        ,Clearly Occupational (but not advanced)                                    ,Not applicable                                                             ,Workforce Preparation                                                      ,Y,Course is not a support course                                             ,Fall 2025
Kern CCD,Cerro Coso,ADMJC801    ,CCC000644243,Public Relations and Liability                                      ,1,Administration of Justice-210500                                                     ,Noncredit                                                                  ,Not transferable                                                           ,00.00,00.00,Course is not a basic skills course                                        ,Clearly Occupational (but not advanced)                                    ,Not applicable                                                             ,Short-term Vocational Program/Career Techincal                             ,Y,Course is not a support course                                             ,Fall 2025
Kern CCD,Bakersfield,EMTCB61     ,CCC000644389,Anatomy and Physiology for Emergency Care                           ,2,Paramedic-125100                                                                     ,Credit - Not Degree Applicable                                             ,Not transferable                                                           ,03.00,03.00,Course is not a basic skills course                                        ,Clearly Occupational (but not advanced)                                    ,Not applicable                                                             ,"Not Applicable, Credit course                                              ",Y,Course is not a support course                                             ,Fall 2025
Kern CCD,Bakersfield,NURSB48WE   ,CCC000644391,Work Experience Education                                           ,2,Nursing-123000                                                                       ,Credit - Degree Applicable                                                 ,Transferable to CSU only                                                   ,14.00,01.00,Course is not a basic skills course                                        ,Clearly Occupational (but not advanced)                                    ,Not applicable                                                             ,"Not Applicable, Credit course                                              ",Y,Course is not a support course                                             ,Fall 2025
Kern CCD,Cerro Coso,ADMJC802    ,CCC000644423,"Communication, Observation, and Documentation                       ",1,Administration of Justice-210500                                                     ,Noncredit                                                                  ,Not transferable                                                           ,00.00,00.00,Course is not a basic skills course                                        ,Clearly Occupational (but not advanced)                                    ,Not applicable                                                             ,Short-term Vocational Program/Career Techincal                             ,Y,Course is not a support course                                             ,Fall 2025
Kern CCD,Cerro Coso,ADMJC805    ,CCC000644426,Conflict Management and Crowd Control                               ,1,Administration of Justice-210500                                                     ,Noncredit                                                                  ,Not transferable                                                           ,00.00,00.00,Course is not a basic skills course                                        ,Clearly Occupational (but not advanced)                                    ,Not applicable                                                             ,Workforce Preparation                                                      ,Y,Course is not a support course                                             ,Fall 2025
Kern CCD,Porterville,ENGRP150    ,CCC000644477,Engineering Graphics                                                ,1,"Engineering, General (requires Calculus) (Transfer)-090100                           ",Credit - Degree Applicable                                                 ,Transferable to both UC and CSU                                            ,03.00,03.00,Course is not a basic skills course                                        ,Non-Occupational                                                           ,Not applicable                                                             ,"Not Applicable, Credit course                                              ",Y,Course is not a support course                                             ,Fall 2025
Kern CCD,Cerro Coso,FRCCC191X   ,CCC000644533,"Forestry, Climate, and Conservation Work Experience                 ",1,Forestry-011400                                                                      ,Credit - Degree Applicable                                                 ,Not transferable                                                           ,02.00,02.00,Course is not a basic skills course                                        ,Clearly Occupational (but not advanced)                                    ,Not applicable                                                             ,"Not Applicable, Credit course                                              ",Y,Course is not a support course                                             ,Fall 2025
Kern CCD,Cerro Coso,WELDC200    ,CCC000644559,Gas Metal Arc Welding                                               ,3,Welding Technology-095650                                                            ,Credit - Degree Applicable                                                 ,Transferable to CSU only                                                   ,02.00,02.00,Course is not a basic skills course                                        ,Clearly Occupational (but not advanced)                                    ,Not applicable                                                             ,"Not Applicable, Credit course                                              ",Y,Course is not a support course                                             ,Fall 2025
Kern CCD,Cerro Coso,ASLC101     ,CCC000644615,American Sign Language I                                            ,2,Sign Language-085000                                                                 ,Credit - Degree Applicable                                                 ,Transferable to both UC and CSU                                            ,04.00,04.00,Course is not a basic skills course                                        ,Non-Occupational                                                           ,Not applicable                                                             ,"Not Applicable, Credit course                                              ",Y,Course is not a support course                                             ,Fall 2025
Kern CCD,Bakersfield,ADMJB67     ,CCC000644701,PC 832 Firearms Training                                            ,6,Police Academy-210550                                                                ,Credit - Not Degree Applicable                                             ,Not transferable                                                           ,01.50,01.50,Course is not a basic skills course                                        ,Clearly Occupational (but not advanced)                                    ,Not applicable                                                             ,"Not Applicable, Credit course                                              ",Y,Course is not a support course                                             ,Fall 2025
Kern CCD,Cerro Coso,KINSC172    ,CCC000644809,Intercollegiate Cross-country Running                               ,1,Intercollegiate Athletics-083550                                                     ,Credit - Not Degree Applicable                                             ,Not transferable                                                           ,03.00,03.00,Course is not a basic skills course                                        ,Non-Occupational                                                           ,Not applicable                                                             ,"Not Applicable, Credit course                                              ",Y,Course is not a support course                                             ,Fall 2025
Kern CCD,Porterville,MATHP03X    ,CCC000645149,Calculus I Co-requisite Support                                     ,1,Mathematics Skills-170200                                                            ,Credit - Not Degree Applicable                                             ,Not transferable                                                           ,01.00,01.00,Course is a basic skills course                                            ,Non-Occupational                                                           ,Not applicable                                                             ,"Not Applicable, Credit course                                              ",Y,Course is a support course                                                 ,Fall 2025
Kern CCD,Porterville,MATHP03XZ   ,CCC000645150,Calculus I Co-requisite Suppor                                      ,1,Mathematics Skills-170200                                                            ,Noncredit                                                                  ,Not transferable                                                           ,00.00,00.00,Course is a basic skills course                                            ,Non-Occupational                                                           ,Not applicable                                                             ,Elementary and Secondary Basic Skills                                      ,Y,Course is a support course                                                 ,Fall 2025
Kern CCD,Bakersfield,CADMB54     ,CCC000645577,Corrections Officer Core Crse                                       ,3,Corrections-210510                                                                   ,Credit - Not Degree Applicable                                             ,Not transferable                                                           ,10.00,10.00,Course is not a basic skills course                                        ,Clearly Occupational (but not advanced)                                    ,Not applicable                                                             ,"Not Applicable, Credit course                                              ",Y,Course is not a support course                                             ,Fall 2025
Kern CCD,Bakersfield,KINSB21DF   ,CCC000645582,Beginning Dance - Folklorico                                        ,1,Kinesiology-127000                                                                   ,Credit - Degree Applicable                                                 ,Transferable to both UC and CSU                                            ,01.00,01.00,Course is not a basic skills course                                        ,Non-Occupational                                                           ,Not applicable                                                             ,"Not Applicable, Credit course                                              ",Y,Course is not a support course                                             ,Fall 2025
Kern CCD,Bakersfield,NUTRB80NC   ,CCC000645584,Nutrition Basics                                                    ,1,"Nutrition, Foods, and Culinary Arts-130600                                           ",Noncredit                                                                  ,Not transferable                                                           ,00.00,00.00,Course is not a basic skills course                                        ,Possibly Occupational                                                      ,Not applicable                                                             ,Home Economics/Family & Consumer Science                                   ,Y,Course is not a support course                                             ,Fall 2025
Kern CCD,Bakersfield,NUTRB81NC   ,CCC000645585,Nutrition Basics: Menu Planning                                     ,1,"Nutrition, Foods, and Culinary Arts-130600                                           ",Noncredit                                                                  ,Not transferable                                                           ,00.00,00.00,Course is not a basic skills course                                        ,Possibly Occupational                                                      ,Not applicable                                                             ,Home Economics/Family & Consumer Science                                   ,Y,Course is not a support course                                             ,Fall 2025
Kern CCD,Cerro Coso,SORLC101    ,CCC000645794,Introduction to Recreation and Leisure                              ,3,Parks and Outdoor Recreation-011510                                                  ,Credit - Degree Applicable                                                 ,Transferable to both UC and CSU                                            ,03.00,03.00,Course is not a basic skills course                                        ,Possibly Occupational                                                      ,Not applicable                                                             ,"Not Applicable, Credit course                                              ",Y,Course is not a support course                                             ,Fall 2025
Kern CCD,Cerro Coso,HCRSC148X   ,CCC000645811,Healthcare Documentation and Medical Transcription                  ,1,"Health Occupations, General-120100                                                   ",Credit - Degree Applicable                                                 ,Not transferable                                                           ,03.00,03.00,Course is not a basic skills course                                        ,Clearly Occupational (but not advanced)                                    ,Not applicable                                                             ,"Not Applicable, Credit course                                              ",Y,Course is not a support course                                             ,Fall 2025
Kern CCD,Cerro Coso,WELDC203    ,CCC000645812,Gas Tungsten Arc Welding(GTAW)                                      ,3,Welding Technology-095650                                                            ,Credit - Degree Applicable                                                 ,Transferable to CSU only                                                   ,02.00,02.00,Course is not a basic skills course                                        ,Clearly Occupational (but not advanced)                                    ,Not applicable                                                             ,"Not Applicable, Credit course                                              ",Y,Course is not a support course                                             ,Fall 2025
Kern CCD,Bakersfield,PBHSB48WE   ,CCC000645848,Work Experience Education                                           ,2,"Health Occupations, General-120100                                                   ",Credit - Degree Applicable                                                 ,Transferable to CSU only                                                   ,14.00,01.00,Course is not a basic skills course                                        ,Clearly Occupational (but not advanced)                                    ,Not applicable                                                             ,"Not Applicable, Credit course                                              ",Y,Course is not a support course                                             ,Fall 2025
Kern CCD,Porterville,LIBRP030Z   ,CCC000645849,CRLA Training                                                       ,1,Educational Aide (Teacher Assistant)-080200                                          ,Noncredit                                                                  ,Not transferable                                                           ,00.00,00.00,Course is not a basic skills course                                        ,Possibly Occupational                                                      ,Not applicable                                                             ,Workforce Preparation                                                      ,Y,Course is not a support course                                             ,Fall 2025
Kern CCD,Porterville,LIBRP031Z   ,CCC000645891,Student Employee Skills                                             ,1,Educational Aide (Teacher Assistant)-080200                                          ,Noncredit                                                                  ,Not transferable                                                           ,00.00,00.00,Course is not a basic skills course                                        ,Possibly Occupational                                                      ,Not applicable                                                             ,Short-term Vocational Program/Career Techincal                             ,Y,Course is not a support course                                             ,Fall 2025
Kern CCD,Bakersfield,BSADB48WE   ,CCC000646705,Work Experience Education                                           ,2,Business Administration-050500                                                       ,Credit - Degree Applicable                                                 ,Transferable to CSU only                                                   ,14.00,01.00,Course is not a basic skills course                                        ,Clearly Occupational (but not advanced)                                    ,Not applicable                                                             ,"Not Applicable, Credit course                                              ",Y,Course is not a support course                                             ,Fall 2025
Kern CCD,Bakersfield,FDSVB48WE   ,CCC000646713,Work Experience Education                                           ,3,Culinary Arts-130630                                                                 ,Credit - Degree Applicable                                                 ,Transferable to CSU only                                                   ,14.00,01.00,Course is not a basic skills course                                        ,Clearly Occupational (but not advanced)                                    ,Not applicable                                                             ,"Not Applicable, Credit course                                              ",Y,Course is not a support course                                             ,Fall 2025
Kern CCD,Bakersfield,FOREB48WE   ,CCC000646715,Work Experience Education                                           ,1,Forestry-011400                                                                      ,Credit - Degree Applicable                                                 ,Transferable to CSU only                                                   ,14.00,01.00,Course is not a basic skills course                                        ,Clearly Occupational (but not advanced)                                    ,Not applicable                                                             ,"Not Applicable, Credit course                                              ",Y,Course is not a support course                                             ,Fall 2025
Kern CCD,Bakersfield,MCAGB48WE   ,CCC000646721,Work Experience Education                                           ,1,Agricultural Power Equipment Technology-011600                                       ,Credit - Degree Applicable                                                 ,Transferable to CSU only                                                   ,14.00,01.00,Course is not a basic skills course                                        ,Clearly Occupational (but not advanced)                                    ,Not applicable                                                             ,"Not Applicable, Credit course                                              ",Y,Course is not a support course                                             ,Fall 2025
Kern CCD,Bakersfield,ORNHB48WE   ,CCC000646725,Work Experience Education                                           ,1,Horticulture-010900                                                                  ,Credit - Degree Applicable                                                 ,Transferable to CSU only                                                   ,14.00,01.00,Course is not a basic skills course                                        ,Clearly Occupational (but not advanced)                                    ,Not applicable                                                             ,"Not Applicable, Credit course                                              ",Y,Course is not a support course                                             ,Fall 2025
Kern CCD,Bakersfield,STEMB48WE   ,CCC000646726,Work Experience Education                                           ,1,Laboratory Science Technology-095500                                                 ,Credit - Degree Applicable                                                 ,Transferable to CSU only                                                   ,14.00,01.00,Course is not a basic skills course                                        ,Clearly Occupational (but not advanced)                                    ,Not applicable                                                             ,"Not Applicable, Credit course                                              ",Y,Course is not a support course                                             ,Fall 2025
Kern CCD,Bakersfield,WELDB48WE   ,CCC000646727,Work Experience Education                                           ,1,Welding Technology-095650                                                            ,Credit - Degree Applicable                                                 ,Transferable to CSU only                                                   ,14.00,01.00,Course is not a basic skills course                                        ,Clearly Occupational (but not advanced)                                    ,Not applicable                                                             ,"Not Applicable, Credit course                                              ",Y,Course is not a support course                                             ,Fall 2025
Kern CCD,Bakersfield,AGBSB48WE   ,CCC000646744,Work Experience Education                                           ,1,"Agriculture Business, Sales and Service-011200                                       ",Credit - Degree Applicable                                                 ,Transferable to CSU only                                                   ,14.00,01.00,Course is not a basic skills course                                        ,Clearly Occupational (but not advanced)                                    ,Not applicable                                                             ,"Not Applicable, Credit course                                              ",Y,Course is not a support course                                             ,Fall 2025
Kern CCD,Bakersfield,ANSCB48WE   ,CCC000646745,Work Experience Education                                           ,1,Animal Science-010200                                                                ,Credit - Degree Applicable                                                 ,Transferable to CSU only                                                   ,14.00,01.00,Course is not a basic skills course                                        ,Clearly Occupational (but not advanced)                                    ,Not applicable                                                             ,"Not Applicable, Credit course                                              ",Y,Course is not a support course                                             ,Fall 2025
Kern CCD,Bakersfield,APPRB48SW   ,CCC000646748,Work Exp Edu/Intern Sheet Meta                                      ,1,Sheet Metal and Structural Metal-095640                                              ,Credit - Degree Applicable                                                 ,Transferable to CSU only                                                   ,14.00,01.00,Course is not a basic skills course                                        ,Apprenticeship (offered to apprentices only)                               ,Not applicable                                                             ,"Not Applicable, Credit course                                              ",Y,Course is not a support course                                             ,Fall 2025
Kern CCD,Bakersfield,ARTB48WE    ,CCC000646751,Work Experience Education                                           ,1,Other Fine and Applied Arts-109900                                                   ,Credit - Degree Applicable                                                 ,Transferable to CSU only                                                   ,14.00,01.00,Course is not a basic skills course                                        ,Clearly Occupational (but not advanced)                                    ,Not applicable                                                             ,"Not Applicable, Credit course                                              ",Y,Course is not a support course                                             ,Fall 2025
Kern CCD,Bakersfield,AUTOB48WE   ,CCC000646752,Work Experience Education                                           ,1,Automotive Technology-094800                                                         ,Credit - Degree Applicable                                                 ,Transferable to CSU only                                                   ,14.00,01.00,Course is not a basic skills course                                        ,Clearly Occupational (but not advanced)                                    ,Not applicable                                                             ,"Not Applicable, Credit course                                              ",Y,Course is not a support course                                             ,Fall 2025
Kern CCD,Porterville,PSYTP001    ,CCC000647159,Nursing Science Concepts                                            ,1,Psychiatric Technician-123900                                                        ,Credit - Degree Applicable                                                 ,Not transferable                                                           ,14.50,14.50,Course is not a basic skills course                                        ,Clearly Occupational (but not advanced)                                    ,Not applicable                                                             ,"Not Applicable, Credit course                                              ",Y,Course is not a support course                                             ,Fall 2025
Kern CCD,Porterville,PSYTP002    ,CCC000647160,Theories and Concepts of Mental Health and Psychiatric Nursing      ,1,Psychiatric Technician-123900                                                        ,Credit - Degree Applicable                                                 ,Not transferable                                                           ,17.50,17.50,Course is not a basic skills course                                        ,Clearly Occupational (but not advanced)                                    ,Not applicable                                                             ,"Not Applicable, Credit course                                              ",Y,Course is not a support course                                             ,Fall 2025
Kern CCD,Porterville,PSYTP003    ,CCC000647161,Concepts of Nursing Care                                            ,1,Psychiatric Technician-123900                                                        ,Credit - Degree Applicable                                                 ,Not transferable                                                           ,16.50,16.50,Course is not a basic skills course                                        ,Clearly Occupational (but not advanced)                                    ,Not applicable                                                             ,"Not Applicable, Credit course                                              ",Y,Course is not a support course                                             ,Fall 2025
Kern CCD,Cerro Coso,CHDVC252    ,CCC000647462,Administration II: Personnel and Leadership in Early Childhood Educa,1,Child Development/Early Care and Education-130500                                    ,Credit - Degree Applicable                                                 ,Transferable to CSU only                                                   ,03.00,03.00,Course is not a basic skills course                                        ,Advanced Occupational (not limited to apprentices)                         ,Not applicable                                                             ,"Not Applicable, Credit course                                              ",Y,Course is not a support course                                             ,Fall 2025
Kern CCD,Bakersfield,MUSCB82NC   ,CCC000647512,Community Orchestra                                                 ,1,Music-100400                                                                         ,Noncredit                                                                  ,Not transferable                                                           ,00.00,00.00,Course is not a basic skills course                                        ,Non-Occupational                                                           ,Not applicable                                                             ,Courses for Older Adults                                                   ,Y,Course is not a support course                                             ,Fall 2025
Kern CCD,Bakersfield,PSPAB74     ,CCC000647869,Dispatch Public Safety (Basic)                                      ,1,Police Academy-210550                                                                ,Credit - Not Degree Applicable                                             ,Not transferable                                                           ,09.00,09.00,Course is not a basic skills course                                        ,Clearly Occupational (but not advanced)                                    ,Not applicable                                                             ,"Not Applicable, Credit course                                              ",Y,Course is not a support course                                             ,Fall 2025
Kern CCD,Bakersfield,ASLB62      ,CCC000648456,"Fingerspelling, Nbrs & Class                                        ",1,Sign Language Interpreting-085010                                                    ,Credit - Degree Applicable                                                 ,Not transferable                                                           ,03.00,03.00,Course is not a basic skills course                                        ,Clearly Occupational (but not advanced)                                    ,Not applicable                                                             ,"Not Applicable, Credit course                                              ",Y,Course is not a support course                                             ,Fall 2025
Kern CCD,Bakersfield,ASLB64      ,CCC000648458,Introduction to Translation                                         ,1,Sign Language Interpreting-085010                                                    ,Credit - Degree Applicable                                                 ,Not transferable                                                           ,03.00,03.00,Course is not a basic skills course                                        ,Clearly Occupational (but not advanced)                                    ,Not applicable                                                             ,"Not Applicable, Credit course                                              ",Y,Course is not a support course                                             ,Fall 2025
Kern CCD,Bakersfield,ASLB66      ,CCC000648459,Intro to the Interpreting Prof                                      ,1,Sign Language Interpreting-085010                                                    ,Credit - Degree Applicable                                                 ,Not transferable                                                           ,03.00,03.00,Course is not a basic skills course                                        ,Clearly Occupational (but not advanced)                                    ,Not applicable                                                             ,"Not Applicable, Credit course                                              ",Y,Course is not a support course                                             ,Fall 2025
Kern CCD,Bakersfield,ASLB70      ,CCC000648461,Profess Aspect of Interpreting                                      ,1,Sign Language Interpreting-085010                                                    ,Credit - Degree Applicable                                                 ,Not transferable                                                           ,03.00,03.00,Course is not a basic skills course                                        ,Clearly Occupational (but not advanced)                                    ,Not applicable                                                             ,"Not Applicable, Credit course                                              ",Y,Course is not a support course                                             ,Fall 2025
Kern CCD,Bakersfield,ASLB73      ,CCC000648464, Interpreting II                                                    ,1,Sign Language Interpreting-085010                                                    ,Credit - Degree Applicable                                                 ,Not transferable                                                           ,04.00,04.00,Course is not a basic skills course                                        ,Clearly Occupational (but not advanced)                                    ,Not applicable                                                             ,"Not Applicable, Credit course                                              ",Y,Course is not a support course                                             ,Fall 2025
Kern CCD,Bakersfield,ACTCB60AN   ,CCC000649045,Introduction to Canvas                                              ,1,Educational Technology-086000                                                        ,Noncredit                                                                  ,Not transferable                                                           ,00.00,00.00,Course is not a basic skills course                                        ,Possibly Occupational                                                      ,Not applicable                                                             ,Short-term Vocational Program/Career Techincal                             ,Y,Course is not a support course                                             ,Fall 2025
Kern CCD,Bakersfield,ACTCB60BN   ,CCC000649046,Applying Canvas Design Tools                                        ,1,Educational Technology-086000                                                        ,Noncredit                                                                  ,Not transferable                                                           ,00.00,00.00,Course is not a basic skills course                                        ,Possibly Occupational                                                      ,Not applicable                                                             ,Short-term Vocational Program/Career Techincal                             ,Y,Course is not a support course                                             ,Fall 2025
Kern CCD,Bakersfield,ACTCB68AN   ,CCC000649047,Teaching in an Artificial Intelligence Era                          ,1,Educational Technology-086000                                                        ,Noncredit                                                                  ,Not transferable                                                           ,00.00,00.00,Course is not a basic skills course                                        ,Possibly Occupational                                                      ,Not applicable                                                             ,Short-term Vocational Program/Career Techincal                             ,Y,Course is not a support course                                             ,Fall 2025
Kern CCD,Bakersfield,ACTCB68BN   ,CCC000649048,Navigating the Future of AI in the Classroom                        ,1,Educational Technology-086000                                                        ,Noncredit                                                                  ,Not transferable                                                           ,00.00,00.00,Course is not a basic skills course                                        ,Possibly Occupational                                                      ,Not applicable                                                             ,Short-term Vocational Program/Career Techincal                             ,Y,Course is not a support course                                             ,Fall 2025
Kern CCD,Bakersfield,COMPB11     ,CCC000649049,Progrmming Concepts & Method I                                      ,5,Computer Science (Transfer)-070600                                                   ,Credit - Degree Applicable                                                 ,Transferable to both UC and CSU                                            ,03.00,03.00,Course is not a basic skills course                                        ,Non-Occupational                                                           ,Not applicable                                                             ,"Not Applicable, Credit course                                              ",Y,Course is not a support course                                             ,Fall 2025
Kern CCD,Bakersfield,MEDSB70NC   ,CCC000649053,Nurse Assistant Essentials                                          ,1,Certified Nurse Assistant-123030                                                     ,Noncredit                                                                  ,Not transferable                                                           ,00.00,00.00,Course is not a basic skills course                                        ,Clearly Occupational (but not advanced)                                    ,Not applicable                                                             ,Workforce Preparation                                                      ,Y,Course is not a support course                                             ,Fall 2025
Kern CCD,Bakersfield,OFFTB58NC   ,CCC000649054,High Impact Presntn & Proposal                                      ,1,Office Technology/Office Computer Applications-051400                                ,Noncredit                                                                  ,Not transferable                                                           ,00.00,00.00,Course is not a basic skills course                                        ,Clearly Occupational (but not advanced)                                    ,Not applicable                                                             ,Short-term Vocational Program/Career Techincal                             ,Y,Course is not a support course                                             ,Fall 2025
Kern CCD,Bakersfield,OFFTB63NC   ,CCC000649056,Starting a Business                                                 ,1,Small Business and Entrepreneurship-050640                                           ,Noncredit                                                                  ,Not transferable                                                           ,00.00,00.00,Course is not a basic skills course                                        ,Clearly Occupational (but not advanced)                                    ,Not applicable                                                             ,Short-term Vocational Program/Career Techincal                             ,Y,Course is not a support course                                             ,Fall 2025
Kern CCD,Bakersfield,OFFTB64NC   ,CCC000649057,The Business Idea                                                   ,1,Small Business and Entrepreneurship-050640                                           ,Noncredit                                                                  ,Not transferable                                                           ,00.00,00.00,Course is not a basic skills course                                        ,Clearly Occupational (but not advanced)                                    ,Not applicable                                                             ,Short-term Vocational Program/Career Techincal                             ,Y,Course is not a support course                                             ,Fall 2025
Kern CCD,Bakersfield,OFFTB65AN   ,CCC000649058,Product Design                                                      ,1,Small Business and Entrepreneurship-050640                                           ,Noncredit                                                                  ,Not transferable                                                           ,00.00,00.00,Course is not a basic skills course                                        ,Clearly Occupational (but not advanced)                                    ,Not applicable                                                             ,Short-term Vocational Program/Career Techincal                             ,Y,Course is not a support course                                             ,Fall 2025
Kern CCD,Bakersfield,OFFTB65BN   ,CCC000649059,Service Creation                                                    ,1,Small Business and Entrepreneurship-050640                                           ,Noncredit                                                                  ,Not transferable                                                           ,00.00,00.00,Course is not a basic skills course                                        ,Clearly Occupational (but not advanced)                                    ,Not applicable                                                             ,Short-term Vocational Program/Career Techincal                             ,Y,Course is not a support course                                             ,Fall 2025
Kern CCD,Bakersfield,OFFTB66NC   ,CCC000649060,Intro to Entrepreneurship                                           ,2,Small Business and Entrepreneurship-050640                                           ,Noncredit                                                                  ,Not transferable                                                           ,00.00,00.00,Course is not a basic skills course                                        ,Clearly Occupational (but not advanced)                                    ,Not applicable                                                             ,Short-term Vocational Program/Career Techincal                             ,Y,Course is not a support course                                             ,Fall 2025
Kern CCD,Bakersfield,OFFTB68NC   ,CCC000649061,Bus Plan II/Organizatonal Plan                                      ,2,Small Business and Entrepreneurship-050640                                           ,Noncredit                                                                  ,Not transferable                                                           ,00.00,00.00,Course is not a basic skills course                                        ,Clearly Occupational (but not advanced)                                    ,Not applicable                                                             ,Short-term Vocational Program/Career Techincal                             ,Y,Course is not a support course                                             ,Fall 2025
Kern CCD,Porterville,CGRAP105    ,CCC000649312,Film Theory                                                         ,1,Film Studies-061200                                                                  ,Credit - Degree Applicable                                                 ,Transferable to CSU only                                                   ,03.00,03.00,Course is not a basic skills course                                        ,Non-Occupational                                                           ,Not applicable                                                             ,"Not Applicable, Credit course                                              ",Y,Course is not a support course                                             ,Fall 2025
Kern CCD,Cerro Coso,WELDC210    ,CCC000649408,Welding Fabrication                                                 ,1,Welding Technology-095650                                                            ,Credit - Degree Applicable                                                 ,Transferable to CSU only                                                   ,03.00,03.00,Course is not a basic skills course                                        ,Advanced Occupational (not limited to apprentices)                         ,Not applicable                                                             ,"Not Applicable, Credit course                                              ",Y,Course is not a support course                                             ,Fall 2025
Kern CCD,Porterville,CGRAP130    ,CCC000649434,Single Camera Production                                            ,1,Film Production-061220                                                               ,Credit - Degree Applicable                                                 ,Transferable to CSU only                                                   ,03.00,03.00,Course is not a basic skills course                                        ,Possibly Occupational                                                      ,Not applicable                                                             ,"Not Applicable, Credit course                                              ",Y,Course is not a support course                                             ,Fall 2025
Kern CCD,Bakersfield,ENGLB86NC   ,CCC000650740,Writing Center Support                                              ,2,Supervised Tutoring-493009                                                           ,Noncredit                                                                  ,Not transferable                                                           ,00.00,00.00,Course is a basic skills course                                            ,Non-Occupational                                                           ,Not applicable                                                             ,Elementary and Secondary Basic Skills                                      ,Y,Course is a support course                                                 ,Fall 2025
Kern CCD,Bakersfield,KINSB11WP   ,CCC000650747,Intercollegiate Competition for Women: Water Polo                   ,1,Intercollegiate Athletics-083550                                                     ,Credit - Degree Applicable                                                 ,Transferable to both UC and CSU                                            ,03.00,03.00,Course is not a basic skills course                                        ,Non-Occupational                                                           ,Not applicable                                                             ,"Not Applicable, Credit course                                              ",Y,Course is not a support course                                             ,Fall 2025
Kern CCD,Bakersfield,MEDSB69     ,CCC000650753,Nurse Assistant                                                     ,4,Certified Nurse Assistant-123030                                                     ,Credit - Not Degree Applicable                                             ,Not transferable                                                           ,05.50,05.50,Course is not a basic skills course                                        ,Clearly Occupational (but not advanced)                                    ,Not applicable                                                             ,"Not Applicable, Credit course                                              ",Y,Course is not a support course                                             ,Fall 2025
Kern CCD,Cerro Coso,FRCCC101    ,CCC000650810,"Forestry, Land Management, and Conservation I                       ",5,Forestry-011400                                                                      ,Credit - Degree Applicable                                                 ,Transferable to both UC and CSU                                            ,03.00,03.00,Course is not a basic skills course                                        ,Possibly Occupational                                                      ,Not applicable                                                             ,"Not Applicable, Credit course                                              ",Y,Course is not a support course                                             ,Fall 2025
Kern CCD,Cerro Coso,MATHC151S   ,CCC000650840,Analytic Geometry and Calculus I Support                            ,1,"Mathematics, General-170100                                                          ",Credit - Not Degree Applicable                                             ,Not transferable                                                           ,02.00,02.00,Course is not a basic skills course                                        ,Non-Occupational                                                           ,One level below transfer                                                   ,"Not Applicable, Credit course                                              ",Y,Course is not a support course                                             ,Fall 2025
Kern CCD,Porterville,KINP97Z     ,CCC000650845,Adult CPR & AED                                                     ,3,Other Health Occupations-129900                                                      ,Noncredit                                                                  ,Not transferable                                                           ,00.00,00.00,Course is not a basic skills course                                        ,Clearly Occupational (but not advanced)                                    ,Not applicable                                                             ,Health and Safety                                                          ,Y,Course is not a support course                                             ,Fall 2025
Kern CCD,Porterville,KINP136     ,CCC000651056,Sport Psychology                                                    ,1,Kinesiology-127000                                                                   ,Credit - Not Degree Applicable                                             ,Not transferable                                                           ,03.00,03.00,Course is not a basic skills course                                        ,Non-Occupational                                                           ,Not applicable                                                             ,"Not Applicable, Credit course                                              ",Y,Course is not a support course                                             ,Fall 2025
Kern CCD,Bakersfield,BSADB40     ,CCC000651218,Personal Finance                                                    ,8,Banking and Finance-050400                                                           ,Credit - Degree Applicable                                                 ,Transferable to CSU only                                                   ,03.00,03.00,Course is not a basic skills course                                        ,Clearly Occupational (but not advanced)                                    ,Not applicable                                                             ,"Not Applicable, Credit course                                              ",Y,Course is not a support course                                             ,Fall 2025
Kern CCD,Bakersfield,OFFTB69NC   ,CCC000651747,Bus Plan III/Marketing Plan                                         ,2,Small Business and Entrepreneurship-050640                                           ,Noncredit                                                                  ,Not transferable                                                           ,00.00,00.00,Course is not a basic skills course                                        ,Clearly Occupational (but not advanced)                                    ,Not applicable                                                             ,Short-term Vocational Program/Career Techincal                             ,Y,Course is not a support course                                             ,Fall 2025
Kern CCD,Cerro Coso,SPANC101    ,CCC000651822,Elementary Spanish I                                                ,5,Spanish-110500                                                                       ,Credit - Degree Applicable                                                 ,Transferable to both UC and CSU                                            ,04.00,04.00,Course is not a basic skills course                                        ,Non-Occupational                                                           ,Not applicable                                                             ,"Not Applicable, Credit course                                              ",Y,Course is not a support course                                             ,Fall 2025
Kern CCD,Cerro Coso,SPANC102    ,CCC000651823,Elementary Spanish II                                               ,1,Spanish-110500                                                                       ,Credit - Degree Applicable                                                 ,Transferable to both UC and CSU                                            ,04.00,04.00,Course is not a basic skills course                                        ,Non-Occupational                                                           ,Not applicable                                                             ,"Not Applicable, Credit course                                              ",Y,Course is not a support course                                             ,Fall 2025
Kern CCD,Porterville,ENGLP034Z   ,CCC000651898,Annotated Bibliography                                              ,1,Study Skills-493014                                                                  ,Noncredit                                                                  ,Not transferable                                                           ,00.00,00.00,Course is a basic skills course                                            ,Non-Occupational                                                           ,Not applicable                                                             ,Elementary and Secondary Basic Skills                                      ,Y,Course is not a support course                                             ,Fall 2025
Kern CCD,Porterville,ENGLP035Z   ,CCC000651899,Literature Review                                                   ,1,Study Skills-493014                                                                  ,Noncredit                                                                  ,Not transferable                                                           ,00.00,00.00,Course is a basic skills course                                            ,Non-Occupational                                                           ,Not applicable                                                             ,Elementary and Secondary Basic Skills                                      ,Y,Course is not a support course                                             ,Fall 2025
Kern CCD,Porterville,LIBRP032Z   ,CCC000651900,Database Literacy                                                   ,1,Study Skills-493014                                                                  ,Noncredit                                                                  ,Not transferable                                                           ,00.00,00.00,Course is a basic skills course                                            ,Non-Occupational                                                           ,Not applicable                                                             ,Elementary and Secondary Basic Skills                                      ,Y,Course is not a support course                                             ,Fall 2025
Kern CCD,Porterville,LIBRP033Z   ,CCC000651902,Academic Writing Styles and AI                                      ,1,Study Skills-493014                                                                  ,Noncredit                                                                  ,Not transferable                                                           ,00.00,00.00,Course is a basic skills course                                            ,Non-Occupational                                                           ,Not applicable                                                             ,Elementary and Secondary Basic Skills                                      ,Y,Course is not a support course                                             ,Fall 2025
Kern CCD,Porterville,KINP110     ,CCC000652538,"CPR, First Aid and AED                                              ",1,Kinesiology-127000                                                                   ,Credit - Degree Applicable                                                 ,Transferable to CSU only                                                   ,03.00,03.00,Course is not a basic skills course                                        ,Non-Occupational                                                           ,Not applicable                                                             ,"Not Applicable, Credit course                                              ",Y,Course is not a support course                                             ,Fall 2025
Kern CCD,Porterville,CGRAP150    ,CCC000652668,User Experience Design 1                                            ,1,Digital Media-061400                                                                 ,Credit - Degree Applicable                                                 ,Transferable to CSU only                                                   ,03.00,03.00,Course is not a basic skills course                                        ,Possibly Occupational                                                      ,Not applicable                                                             ,"Not Applicable, Credit course                                              ",Y,Course is not a support course                                             ,Fall 2025
Kern CCD,Porterville,CGRAP153    ,CCC000652671,Animation 1                                                         ,1,Animation-061440                                                                     ,Credit - Degree Applicable                                                 ,Transferable to both UC and CSU                                            ,03.00,03.00,Course is not a basic skills course                                        ,Possibly Occupational                                                      ,Not applicable                                                             ,"Not Applicable, Credit course                                              ",Y,Course is not a support course                                             ,Fall 2025
Kern CCD,Porterville,KINP206B    ,CCC000652726,Shape Up - HIIT exercise                                            ,1,Physical Fitness and Body Movement-083510                                            ,Credit - Degree Applicable                                                 ,Transferable to both UC and CSU                                            ,01.00,01.00,Course is not a basic skills course                                        ,Non-Occupational                                                           ,Not applicable                                                             ,"Not Applicable, Credit course                                              ",Y,Course is not a support course                                             ,Fall 2025
Kern CCD,Bakersfield,APPRB48EW   ,CCC000653354,Work Exp Edu/Internship Electr                                      ,1,Electrical-095220                                                                    ,Credit - Degree Applicable                                                 ,Transferable to CSU only                                                   ,14.00,01.00,Course is not a basic skills course                                        ,Apprenticeship (offered to apprentices only)                               ,Not applicable                                                             ,"Not Applicable, Credit course                                              ",Y,Course is not a support course                                             ,Fall 2025
Kern CCD,Cerro Coso,BSADC101    ,CCC000653369,Financial Accounting                                                ,2,Business Administration-050500                                                       ,Credit - Degree Applicable                                                 ,Transferable to both UC and CSU                                            ,04.00,04.00,Course is not a basic skills course                                        ,Possibly Occupational                                                      ,Not applicable                                                             ,"Not Applicable, Credit course                                              ",Y,Course is not a support course                                             ,Fall 2025
Kern CCD,Cerro Coso,BSADC102    ,CCC000653370,Managerial Accounting                                               ,2,Business Administration-050500                                                       ,Credit - Degree Applicable                                                 ,Transferable to both UC and CSU                                            ,04.00,04.00,Course is not a basic skills course                                        ,Possibly Occupational                                                      ,Not applicable                                                             ,"Not Applicable, Credit course                                              ",Y,Course is not a support course                                             ,Fall 2025
Kern CCD,Cerro Coso,HCRSC085    ,CCC000653375,Computer Literacy for Medical Assisting                             ,1,Administrative Medical Assisting-120820                                              ,Credit - Degree Applicable                                                 ,Not transferable                                                           ,03.00,03.00,Course is not a basic skills course                                        ,Clearly Occupational (but not advanced)                                    ,Not applicable                                                             ,"Not Applicable, Credit course                                              ",Y,Course is not a support course                                             ,Fall 2025
Kern CCD,Bakersfield,ACDVB70C    ,CCC000653937,EDUC                                                                ,1,Study Skills-493014                                                                  ,Credit - Not Degree Applicable                                             ,Not transferable                                                           ,00.50,00.50,Course is not a basic skills course                                        ,Non-Occupational                                                           ,Not applicable                                                             ,"Not Applicable, Credit course                                              ",Y,Course is not a support course                                             ,Fall 2025
Kern CCD,Bakersfield,ACDVB70D    ,CCC000653938,Test Taking Strat for Aca Succ                                      ,1,Study Skills-493014                                                                  ,Credit - Not Degree Applicable                                             ,Not transferable                                                           ,00.50,00.50,Course is not a basic skills course                                        ,Non-Occupational                                                           ,Not applicable                                                             ,"Not Applicable, Credit course                                              ",Y,Course is not a support course                                             ,Fall 2025
Kern CCD,Bakersfield,ACDVB70E    ,CCC000653939,Memory Strate for Acad Success                                      ,1,Study Skills-493014                                                                  ,Credit - Not Degree Applicable                                             ,Not transferable                                                           ,00.50,00.50,Course is not a basic skills course                                        ,Non-Occupational                                                           ,Not applicable                                                             ,"Not Applicable, Credit course                                              ",Y,Course is not a support course                                             ,Fall 2025
Kern CCD,Bakersfield,ACDVB70F    ,CCC000653940,Vocabulary Improve for Aca Suc                                      ,1,Study Skills-493014                                                                  ,Credit - Not Degree Applicable                                             ,Not transferable                                                           ,00.50,00.50,Course is not a basic skills course                                        ,Non-Occupational                                                           ,Not applicable                                                             ,"Not Applicable, Credit course                                              ",Y,Course is not a support course                                             ,Fall 2025
Kern CCD,Bakersfield,ADMJB72     ,CCC000653941,Peace Officer's Basic Academy                                       ,1,Police Academy-210550                                                                ,Credit - Not Degree Applicable                                             ,Not transferable                                                           ,21.00,21.00,Course is not a basic skills course                                        ,Clearly Occupational (but not advanced)                                    ,Not applicable                                                             ,"Not Applicable, Credit course                                              ",Y,Course is not a support course                                             ,Fall 2025
Kern CCD,Bakersfield,COMPB52A    ,CCC000653944,Beginning iOS App Development                                       ,1,Computer Software Development-070700                                                 ,Credit - Not Degree Applicable                                             ,Not transferable                                                           ,03.00,03.00,Course is not a basic skills course                                        ,Clearly Occupational (but not advanced)                                    ,Not applicable                                                             ,"Not Applicable, Credit course                                              ",Y,Course is not a support course                                             ,Fall 2025
Kern CCD,Bakersfield,FIREB51L    ,CCC000653949,Fire Apparatus Driver Oprtr 1A                                      ,1,Fire Technology-213300                                                               ,Credit - Not Degree Applicable                                             ,Not transferable                                                           ,02.00,02.00,Course is not a basic skills course                                        ,Advanced Occupational (not limited to apprentices)                         ,Not applicable                                                             ,"Not Applicable, Credit course                                              ",Y,Course is not a support course                                             ,Fall 2025
Kern CCD,Bakersfield,FIREB51M    ,CCC000653950,Fire Apparatus Driver/Optr 1-B                                      ,1,Fire Technology-213300                                                               ,Credit - Not Degree Applicable                                             ,Not transferable                                                           ,01.50,01.50,Course is not a basic skills course                                        ,Clearly Occupational (but not advanced)                                    ,Not applicable                                                             ,"Not Applicable, Credit course                                              ",Y,Course is not a support course                                             ,Fall 2025
Kern CCD,Bakersfield,FIREB60     ,CCC000653968,Driver/Operator Certification                                       ,1,Fire Technology-213300                                                               ,Credit - Not Degree Applicable                                             ,Not transferable                                                           ,01.50,01.50,Course is not a basic skills course                                        ,Clearly Occupational (but not advanced)                                    ,Not applicable                                                             ,"Not Applicable, Credit course                                              ",Y,Course is not a support course                                             ,Fall 2025
Kern CCD,Bakersfield,KINSB4A     ,CCC000653980,Prin Phys Fitness & Condition                                       ,1,Kinesiology-127000                                                                   ,Credit - Degree Applicable                                                 ,Transferable to both UC and CSU                                            ,03.00,03.00,Course is not a basic skills course                                        ,Non-Occupational                                                           ,Not applicable                                                             ,"Not Applicable, Credit course                                              ",Y,Course is not a support course                                             ,Fall 2025
Kern CCD,Bakersfield,MEDSB52     ,CCC000653981,Cardiopulmonary R/Hlthcre Prov                                      ,38,"Health Occupations, General-120100                                                   ",Credit - Degree Applicable                                                 ,Not transferable                                                           ,00.50,00.50,Course is not a basic skills course                                        ,Clearly Occupational (but not advanced)                                    ,Not applicable                                                             ,"Not Applicable, Credit course                                              ",Y,Course is not a support course                                             ,Fall 2025
Kern CCD,Bakersfield,MEDSB68     ,CCC000653982,Home Health Aide                                                    ,1,Home Health Aide-123080                                                              ,Credit - Not Degree Applicable                                             ,Not transferable                                                           ,02.00,02.00,Course is not a basic skills course                                        ,Clearly Occupational (but not advanced)                                    ,Not applicable                                                             ,"Not Applicable, Credit course                                              ",Y,Course is not a support course                                             ,Fall 2025
Kern CCD,Bakersfield,NURSB80C    ,CCC000653983,Nursing Learning Lab 3                                              ,1,Registered Nursing-123010                                                            ,Credit - Degree Applicable                                                 ,Not transferable                                                           ,00.50,00.50,Course is not a basic skills course                                        ,Clearly Occupational (but not advanced)                                    ,Not applicable                                                             ,"Not Applicable, Credit course                                              ",Y,Course is not a support course                                             ,Fall 2025
Kern CCD,Bakersfield,NURSB80D    ,CCC000653984,Nursing Learning Lab 4                                              ,2,Registered Nursing-123010                                                            ,Credit - Degree Applicable                                                 ,Not transferable                                                           ,00.50,00.50,Course is not a basic skills course                                        ,Clearly Occupational (but not advanced)                                    ,Not applicable                                                             ,"Not Applicable, Credit course                                              ",Y,Course is not a support course                                             ,Fall 2025
Kern CCD,Porterville,PSYCP133    ,CCC000654302,Psychology/Persnl/Social Adjst                                      ,1,Other Psychology-209900                                                              ,Credit - Degree Applicable                                                 ,Transferable to both UC and CSU                                            ,03.00,03.00,Course is not a basic skills course                                        ,Non-Occupational                                                           ,Not applicable                                                             ,"Not Applicable, Credit course                                              ",Y,Course is not a support course                                             ,Fall 2025
Kern CCD,Cerro Coso,ACADC298A   ,CCC000654540,Kern County Sheriff's Office D                                      ,1,Police Academy-210550                                                                ,Credit - Degree Applicable                                                 ,Not transferable                                                           ,03.00,03.00,Course is not a basic skills course                                        ,Possibly Occupational                                                      ,Not applicable                                                             ,"Not Applicable, Credit course                                              ",Y,Course is not a support course                                             ,Fall 2025
Kern CCD,Bakersfield,ASLB71      ,CCC000656585,Specialized Settings                                                ,1,Sign Language Interpreting-085010                                                    ,Credit - Degree Applicable                                                 ,Not transferable                                                           ,04.00,04.00,Course is not a basic skills course                                        ,Clearly Occupational (but not advanced)                                    ,Not applicable                                                             ,"Not Applicable, Credit course                                              ",Y,Course is not a support course                                             ,Fall 2025